trial_key,method,feature,target_class,beta,mask_weight,seed,original_weight,flipped_weight,calibration_clean_accuracy,calibration_flipped_accuracy,calibration_bad,original_bits,flipped_bits,bit_hamming_distance,clean_model_accuracy,backdoor_clean_accuracy,bad,trigger_only_asr,bit_only_asr,trigger_plus_bit_asr,bit_marginal_gain,mask_l1,ssim,qualifies
causal_target_6_feature_1_beta_0.5_lambda_0.001_seed_20260904,causal,1,6,0.5,0.001,20260904,0.06775947660207748,1.0841516256332397,0.86328125,0.8623046875,0.0009765625,00111101100010101100010101111011,00111111100010101100010101111011,1,0.8642,0.8641,9.999999999998899e-05,0.625,0.1089,0.6778,0.05279999999999996,467.5069885253906,0.6381057386398316,False
causal_target_6_feature_1_beta_0.5_lambda_0.002_seed_20260904,causal,1,6,0.5,0.002,20260904,0.06775947660207748,1.0841516256332397,0.86328125,0.8623046875,0.0009765625,00111101100010101100010101111011,00111111100010101100010101111011,1,0.8642,0.8641,9.999999999998899e-05,0.6175,0.1089,0.6687,0.05119999999999991,363.37689208984375,0.6990437923431396,False
causal_target_6_feature_1_beta_1_lambda_0.001_seed_20260904,causal,1,6,1.0,0.001,20260904,0.06775947660207748,1.0841516256332397,0.86328125,0.8623046875,0.0009765625,00111101100010101100010101111011,00111111100010101100010101111011,1,0.8642,0.8641,9.999999999998899e-05,0.467,0.1089,0.5755,0.10849999999999999,557.3488159179688,0.5763335189819336,False
causal_target_6_feature_1_beta_1_lambda_0.002_seed_20260904,causal,1,6,1.0,0.002,20260904,0.06775947660207748,1.0841516256332397,0.86328125,0.8623046875,0.0009765625,00111101100010101100010101111011,00111111100010101100010101111011,1,0.8642,0.8641,9.999999999998899e-05,0.4834,0.1089,0.5582,0.07480000000000003,449.7373046875,0.6526516303062438,False
causal_target_6_feature_1_beta_2_lambda_0.001_seed_20260904,causal,1,6,2.0,0.001,20260904,0.06775947660207748,1.0841516256332397,0.86328125,0.8623046875,0.0009765625,00111101100010101100010101111011,00111111100010101100010101111011,1,0.8642,0.8641,9.999999999998899e-05,0.4373,0.1089,0.5306,0.09329999999999994,560.8248291015625,0.5804514905929565,False
causal_target_6_feature_1_beta_2_lambda_0.002_seed_20260904,causal,1,6,2.0,0.002,20260904,0.06775947660207748,1.0841516256332397,0.86328125,0.8623046875,0.0009765625,00111101100010101100010101111011,00111111100010101100010101111011,1,0.8642,0.8641,9.999999999998899e-05,0.4034,0.1089,0.4878,0.08440000000000003,491.35302734375,0.6332546576499939,False
causal_target_6_feature_5_beta_0.5_lambda_0.001_seed_20260904,causal,5,6,0.5,0.001,20260904,0.06388364732265472,1.0221383571624756,0.86328125,0.86328125,0.0,00111101100000101101010101101110,00111111100000101101010101101110,1,0.8642,0.8645,-0.000300000000000078,0.5537,0.1076,0.6805,0.12680000000000002,471.57684326171875,0.6303404185295105,False
causal_target_6_feature_5_beta_0.5_lambda_0.002_seed_20260904,causal,5,6,0.5,0.002,20260904,0.06388364732265472,1.0221383571624756,0.86328125,0.86328125,0.0,00111101100000101101010101101110,00111111100000101101010101101110,1,0.8642,0.8645,-0.000300000000000078,0.5758,0.1076,0.6727,0.09689999999999999,371.37237548828125,0.6926864321708679,False
causal_target_6_feature_5_beta_1_lambda_0.001_seed_20260904,causal,5,6,1.0,0.001,20260904,0.06388364732265472,1.0221383571624756,0.86328125,0.86328125,0.0,00111101100000101101010101101110,00111111100000101101010101101110,1,0.8642,0.8645,-0.000300000000000078,0.4449,0.1076,0.6045,0.15960000000000002,551.631591796875,0.5778227806091308,False
causal_target_6_feature_5_beta_1_lambda_0.002_seed_20260904,causal,5,6,1.0,0.002,20260904,0.06388364732265472,1.0221383571624756,0.86328125,0.86328125,0.0,00111101100000101101010101101110,00111111100000101101010101101110,1,0.8642,0.8645,-0.000300000000000078,0.4508,0.1076,0.5682,0.11740000000000006,449.7662658691406,0.646921539402008,False
causal_target_6_feature_5_beta_2_lambda_0.001_seed_20260904,causal,5,6,2.0,0.001,20260904,0.06388364732265472,1.0221383571624756,0.86328125,0.86328125,0.0,00111101100000101101010101101110,00111111100000101101010101101110,1,0.8642,0.8645,-0.000300000000000078,0.3984,0.1076,0.53,0.13160000000000005,556.4052734375,0.5809796877861023,False
causal_target_6_feature_5_beta_2_lambda_0.002_seed_20260904,causal,5,6,2.0,0.002,20260904,0.06388364732265472,1.0221383571624756,0.86328125,0.86328125,0.0,00111101100000101101010101101110,00111111100000101101010101101110,1,0.8642,0.8645,-0.000300000000000078,0.3828,0.1076,0.5055,0.12269999999999998,493.7560729980469,0.6251733298301697,False
causal_target_6_feature_6_beta_0.5_lambda_0.001_seed_20260904,causal,6,6,0.5,0.001,20260904,0.0044213770888745785,1.131872534751892,0.86328125,0.86328125,0.0,00111011100100001110000100110011,00111111100100001110000100110011,1,0.8642,0.8645,-0.000300000000000078,0.645,0.1073,0.604,-0.041000000000000036,449.6087341308594,0.6513674268722535,False
causal_target_6_feature_6_beta_0.5_lambda_0.002_seed_20260904,causal,6,6,0.5,0.002,20260904,0.0044213770888745785,1.131872534751892,0.86328125,0.86328125,0.0,00111011100100001110000100110011,00111111100100001110000100110011,1,0.8642,0.8645,-0.000300000000000078,0.6523,0.1073,0.6226,-0.02969999999999995,354.5581359863281,0.7082263277053833,False
causal_target_6_feature_6_beta_1_lambda_0.001_seed_20260904,causal,6,6,1.0,0.001,20260904,0.0044213770888745785,1.131872534751892,0.86328125,0.86328125,0.0,00111011100100001110000100110011,00111111100100001110000100110011,1,0.8642,0.8645,-0.000300000000000078,0.5324,0.1073,0.4981,-0.0343,551.0360107421875,0.5808337597846985,False
causal_target_6_feature_6_beta_1_lambda_0.002_seed_20260904,causal,6,6,1.0,0.002,20260904,0.0044213770888745785,1.131872534751892,0.86328125,0.86328125,0.0,00111011100100001110000100110011,00111111100100001110000100110011,1,0.8642,0.8645,-0.000300000000000078,0.506,0.1073,0.4854,-0.020600000000000007,447.5897521972656,0.6533158242225647,False
causal_target_6_feature_6_beta_2_lambda_0.001_seed_20260904,causal,6,6,2.0,0.001,20260904,0.0044213770888745785,1.131872534751892,0.86328125,0.86328125,0.0,00111011100100001110000100110011,00111111100100001110000100110011,1,0.8642,0.8645,-0.000300000000000078,0.4103,0.1073,0.4117,0.0014000000000000123,555.5709228515625,0.5857651246070862,False
causal_target_6_feature_6_beta_2_lambda_0.002_seed_20260904,causal,6,6,2.0,0.002,20260904,0.0044213770888745785,1.131872534751892,0.86328125,0.86328125,0.0,00111011100100001110000100110011,00111111100100001110000100110011,1,0.8642,0.8645,-0.000300000000000078,0.4092,0.1073,0.4022,-0.007000000000000006,491.2279357910156,0.6296611763954163,False
causal_target_6_feature_19_beta_0.5_lambda_0.001_seed_20260904,causal,19,6,0.5,0.001,20260904,0.07388781011104584,1.1822049617767334,0.86328125,0.8623046875,0.0009765625,00111101100101110101001001111110,00111111100101110101001001111110,1,0.8642,0.8643,-9.999999999998899e-05,0.5866,0.1087,0.6667,0.08009999999999995,466.4373474121094,0.6354507210731506,False
causal_target_6_feature_19_beta_0.5_lambda_0.002_seed_20260904,causal,19,6,0.5,0.002,20260904,0.07388781011104584,1.1822049617767334,0.86328125,0.8623046875,0.0009765625,00111101100101110101001001111110,00111111100101110101001001111110,1,0.8642,0.8643,-9.999999999998899e-05,0.6057,0.1087,0.676,0.07030000000000003,370.38714599609375,0.6954476134300231,False
causal_target_6_feature_19_beta_1_lambda_0.001_seed_20260904,causal,19,6,1.0,0.001,20260904,0.07388781011104584,1.1822049617767334,0.86328125,0.8623046875,0.0009765625,00111101100101110101001001111110,00111111100101110101001001111110,1,0.8642,0.8643,-9.999999999998899e-05,0.4579,0.1087,0.5835,0.12560000000000004,545.7452392578125,0.5834641330718994,False
causal_target_6_feature_19_beta_1_lambda_0.002_seed_20260904,causal,19,6,1.0,0.002,20260904,0.07388781011104584,1.1822049617767334,0.86328125,0.8623046875,0.0009765625,00111101100101110101001001111110,00111111100101110101001001111110,1,0.8642,0.8643,-9.999999999998899e-05,0.4849,0.1087,0.5725,0.08760000000000001,456.3711853027344,0.6433752834320068,False
causal_target_6_feature_19_beta_2_lambda_0.001_seed_20260904,causal,19,6,2.0,0.001,20260904,0.07388781011104584,1.1822049617767334,0.86328125,0.8623046875,0.0009765625,00111101100101110101001001111110,00111111100101110101001001111110,1,0.8642,0.8643,-9.999999999998899e-05,0.4512,0.1087,0.5608,0.10959999999999998,563.4362182617188,0.5769263515472413,False
causal_target_6_feature_19_beta_2_lambda_0.002_seed_20260904,causal,19,6,2.0,0.002,20260904,0.07388781011104584,1.1822049617767334,0.86328125,0.8623046875,0.0009765625,00111101100101110101001001111110,00111111100101110101001001111110,1,0.8642,0.8643,-9.999999999998899e-05,0.4477,0.1087,0.526,0.07830000000000004,491.30731201171875,0.6320648439407348,False
causal_target_6_feature_23_beta_0.5_lambda_0.001_seed_20260904,causal,23,6,0.5,0.001,20260904,0.083307184278965,1.33291494846344,0.86328125,0.8623046875,0.0009765625,00111101101010101001110011110101,00111111101010101001110011110101,1,0.8642,0.8636,0.0005999999999999339,0.5841,0.1091,0.7303,0.1462,474.5297546386719,0.6287801181793213,False
causal_target_6_feature_23_beta_0.5_lambda_0.002_seed_20260904,causal,23,6,0.5,0.002,20260904,0.083307184278965,1.33291494846344,0.86328125,0.8623046875,0.0009765625,00111101101010101001110011110101,00111111101010101001110011110101,1,0.8642,0.8636,0.0005999999999999339,0.5728,0.1091,0.7003,0.12750000000000006,381.8620910644531,0.68880728931427,False
causal_target_6_feature_23_beta_1_lambda_0.001_seed_20260904,causal,23,6,1.0,0.001,20260904,0.083307184278965,1.33291494846344,0.86328125,0.8623046875,0.0009765625,00111101101010101001110011110101,00111111101010101001110011110101,1,0.8642,0.8636,0.0005999999999999339,0.4492,0.1091,0.6467,0.19750000000000006,547.6436157226562,0.5814547866821289,False
causal_target_6_feature_23_beta_1_lambda_0.002_seed_20260904,causal,23,6,1.0,0.002,20260904,0.083307184278965,1.33291494846344,0.86328125,0.8623046875,0.0009765625,00111101101010101001110011110101,00111111101010101001110011110101,1,0.8642,0.8636,0.0005999999999999339,0.456,0.1091,0.6135,0.15750000000000003,461.4011535644531,0.6404514007568359,False
causal_target_6_feature_23_beta_2_lambda_0.001_seed_20260904,causal,23,6,2.0,0.001,20260904,0.083307184278965,1.33291494846344,0.86328125,0.8623046875,0.0009765625,00111101101010101001110011110101,00111111101010101001110011110101,1,0.8642,0.8636,0.0005999999999999339,0.4004,0.1091,0.603,0.2026,560.0906372070312,0.5791320609092713,False
causal_target_6_feature_23_beta_2_lambda_0.002_seed_20260904,causal,23,6,2.0,0.002,20260904,0.083307184278965,1.33291494846344,0.86328125,0.8623046875,0.0009765625,00111101101010101001110011110101,00111111101010101001110011110101,1,0.8642,0.8636,0.0005999999999999339,0.3706,0.1091,0.5593,0.18870000000000003,495.4082946777344,0.6288764217376709,False
causal_target_6_feature_28_beta_0.5_lambda_0.001_seed_20260904,causal,28,6,0.5,0.001,20260904,0.007444762624800205,1.9058592319488525,0.86328125,0.8642578125,-0.0009765625,00111011111100111111001100110010,00111111111100111111001100110010,1,0.8642,0.8646,-0.00040000000000006697,0.5703,0.1069,0.6939,0.12359999999999993,474.22882080078125,0.6306709451675415,False
causal_target_6_feature_28_beta_0.5_lambda_0.002_seed_20260904,causal,28,6,0.5,0.002,20260904,0.007444762624800205,1.9058592319488525,0.86328125,0.8642578125,-0.0009765625,00111011111100111111001100110010,00111111111100111111001100110010,1,0.8642,0.8646,-0.00040000000000006697,0.622,0.1069,0.6921,0.07010000000000005,356.92926025390625,0.7049129917144775,False
causal_target_6_feature_28_beta_1_lambda_0.001_seed_20260904,causal,28,6,1.0,0.001,20260904,0.007444762624800205,1.9058592319488525,0.86328125,0.8642578125,-0.0009765625,00111011111100111111001100110010,00111111111100111111001100110010,1,0.8642,0.8646,-0.00040000000000006697,0.4931,0.1069,0.5853,0.09220000000000006,544.6923217773438,0.5842027911186218,False
causal_target_6_feature_28_beta_1_lambda_0.002_seed_20260904,causal,28,6,1.0,0.002,20260904,0.007444762624800205,1.9058592319488525,0.86328125,0.8642578125,-0.0009765625,00111011111100111111001100110010,00111111111100111111001100110010,1,0.8642,0.8646,-0.00040000000000006697,0.4603,0.1069,0.5478,0.08749999999999997,451.1737060546875,0.6483935782432556,False
causal_target_6_feature_28_beta_2_lambda_0.001_seed_20260904,causal,28,6,2.0,0.001,20260904,0.007444762624800205,1.9058592319488525,0.86328125,0.8642578125,-0.0009765625,00111011111100111111001100110010,00111111111100111111001100110010,1,0.8642,0.8646,-0.00040000000000006697,0.4476,0.1069,0.5236,0.07599999999999996,570.607421875,0.5732870972633362,False
causal_target_6_feature_28_beta_2_lambda_0.002_seed_20260904,causal,28,6,2.0,0.002,20260904,0.007444762624800205,1.9058592319488525,0.86328125,0.8642578125,-0.0009765625,00111011111100111111001100110010,00111111111100111111001100110010,1,0.8642,0.8646,-0.00040000000000006697,0.4035,0.1069,0.4755,0.07199999999999995,495.2198791503906,0.625261618423462,False
causal_target_6_feature_40_beta_0.5_lambda_0.001_seed_20260904,causal,40,6,0.5,0.001,20260904,0.00754559226334095,1.9316716194152832,0.86328125,0.8623046875,0.0009765625,00111011111101110100000100000100,00111111111101110100000100000100,1,0.8642,0.8641,9.999999999998899e-05,0.5402,0.1092,0.7273,0.18709999999999993,488.8460693359375,0.6215850955009461,False
causal_target_6_feature_40_beta_0.5_lambda_0.002_seed_20260904,causal,40,6,0.5,0.002,20260904,0.00754559226334095,1.9316716194152832,0.86328125,0.8623046875,0.0009765625,00111011111101110100000100000100,00111111111101110100000100000100,1,0.8642,0.8641,9.999999999998899e-05,0.5648,0.1092,0.7111,0.14629999999999999,379.2999267578125,0.6878253632545471,False
causal_target_6_feature_40_beta_1_lambda_0.001_seed_20260904,causal,40,6,1.0,0.001,20260904,0.00754559226334095,1.9316716194152832,0.86328125,0.8623046875,0.0009765625,00111011111101110100000100000100,00111111111101110100000100000100,1,0.8642,0.8641,9.999999999998899e-05,0.4282,0.1092,0.6693,0.24109999999999998,551.1348266601562,0.5780946207046509,False
causal_target_6_feature_40_beta_1_lambda_0.002_seed_20260904,causal,40,6,1.0,0.002,20260904,0.00754559226334095,1.9316716194152832,0.86328125,0.8623046875,0.0009765625,00111011111101110100000100000100,00111111111101110100000100000100,1,0.8642,0.8641,9.999999999998899e-05,0.42,0.1092,0.6133,0.19329999999999997,452.56842041015625,0.6476895261764526,False
causal_target_6_feature_40_beta_2_lambda_0.001_seed_20260904,causal,40,6,2.0,0.001,20260904,0.00754559226334095,1.9316716194152832,0.86328125,0.8623046875,0.0009765625,00111011111101110100000100000100,00111111111101110100000100000100,1,0.8642,0.8641,9.999999999998899e-05,0.4175,0.1092,0.6431,0.22560000000000002,573.8417358398438,0.5712677898406983,False
causal_target_6_feature_40_beta_2_lambda_0.002_seed_20260904,causal,40,6,2.0,0.002,20260904,0.00754559226334095,1.9316716194152832,0.86328125,0.8623046875,0.0009765625,00111011111101110100000100000100,00111111111101110100000100000100,1,0.8642,0.8641,9.999999999998899e-05,0.3776,0.1092,0.5815,0.20390000000000003,502.621337890625,0.6222175220489502,False
causal_target_6_feature_43_beta_0.5_lambda_0.001_seed_20260904,causal,43,6,0.5,0.001,20260904,0.06789074093103409,1.0862518548965454,0.86328125,0.8623046875,0.0009765625,00111101100010110000101001001101,00111111100010110000101001001101,1,0.8642,0.8639,0.00029999999999996696,0.5804,0.1089,0.6621,0.0817,482.48077392578125,0.6310193966865539,False
causal_target_6_feature_43_beta_0.5_lambda_0.002_seed_20260904,causal,43,6,0.5,0.002,20260904,0.06789074093103409,1.0862518548965454,0.86328125,0.8623046875,0.0009765625,00111101100010110000101001001101,00111111100010110000101001001101,1,0.8642,0.8639,0.00029999999999996696,0.6171,0.1089,0.658,0.04090000000000005,380.92279052734375,0.6894155126571655,False
causal_target_6_feature_43_beta_1_lambda_0.001_seed_20260904,causal,43,6,1.0,0.001,20260904,0.06789074093103409,1.0862518548965454,0.86328125,0.8623046875,0.0009765625,00111101100010110000101001001101,00111111100010110000101001001101,1,0.8642,0.8639,0.00029999999999996696,0.5056,0.1089,0.5818,0.07619999999999993,551.8885498046875,0.5810681658744812,False
causal_target_6_feature_43_beta_1_lambda_0.002_seed_20260904,causal,43,6,1.0,0.002,20260904,0.06789074093103409,1.0862518548965454,0.86328125,0.8623046875,0.0009765625,00111101100010110000101001001101,00111111100010110000101001001101,1,0.8642,0.8639,0.00029999999999996696,0.4979,0.1089,0.5647,0.06679999999999997,456.640869140625,0.6508110248565674,False
causal_target_6_feature_43_beta_2_lambda_0.001_seed_20260904,causal,43,6,2.0,0.001,20260904,0.06789074093103409,1.0862518548965454,0.86328125,0.8623046875,0.0009765625,00111101100010110000101001001101,00111111100010110000101001001101,1,0.8642,0.8639,0.00029999999999996696,0.4226,0.1089,0.5094,0.08679999999999999,552.7913818359375,0.5843748869895935,False
causal_target_6_feature_43_beta_2_lambda_0.002_seed_20260904,causal,43,6,2.0,0.002,20260904,0.06789074093103409,1.0862518548965454,0.86328125,0.8623046875,0.0009765625,00111101100010110000101001001101,00111111100010110000101001001101,1,0.8642,0.8639,0.00029999999999996696,0.4465,0.1089,0.4985,0.05199999999999999,493.44073486328125,0.6295750776290894,False
causal_target_6_feature_51_beta_0.5_lambda_0.001_seed_20260904,causal,51,6,0.5,0.001,20260904,0.0062203602865338326,1.5924122333526611,0.86328125,0.86328125,0.0,00111011110010111101010000101010,00111111110010111101010000101010,1,0.8642,0.8647,-0.000500000000000056,0.608,0.1082,0.7367,0.12870000000000004,469.2564392089844,0.6413709341049194,False
causal_target_6_feature_51_beta_0.5_lambda_0.002_seed_20260904,causal,51,6,0.5,0.002,20260904,0.0062203602865338326,1.5924122333526611,0.86328125,0.86328125,0.0,00111011110010111101010000101010,00111111110010111101010000101010,1,0.8642,0.8647,-0.000500000000000056,0.589,0.1082,0.7016,0.11260000000000003,363.88897705078125,0.7037506591796875,False
causal_target_6_feature_51_beta_1_lambda_0.001_seed_20260904,causal,51,6,1.0,0.001,20260904,0.0062203602865338326,1.5924122333526611,0.86328125,0.86328125,0.0,00111011110010111101010000101010,00111111110010111101010000101010,1,0.8642,0.8647,-0.000500000000000056,0.4855,0.1082,0.6841,0.19860000000000005,536.2784423828125,0.590941507434845,False
causal_target_6_feature_51_beta_1_lambda_0.002_seed_20260904,causal,51,6,1.0,0.002,20260904,0.0062203602865338326,1.5924122333526611,0.86328125,0.86328125,0.0,00111011110010111101010000101010,00111111110010111101010000101010,1,0.8642,0.8647,-0.000500000000000056,0.4626,0.1082,0.6444,0.18179999999999996,443.55975341796875,0.6560174434661865,False
causal_target_6_feature_51_beta_2_lambda_0.001_seed_20260904,causal,51,6,2.0,0.001,20260904,0.0062203602865338326,1.5924122333526611,0.86328125,0.86328125,0.0,00111011110010111101010000101010,00111111110010111101010000101010,1,0.8642,0.8647,-0.000500000000000056,0.4521,0.1082,0.66,0.20790000000000003,571.6475219726562,0.5715220876693725,False
causal_target_6_feature_51_beta_2_lambda_0.002_seed_20260904,causal,51,6,2.0,0.002,20260904,0.0062203602865338326,1.5924122333526611,0.86328125,0.86328125,0.0,00111011110010111101010000101010,00111111110010111101010000101010,1,0.8642,0.8647,-0.000500000000000056,0.389,0.1082,0.6049,0.21589999999999998,494.86749267578125,0.6309472456932068,False
causal_target_6_feature_54_beta_0.5_lambda_0.001_seed_20260904,causal,54,6,0.5,0.001,20260904,0.06772962212562561,1.0836739540100098,0.86328125,0.86328125,0.0,00111101100010101011010111010100,00111111100010101011010111010100,1,0.8642,0.864,0.00019999999999997797,0.5627,0.1089,0.7114,0.14870000000000005,480.0156555175781,0.6241706160545349,False
causal_target_6_feature_54_beta_0.5_lambda_0.002_seed_20260904,causal,54,6,0.5,0.002,20260904,0.06772962212562561,1.0836739540100098,0.86328125,0.86328125,0.0,00111101100010101011010111010100,00111111100010101011010111010100,1,0.8642,0.864,0.00019999999999997797,0.5526,0.1089,0.687,0.13440000000000007,376.4730224609375,0.6906371418952942,False
causal_target_6_feature_54_beta_1_lambda_0.001_seed_20260904,causal,54,6,1.0,0.001,20260904,0.06772962212562561,1.0836739540100098,0.86328125,0.86328125,0.0,00111101100010101011010111010100,00111111100010101011010111010100,1,0.8642,0.864,0.00019999999999997797,0.4666,0.1089,0.6377,0.17110000000000003,545.6802368164062,0.5819178911209106,False
causal_target_6_feature_54_beta_1_lambda_0.002_seed_20260904,causal,54,6,1.0,0.002,20260904,0.06772962212562561,1.0836739540100098,0.86328125,0.86328125,0.0,00111101100010101011010111010100,00111111100010101011010111010100,1,0.8642,0.864,0.00019999999999997797,0.4291,0.1089,0.5978,0.16870000000000002,448.174560546875,0.6474716088294983,False
causal_target_6_feature_54_beta_2_lambda_0.001_seed_20260904,causal,54,6,2.0,0.001,20260904,0.06772962212562561,1.0836739540100098,0.86328125,0.86328125,0.0,00111101100010101011010111010100,00111111100010101011010111010100,1,0.8642,0.864,0.00019999999999997797,0.3899,0.1089,0.5755,0.1856,555.343994140625,0.5822963700294495,False
causal_target_6_feature_54_beta_2_lambda_0.002_seed_20260904,causal,54,6,2.0,0.002,20260904,0.06772962212562561,1.0836739540100098,0.86328125,0.86328125,0.0,00111101100010101011010111010100,00111111100010101011010111010100,1,0.8642,0.864,0.00019999999999997797,0.4066,0.1089,0.5434,0.13679999999999998,496.43841552734375,0.6262454877853394,False
causal_target_6_feature_56_beta_0.5_lambda_0.001_seed_20260904,causal,56,6,0.5,0.001,20260904,0.07851739227771759,1.2562782764434814,0.86328125,0.8623046875,0.0009765625,00111101101000001100110110111010,00111111101000001100110110111010,1,0.8642,0.8641,9.999999999998899e-05,0.5937,0.1094,0.7301,0.13639999999999997,471.54412841796875,0.6345204023361206,False
causal_target_6_feature_56_beta_0.5_lambda_0.002_seed_20260904,causal,56,6,0.5,0.002,20260904,0.07851739227771759,1.2562782764434814,0.86328125,0.8623046875,0.0009765625,00111101101000001100110110111010,00111111101000001100110110111010,1,0.8642,0.8641,9.999999999998899e-05,0.5905,0.1094,0.6993,0.10880000000000001,373.0607604980469,0.6983988802909851,False
causal_target_6_feature_56_beta_1_lambda_0.001_seed_20260904,causal,56,6,1.0,0.001,20260904,0.07851739227771759,1.2562782764434814,0.86328125,0.8623046875,0.0009765625,00111101101000001100110110111010,00111111101000001100110110111010,1,0.8642,0.8641,9.999999999998899e-05,0.4697,0.1094,0.6746,0.20489999999999997,549.57666015625,0.5800050663948059,False
causal_target_6_feature_56_beta_1_lambda_0.002_seed_20260904,causal,56,6,1.0,0.002,20260904,0.07851739227771759,1.2562782764434814,0.86328125,0.8623046875,0.0009765625,00111101101000001100110110111010,00111111101000001100110110111010,1,0.8642,0.8641,9.999999999998899e-05,0.4976,0.1094,0.64,0.14240000000000003,460.33502197265625,0.6409455254554749,False
causal_target_6_feature_56_beta_2_lambda_0.001_seed_20260904,causal,56,6,2.0,0.001,20260904,0.07851739227771759,1.2562782764434814,0.86328125,0.8623046875,0.0009765625,00111101101000001100110110111010,00111111101000001100110110111010,1,0.8642,0.8641,9.999999999998899e-05,0.4349,0.1094,0.644,0.2091,567.7409057617188,0.5750468214035034,False
causal_target_6_feature_56_beta_2_lambda_0.002_seed_20260904,causal,56,6,2.0,0.002,20260904,0.07851739227771759,1.2562782764434814,0.86328125,0.8623046875,0.0009765625,00111101101000001100110110111010,00111111101000001100110110111010,1,0.8642,0.8641,9.999999999998899e-05,0.429,0.1094,0.6007,0.17170000000000002,486.7848205566406,0.6328214441299439,False
causal_target_6_feature_58_beta_0.5_lambda_0.001_seed_20260904,causal,58,6,0.5,0.001,20260904,0.10671299695968628,1.7074079513549805,0.86328125,0.8623046875,0.0009765625,00111101110110101000110001011000,00111111110110101000110001011000,1,0.8642,0.864,0.00019999999999997797,0.5944,0.1097,0.7374,0.14300000000000002,472.2304992675781,0.6365609672546386,False
causal_target_6_feature_58_beta_0.5_lambda_0.002_seed_20260904,causal,58,6,0.5,0.002,20260904,0.10671299695968628,1.7074079513549805,0.86328125,0.8623046875,0.0009765625,00111101110110101000110001011000,00111111110110101000110001011000,1,0.8642,0.864,0.00019999999999997797,0.5945,0.1097,0.719,0.12449999999999994,374.0150146484375,0.6968745088577271,False
causal_target_6_feature_58_beta_1_lambda_0.001_seed_20260904,causal,58,6,1.0,0.001,20260904,0.10671299695968628,1.7074079513549805,0.86328125,0.8623046875,0.0009765625,00111101110110101000110001011000,00111111110110101000110001011000,1,0.8642,0.864,0.00019999999999997797,0.5122,0.1097,0.7171,0.20489999999999997,536.0382080078125,0.5933404636383056,False
causal_target_6_feature_58_beta_1_lambda_0.002_seed_20260904,causal,58,6,1.0,0.002,20260904,0.10671299695968628,1.7074079513549805,0.86328125,0.8623046875,0.0009765625,00111101110110101000110001011000,00111111110110101000110001011000,1,0.8642,0.864,0.00019999999999997797,0.4703,0.1097,0.6675,0.1972,445.80340576171875,0.6549314968109131,False
causal_target_6_feature_58_beta_2_lambda_0.001_seed_20260904,causal,58,6,2.0,0.001,20260904,0.10671299695968628,1.7074079513549805,0.86328125,0.8623046875,0.0009765625,00111101110110101000110001011000,00111111110110101000110001011000,1,0.8642,0.864,0.00019999999999997797,0.4411,0.1097,0.6932,0.25210000000000005,561.0321655273438,0.5768878852844238,False
causal_target_6_feature_58_beta_2_lambda_0.002_seed_20260904,causal,58,6,2.0,0.002,20260904,0.10671299695968628,1.7074079513549805,0.86328125,0.8623046875,0.0009765625,00111101110110101000110001011000,00111111110110101000110001011000,1,0.8642,0.864,0.00019999999999997797,0.4453,0.1097,0.6576,0.2123,491.14739990234375,0.6279000924110413,False
causal_target_6_feature_61_beta_0.5_lambda_0.001_seed_20260904,causal,61,6,0.5,0.001,20260904,0.06582839041948318,1.053254246711731,0.86328125,0.8642578125,-0.0009765625,00111101100001101101000100001001,00111111100001101101000100001001,1,0.8642,0.8641,9.999999999998899e-05,0.5557,0.1083,0.7613,0.2056,480.37554931640625,0.618632635307312,False
causal_target_6_feature_61_beta_0.5_lambda_0.002_seed_20260904,causal,61,6,0.5,0.002,20260904,0.06582839041948318,1.053254246711731,0.86328125,0.8642578125,-0.0009765625,00111101100001101101000100001001,00111111100001101101000100001001,1,0.8642,0.8641,9.999999999998899e-05,0.5602,0.1083,0.7267,0.16649999999999998,373.4303894042969,0.690038589477539,False
causal_target_6_feature_61_beta_1_lambda_0.001_seed_20260904,causal,61,6,1.0,0.001,20260904,0.06582839041948318,1.053254246711731,0.86328125,0.8642578125,-0.0009765625,00111101100001101101000100001001,00111111100001101101000100001001,1,0.8642,0.8641,9.999999999998899e-05,0.4596,0.1083,0.6631,0.20350000000000001,543.9510498046875,0.5811150081634522,False
causal_target_6_feature_61_beta_1_lambda_0.002_seed_20260904,causal,61,6,1.0,0.002,20260904,0.06582839041948318,1.053254246711731,0.86328125,0.8642578125,-0.0009765625,00111101100001101101000100001001,00111111100001101101000100001001,1,0.8642,0.8641,9.999999999998899e-05,0.4299,0.1083,0.6117,0.18180000000000002,446.355712890625,0.6485379012107849,False
causal_target_6_feature_61_beta_2_lambda_0.001_seed_20260904,causal,61,6,2.0,0.001,20260904,0.06582839041948318,1.053254246711731,0.86328125,0.8642578125,-0.0009765625,00111101100001101101000100001001,00111111100001101101000100001001,1,0.8642,0.8641,9.999999999998899e-05,0.4234,0.1083,0.6102,0.18679999999999997,567.1111450195312,0.5717849690437317,False
causal_target_6_feature_61_beta_2_lambda_0.002_seed_20260904,causal,61,6,2.0,0.002,20260904,0.06582839041948318,1.053254246711731,0.86328125,0.8642578125,-0.0009765625,00111101100001101101000100001001,00111111100001101101000100001001,1,0.8642,0.8641,9.999999999998899e-05,0.3787,0.1083,0.571,0.19229999999999997,488.80426025390625,0.6279022204399108,False
causal_target_6_feature_72_beta_0.5_lambda_0.001_seed_20260904,causal,72,6,0.5,0.001,20260904,0.09079897403717041,1.4527835845947266,0.86328125,0.8623046875,0.0009765625,00111101101110011111010011010000,00111111101110011111010011010000,1,0.8642,0.864,0.00019999999999997797,0.5619,0.109,0.7572,0.19530000000000003,486.20062255859375,0.6179227756500244,False
causal_target_6_feature_72_beta_0.5_lambda_0.002_seed_20260904,causal,72,6,0.5,0.002,20260904,0.09079897403717041,1.4527835845947266,0.86328125,0.8623046875,0.0009765625,00111101101110011111010011010000,00111111101110011111010011010000,1,0.8642,0.864,0.00019999999999997797,0.5402,0.109,0.7209,0.18069999999999997,380.7815246582031,0.6857477529525757,False
causal_target_6_feature_72_beta_1_lambda_0.001_seed_20260904,causal,72,6,1.0,0.001,20260904,0.09079897403717041,1.4527835845947266,0.86328125,0.8623046875,0.0009765625,00111101101110011111010011010000,00111111101110011111010011010000,1,0.8642,0.864,0.00019999999999997797,0.4244,0.109,0.6822,0.25780000000000003,557.2903442382812,0.5722593365669251,False
causal_target_6_feature_72_beta_1_lambda_0.002_seed_20260904,causal,72,6,1.0,0.002,20260904,0.09079897403717041,1.4527835845947266,0.86328125,0.8623046875,0.0009765625,00111101101110011111010011010000,00111111101110011111010011010000,1,0.8642,0.864,0.00019999999999997797,0.4331,0.109,0.63,0.19690000000000002,454.0419921875,0.6488536373138428,False
causal_target_6_feature_72_beta_2_lambda_0.001_seed_20260904,causal,72,6,2.0,0.001,20260904,0.09079897403717041,1.4527835845947266,0.86328125,0.8623046875,0.0009765625,00111101101110011111010011010000,00111111101110011111010011010000,1,0.8642,0.864,0.00019999999999997797,0.4249,0.109,0.6276,0.20270000000000005,558.816162109375,0.5774807390213013,False
causal_target_6_feature_72_beta_2_lambda_0.002_seed_20260904,causal,72,6,2.0,0.002,20260904,0.09079897403717041,1.4527835845947266,0.86328125,0.8623046875,0.0009765625,00111101101110011111010011010000,00111111101110011111010011010000,1,0.8642,0.864,0.00019999999999997797,0.3825,0.109,0.5898,0.20729999999999998,489.1529235839844,0.6324153763771058,False
causal_target_6_feature_88_beta_0.5_lambda_0.001_seed_20260904,causal,88,6,0.5,0.001,20260904,0.06600701063871384,1.0561121702194214,0.86328125,0.86328125,0.0,00111101100001110010111010101111,00111111100001110010111010101111,1,0.8642,0.8642,0.0,0.5974,0.109,0.6611,0.06369999999999998,457.9052429199219,0.6444688893318177,False
causal_target_6_feature_88_beta_0.5_lambda_0.002_seed_20260904,causal,88,6,0.5,0.002,20260904,0.06600701063871384,1.0561121702194214,0.86328125,0.86328125,0.0,00111101100001110010111010101111,00111111100001110010111010101111,1,0.8642,0.8642,0.0,0.6457,0.109,0.69,0.044299999999999895,367.99005126953125,0.6962860899925232,False
causal_target_6_feature_88_beta_1_lambda_0.001_seed_20260904,causal,88,6,1.0,0.001,20260904,0.06600701063871384,1.0561121702194214,0.86328125,0.86328125,0.0,00111101100001110010111010101111,00111111100001110010111010101111,1,0.8642,0.8642,0.0,0.5289,0.109,0.6058,0.07689999999999997,541.5343627929688,0.5888891345024109,False
causal_target_6_feature_88_beta_1_lambda_0.002_seed_20260904,causal,88,6,1.0,0.002,20260904,0.06600701063871384,1.0561121702194214,0.86328125,0.86328125,0.0,00111101100001110010111010101111,00111111100001110010111010101111,1,0.8642,0.8642,0.0,0.5215,0.109,0.5882,0.06669999999999998,444.2475280761719,0.6553373012542725,False
causal_target_6_feature_88_beta_2_lambda_0.001_seed_20260904,causal,88,6,2.0,0.001,20260904,0.06600701063871384,1.0561121702194214,0.86328125,0.86328125,0.0,00111101100001110010111010101111,00111111100001110010111010101111,1,0.8642,0.8642,0.0,0.4245,0.109,0.547,0.12250000000000005,559.5479125976562,0.5836807192802429,False
causal_target_6_feature_88_beta_2_lambda_0.002_seed_20260904,causal,88,6,2.0,0.002,20260904,0.06600701063871384,1.0561121702194214,0.86328125,0.86328125,0.0,00111101100001110010111010101111,00111111100001110010111010101111,1,0.8642,0.8642,0.0,0.4166,0.109,0.5061,0.08949999999999997,492.7479248046875,0.6302852024078369,False
causal_target_6_feature_93_beta_0.5_lambda_0.001_seed_20260904,causal,93,6,0.5,0.001,20260904,0.11067208647727966,1.7707533836364746,0.86328125,0.86328125,0.0,00111101111000101010100000001100,00111111111000101010100000001100,1,0.8642,0.8636,0.0005999999999999339,0.566,0.1115,0.7453,0.17930000000000001,500.88739013671875,0.6179791131973267,False
causal_target_6_feature_93_beta_0.5_lambda_0.002_seed_20260904,causal,93,6,0.5,0.002,20260904,0.11067208647727966,1.7707533836364746,0.86328125,0.86328125,0.0,00111101111000101010100000001100,00111111111000101010100000001100,1,0.8642,0.8636,0.0005999999999999339,0.5955,0.1115,0.723,0.12749999999999995,396.3977355957031,0.6886280970573425,False
causal_target_6_feature_93_beta_1_lambda_0.001_seed_20260904,causal,93,6,1.0,0.001,20260904,0.11067208647727966,1.7707533836364746,0.86328125,0.86328125,0.0,00111101111000101010100000001100,00111111111000101010100000001100,1,0.8642,0.8636,0.0005999999999999339,0.4665,0.1115,0.6996,0.23309999999999997,558.6065673828125,0.5784794017791748,False
causal_target_6_feature_93_beta_1_lambda_0.002_seed_20260904,causal,93,6,1.0,0.002,20260904,0.11067208647727966,1.7707533836364746,0.86328125,0.86328125,0.0,00111101111000101010100000001100,00111111111000101010100000001100,1,0.8642,0.8636,0.0005999999999999339,0.4706,0.1115,0.6584,0.18779999999999997,475.9782409667969,0.6435183506011963,False
causal_target_6_feature_93_beta_2_lambda_0.001_seed_20260904,causal,93,6,2.0,0.001,20260904,0.11067208647727966,1.7707533836364746,0.86328125,0.86328125,0.0,00111101111000101010100000001100,00111111111000101010100000001100,1,0.8642,0.8636,0.0005999999999999339,0.4354,0.1115,0.6727,0.23729999999999996,563.9130249023438,0.5808992023468018,False
causal_target_6_feature_93_beta_2_lambda_0.002_seed_20260904,causal,93,6,2.0,0.002,20260904,0.11067208647727966,1.7707533836364746,0.86328125,0.86328125,0.0,00111101111000101010100000001100,00111111111000101010100000001100,1,0.8642,0.8636,0.0005999999999999339,0.4159,0.1115,0.628,0.2121,503.2677307128906,0.6216370850563049,False
causal_target_6_feature_116_beta_0.5_lambda_0.001_seed_20260904,causal,116,6,0.5,0.001,20260904,0.06921577453613281,1.107452392578125,0.86328125,0.8623046875,0.0009765625,00111101100011011100000100000000,00111111100011011100000100000000,1,0.8642,0.8642,0.0,0.5158,0.1092,0.7089,0.19309999999999994,483.93072509765625,0.6248275632858277,False
causal_target_6_feature_116_beta_0.5_lambda_0.002_seed_20260904,causal,116,6,0.5,0.002,20260904,0.06921577453613281,1.107452392578125,0.86328125,0.8623046875,0.0009765625,00111101100011011100000100000000,00111111100011011100000100000000,1,0.8642,0.8642,0.0,0.5718,0.1092,0.7126,0.14080000000000004,374.4429626464844,0.69238674659729,False
causal_target_6_feature_116_beta_1_lambda_0.001_seed_20260904,causal,116,6,1.0,0.001,20260904,0.06921577453613281,1.107452392578125,0.86328125,0.8623046875,0.0009765625,00111101100011011100000100000000,00111111100011011100000100000000,1,0.8642,0.8642,0.0,0.4473,0.1092,0.6674,0.22010000000000002,551.1288452148438,0.5777455149650573,False
causal_target_6_feature_116_beta_1_lambda_0.002_seed_20260904,causal,116,6,1.0,0.002,20260904,0.06921577453613281,1.107452392578125,0.86328125,0.8623046875,0.0009765625,00111101100011011100000100000000,00111111100011011100000100000000,1,0.8642,0.8642,0.0,0.4391,0.1092,0.6245,0.18540000000000006,462.408935546875,0.644203788471222,False
causal_target_6_feature_116_beta_2_lambda_0.001_seed_20260904,causal,116,6,2.0,0.001,20260904,0.06921577453613281,1.107452392578125,0.86328125,0.8623046875,0.0009765625,00111101100011011100000100000000,00111111100011011100000100000000,1,0.8642,0.8642,0.0,0.393,0.1092,0.6259,0.2329,562.387451171875,0.5813599493026733,False
causal_target_6_feature_116_beta_2_lambda_0.002_seed_20260904,causal,116,6,2.0,0.002,20260904,0.06921577453613281,1.107452392578125,0.86328125,0.8623046875,0.0009765625,00111101100011011100000100000000,00111111100011011100000100000000,1,0.8642,0.8642,0.0,0.4148,0.1092,0.6,0.18519999999999998,496.3593444824219,0.6278606793403626,False
causal_target_6_feature_120_beta_0.5_lambda_0.001_seed_20260904,causal,120,6,0.5,0.001,20260904,0.12271922081708908,1.9635075330734253,0.86328125,0.8623046875,0.0009765625,00111101111110110101010000110111,00111111111110110101010000110111,1,0.8642,0.864,0.00019999999999997797,0.6149,0.1089,0.6817,0.06679999999999997,470.5400390625,0.6329833557128907,False
causal_target_6_feature_120_beta_0.5_lambda_0.002_seed_20260904,causal,120,6,0.5,0.002,20260904,0.12271922081708908,1.9635075330734253,0.86328125,0.8623046875,0.0009765625,00111101111110110101010000110111,00111111111110110101010000110111,1,0.8642,0.864,0.00019999999999997797,0.6029,0.1089,0.6551,0.052200000000000024,376.0972595214844,0.6924485332489013,False
causal_target_6_feature_120_beta_1_lambda_0.001_seed_20260904,causal,120,6,1.0,0.001,20260904,0.12271922081708908,1.9635075330734253,0.86328125,0.8623046875,0.0009765625,00111101111110110101010000110111,00111111111110110101010000110111,1,0.8642,0.864,0.00019999999999997797,0.5359,0.1089,0.6083,0.07239999999999991,541.032470703125,0.5877517356872558,False
causal_target_6_feature_120_beta_1_lambda_0.002_seed_20260904,causal,120,6,1.0,0.002,20260904,0.12271922081708908,1.9635075330734253,0.86328125,0.8623046875,0.0009765625,00111101111110110101010000110111,00111111111110110101010000110111,1,0.8642,0.864,0.00019999999999997797,0.4899,0.1089,0.5712,0.08130000000000004,450.4222412109375,0.6513735983848572,False
causal_target_6_feature_120_beta_2_lambda_0.001_seed_20260904,causal,120,6,2.0,0.001,20260904,0.12271922081708908,1.9635075330734253,0.86328125,0.8623046875,0.0009765625,00111101111110110101010000110111,00111111111110110101010000110111,1,0.8642,0.864,0.00019999999999997797,0.4373,0.1089,0.5053,0.06799999999999995,562.9937133789062,0.5740801204681396,False
causal_target_6_feature_120_beta_2_lambda_0.002_seed_20260904,causal,120,6,2.0,0.002,20260904,0.12271922081708908,1.9635075330734253,0.86328125,0.8623046875,0.0009765625,00111101111110110101010000110111,00111111111110110101010000110111,1,0.8642,0.864,0.00019999999999997797,0.4449,0.1089,0.4825,0.03759999999999997,500.1566467285156,0.6246569961547852,False
causal_target_6_feature_127_beta_0.5_lambda_0.001_seed_20260904,causal,127,6,0.5,0.001,20260904,0.09446649998426437,1.51146399974823,0.86328125,0.8623046875,0.0009765625,00111101110000010111011110100111,00111111110000010111011110100111,1,0.8642,0.8638,0.00039999999999995595,0.4744,0.1105,0.8011,0.32670000000000005,491.19525146484375,0.6216445578575134,False
causal_target_6_feature_127_beta_0.5_lambda_0.002_seed_20260904,causal,127,6,0.5,0.002,20260904,0.09446649998426437,1.51146399974823,0.86328125,0.8623046875,0.0009765625,00111101110000010111011110100111,00111111110000010111011110100111,1,0.8642,0.8638,0.00039999999999995595,0.497,0.1105,0.7467,0.24970000000000003,384.6265563964844,0.6847367809295655,False
causal_target_6_feature_127_beta_1_lambda_0.001_seed_20260904,causal,127,6,1.0,0.001,20260904,0.09446649998426437,1.51146399974823,0.86328125,0.8623046875,0.0009765625,00111101110000010111011110100111,00111111110000010111011110100111,1,0.8642,0.8638,0.00039999999999995595,0.398,0.1105,0.7722,0.3742,552.4697265625,0.5801339207649231,False
causal_target_6_feature_127_beta_1_lambda_0.002_seed_20260904,causal,127,6,1.0,0.002,20260904,0.09446649998426437,1.51146399974823,0.86328125,0.8623046875,0.0009765625,00111101110000010111011110100111,00111111110000010111011110100111,1,0.8642,0.8638,0.00039999999999995595,0.3921,0.1105,0.7126,0.3205,458.0555114746094,0.6455258108139038,False
causal_target_6_feature_127_beta_2_lambda_0.001_seed_20260904,causal,127,6,2.0,0.001,20260904,0.09446649998426437,1.51146399974823,0.86328125,0.8623046875,0.0009765625,00111101110000010111011110100111,00111111110000010111011110100111,1,0.8642,0.8638,0.00039999999999995595,0.4174,0.1105,0.7505,0.33309999999999995,560.2088623046875,0.5808725030899048,False
causal_target_6_feature_127_beta_2_lambda_0.002_seed_20260904,causal,127,6,2.0,0.002,20260904,0.09446649998426437,1.51146399974823,0.86328125,0.8623046875,0.0009765625,00111101110000010111011110100111,00111111110000010111011110100111,1,0.8642,0.8638,0.00039999999999995595,0.384,0.1105,0.6973,0.3133,495.0447692871094,0.6244711800575257,False
causal_target_6_feature_128_beta_0.5_lambda_0.001_seed_20260904,causal,128,6,0.5,0.001,20260904,0.06320621073246002,1.0112993717193604,0.86328125,0.8642578125,-0.0009765625,00111101100000010111001001000010,00111111100000010111001001000010,1,0.8642,0.8645,-0.000300000000000078,0.5997,0.1081,0.6741,0.07440000000000002,464.3857727050781,0.6401628079414368,False
causal_target_6_feature_128_beta_0.5_lambda_0.002_seed_20260904,causal,128,6,0.5,0.002,20260904,0.06320621073246002,1.0112993717193604,0.86328125,0.8642578125,-0.0009765625,00111101100000010111001001000010,00111111100000010111001001000010,1,0.8642,0.8645,-0.000300000000000078,0.6188,0.1081,0.6859,0.06709999999999994,359.9159851074219,0.7001833139419555,False
causal_target_6_feature_128_beta_1_lambda_0.001_seed_20260904,causal,128,6,1.0,0.001,20260904,0.06320621073246002,1.0112993717193604,0.86328125,0.8642578125,-0.0009765625,00111101100000010111001001000010,00111111100000010111001001000010,1,0.8642,0.8645,-0.000300000000000078,0.5123,0.1081,0.6063,0.09399999999999997,547.9006958007812,0.5843708697319031,False
causal_target_6_feature_128_beta_1_lambda_0.002_seed_20260904,causal,128,6,1.0,0.002,20260904,0.06320621073246002,1.0112993717193604,0.86328125,0.8642578125,-0.0009765625,00111101100000010111001001000010,00111111100000010111001001000010,1,0.8642,0.8645,-0.000300000000000078,0.4739,0.1081,0.5759,0.10199999999999998,442.8878173828125,0.6547512004852295,False
causal_target_6_feature_128_beta_2_lambda_0.001_seed_20260904,causal,128,6,2.0,0.001,20260904,0.06320621073246002,1.0112993717193604,0.86328125,0.8642578125,-0.0009765625,00111101100000010111001001000010,00111111100000010111001001000010,1,0.8642,0.8645,-0.000300000000000078,0.4514,0.1081,0.5415,0.09009999999999996,565.0724487304688,0.5752801291465759,False
causal_target_6_feature_128_beta_2_lambda_0.002_seed_20260904,causal,128,6,2.0,0.002,20260904,0.06320621073246002,1.0112993717193604,0.86328125,0.8642578125,-0.0009765625,00111101100000010111001001000010,00111111100000010111001001000010,1,0.8642,0.8645,-0.000300000000000078,0.4241,0.1081,0.511,0.08690000000000003,498.8357238769531,0.6223071102142333,False
causal_target_6_feature_144_beta_0.5_lambda_0.001_seed_20260904,causal,144,6,0.5,0.001,20260904,0.08487627655267715,1.3580204248428345,0.86328125,0.8623046875,0.0009765625,00111101101011011101001110011101,00111111101011011101001110011101,1,0.8642,0.8642,0.0,0.5732,0.1088,0.7257,0.15249999999999997,473.36114501953125,0.6291173935890197,False
causal_target_6_feature_144_beta_0.5_lambda_0.002_seed_20260904,causal,144,6,0.5,0.002,20260904,0.08487627655267715,1.3580204248428345,0.86328125,0.8623046875,0.0009765625,00111101101011011101001110011101,00111111101011011101001110011101,1,0.8642,0.8642,0.0,0.584,0.1088,0.7004,0.11640000000000006,374.74334716796875,0.6940662636756897,False
causal_target_6_feature_144_beta_1_lambda_0.001_seed_20260904,causal,144,6,1.0,0.001,20260904,0.08487627655267715,1.3580204248428345,0.86328125,0.8623046875,0.0009765625,00111101101011011101001110011101,00111111101011011101001110011101,1,0.8642,0.8642,0.0,0.4664,0.1088,0.6753,0.20890000000000003,551.6456909179688,0.5768411671638489,False
causal_target_6_feature_144_beta_1_lambda_0.002_seed_20260904,causal,144,6,1.0,0.002,20260904,0.08487627655267715,1.3580204248428345,0.86328125,0.8623046875,0.0009765625,00111101101011011101001110011101,00111111101011011101001110011101,1,0.8642,0.8642,0.0,0.4483,0.1088,0.6276,0.17930000000000007,461.20404052734375,0.6399118003845214,False
causal_target_6_feature_144_beta_2_lambda_0.001_seed_20260904,causal,144,6,2.0,0.001,20260904,0.08487627655267715,1.3580204248428345,0.86328125,0.8623046875,0.0009765625,00111101101011011101001110011101,00111111101011011101001110011101,1,0.8642,0.8642,0.0,0.415,0.1088,0.6358,0.22080000000000005,572.10302734375,0.5688345163345337,False
causal_target_6_feature_144_beta_2_lambda_0.002_seed_20260904,causal,144,6,2.0,0.002,20260904,0.08487627655267715,1.3580204248428345,0.86328125,0.8623046875,0.0009765625,00111101101011011101001110011101,00111111101011011101001110011101,1,0.8642,0.8642,0.0,0.452,0.1088,0.6015,0.14950000000000002,496.7438659667969,0.6264519275665283,False
causal_target_6_feature_160_beta_0.5_lambda_0.001_seed_20260904,causal,160,6,0.5,0.001,20260904,0.0756191611289978,1.2099065780639648,0.86328125,0.8623046875,0.0009765625,00111101100110101101111000111000,00111111100110101101111000111000,1,0.8642,0.8638,0.00039999999999995595,0.5159,0.1092,0.7325,0.21660000000000001,494.93853759765625,0.6217850728988648,False
causal_target_6_feature_160_beta_0.5_lambda_0.002_seed_20260904,causal,160,6,0.5,0.002,20260904,0.0756191611289978,1.2099065780639648,0.86328125,0.8623046875,0.0009765625,00111101100110101101111000111000,00111111100110101101111000111000,1,0.8642,0.8638,0.00039999999999995595,0.5553,0.1092,0.7059,0.15059999999999996,382.0023193359375,0.6879515424728394,False
causal_target_6_feature_160_beta_1_lambda_0.001_seed_20260904,causal,160,6,1.0,0.001,20260904,0.0756191611289978,1.2099065780639648,0.86328125,0.8623046875,0.0009765625,00111101100110101101111000111000,00111111100110101101111000111000,1,0.8642,0.8638,0.00039999999999995595,0.453,0.1092,0.6795,0.22649999999999998,552.38623046875,0.5810939249038696,False
causal_target_6_feature_160_beta_1_lambda_0.002_seed_20260904,causal,160,6,1.0,0.002,20260904,0.0756191611289978,1.2099065780639648,0.86328125,0.8623046875,0.0009765625,00111101100110101101111000111000,00111111100110101101111000111000,1,0.8642,0.8638,0.00039999999999995595,0.4523,0.1092,0.6391,0.18680000000000002,457.25201416015625,0.6472075249671936,False
causal_target_6_feature_160_beta_2_lambda_0.001_seed_20260904,causal,160,6,2.0,0.001,20260904,0.0756191611289978,1.2099065780639648,0.86328125,0.8623046875,0.0009765625,00111101100110101101111000111000,00111111100110101101111000111000,1,0.8642,0.8638,0.00039999999999995595,0.4095,0.1092,0.6549,0.24540000000000006,564.3173217773438,0.5757749500274658,False
causal_target_6_feature_160_beta_2_lambda_0.002_seed_20260904,causal,160,6,2.0,0.002,20260904,0.0756191611289978,1.2099065780639648,0.86328125,0.8623046875,0.0009765625,00111101100110101101111000111000,00111111100110101101111000111000,1,0.8642,0.8638,0.00039999999999995595,0.3971,0.1092,0.603,0.20589999999999997,495.8287353515625,0.626334247970581,False
causal_target_6_feature_178_beta_0.5_lambda_0.001_seed_20260904,causal,178,6,0.5,0.001,20260904,0.006035399157553911,1.5450621843338013,0.86328125,0.8623046875,0.0009765625,00111011110001011100010010011001,00111111110001011100010010011001,1,0.8642,0.864,0.00019999999999997797,0.603,0.1086,0.663,0.06000000000000005,457.35968017578125,0.6470196857452393,False
causal_target_6_feature_178_beta_0.5_lambda_0.002_seed_20260904,causal,178,6,0.5,0.002,20260904,0.006035399157553911,1.5450621843338013,0.86328125,0.8623046875,0.0009765625,00111011110001011100010010011001,00111111110001011100010010011001,1,0.8642,0.864,0.00019999999999997797,0.6231,0.1086,0.6634,0.0403,351.0412902832031,0.7107171501159668,False
causal_target_6_feature_178_beta_1_lambda_0.001_seed_20260904,causal,178,6,1.0,0.001,20260904,0.006035399157553911,1.5450621843338013,0.86328125,0.8623046875,0.0009765625,00111011110001011100010010011001,00111111110001011100010010011001,1,0.8642,0.864,0.00019999999999997797,0.4823,0.1086,0.5749,0.09259999999999996,542.563720703125,0.5888146533966064,False
causal_target_6_feature_178_beta_1_lambda_0.002_seed_20260904,causal,178,6,1.0,0.002,20260904,0.006035399157553911,1.5450621843338013,0.86328125,0.8623046875,0.0009765625,00111011110001011100010010011001,00111111110001011100010010011001,1,0.8642,0.864,0.00019999999999997797,0.5188,0.1086,0.5681,0.04930000000000001,449.69415283203125,0.6555633547782898,False
causal_target_6_feature_178_beta_2_lambda_0.001_seed_20260904,causal,178,6,2.0,0.001,20260904,0.006035399157553911,1.5450621843338013,0.86328125,0.8623046875,0.0009765625,00111011110001011100010010011001,00111111110001011100010010011001,1,0.8642,0.864,0.00019999999999997797,0.4299,0.1086,0.5152,0.08529999999999999,565.6358032226562,0.5749305164337158,False
causal_target_6_feature_178_beta_2_lambda_0.002_seed_20260904,causal,178,6,2.0,0.002,20260904,0.006035399157553911,1.5450621843338013,0.86328125,0.8623046875,0.0009765625,00111011110001011100010010011001,00111111110001011100010010011001,1,0.8642,0.864,0.00019999999999997797,0.4381,0.1086,0.4953,0.05720000000000003,498.6465759277344,0.6267777730941773,False
causal_target_6_feature_180_beta_0.5_lambda_0.001_seed_20260904,causal,180,6,0.5,0.001,20260904,0.08022591471672058,1.2836146354675293,0.86328125,0.865234375,-0.001953125,00111101101001000100110101111100,00111111101001000100110101111100,1,0.8642,0.8644,-0.00019999999999997797,0.5448,0.1086,0.7407,0.19590000000000007,481.07550048828125,0.625439595413208,False
causal_target_6_feature_180_beta_0.5_lambda_0.002_seed_20260904,causal,180,6,0.5,0.002,20260904,0.08022591471672058,1.2836146354675293,0.86328125,0.865234375,-0.001953125,00111101101001000100110101111100,00111111101001000100110101111100,1,0.8642,0.8644,-0.00019999999999997797,0.5644,0.1086,0.7067,0.14229999999999998,380.2994079589844,0.6899646265983581,False
causal_target_6_feature_180_beta_1_lambda_0.001_seed_20260904,causal,180,6,1.0,0.001,20260904,0.08022591471672058,1.2836146354675293,0.86328125,0.865234375,-0.001953125,00111101101001000100110101111100,00111111101001000100110101111100,1,0.8642,0.8644,-0.00019999999999997797,0.4766,0.1086,0.6995,0.2229,543.255859375,0.5840152843475341,False
causal_target_6_feature_180_beta_1_lambda_0.002_seed_20260904,causal,180,6,1.0,0.002,20260904,0.08022591471672058,1.2836146354675293,0.86328125,0.865234375,-0.001953125,00111101101001000100110101111100,00111111101001000100110101111100,1,0.8642,0.8644,-0.00019999999999997797,0.442,0.1086,0.6469,0.20490000000000003,452.41766357421875,0.6485128910064697,False
causal_target_6_feature_180_beta_2_lambda_0.001_seed_20260904,causal,180,6,2.0,0.001,20260904,0.08022591471672058,1.2836146354675293,0.86328125,0.865234375,-0.001953125,00111101101001000100110101111100,00111111101001000100110101111100,1,0.8642,0.8644,-0.00019999999999997797,0.4063,0.1086,0.6593,0.253,562.4866333007812,0.5761368315696717,False
causal_target_6_feature_180_beta_2_lambda_0.002_seed_20260904,causal,180,6,2.0,0.002,20260904,0.08022591471672058,1.2836146354675293,0.86328125,0.865234375,-0.001953125,00111101101001000100110101111100,00111111101001000100110101111100,1,0.8642,0.8644,-0.00019999999999997797,0.4344,0.1086,0.6234,0.18899999999999995,493.6961975097656,0.6299079865455628,False
causal_target_6_feature_205_beta_0.5_lambda_0.001_seed_20260904,causal,205,6,0.5,0.001,20260904,0.0848739966750145,1.357983946800232,0.86328125,0.8623046875,0.0009765625,00111101101011011101001001101011,00111111101011011101001001101011,1,0.8642,0.8638,0.00039999999999995595,0.5413,0.1092,0.8143,0.273,488.9879150390625,0.6152395429611206,False
causal_target_6_feature_205_beta_0.5_lambda_0.002_seed_20260904,causal,205,6,0.5,0.002,20260904,0.0848739966750145,1.357983946800232,0.86328125,0.8623046875,0.0009765625,00111101101011011101001001101011,00111111101011011101001001101011,1,0.8642,0.8638,0.00039999999999995595,0.5243,0.1092,0.7455,0.22120000000000006,381.22271728515625,0.6853195356369018,False
causal_target_6_feature_205_beta_1_lambda_0.001_seed_20260904,causal,205,6,1.0,0.001,20260904,0.0848739966750145,1.357983946800232,0.86328125,0.8623046875,0.0009765625,00111101101011011101001001101011,00111111101011011101001001101011,1,0.8642,0.8638,0.00039999999999995595,0.4081,0.1092,0.7365,0.3284,551.0146484375,0.5775271831512451,False
causal_target_6_feature_205_beta_1_lambda_0.002_seed_20260904,causal,205,6,1.0,0.002,20260904,0.0848739966750145,1.357983946800232,0.86328125,0.8623046875,0.0009765625,00111101101011011101001001101011,00111111101011011101001001101011,1,0.8642,0.8638,0.00039999999999995595,0.407,0.1092,0.6684,0.2614,460.7328186035156,0.6368899270057679,False
causal_target_6_feature_205_beta_2_lambda_0.001_seed_20260904,causal,205,6,2.0,0.001,20260904,0.0848739966750145,1.357983946800232,0.86328125,0.8623046875,0.0009765625,00111101101011011101001001101011,00111111101011011101001001101011,1,0.8642,0.8638,0.00039999999999995595,0.3833,0.1092,0.6754,0.2921,569.1201782226562,0.5747473680496216,False
causal_target_6_feature_205_beta_2_lambda_0.002_seed_20260904,causal,205,6,2.0,0.002,20260904,0.0848739966750145,1.357983946800232,0.86328125,0.8623046875,0.0009765625,00111101101011011101001001101011,00111111101011011101001001101011,1,0.8642,0.8638,0.00039999999999995595,0.427,0.1092,0.6278,0.20080000000000003,497.444580078125,0.6300657330513001,False
causal_target_6_feature_237_beta_0.5_lambda_0.001_seed_20260904,causal,237,6,0.5,0.001,20260904,0.0719323456287384,1.1509175300598145,0.86328125,0.86328125,0.0,00111101100100110101000101000100,00111111100100110101000101000100,1,0.8642,0.8641,9.999999999998899e-05,0.5333,0.1088,0.7365,0.20320000000000005,491.1949768066406,0.6165458062171936,False
causal_target_6_feature_237_beta_0.5_lambda_0.002_seed_20260904,causal,237,6,0.5,0.002,20260904,0.0719323456287384,1.1509175300598145,0.86328125,0.86328125,0.0,00111101100100110101000101000100,00111111100100110101000101000100,1,0.8642,0.8641,9.999999999998899e-05,0.5658,0.1088,0.6977,0.13190000000000002,381.28607177734375,0.6849367079734803,False
causal_target_6_feature_237_beta_1_lambda_0.001_seed_20260904,causal,237,6,1.0,0.001,20260904,0.0719323456287384,1.1509175300598145,0.86328125,0.86328125,0.0,00111101100100110101000101000100,00111111100100110101000101000100,1,0.8642,0.8641,9.999999999998899e-05,0.4758,0.1088,0.6659,0.19010000000000005,553.0885620117188,0.5799677368164062,False
causal_target_6_feature_237_beta_1_lambda_0.002_seed_20260904,causal,237,6,1.0,0.002,20260904,0.0719323456287384,1.1509175300598145,0.86328125,0.86328125,0.0,00111101100100110101000101000100,00111111100100110101000101000100,1,0.8642,0.8641,9.999999999998899e-05,0.456,0.1088,0.6177,0.1617,451.3349304199219,0.6522234452247619,False
causal_target_6_feature_237_beta_2_lambda_0.001_seed_20260904,causal,237,6,2.0,0.001,20260904,0.0719323456287384,1.1509175300598145,0.86328125,0.86328125,0.0,00111101100100110101000101000100,00111111100100110101000101000100,1,0.8642,0.8641,9.999999999998899e-05,0.4015,0.1088,0.5894,0.1879,557.6661987304688,0.5820765807151794,False
causal_target_6_feature_237_beta_2_lambda_0.002_seed_20260904,causal,237,6,2.0,0.002,20260904,0.0719323456287384,1.1509175300598145,0.86328125,0.86328125,0.0,00111101100100110101000101000100,00111111100100110101000101000100,1,0.8642,0.8641,9.999999999998899e-05,0.3935,0.1088,0.552,0.15850000000000003,496.336181640625,0.626659409236908,False
causal_target_6_feature_243_beta_0.5_lambda_0.001_seed_20260904,causal,243,6,0.5,0.001,20260904,0.0807487741112709,1.2919803857803345,0.86328125,0.8623046875,0.0009765625,00111101101001010101111110011101,00111111101001010101111110011101,1,0.8642,0.8637,0.0004999999999999449,0.5099,0.1095,0.7589,0.249,487.23468017578125,0.6203820942878723,False
causal_target_6_feature_243_beta_0.5_lambda_0.002_seed_20260904,causal,243,6,0.5,0.002,20260904,0.0807487741112709,1.2919803857803345,0.86328125,0.8623046875,0.0009765625,00111101101001010101111110011101,00111111101001010101111110011101,1,0.8642,0.8637,0.0004999999999999449,0.5338,0.1095,0.7248,0.19099999999999995,372.6095275878906,0.6927255299568176,False
causal_target_6_feature_243_beta_1_lambda_0.001_seed_20260904,causal,243,6,1.0,0.001,20260904,0.0807487741112709,1.2919803857803345,0.86328125,0.8623046875,0.0009765625,00111101101001010101111110011101,00111111101001010101111110011101,1,0.8642,0.8637,0.0004999999999999449,0.4207,0.1095,0.6926,0.2719,556.8970336914062,0.5767073266983033,False
causal_target_6_feature_243_beta_1_lambda_0.002_seed_20260904,causal,243,6,1.0,0.002,20260904,0.0807487741112709,1.2919803857803345,0.86328125,0.8623046875,0.0009765625,00111101101001010101111110011101,00111111101001010101111110011101,1,0.8642,0.8637,0.0004999999999999449,0.4443,0.1095,0.6476,0.20329999999999998,459.22760009765625,0.643233347606659,False
causal_target_6_feature_243_beta_2_lambda_0.001_seed_20260904,causal,243,6,2.0,0.001,20260904,0.0807487741112709,1.2919803857803345,0.86328125,0.8623046875,0.0009765625,00111101101001010101111110011101,00111111101001010101111110011101,1,0.8642,0.8637,0.0004999999999999449,0.3778,0.1095,0.6367,0.2589,565.206787109375,0.5774530517578125,False
causal_target_6_feature_243_beta_2_lambda_0.002_seed_20260904,causal,243,6,2.0,0.002,20260904,0.0807487741112709,1.2919803857803345,0.86328125,0.8623046875,0.0009765625,00111101101001010101111110011101,00111111101001010101111110011101,1,0.8642,0.8637,0.0004999999999999449,0.3815,0.1095,0.6041,0.22259999999999996,496.5341491699219,0.6291651581764222,False
causal_target_6_feature_245_beta_0.5_lambda_0.001_seed_20260904,causal,245,6,0.5,0.001,20260904,0.09905551373958588,1.584888219833374,0.86328125,0.8623046875,0.0009765625,00111101110010101101110110011110,00111111110010101101110110011110,1,0.8642,0.864,0.00019999999999997797,0.5377,0.1087,0.7445,0.2068000000000001,486.8658142089844,0.613485767364502,False
causal_target_6_feature_245_beta_0.5_lambda_0.002_seed_20260904,causal,245,6,0.5,0.002,20260904,0.09905551373958588,1.584888219833374,0.86328125,0.8623046875,0.0009765625,00111101110010101101110110011110,00111111110010101101110110011110,1,0.8642,0.864,0.00019999999999997797,0.5546,0.1087,0.7138,0.1592,381.7568359375,0.6835926637649536,False
causal_target_6_feature_245_beta_1_lambda_0.001_seed_20260904,causal,245,6,1.0,0.001,20260904,0.09905551373958588,1.584888219833374,0.86328125,0.8623046875,0.0009765625,00111101110010101101110110011110,00111111110010101101110110011110,1,0.8642,0.864,0.00019999999999997797,0.4737,0.1087,0.6871,0.21340000000000003,557.6017456054688,0.573639259815216,False
causal_target_6_feature_245_beta_1_lambda_0.002_seed_20260904,causal,245,6,1.0,0.002,20260904,0.09905551373958588,1.584888219833374,0.86328125,0.8623046875,0.0009765625,00111101110010101101110110011110,00111111110010101101110110011110,1,0.8642,0.864,0.00019999999999997797,0.4558,0.1087,0.6302,0.1744,449.5262756347656,0.6466437747955323,False
causal_target_6_feature_245_beta_2_lambda_0.001_seed_20260904,causal,245,6,2.0,0.001,20260904,0.09905551373958588,1.584888219833374,0.86328125,0.8623046875,0.0009765625,00111101110010101101110110011110,00111111110010101101110110011110,1,0.8642,0.864,0.00019999999999997797,0.3769,0.1087,0.5707,0.19379999999999997,549.313232421875,0.5883838713645935,False
causal_target_6_feature_245_beta_2_lambda_0.002_seed_20260904,causal,245,6,2.0,0.002,20260904,0.09905551373958588,1.584888219833374,0.86328125,0.8623046875,0.0009765625,00111101110010101101110110011110,00111111110010101101110110011110,1,0.8642,0.864,0.00019999999999997797,0.3846,0.1087,0.5542,0.16960000000000003,493.3844909667969,0.6255849424362183,False
causal_target_6_feature_248_beta_0.5_lambda_0.001_seed_20260904,causal,248,6,0.5,0.001,20260904,0.07445180416107178,1.1912288665771484,0.86328125,0.8642578125,-0.0009765625,00111101100110000111101000110000,00111111100110000111101000110000,1,0.8642,0.8643,-9.999999999998899e-05,0.5924,0.1083,0.7021,0.10969999999999991,458.789306640625,0.6403720958709717,False
causal_target_6_feature_248_beta_0.5_lambda_0.002_seed_20260904,causal,248,6,0.5,0.002,20260904,0.07445180416107178,1.1912288665771484,0.86328125,0.8642578125,-0.0009765625,00111101100110000111101000110000,00111111100110000111101000110000,1,0.8642,0.8643,-9.999999999998899e-05,0.593,0.1083,0.6866,0.09360000000000002,362.06048583984375,0.6971876324653625,False
causal_target_6_feature_248_beta_1_lambda_0.001_seed_20260904,causal,248,6,1.0,0.001,20260904,0.07445180416107178,1.1912288665771484,0.86328125,0.8642578125,-0.0009765625,00111101100110000111101000110000,00111111100110000111101000110000,1,0.8642,0.8643,-9.999999999998899e-05,0.4817,0.1083,0.6327,0.15100000000000002,539.3379516601562,0.588685411453247,False
causal_target_6_feature_248_beta_1_lambda_0.002_seed_20260904,causal,248,6,1.0,0.002,20260904,0.07445180416107178,1.1912288665771484,0.86328125,0.8642578125,-0.0009765625,00111101100110000111101000110000,00111111100110000111101000110000,1,0.8642,0.8643,-9.999999999998899e-05,0.4999,0.1083,0.6096,0.10970000000000002,437.9820556640625,0.6599438450813293,False
causal_target_6_feature_248_beta_2_lambda_0.001_seed_20260904,causal,248,6,2.0,0.001,20260904,0.07445180416107178,1.1912288665771484,0.86328125,0.8642578125,-0.0009765625,00111101100110000111101000110000,00111111100110000111101000110000,1,0.8642,0.8643,-9.999999999998899e-05,0.4361,0.1083,0.5629,0.12679999999999997,556.72265625,0.5814294302940368,False
causal_target_6_feature_248_beta_2_lambda_0.002_seed_20260904,causal,248,6,2.0,0.002,20260904,0.07445180416107178,1.1912288665771484,0.86328125,0.8642578125,-0.0009765625,00111101100110000111101000110000,00111111100110000111101000110000,1,0.8642,0.8643,-9.999999999998899e-05,0.4444,0.1083,0.542,0.09760000000000002,490.184326171875,0.6287546745300293,False
causal_target_6_feature_276_beta_0.5_lambda_0.001_seed_20260904,causal,276,6,0.5,0.001,20260904,0.11379261314868927,1.8206818103790283,0.86328125,0.8623046875,0.0009765625,00111101111010010000110000011010,00111111111010010000110000011010,1,0.8642,0.8637,0.0004999999999999449,0.56,0.1101,0.7624,0.2023999999999999,488.7566223144531,0.622117449760437,False
causal_target_6_feature_276_beta_0.5_lambda_0.002_seed_20260904,causal,276,6,0.5,0.002,20260904,0.11379261314868927,1.8206818103790283,0.86328125,0.8623046875,0.0009765625,00111101111010010000110000011010,00111111111010010000110000011010,1,0.8642,0.8637,0.0004999999999999449,0.5713,0.1101,0.7327,0.1614,380.95635986328125,0.6870061573028564,False
causal_target_6_feature_276_beta_1_lambda_0.001_seed_20260904,causal,276,6,1.0,0.001,20260904,0.11379261314868927,1.8206818103790283,0.86328125,0.8623046875,0.0009765625,00111101111010010000110000011010,00111111111010010000110000011010,1,0.8642,0.8637,0.0004999999999999449,0.4227,0.1101,0.696,0.27329999999999993,555.5914306640625,0.5770812395095826,False
causal_target_6_feature_276_beta_1_lambda_0.002_seed_20260904,causal,276,6,1.0,0.002,20260904,0.11379261314868927,1.8206818103790283,0.86328125,0.8623046875,0.0009765625,00111101111010010000110000011010,00111111111010010000110000011010,1,0.8642,0.8637,0.0004999999999999449,0.4305,0.1101,0.6404,0.20989999999999998,457.3559265136719,0.6496885453224183,False
causal_target_6_feature_276_beta_2_lambda_0.001_seed_20260904,causal,276,6,2.0,0.001,20260904,0.11379261314868927,1.8206818103790283,0.86328125,0.8623046875,0.0009765625,00111101111010010000110000011010,00111111111010010000110000011010,1,0.8642,0.8637,0.0004999999999999449,0.4215,0.1101,0.6537,0.23219999999999996,560.66845703125,0.5820715253829956,False
causal_target_6_feature_276_beta_2_lambda_0.002_seed_20260904,causal,276,6,2.0,0.002,20260904,0.11379261314868927,1.8206818103790283,0.86328125,0.8623046875,0.0009765625,00111101111010010000110000011010,00111111111010010000110000011010,1,0.8642,0.8637,0.0004999999999999449,0.4119,0.1101,0.6265,0.21459999999999996,493.33294677734375,0.6318577150344848,False
causal_target_6_feature_288_beta_0.5_lambda_0.001_seed_20260904,causal,288,6,0.5,0.001,20260904,0.07301946729421616,1.1683114767074585,0.86328125,0.86328125,0.0,00111101100101011000101100111011,00111111100101011000101100111011,1,0.8642,0.8643,-9.999999999998899e-05,0.5758,0.108,0.7415,0.16570000000000007,476.7095031738281,0.627564486026764,False
causal_target_6_feature_288_beta_0.5_lambda_0.002_seed_20260904,causal,288,6,0.5,0.002,20260904,0.07301946729421616,1.1683114767074585,0.86328125,0.86328125,0.0,00111101100101011000101100111011,00111111100101011000101100111011,1,0.8642,0.8643,-9.999999999998899e-05,0.5583,0.108,0.7044,0.1461,372.0299987792969,0.6896411208152771,False
causal_target_6_feature_288_beta_1_lambda_0.001_seed_20260904,causal,288,6,1.0,0.001,20260904,0.07301946729421616,1.1683114767074585,0.86328125,0.86328125,0.0,00111101100101011000101100111011,00111111100101011000101100111011,1,0.8642,0.8643,-9.999999999998899e-05,0.4746,0.108,0.6585,0.18389999999999995,543.606201171875,0.5832483581542969,False
causal_target_6_feature_288_beta_1_lambda_0.002_seed_20260904,causal,288,6,1.0,0.002,20260904,0.07301946729421616,1.1683114767074585,0.86328125,0.86328125,0.0,00111101100101011000101100111011,00111111100101011000101100111011,1,0.8642,0.8643,-9.999999999998899e-05,0.4663,0.108,0.6199,0.15360000000000001,448.2635192871094,0.648753275680542,False
causal_target_6_feature_288_beta_2_lambda_0.001_seed_20260904,causal,288,6,2.0,0.001,20260904,0.07301946729421616,1.1683114767074585,0.86328125,0.86328125,0.0,00111101100101011000101100111011,00111111100101011000101100111011,1,0.8642,0.8643,-9.999999999998899e-05,0.432,0.108,0.5915,0.15950000000000003,552.2186889648438,0.583757371520996,False
causal_target_6_feature_288_beta_2_lambda_0.002_seed_20260904,causal,288,6,2.0,0.002,20260904,0.07301946729421616,1.1683114767074585,0.86328125,0.86328125,0.0,00111101100101011000101100111011,00111111100101011000101100111011,1,0.8642,0.8643,-9.999999999998899e-05,0.3915,0.108,0.5642,0.17270000000000002,491.01953125,0.6315609853744507,False
causal_target_6_feature_297_beta_0.5_lambda_0.001_seed_20260904,causal,297,6,0.5,0.001,20260904,0.08099663257598877,1.2959461212158203,0.86328125,0.86328125,0.0,00111101101001011110000110010000,00111111101001011110000110010000,1,0.8642,0.8643,-9.999999999998899e-05,0.6204,0.1089,0.6646,0.04420000000000002,455.240966796875,0.6476323288917541,False
causal_target_6_feature_297_beta_0.5_lambda_0.002_seed_20260904,causal,297,6,0.5,0.002,20260904,0.08099663257598877,1.2959461212158203,0.86328125,0.86328125,0.0,00111101101001011110000110010000,00111111101001011110000110010000,1,0.8642,0.8643,-9.999999999998899e-05,0.6316,0.1089,0.6758,0.044199999999999906,361.6493835449219,0.7041083041191101,False
causal_target_6_feature_297_beta_1_lambda_0.001_seed_20260904,causal,297,6,1.0,0.001,20260904,0.08099663257598877,1.2959461212158203,0.86328125,0.86328125,0.0,00111101101001011110000110010000,00111111101001011110000110010000,1,0.8642,0.8643,-9.999999999998899e-05,0.5082,0.1089,0.5877,0.07950000000000002,540.7439575195312,0.5901627575874329,False
causal_target_6_feature_297_beta_1_lambda_0.002_seed_20260904,causal,297,6,1.0,0.002,20260904,0.08099663257598877,1.2959461212158203,0.86328125,0.86328125,0.0,00111101101001011110000110010000,00111111101001011110000110010000,1,0.8642,0.8643,-9.999999999998899e-05,0.4999,0.1089,0.5774,0.07750000000000001,455.15155029296875,0.6470969885826111,False
causal_target_6_feature_297_beta_2_lambda_0.001_seed_20260904,causal,297,6,2.0,0.001,20260904,0.08099663257598877,1.2959461212158203,0.86328125,0.86328125,0.0,00111101101001011110000110010000,00111111101001011110000110010000,1,0.8642,0.8643,-9.999999999998899e-05,0.4258,0.1089,0.5355,0.10969999999999996,555.8446655273438,0.5864841482162476,False
causal_target_6_feature_297_beta_2_lambda_0.002_seed_20260904,causal,297,6,2.0,0.002,20260904,0.08099663257598877,1.2959461212158203,0.86328125,0.86328125,0.0,00111101101001011110000110010000,00111111101001011110000110010000,1,0.8642,0.8643,-9.999999999998899e-05,0.4484,0.1089,0.5119,0.0635,496.4756774902344,0.6273414167404174,False
causal_target_6_feature_301_beta_0.5_lambda_0.001_seed_20260904,causal,301,6,0.5,0.001,20260904,0.004369643982499838,1.1186288595199585,0.86328125,0.8623046875,0.0009765625,00111011100011110010111100111011,00111111100011110010111100111011,1,0.8642,0.8643,-9.999999999998899e-05,0.6494,0.1075,0.6059,-0.04349999999999998,455.5290222167969,0.6449369092941284,False
causal_target_6_feature_301_beta_0.5_lambda_0.002_seed_20260904,causal,301,6,0.5,0.002,20260904,0.004369643982499838,1.1186288595199585,0.86328125,0.8623046875,0.0009765625,00111011100011110010111100111011,00111111100011110010111100111011,1,0.8642,0.8643,-9.999999999998899e-05,0.6514,0.1075,0.6143,-0.03710000000000002,360.7323303222656,0.7038819360733032,False
causal_target_6_feature_301_beta_1_lambda_0.001_seed_20260904,causal,301,6,1.0,0.001,20260904,0.004369643982499838,1.1186288595199585,0.86328125,0.8623046875,0.0009765625,00111011100011110010111100111011,00111111100011110010111100111011,1,0.8642,0.8643,-9.999999999998899e-05,0.5261,0.1075,0.5047,-0.021399999999999975,541.5970458984375,0.589539043712616,False
causal_target_6_feature_301_beta_1_lambda_0.002_seed_20260904,causal,301,6,1.0,0.002,20260904,0.004369643982499838,1.1186288595199585,0.86328125,0.8623046875,0.0009765625,00111011100011110010111100111011,00111111100011110010111100111011,1,0.8642,0.8643,-9.999999999998899e-05,0.5232,0.1075,0.4974,-0.02579999999999999,445.6711120605469,0.6566246273994446,False
causal_target_6_feature_301_beta_2_lambda_0.001_seed_20260904,causal,301,6,2.0,0.001,20260904,0.004369643982499838,1.1186288595199585,0.86328125,0.8623046875,0.0009765625,00111011100011110010111100111011,00111111100011110010111100111011,1,0.8642,0.8643,-9.999999999998899e-05,0.444,0.1075,0.4129,-0.031100000000000017,557.554931640625,0.5857520732879639,False
causal_target_6_feature_301_beta_2_lambda_0.002_seed_20260904,causal,301,6,2.0,0.002,20260904,0.004369643982499838,1.1186288595199585,0.86328125,0.8623046875,0.0009765625,00111011100011110010111100111011,00111111100011110010111100111011,1,0.8642,0.8643,-9.999999999998899e-05,0.4302,0.1075,0.4008,-0.029400000000000037,487.2926330566406,0.6358290991783142,False
causal_target_6_feature_304_beta_0.5_lambda_0.001_seed_20260904,causal,304,6,0.5,0.001,20260904,0.06982707232236862,1.117233157157898,0.86328125,0.8623046875,0.0009765625,00111101100011110000000101111111,00111111100011110000000101111111,1,0.8642,0.8641,9.999999999998899e-05,0.5685,0.109,0.7104,0.14190000000000003,474.30438232421875,0.6295545896530151,False
causal_target_6_feature_304_beta_0.5_lambda_0.002_seed_20260904,causal,304,6,0.5,0.002,20260904,0.06982707232236862,1.117233157157898,0.86328125,0.8623046875,0.0009765625,00111101100011110000000101111111,00111111100011110000000101111111,1,0.8642,0.8641,9.999999999998899e-05,0.5827,0.109,0.6927,0.10999999999999999,373.75347900390625,0.6907409996032715,False
causal_target_6_feature_304_beta_1_lambda_0.001_seed_20260904,causal,304,6,1.0,0.001,20260904,0.06982707232236862,1.117233157157898,0.86328125,0.8623046875,0.0009765625,00111101100011110000000101111111,00111111100011110000000101111111,1,0.8642,0.8641,9.999999999998899e-05,0.4374,0.109,0.6299,0.1925,556.5425415039062,0.5789261331558228,False
causal_target_6_feature_304_beta_1_lambda_0.002_seed_20260904,causal,304,6,1.0,0.002,20260904,0.06982707232236862,1.117233157157898,0.86328125,0.8623046875,0.0009765625,00111101100011110000000101111111,00111111100011110000000101111111,1,0.8642,0.8641,9.999999999998899e-05,0.4399,0.109,0.593,0.15309999999999996,456.36383056640625,0.6477119386672974,False
causal_target_6_feature_304_beta_2_lambda_0.001_seed_20260904,causal,304,6,2.0,0.001,20260904,0.06982707232236862,1.117233157157898,0.86328125,0.8623046875,0.0009765625,00111101100011110000000101111111,00111111100011110000000101111111,1,0.8642,0.8641,9.999999999998899e-05,0.4428,0.109,0.59,0.14719999999999994,564.7801513671875,0.577653761768341,False
causal_target_6_feature_304_beta_2_lambda_0.002_seed_20260904,causal,304,6,2.0,0.002,20260904,0.06982707232236862,1.117233157157898,0.86328125,0.8623046875,0.0009765625,00111101100011110000000101111111,00111111100011110000000101111111,1,0.8642,0.8641,9.999999999998899e-05,0.3786,0.109,0.5416,0.16299999999999998,497.9377746582031,0.6281268316268921,False
causal_target_6_feature_310_beta_0.5_lambda_0.001_seed_20260904,causal,310,6,0.5,0.001,20260904,0.07536853849887848,1.2058966159820557,0.86328125,0.86328125,0.0,00111101100110100101101011010010,00111111100110100101101011010010,1,0.8642,0.8647,-0.000500000000000056,0.6189,0.1081,0.6539,0.03500000000000003,462.1728820800781,0.6386125638008118,False
causal_target_6_feature_310_beta_0.5_lambda_0.002_seed_20260904,causal,310,6,0.5,0.002,20260904,0.07536853849887848,1.2058966159820557,0.86328125,0.86328125,0.0,00111101100110100101101011010010,00111111100110100101101011010010,1,0.8642,0.8647,-0.000500000000000056,0.6222,0.1081,0.6475,0.02529999999999999,360.39202880859375,0.700715065574646,False
causal_target_6_feature_310_beta_1_lambda_0.001_seed_20260904,causal,310,6,1.0,0.001,20260904,0.07536853849887848,1.2058966159820557,0.86328125,0.86328125,0.0,00111101100110100101101011010010,00111111100110100101101011010010,1,0.8642,0.8647,-0.000500000000000056,0.4998,0.1081,0.5621,0.06230000000000002,534.653076171875,0.5872949664115906,False
causal_target_6_feature_310_beta_1_lambda_0.002_seed_20260904,causal,310,6,1.0,0.002,20260904,0.07536853849887848,1.2058966159820557,0.86328125,0.86328125,0.0,00111101100110100101101011010010,00111111100110100101101011010010,1,0.8642,0.8647,-0.000500000000000056,0.5141,0.1081,0.554,0.03990000000000005,449.0253601074219,0.6559883946418762,False
causal_target_6_feature_310_beta_2_lambda_0.001_seed_20260904,causal,310,6,2.0,0.001,20260904,0.07536853849887848,1.2058966159820557,0.86328125,0.86328125,0.0,00111101100110100101101011010010,00111111100110100101101011010010,1,0.8642,0.8647,-0.000500000000000056,0.4525,0.1081,0.5155,0.06299999999999994,562.33251953125,0.5800006368637085,False
causal_target_6_feature_310_beta_2_lambda_0.002_seed_20260904,causal,310,6,2.0,0.002,20260904,0.07536853849887848,1.2058966159820557,0.86328125,0.86328125,0.0,00111101100110100101101011010010,00111111100110100101101011010010,1,0.8642,0.8647,-0.000500000000000056,0.4605,0.1081,0.4899,0.02939999999999998,492.03582763671875,0.6277316824913025,False
causal_target_6_feature_311_beta_0.5_lambda_0.001_seed_20260904,causal,311,6,0.5,0.001,20260904,0.06328291445970535,1.0125266313552856,0.86328125,0.86328125,0.0,00111101100000011001101001111001,00111111100000011001101001111001,1,0.8642,0.8644,-0.00019999999999997797,0.551,0.1087,0.6952,0.1442,484.74737548828125,0.626967997455597,False
causal_target_6_feature_311_beta_0.5_lambda_0.002_seed_20260904,causal,311,6,0.5,0.002,20260904,0.06328291445970535,1.0125266313552856,0.86328125,0.86328125,0.0,00111101100000011001101001111001,00111111100000011001101001111001,1,0.8642,0.8644,-0.00019999999999997797,0.5571,0.1087,0.6766,0.11949999999999994,384.9430847167969,0.6885426087379456,False
causal_target_6_feature_311_beta_1_lambda_0.001_seed_20260904,causal,311,6,1.0,0.001,20260904,0.06328291445970535,1.0125266313552856,0.86328125,0.86328125,0.0,00111101100000011001101001111001,00111111100000011001101001111001,1,0.8642,0.8644,-0.00019999999999997797,0.4422,0.1087,0.6362,0.194,553.9441528320312,0.5796538522720337,False
causal_target_6_feature_311_beta_1_lambda_0.002_seed_20260904,causal,311,6,1.0,0.002,20260904,0.06328291445970535,1.0125266313552856,0.86328125,0.86328125,0.0,00111101100000011001101001111001,00111111100000011001101001111001,1,0.8642,0.8644,-0.00019999999999997797,0.4575,0.1087,0.6045,0.14700000000000002,462.0859375,0.6450759779930115,False
causal_target_6_feature_311_beta_2_lambda_0.001_seed_20260904,causal,311,6,2.0,0.001,20260904,0.06328291445970535,1.0125266313552856,0.86328125,0.86328125,0.0,00111101100000011001101001111001,00111111100000011001101001111001,1,0.8642,0.8644,-0.00019999999999997797,0.4272,0.1087,0.5974,0.17020000000000002,564.6536865234375,0.5761764747619629,False
causal_target_6_feature_311_beta_2_lambda_0.002_seed_20260904,causal,311,6,2.0,0.002,20260904,0.06328291445970535,1.0125266313552856,0.86328125,0.86328125,0.0,00111101100000011001101001111001,00111111100000011001101001111001,1,0.8642,0.8644,-0.00019999999999997797,0.3889,0.1087,0.5589,0.16999999999999993,499.6468811035156,0.6239460603713989,False
causal_target_6_feature_314_beta_0.5_lambda_0.001_seed_20260904,causal,314,6,0.5,0.001,20260904,0.09301868826150894,1.488299012184143,0.86328125,0.8623046875,0.0009765625,00111101101111101000000010010101,00111111101111101000000010010101,1,0.8642,0.8629,0.0012999999999999678,0.4708,0.1108,0.8619,0.3911,488.8346252441406,0.6159818642616272,False
causal_target_6_feature_314_beta_0.5_lambda_0.002_seed_20260904,causal,314,6,0.5,0.002,20260904,0.09301868826150894,1.488299012184143,0.86328125,0.8623046875,0.0009765625,00111101101111101000000010010101,00111111101111101000000010010101,1,0.8642,0.8629,0.0012999999999999678,0.4778,0.1108,0.796,0.31820000000000004,386.4195556640625,0.68493108959198,False
causal_target_6_feature_314_beta_1_lambda_0.001_seed_20260904,causal,314,6,1.0,0.001,20260904,0.09301868826150894,1.488299012184143,0.86328125,0.8623046875,0.0009765625,00111101101111101000000010010101,00111111101111101000000010010101,1,0.8642,0.8629,0.0012999999999999678,0.3776,0.1108,0.8123,0.43470000000000003,550.7022094726562,0.578051898097992,False
causal_target_6_feature_314_beta_1_lambda_0.002_seed_20260904,causal,314,6,1.0,0.002,20260904,0.09301868826150894,1.488299012184143,0.86328125,0.8623046875,0.0009765625,00111101101111101000000010010101,00111111101111101000000010010101,1,0.8642,0.8629,0.0012999999999999678,0.4041,0.1108,0.7437,0.3396,456.7763366699219,0.6426181632041931,False
causal_target_6_feature_314_beta_2_lambda_0.001_seed_20260904,causal,314,6,2.0,0.001,20260904,0.09301868826150894,1.488299012184143,0.86328125,0.8623046875,0.0009765625,00111101101111101000000010010101,00111111101111101000000010010101,1,0.8642,0.8629,0.0012999999999999678,0.3846,0.1108,0.7802,0.3956,559.9757080078125,0.582170961856842,False
causal_target_6_feature_314_beta_2_lambda_0.002_seed_20260904,causal,314,6,2.0,0.002,20260904,0.09301868826150894,1.488299012184143,0.86328125,0.8623046875,0.0009765625,00111101101111101000000010010101,00111111101111101000000010010101,1,0.8642,0.8629,0.0012999999999999678,0.3503,0.1108,0.7184,0.36810000000000004,488.3705139160156,0.6322129508972169,False
causal_target_6_feature_335_beta_0.5_lambda_0.001_seed_20260904,causal,335,6,0.5,0.001,20260904,0.11567524075508118,1.8508038520812988,0.86328125,0.86328125,0.0,00111101111011001110011100100100,00111111111011001110011100100100,1,0.8642,0.864,0.00019999999999997797,0.5548,0.1102,0.7575,0.2027,492.15008544921875,0.6258297864913941,False
causal_target_6_feature_335_beta_0.5_lambda_0.002_seed_20260904,causal,335,6,0.5,0.002,20260904,0.11567524075508118,1.8508038520812988,0.86328125,0.86328125,0.0,00111101111011001110011100100100,00111111111011001110011100100100,1,0.8642,0.864,0.00019999999999997797,0.5827,0.1102,0.731,0.1483,385.5840759277344,0.6933783519744873,False
causal_target_6_feature_335_beta_1_lambda_0.001_seed_20260904,causal,335,6,1.0,0.001,20260904,0.11567524075508118,1.8508038520812988,0.86328125,0.86328125,0.0,00111101111011001110011100100100,00111111111011001110011100100100,1,0.8642,0.864,0.00019999999999997797,0.4461,0.1102,0.7143,0.26820000000000005,553.8854370117188,0.5808399496078491,False
causal_target_6_feature_335_beta_1_lambda_0.002_seed_20260904,causal,335,6,1.0,0.002,20260904,0.11567524075508118,1.8508038520812988,0.86328125,0.86328125,0.0,00111101111011001110011100100100,00111111111011001110011100100100,1,0.8642,0.864,0.00019999999999997797,0.4994,0.1102,0.6948,0.19539999999999996,460.1360168457031,0.6478229663848877,False
causal_target_6_feature_335_beta_2_lambda_0.001_seed_20260904,causal,335,6,2.0,0.001,20260904,0.11567524075508118,1.8508038520812988,0.86328125,0.86328125,0.0,00111101111011001110011100100100,00111111111011001110011100100100,1,0.8642,0.864,0.00019999999999997797,0.386,0.1102,0.6908,0.30479999999999996,571.7500610351562,0.571535489654541,False
causal_target_6_feature_335_beta_2_lambda_0.002_seed_20260904,causal,335,6,2.0,0.002,20260904,0.11567524075508118,1.8508038520812988,0.86328125,0.86328125,0.0,00111101111011001110011100100100,00111111111011001110011100100100,1,0.8642,0.864,0.00019999999999997797,0.4244,0.1102,0.6524,0.22799999999999998,505.4418029785156,0.6252899477958679,False
causal_target_6_feature_342_beta_0.5_lambda_0.001_seed_20260904,causal,342,6,0.5,0.001,20260904,0.006813381798565388,1.7442257404327393,0.86328125,0.8642578125,-0.0009765625,00111011110111110100001011001010,00111111110111110100001011001010,1,0.8642,0.8646,-0.00040000000000006697,0.6321,0.1075,0.6705,0.03839999999999999,453.8257141113281,0.6514383913993835,False
causal_target_6_feature_342_beta_0.5_lambda_0.002_seed_20260904,causal,342,6,0.5,0.002,20260904,0.006813381798565388,1.7442257404327393,0.86328125,0.8642578125,-0.0009765625,00111011110111110100001011001010,00111111110111110100001011001010,1,0.8642,0.8646,-0.00040000000000006697,0.6317,0.1075,0.6543,0.022599999999999953,358.74114990234375,0.7075876982688903,False
causal_target_6_feature_342_beta_1_lambda_0.001_seed_20260904,causal,342,6,1.0,0.001,20260904,0.006813381798565388,1.7442257404327393,0.86328125,0.8642578125,-0.0009765625,00111011110111110100001011001010,00111111110111110100001011001010,1,0.8642,0.8646,-0.00040000000000006697,0.4886,0.1075,0.5741,0.08550000000000008,541.5182495117188,0.5902588111877441,False
causal_target_6_feature_342_beta_1_lambda_0.002_seed_20260904,causal,342,6,1.0,0.002,20260904,0.006813381798565388,1.7442257404327393,0.86328125,0.8642578125,-0.0009765625,00111011110111110100001011001010,00111111110111110100001011001010,1,0.8642,0.8646,-0.00040000000000006697,0.5178,0.1075,0.5596,0.04179999999999995,442.1085205078125,0.6597834186553955,False
causal_target_6_feature_342_beta_2_lambda_0.001_seed_20260904,causal,342,6,2.0,0.001,20260904,0.006813381798565388,1.7442257404327393,0.86328125,0.8642578125,-0.0009765625,00111011110111110100001011001010,00111111110111110100001011001010,1,0.8642,0.8646,-0.00040000000000006697,0.4276,0.1075,0.525,0.09740000000000004,561.773681640625,0.5795725985527038,False
causal_target_6_feature_342_beta_2_lambda_0.002_seed_20260904,causal,342,6,2.0,0.002,20260904,0.006813381798565388,1.7442257404327393,0.86328125,0.8642578125,-0.0009765625,00111011110111110100001011001010,00111111110111110100001011001010,1,0.8642,0.8646,-0.00040000000000006697,0.4261,0.1075,0.4988,0.07270000000000004,499.8081970214844,0.6242053560256958,False
causal_target_6_feature_349_beta_0.5_lambda_0.001_seed_20260904,causal,349,6,0.5,0.001,20260904,0.06354855000972748,1.0167768001556396,0.86328125,0.86328125,0.0,00111101100000100010010110111110,00111111100000100010010110111110,1,0.8642,0.8644,-0.00019999999999997797,0.5169,0.1084,0.7769,0.26,496.3966979980469,0.6102143688201904,False
causal_target_6_feature_349_beta_0.5_lambda_0.002_seed_20260904,causal,349,6,0.5,0.002,20260904,0.06354855000972748,1.0167768001556396,0.86328125,0.86328125,0.0,00111101100000100010010110111110,00111111100000100010010110111110,1,0.8642,0.8644,-0.00019999999999997797,0.5409,0.1084,0.7241,0.18319999999999992,376.6072998046875,0.6889389642715454,False
causal_target_6_feature_349_beta_1_lambda_0.001_seed_20260904,causal,349,6,1.0,0.001,20260904,0.06354855000972748,1.0167768001556396,0.86328125,0.86328125,0.0,00111101100000100010010110111110,00111111100000100010010110111110,1,0.8642,0.8644,-0.00019999999999997797,0.4352,0.1084,0.7025,0.26730000000000004,555.4042358398438,0.5761578659057617,False
causal_target_6_feature_349_beta_1_lambda_0.002_seed_20260904,causal,349,6,1.0,0.002,20260904,0.06354855000972748,1.0167768001556396,0.86328125,0.86328125,0.0,00111101100000100010010110111110,00111111100000100010010110111110,1,0.8642,0.8644,-0.00019999999999997797,0.4408,0.1084,0.6327,0.19190000000000002,456.63555908203125,0.6443737456321716,False
causal_target_6_feature_349_beta_2_lambda_0.001_seed_20260904,causal,349,6,2.0,0.001,20260904,0.06354855000972748,1.0167768001556396,0.86328125,0.86328125,0.0,00111101100000100010010110111110,00111111100000100010010110111110,1,0.8642,0.8644,-0.00019999999999997797,0.3779,0.1084,0.6357,0.25780000000000003,570.413818359375,0.5721586173057556,False
causal_target_6_feature_349_beta_2_lambda_0.002_seed_20260904,causal,349,6,2.0,0.002,20260904,0.06354855000972748,1.0167768001556396,0.86328125,0.86328125,0.0,00111101100000100010010110111110,00111111100000100010010110111110,1,0.8642,0.8644,-0.00019999999999997797,0.3769,0.1084,0.5929,0.21599999999999997,497.388427734375,0.6287133548736572,False
causal_target_6_feature_351_beta_0.5_lambda_0.001_seed_20260904,causal,351,6,0.5,0.001,20260904,0.09478523582220078,1.5165637731552124,0.86328125,0.86328125,0.0,00111101110000100001111011000011,00111111110000100001111011000011,1,0.8642,0.8641,9.999999999998899e-05,0.5002,0.1098,0.7573,0.2571,495.90826416015625,0.6118027272224427,False
causal_target_6_feature_351_beta_0.5_lambda_0.002_seed_20260904,causal,351,6,0.5,0.002,20260904,0.09478523582220078,1.5165637731552124,0.86328125,0.86328125,0.0,00111101110000100001111011000011,00111111110000100001111011000011,1,0.8642,0.8641,9.999999999998899e-05,0.5291,0.1098,0.7156,0.1865,384.56695556640625,0.6900117579460144,False
causal_target_6_feature_351_beta_1_lambda_0.001_seed_20260904,causal,351,6,1.0,0.001,20260904,0.09478523582220078,1.5165637731552124,0.86328125,0.86328125,0.0,00111101110000100001111011000011,00111111110000100001111011000011,1,0.8642,0.8641,9.999999999998899e-05,0.4372,0.1098,0.7372,0.3,557.2606201171875,0.571632960319519,False
causal_target_6_feature_351_beta_1_lambda_0.002_seed_20260904,causal,351,6,1.0,0.002,20260904,0.09478523582220078,1.5165637731552124,0.86328125,0.86328125,0.0,00111101110000100001111011000011,00111111110000100001111011000011,1,0.8642,0.8641,9.999999999998899e-05,0.4312,0.1098,0.6811,0.2499,463.0865173339844,0.6398958520889282,False
causal_target_6_feature_351_beta_2_lambda_0.001_seed_20260904,causal,351,6,2.0,0.001,20260904,0.09478523582220078,1.5165637731552124,0.86328125,0.86328125,0.0,00111101110000100001111011000011,00111111110000100001111011000011,1,0.8642,0.8641,9.999999999998899e-05,0.3636,0.1098,0.6674,0.3038,560.8312377929688,0.5805800939559936,False
causal_target_6_feature_351_beta_2_lambda_0.002_seed_20260904,causal,351,6,2.0,0.002,20260904,0.09478523582220078,1.5165637731552124,0.86328125,0.86328125,0.0,00111101110000100001111011000011,00111111110000100001111011000011,1,0.8642,0.8641,9.999999999998899e-05,0.3919,0.1098,0.6425,0.25059999999999993,495.39324951171875,0.6293858436584473,False
causal_target_6_feature_358_beta_0.5_lambda_0.001_seed_20260904,causal,358,6,0.5,0.001,20260904,0.06538375467061996,1.0461400747299194,0.86328125,0.86328125,0.0,00111101100001011110011111101011,00111111100001011110011111101011,1,0.8642,0.8641,9.999999999998899e-05,0.5822,0.1084,0.6751,0.09289999999999998,465.6832275390625,0.6350585542678833,False
causal_target_6_feature_358_beta_0.5_lambda_0.002_seed_20260904,causal,358,6,0.5,0.002,20260904,0.06538375467061996,1.0461400747299194,0.86328125,0.86328125,0.0,00111101100001011110011111101011,00111111100001011110011111101011,1,0.8642,0.8641,9.999999999998899e-05,0.6157,0.1084,0.6781,0.06240000000000001,363.97796630859375,0.7011088225364686,False
causal_target_6_feature_358_beta_1_lambda_0.001_seed_20260904,causal,358,6,1.0,0.001,20260904,0.06538375467061996,1.0461400747299194,0.86328125,0.86328125,0.0,00111101100001011110011111101011,00111111100001011110011111101011,1,0.8642,0.8641,9.999999999998899e-05,0.5091,0.1084,0.6036,0.09450000000000003,534.1822509765625,0.5924750109672546,False
causal_target_6_feature_358_beta_1_lambda_0.002_seed_20260904,causal,358,6,1.0,0.002,20260904,0.06538375467061996,1.0461400747299194,0.86328125,0.86328125,0.0,00111101100001011110011111101011,00111111100001011110011111101011,1,0.8642,0.8641,9.999999999998899e-05,0.4977,0.1084,0.5877,0.09000000000000002,447.0971374511719,0.654338066482544,False
causal_target_6_feature_358_beta_2_lambda_0.001_seed_20260904,causal,358,6,2.0,0.001,20260904,0.06538375467061996,1.0461400747299194,0.86328125,0.86328125,0.0,00111101100001011110011111101011,00111111100001011110011111101011,1,0.8642,0.8641,9.999999999998899e-05,0.4694,0.1084,0.5474,0.07800000000000001,559.75439453125,0.5816246192932129,False
causal_target_6_feature_358_beta_2_lambda_0.002_seed_20260904,causal,358,6,2.0,0.002,20260904,0.06538375467061996,1.0461400747299194,0.86328125,0.86328125,0.0,00111101100001011110011111101011,00111111100001011110011111101011,1,0.8642,0.8641,9.999999999998899e-05,0.4162,0.1084,0.4973,0.0811,487.35955810546875,0.6287604562759399,False
causal_target_6_feature_360_beta_0.5_lambda_0.001_seed_20260904,causal,360,6,0.5,0.001,20260904,0.09405730664730072,1.5049169063568115,0.86328125,0.8642578125,-0.0009765625,00111101110000001010000100011110,00111111110000001010000100011110,1,0.8642,0.8643,-9.999999999998899e-05,0.5263,0.1084,0.7132,0.18689999999999996,484.435546875,0.6192607002258301,False
causal_target_6_feature_360_beta_0.5_lambda_0.002_seed_20260904,causal,360,6,0.5,0.002,20260904,0.09405730664730072,1.5049169063568115,0.86328125,0.8642578125,-0.0009765625,00111101110000001010000100011110,00111111110000001010000100011110,1,0.8642,0.8643,-9.999999999998899e-05,0.565,0.1084,0.7006,0.13560000000000005,375.8819580078125,0.6867806164741516,False
causal_target_6_feature_360_beta_1_lambda_0.001_seed_20260904,causal,360,6,1.0,0.001,20260904,0.09405730664730072,1.5049169063568115,0.86328125,0.8642578125,-0.0009765625,00111101110000001010000100011110,00111111110000001010000100011110,1,0.8642,0.8643,-9.999999999998899e-05,0.4173,0.1084,0.6343,0.21699999999999997,545.1828002929688,0.5811357277870178,False
causal_target_6_feature_360_beta_1_lambda_0.002_seed_20260904,causal,360,6,1.0,0.002,20260904,0.09405730664730072,1.5049169063568115,0.86328125,0.8642578125,-0.0009765625,00111101110000001010000100011110,00111111110000001010000100011110,1,0.8642,0.8643,-9.999999999998899e-05,0.4732,0.1084,0.5993,0.12610000000000005,451.2706298828125,0.6467514207839966,False
causal_target_6_feature_360_beta_2_lambda_0.001_seed_20260904,causal,360,6,2.0,0.001,20260904,0.09405730664730072,1.5049169063568115,0.86328125,0.8642578125,-0.0009765625,00111101110000001010000100011110,00111111110000001010000100011110,1,0.8642,0.8643,-9.999999999998899e-05,0.393,0.1084,0.5538,0.16079999999999994,556.0441284179688,0.5820619397163391,False
causal_target_6_feature_360_beta_2_lambda_0.002_seed_20260904,causal,360,6,2.0,0.002,20260904,0.09405730664730072,1.5049169063568115,0.86328125,0.8642578125,-0.0009765625,00111101110000001010000100011110,00111111110000001010000100011110,1,0.8642,0.8643,-9.999999999998899e-05,0.4016,0.1084,0.5258,0.12420000000000003,500.4244079589844,0.6215027420043945,False
causal_target_6_feature_368_beta_0.5_lambda_0.001_seed_20260904,causal,368,6,0.5,0.001,20260904,0.005628741811960936,1.4409579038619995,0.86328125,0.8623046875,0.0009765625,00111011101110000111000101001111,00111111101110000111000101001111,1,0.8642,0.864,0.00019999999999997797,0.6494,0.1075,0.5721,-0.07729999999999992,449.9143981933594,0.6509816293716431,False
causal_target_6_feature_368_beta_0.5_lambda_0.002_seed_20260904,causal,368,6,0.5,0.002,20260904,0.005628741811960936,1.4409579038619995,0.86328125,0.8623046875,0.0009765625,00111011101110000111000101001111,00111111101110000111000101001111,1,0.8642,0.864,0.00019999999999997797,0.6609,0.1075,0.6033,-0.057600000000000096,364.1803894042969,0.703888443851471,False
causal_target_6_feature_368_beta_1_lambda_0.001_seed_20260904,causal,368,6,1.0,0.001,20260904,0.005628741811960936,1.4409579038619995,0.86328125,0.8623046875,0.0009765625,00111011101110000111000101001111,00111111101110000111000101001111,1,0.8642,0.864,0.00019999999999997797,0.4883,0.1075,0.4106,-0.07769999999999999,536.3338012695312,0.5877473423957825,False
causal_target_6_feature_368_beta_1_lambda_0.002_seed_20260904,causal,368,6,1.0,0.002,20260904,0.005628741811960936,1.4409579038619995,0.86328125,0.8623046875,0.0009765625,00111011101110000111000101001111,00111111101110000111000101001111,1,0.8642,0.864,0.00019999999999997797,0.5339,0.1075,0.4438,-0.09010000000000007,450.4813232421875,0.649126601600647,False
causal_target_6_feature_368_beta_2_lambda_0.001_seed_20260904,causal,368,6,2.0,0.001,20260904,0.005628741811960936,1.4409579038619995,0.86328125,0.8623046875,0.0009765625,00111011101110000111000101001111,00111111101110000111000101001111,1,0.8642,0.864,0.00019999999999997797,0.4651,0.1075,0.3567,-0.1084,556.903564453125,0.5758219215393067,False
causal_target_6_feature_368_beta_2_lambda_0.002_seed_20260904,causal,368,6,2.0,0.002,20260904,0.005628741811960936,1.4409579038619995,0.86328125,0.8623046875,0.0009765625,00111011101110000111000101001111,00111111101110000111000101001111,1,0.8642,0.864,0.00019999999999997797,0.4323,0.1075,0.3497,-0.0826,497.386962890625,0.6214056838989258,False
causal_target_6_feature_381_beta_0.5_lambda_0.001_seed_20260904,causal,381,6,0.5,0.001,20260904,2.8909371394547634e-05,1.8946045637130737,0.86328125,0.8642578125,-0.0009765625,00110111111100101000001001100111,00111111111100101000001001100111,1,0.8642,0.8645,-0.000300000000000078,0.6369,0.1066,0.6674,0.03049999999999997,451.9704895019531,0.6509004841804504,False
causal_target_6_feature_381_beta_0.5_lambda_0.002_seed_20260904,causal,381,6,0.5,0.002,20260904,2.8909371394547634e-05,1.8946045637130737,0.86328125,0.8642578125,-0.0009765625,00110111111100101000001001100111,00111111111100101000001001100111,1,0.8642,0.8645,-0.000300000000000078,0.6219,0.1066,0.65,0.028100000000000014,359.3432312011719,0.7004883231163025,False
causal_target_6_feature_381_beta_1_lambda_0.001_seed_20260904,causal,381,6,1.0,0.001,20260904,2.8909371394547634e-05,1.8946045637130737,0.86328125,0.8642578125,-0.0009765625,00110111111100101000001001100111,00111111111100101000001001100111,1,0.8642,0.8645,-0.000300000000000078,0.5084,0.1066,0.566,0.057599999999999985,534.9351806640625,0.5935956629753113,False
causal_target_6_feature_381_beta_1_lambda_0.002_seed_20260904,causal,381,6,1.0,0.002,20260904,2.8909371394547634e-05,1.8946045637130737,0.86328125,0.8642578125,-0.0009765625,00110111111100101000001001100111,00111111111100101000001001100111,1,0.8642,0.8645,-0.000300000000000078,0.491,0.1066,0.5447,0.05369999999999997,447.4775390625,0.6531259539604187,False
causal_target_6_feature_381_beta_2_lambda_0.001_seed_20260904,causal,381,6,2.0,0.001,20260904,2.8909371394547634e-05,1.8946045637130737,0.86328125,0.8642578125,-0.0009765625,00110111111100101000001001100111,00111111111100101000001001100111,1,0.8642,0.8645,-0.000300000000000078,0.4226,0.1066,0.5098,0.08720000000000006,568.2757568359375,0.5724453682899475,False
causal_target_6_feature_381_beta_2_lambda_0.002_seed_20260904,causal,381,6,2.0,0.002,20260904,2.8909371394547634e-05,1.8946045637130737,0.86328125,0.8642578125,-0.0009765625,00110111111100101000001001100111,00111111111100101000001001100111,1,0.8642,0.8645,-0.000300000000000078,0.4262,0.1066,0.4792,0.05299999999999999,494.3687438964844,0.626271757221222,False
causal_target_6_feature_384_beta_0.5_lambda_0.001_seed_20260904,causal,384,6,0.5,0.001,20260904,0.07001947611570358,1.1203116178512573,0.86328125,0.86328125,0.0,00111101100011110110011001011111,00111111100011110110011001011111,1,0.8642,0.8639,0.00029999999999996696,0.5751,0.1086,0.7439,0.16880000000000006,478.31292724609375,0.6232341341972351,False
causal_target_6_feature_384_beta_0.5_lambda_0.002_seed_20260904,causal,384,6,0.5,0.002,20260904,0.07001947611570358,1.1203116178512573,0.86328125,0.86328125,0.0,00111101100011110110011001011111,00111111100011110110011001011111,1,0.8642,0.8639,0.00029999999999996696,0.5875,0.1086,0.7114,0.12390000000000001,374.63726806640625,0.6952922313690185,False
causal_target_6_feature_384_beta_1_lambda_0.001_seed_20260904,causal,384,6,1.0,0.001,20260904,0.07001947611570358,1.1203116178512573,0.86328125,0.86328125,0.0,00111101100011110110011001011111,00111111100011110110011001011111,1,0.8642,0.8639,0.00029999999999996696,0.4333,0.1086,0.6546,0.22129999999999994,547.2970581054688,0.5810778624534607,False
causal_target_6_feature_384_beta_1_lambda_0.002_seed_20260904,causal,384,6,1.0,0.002,20260904,0.07001947611570358,1.1203116178512573,0.86328125,0.86328125,0.0,00111101100011110110011001011111,00111111100011110110011001011111,1,0.8642,0.8639,0.00029999999999996696,0.4496,0.1086,0.6157,0.16610000000000003,450.087646484375,0.6474641799926758,False
causal_target_6_feature_384_beta_2_lambda_0.001_seed_20260904,causal,384,6,2.0,0.001,20260904,0.07001947611570358,1.1203116178512573,0.86328125,0.86328125,0.0,00111101100011110110011001011111,00111111100011110110011001011111,1,0.8642,0.8639,0.00029999999999996696,0.4308,0.1086,0.5899,0.15909999999999996,559.8052978515625,0.5784118537902831,False
causal_target_6_feature_384_beta_2_lambda_0.002_seed_20260904,causal,384,6,2.0,0.002,20260904,0.07001947611570358,1.1203116178512573,0.86328125,0.86328125,0.0,00111101100011110110011001011111,00111111100011110110011001011111,1,0.8642,0.8639,0.00029999999999996696,0.4009,0.1086,0.5503,0.14940000000000003,494.38287353515625,0.6293865286827087,False
causal_target_6_feature_390_beta_0.5_lambda_0.001_seed_20260904,causal,390,6,0.5,0.001,20260904,0.11541470140218735,1.8466352224349976,0.86328125,0.86328125,0.0,00111101111011000101111010001011,00111111111011000101111010001011,1,0.8642,0.8635,0.0006999999999999229,0.5458,0.1092,0.7826,0.2368,481.86810302734375,0.6236990060806274,False
causal_target_6_feature_390_beta_0.5_lambda_0.002_seed_20260904,causal,390,6,0.5,0.002,20260904,0.11541470140218735,1.8466352224349976,0.86328125,0.86328125,0.0,00111101111011000101111010001011,00111111111011000101111010001011,1,0.8642,0.8635,0.0006999999999999229,0.5265,0.1092,0.7367,0.21020000000000005,379.19305419921875,0.6899846284866333,False
causal_target_6_feature_390_beta_1_lambda_0.001_seed_20260904,causal,390,6,1.0,0.001,20260904,0.11541470140218735,1.8466352224349976,0.86328125,0.86328125,0.0,00111101111011000101111010001011,00111111111011000101111010001011,1,0.8642,0.8635,0.0006999999999999229,0.4511,0.1092,0.7117,0.2606,536.6513671875,0.5887341601371765,False
causal_target_6_feature_390_beta_1_lambda_0.002_seed_20260904,causal,390,6,1.0,0.002,20260904,0.11541470140218735,1.8466352224349976,0.86328125,0.86328125,0.0,00111101111011000101111010001011,00111111111011000101111010001011,1,0.8642,0.8635,0.0006999999999999229,0.4349,0.1092,0.6732,0.2383,442.4609375,0.6540175008773804,False
causal_target_6_feature_390_beta_2_lambda_0.001_seed_20260904,causal,390,6,2.0,0.001,20260904,0.11541470140218735,1.8466352224349976,0.86328125,0.86328125,0.0,00111101111011000101111010001011,00111111111011000101111010001011,1,0.8642,0.8635,0.0006999999999999229,0.4141,0.1092,0.6839,0.26979999999999993,553.2455444335938,0.5868204092025757,False
causal_target_6_feature_390_beta_2_lambda_0.002_seed_20260904,causal,390,6,2.0,0.002,20260904,0.11541470140218735,1.8466352224349976,0.86328125,0.86328125,0.0,00111101111011000101111010001011,00111111111011000101111010001011,1,0.8642,0.8635,0.0006999999999999229,0.3769,0.1092,0.6389,0.262,485.01116943359375,0.6343433128356933,False
causal_target_6_feature_402_beta_0.5_lambda_0.001_seed_20260904,causal,402,6,0.5,0.001,20260904,0.004794258624315262,1.227330207824707,0.86328125,0.86328125,0.0,00111011100111010001100100101000,00111111100111010001100100101000,1,0.8642,0.8643,-9.999999999998899e-05,0.6372,0.1075,0.701,0.06379999999999997,457.2154541015625,0.6428214444160462,False
causal_target_6_feature_402_beta_0.5_lambda_0.002_seed_20260904,causal,402,6,0.5,0.002,20260904,0.004794258624315262,1.227330207824707,0.86328125,0.86328125,0.0,00111011100111010001100100101000,00111111100111010001100100101000,1,0.8642,0.8643,-9.999999999998899e-05,0.624,0.1075,0.6704,0.0464,361.3041687011719,0.7074074207305908,False
causal_target_6_feature_402_beta_1_lambda_0.001_seed_20260904,causal,402,6,1.0,0.001,20260904,0.004794258624315262,1.227330207824707,0.86328125,0.86328125,0.0,00111011100111010001100100101000,00111111100111010001100100101000,1,0.8642,0.8643,-9.999999999998899e-05,0.5317,0.1075,0.6395,0.1078,531.473388671875,0.5936180964469909,False
causal_target_6_feature_402_beta_1_lambda_0.002_seed_20260904,causal,402,6,1.0,0.002,20260904,0.004794258624315262,1.227330207824707,0.86328125,0.86328125,0.0,00111011100111010001100100101000,00111111100111010001100100101000,1,0.8642,0.8643,-9.999999999998899e-05,0.5203,0.1075,0.6172,0.09689999999999999,441.31884765625,0.6607266658782959,False
causal_target_6_feature_402_beta_2_lambda_0.001_seed_20260904,causal,402,6,2.0,0.001,20260904,0.004794258624315262,1.227330207824707,0.86328125,0.86328125,0.0,00111011100111010001100100101000,00111111100111010001100100101000,1,0.8642,0.8643,-9.999999999998899e-05,0.4238,0.1075,0.5542,0.13040000000000002,561.6612548828125,0.5802197870254516,False
causal_target_6_feature_402_beta_2_lambda_0.002_seed_20260904,causal,402,6,2.0,0.002,20260904,0.004794258624315262,1.227330207824707,0.86328125,0.86328125,0.0,00111011100111010001100100101000,00111111100111010001100100101000,1,0.8642,0.8643,-9.999999999998899e-05,0.4492,0.1075,0.5428,0.09359999999999996,498.385986328125,0.6278232563018799,False
causal_target_6_feature_419_beta_0.5_lambda_0.001_seed_20260904,causal,419,6,0.5,0.001,20260904,0.08317378908395767,1.3307806253433228,0.86328125,0.8623046875,0.0009765625,00111101101010100101011100000101,00111111101010100101011100000101,1,0.8642,0.8639,0.00029999999999996696,0.5644,0.1091,0.7053,0.14090000000000003,465.6119689941406,0.6376092513084411,False
causal_target_6_feature_419_beta_0.5_lambda_0.002_seed_20260904,causal,419,6,0.5,0.002,20260904,0.08317378908395767,1.3307806253433228,0.86328125,0.8623046875,0.0009765625,00111101101010100101011100000101,00111111101010100101011100000101,1,0.8642,0.8639,0.00029999999999996696,0.596,0.1091,0.6992,0.10320000000000007,365.65582275390625,0.6995984380722046,False
causal_target_6_feature_419_beta_1_lambda_0.001_seed_20260904,causal,419,6,1.0,0.001,20260904,0.08317378908395767,1.3307806253433228,0.86328125,0.8623046875,0.0009765625,00111101101010100101011100000101,00111111101010100101011100000101,1,0.8642,0.8639,0.00029999999999996696,0.5161,0.1091,0.6407,0.12460000000000004,536.0932006835938,0.5899159086227417,False
causal_target_6_feature_419_beta_1_lambda_0.002_seed_20260904,causal,419,6,1.0,0.002,20260904,0.08317378908395767,1.3307806253433228,0.86328125,0.8623046875,0.0009765625,00111101101010100101011100000101,00111111101010100101011100000101,1,0.8642,0.8639,0.00029999999999996696,0.4964,0.1091,0.6054,0.10900000000000004,447.27874755859375,0.6501757091522217,False
causal_target_6_feature_419_beta_2_lambda_0.001_seed_20260904,causal,419,6,2.0,0.001,20260904,0.08317378908395767,1.3307806253433228,0.86328125,0.8623046875,0.0009765625,00111101101010100101011100000101,00111111101010100101011100000101,1,0.8642,0.8639,0.00029999999999996696,0.4255,0.1091,0.5852,0.15970000000000006,560.2198486328125,0.5814792559623718,False
causal_target_6_feature_419_beta_2_lambda_0.002_seed_20260904,causal,419,6,2.0,0.002,20260904,0.08317378908395767,1.3307806253433228,0.86328125,0.8623046875,0.0009765625,00111101101010100101011100000101,00111111101010100101011100000101,1,0.8642,0.8639,0.00029999999999996696,0.3984,0.1091,0.5416,0.1432,497.2861633300781,0.6226217679977417,False
causal_target_6_feature_424_beta_0.5_lambda_0.001_seed_20260904,causal,424,6,0.5,0.001,20260904,0.09094826877117157,1.4551723003387451,0.86328125,0.8623046875,0.0009765625,00111101101110100100001100010110,00111111101110100100001100010110,1,0.8642,0.8636,0.0005999999999999339,0.5942,0.1096,0.6838,0.08960000000000001,474.39910888671875,0.6365957660675049,False
causal_target_6_feature_424_beta_0.5_lambda_0.002_seed_20260904,causal,424,6,0.5,0.002,20260904,0.09094826877117157,1.4551723003387451,0.86328125,0.8623046875,0.0009765625,00111101101110100100001100010110,00111111101110100100001100010110,1,0.8642,0.8636,0.0005999999999999339,0.6278,0.1096,0.6969,0.06909999999999994,379.116455078125,0.6922363069534302,False
causal_target_6_feature_424_beta_1_lambda_0.001_seed_20260904,causal,424,6,1.0,0.001,20260904,0.09094826877117157,1.4551723003387451,0.86328125,0.8623046875,0.0009765625,00111101101110100100001100010110,00111111101110100100001100010110,1,0.8642,0.8636,0.0005999999999999339,0.4497,0.1096,0.5916,0.14190000000000003,546.7425537109375,0.5876952275276184,False
causal_target_6_feature_424_beta_1_lambda_0.002_seed_20260904,causal,424,6,1.0,0.002,20260904,0.09094826877117157,1.4551723003387451,0.86328125,0.8623046875,0.0009765625,00111101101110100100001100010110,00111111101110100100001100010110,1,0.8642,0.8636,0.0005999999999999339,0.4832,0.1096,0.5837,0.10049999999999998,450.6771545410156,0.6506086792945862,False
causal_target_6_feature_424_beta_2_lambda_0.001_seed_20260904,causal,424,6,2.0,0.001,20260904,0.09094826877117157,1.4551723003387451,0.86328125,0.8623046875,0.0009765625,00111101101110100100001100010110,00111111101110100100001100010110,1,0.8642,0.8636,0.0005999999999999339,0.4538,0.1096,0.5575,0.10370000000000001,556.3045654296875,0.5844375106811524,False
causal_target_6_feature_424_beta_2_lambda_0.002_seed_20260904,causal,424,6,2.0,0.002,20260904,0.09094826877117157,1.4551723003387451,0.86328125,0.8623046875,0.0009765625,00111101101110100100001100010110,00111111101110100100001100010110,1,0.8642,0.8636,0.0005999999999999339,0.4513,0.1096,0.5411,0.08980000000000005,491.092529296875,0.6300036060333252,False
causal_target_6_feature_452_beta_0.5_lambda_0.001_seed_20260904,causal,452,6,0.5,0.001,20260904,0.06535787135362625,1.04572594165802,0.86328125,0.86328125,0.0,00111101100001011101101001011001,00111111100001011101101001011001,1,0.8642,0.8644,-0.00019999999999997797,0.6281,0.1083,0.6079,-0.020199999999999996,448.5570983886719,0.6525234457969665,False
causal_target_6_feature_452_beta_0.5_lambda_0.002_seed_20260904,causal,452,6,0.5,0.002,20260904,0.06535787135362625,1.04572594165802,0.86328125,0.86328125,0.0,00111101100001011101101001011001,00111111100001011101101001011001,1,0.8642,0.8644,-0.00019999999999997797,0.6404,0.1083,0.625,-0.01539999999999997,351.7970275878906,0.7093716220855713,False
causal_target_6_feature_452_beta_1_lambda_0.001_seed_20260904,causal,452,6,1.0,0.001,20260904,0.06535787135362625,1.04572594165802,0.86328125,0.86328125,0.0,00111101100001011101101001011001,00111111100001011101101001011001,1,0.8642,0.8644,-0.00019999999999997797,0.4865,0.1083,0.4743,-0.012199999999999989,537.0340576171875,0.5958845185279846,False
causal_target_6_feature_452_beta_1_lambda_0.002_seed_20260904,causal,452,6,1.0,0.002,20260904,0.06535787135362625,1.04572594165802,0.86328125,0.86328125,0.0,00111101100001011101101001011001,00111111100001011101101001011001,1,0.8642,0.8644,-0.00019999999999997797,0.5071,0.1083,0.4932,-0.013899999999999968,459.4404602050781,0.6474797504425048,False
causal_target_6_feature_452_beta_2_lambda_0.001_seed_20260904,causal,452,6,2.0,0.001,20260904,0.06535787135362625,1.04572594165802,0.86328125,0.86328125,0.0,00111101100001011101101001011001,00111111100001011101101001011001,1,0.8642,0.8644,-0.00019999999999997797,0.4295,0.1083,0.4164,-0.0131,567.0659790039062,0.5763209380149842,False
causal_target_6_feature_452_beta_2_lambda_0.002_seed_20260904,causal,452,6,2.0,0.002,20260904,0.06535787135362625,1.04572594165802,0.86328125,0.86328125,0.0,00111101100001011101101001011001,00111111100001011101101001011001,1,0.8642,0.8644,-0.00019999999999997797,0.3962,0.1083,0.381,-0.015199999999999991,495.28399658203125,0.6287708451271057,False
causal_target_6_feature_469_beta_0.5_lambda_0.001_seed_20260904,causal,469,6,0.5,0.001,20260904,0.0814608559012413,1.3033736944198608,0.86328125,0.8623046875,0.0009765625,00111101101001101101010011110011,00111111101001101101010011110011,1,0.8642,0.8641,9.999999999998899e-05,0.6653,0.1083,0.6335,-0.03180000000000005,445.84686279296875,0.6527391388893128,False
causal_target_6_feature_469_beta_0.5_lambda_0.002_seed_20260904,causal,469,6,0.5,0.002,20260904,0.0814608559012413,1.3033736944198608,0.86328125,0.8623046875,0.0009765625,00111101101001101101010011110011,00111111101001101101010011110011,1,0.8642,0.8641,9.999999999998899e-05,0.6668,0.1083,0.6503,-0.01649999999999996,350.31866455078125,0.7114573974609375,False
causal_target_6_feature_469_beta_1_lambda_0.001_seed_20260904,causal,469,6,1.0,0.001,20260904,0.0814608559012413,1.3033736944198608,0.86328125,0.8623046875,0.0009765625,00111101101001101101010011110011,00111111101001101101010011110011,1,0.8642,0.8641,9.999999999998899e-05,0.5545,0.1083,0.538,-0.01649999999999996,528.8792724609375,0.599135224723816,False
causal_target_6_feature_469_beta_1_lambda_0.002_seed_20260904,causal,469,6,1.0,0.002,20260904,0.0814608559012413,1.3033736944198608,0.86328125,0.8623046875,0.0009765625,00111101101001101101010011110011,00111111101001101101010011110011,1,0.8642,0.8641,9.999999999998899e-05,0.5173,0.1083,0.5101,-0.007199999999999984,441.408447265625,0.6577913514137268,False
causal_target_6_feature_469_beta_2_lambda_0.001_seed_20260904,causal,469,6,2.0,0.001,20260904,0.0814608559012413,1.3033736944198608,0.86328125,0.8623046875,0.0009765625,00111101101001101101010011110011,00111111101001101101010011110011,1,0.8642,0.8641,9.999999999998899e-05,0.4449,0.1083,0.4468,0.0018999999999999573,555.610107421875,0.5870025101661682,False
causal_target_6_feature_469_beta_2_lambda_0.002_seed_20260904,causal,469,6,2.0,0.002,20260904,0.0814608559012413,1.3033736944198608,0.86328125,0.8623046875,0.0009765625,00111101101001101101010011110011,00111111101001101101010011110011,1,0.8642,0.8641,9.999999999998899e-05,0.4284,0.1083,0.435,0.006599999999999995,488.63226318359375,0.6320402135848999,False
causal_target_6_feature_474_beta_0.5_lambda_0.001_seed_20260904,causal,474,6,0.5,0.001,20260904,0.06517800688743591,1.0428481101989746,0.86328125,0.86328125,0.0,00111101100001010111110000001100,00111111100001010111110000001100,1,0.8642,0.8645,-0.000300000000000078,0.6477,0.1071,0.6042,-0.043500000000000094,451.03216552734375,0.6416375511169433,False
causal_target_6_feature_474_beta_0.5_lambda_0.002_seed_20260904,causal,474,6,0.5,0.002,20260904,0.06517800688743591,1.0428481101989746,0.86328125,0.86328125,0.0,00111101100001010111110000001100,00111111100001010111110000001100,1,0.8642,0.8645,-0.000300000000000078,0.6515,0.1071,0.6105,-0.040999999999999925,351.4275817871094,0.7016354155540466,False
causal_target_6_feature_474_beta_1_lambda_0.001_seed_20260904,causal,474,6,1.0,0.001,20260904,0.06517800688743591,1.0428481101989746,0.86328125,0.86328125,0.0,00111101100001010111110000001100,00111111100001010111110000001100,1,0.8642,0.8645,-0.000300000000000078,0.5131,0.1071,0.4658,-0.04730000000000001,530.7285766601562,0.5905950611114502,False
causal_target_6_feature_474_beta_1_lambda_0.002_seed_20260904,causal,474,6,1.0,0.002,20260904,0.06517800688743591,1.0428481101989746,0.86328125,0.86328125,0.0,00111101100001010111110000001100,00111111100001010111110000001100,1,0.8642,0.8645,-0.000300000000000078,0.5354,0.1071,0.4706,-0.06479999999999997,448.0360107421875,0.6513879695892334,False
causal_target_6_feature_474_beta_2_lambda_0.001_seed_20260904,causal,474,6,2.0,0.001,20260904,0.06517800688743591,1.0428481101989746,0.86328125,0.86328125,0.0,00111101100001010111110000001100,00111111100001010111110000001100,1,0.8642,0.8645,-0.000300000000000078,0.4704,0.1071,0.3951,-0.07529999999999998,550.5848388671875,0.5860803407669067,False
causal_target_6_feature_474_beta_2_lambda_0.002_seed_20260904,causal,474,6,2.0,0.002,20260904,0.06517800688743591,1.0428481101989746,0.86328125,0.86328125,0.0,00111101100001010111110000001100,00111111100001010111110000001100,1,0.8642,0.8645,-0.000300000000000078,0.4299,0.1071,0.3737,-0.05620000000000003,489.3432312011719,0.6295399851799012,False
causal_target_6_feature_488_beta_0.5_lambda_0.001_seed_20260904,causal,488,6,0.5,0.001,20260904,0.006487973965704441,1.660921335220337,0.86328125,0.8642578125,-0.0009765625,00111011110101001001100100010010,00111111110101001001100100010010,1,0.8642,0.8642,0.0,0.5244,0.1095,0.7923,0.2679,505.25885009765625,0.6123654692649841,False
causal_target_6_feature_488_beta_0.5_lambda_0.002_seed_20260904,causal,488,6,0.5,0.002,20260904,0.006487973965704441,1.660921335220337,0.86328125,0.8642578125,-0.0009765625,00111011110101001001100100010010,00111111110101001001100100010010,1,0.8642,0.8642,0.0,0.5476,0.1095,0.7502,0.2026,393.4836730957031,0.6844729709625245,False
causal_target_6_feature_488_beta_1_lambda_0.001_seed_20260904,causal,488,6,1.0,0.001,20260904,0.006487973965704441,1.660921335220337,0.86328125,0.8642578125,-0.0009765625,00111011110101001001100100010010,00111111110101001001100100010010,1,0.8642,0.8642,0.0,0.4094,0.1095,0.7811,0.37170000000000003,557.88232421875,0.5727902139663696,False
causal_target_6_feature_488_beta_1_lambda_0.002_seed_20260904,causal,488,6,1.0,0.002,20260904,0.006487973965704441,1.660921335220337,0.86328125,0.8642578125,-0.0009765625,00111011110101001001100100010010,00111111110101001001100100010010,1,0.8642,0.8642,0.0,0.4467,0.1095,0.7187,0.272,455.270263671875,0.6464516358375549,False
causal_target_6_feature_488_beta_2_lambda_0.001_seed_20260904,causal,488,6,2.0,0.001,20260904,0.006487973965704441,1.660921335220337,0.86328125,0.8642578125,-0.0009765625,00111011110101001001100100010010,00111111110101001001100100010010,1,0.8642,0.8642,0.0,0.4041,0.1095,0.7499,0.3458,575.0469970703125,0.563083189868927,False
causal_target_6_feature_488_beta_2_lambda_0.002_seed_20260904,causal,488,6,2.0,0.002,20260904,0.006487973965704441,1.660921335220337,0.86328125,0.8642578125,-0.0009765625,00111011110101001001100100010010,00111111110101001001100100010010,1,0.8642,0.8642,0.0,0.3917,0.1095,0.699,0.30729999999999996,498.0005187988281,0.6212456408500672,False
causal_target_6_feature_492_beta_0.5_lambda_0.001_seed_20260904,causal,492,6,0.5,0.001,20260904,0.00497092679142952,1.272557258605957,0.86328125,0.8623046875,0.0009765625,00111011101000101110001100101000,00111111101000101110001100101000,1,0.8642,0.8644,-0.00019999999999997797,0.6682,0.1074,0.6024,-0.06579999999999997,449.5962219238281,0.6481744692802429,False
causal_target_6_feature_492_beta_0.5_lambda_0.002_seed_20260904,causal,492,6,0.5,0.002,20260904,0.00497092679142952,1.272557258605957,0.86328125,0.8623046875,0.0009765625,00111011101000101110001100101000,00111111101000101110001100101000,1,0.8642,0.8644,-0.00019999999999997797,0.6637,0.1074,0.6181,-0.045599999999999974,354.78009033203125,0.705104310798645,False
causal_target_6_feature_492_beta_1_lambda_0.001_seed_20260904,causal,492,6,1.0,0.001,20260904,0.00497092679142952,1.272557258605957,0.86328125,0.8623046875,0.0009765625,00111011101000101110001100101000,00111111101000101110001100101000,1,0.8642,0.8644,-0.00019999999999997797,0.5241,0.1074,0.4544,-0.06969999999999998,529.4519653320312,0.6015828158378601,False
causal_target_6_feature_492_beta_1_lambda_0.002_seed_20260904,causal,492,6,1.0,0.002,20260904,0.00497092679142952,1.272557258605957,0.86328125,0.8623046875,0.0009765625,00111011101000101110001100101000,00111111101000101110001100101000,1,0.8642,0.8644,-0.00019999999999997797,0.5511,0.1074,0.4828,-0.06830000000000003,447.81475830078125,0.6555450421333313,False
causal_target_6_feature_492_beta_2_lambda_0.001_seed_20260904,causal,492,6,2.0,0.001,20260904,0.00497092679142952,1.272557258605957,0.86328125,0.8623046875,0.0009765625,00111011101000101110001100101000,00111111101000101110001100101000,1,0.8642,0.8644,-0.00019999999999997797,0.4753,0.1074,0.3899,-0.08539999999999998,558.0013427734375,0.5802821082115174,False
causal_target_6_feature_492_beta_2_lambda_0.002_seed_20260904,causal,492,6,2.0,0.002,20260904,0.00497092679142952,1.272557258605957,0.86328125,0.8623046875,0.0009765625,00111011101000101110001100101000,00111111101000101110001100101000,1,0.8642,0.8644,-0.00019999999999997797,0.4514,0.1074,0.3809,-0.07050000000000001,493.01654052734375,0.6291102940559388,False
causal_target_6_feature_503_beta_0.5_lambda_0.001_seed_20260904,causal,503,6,0.5,0.001,20260904,0.0062474957667291164,1.5993589162826538,0.86328125,0.86328125,0.0,00111011110011001011011111001011,00111111110011001011011111001011,1,0.8642,0.8644,-0.00019999999999997797,0.5105,0.1069,0.7442,0.23370000000000002,477.9576416015625,0.6249469038009644,False
causal_target_6_feature_503_beta_0.5_lambda_0.002_seed_20260904,causal,503,6,0.5,0.002,20260904,0.0062474957667291164,1.5993589162826538,0.86328125,0.86328125,0.0,00111011110011001011011111001011,00111111110011001011011111001011,1,0.8642,0.8644,-0.00019999999999997797,0.5431,0.1069,0.7085,0.1654,371.2500915527344,0.6891109184265136,False
causal_target_6_feature_503_beta_1_lambda_0.001_seed_20260904,causal,503,6,1.0,0.001,20260904,0.0062474957667291164,1.5993589162826538,0.86328125,0.86328125,0.0,00111011110011001011011111001011,00111111110011001011011111001011,1,0.8642,0.8644,-0.00019999999999997797,0.4695,0.1069,0.7095,0.24000000000000005,553.0884399414062,0.5737911462783813,False
causal_target_6_feature_503_beta_1_lambda_0.002_seed_20260904,causal,503,6,1.0,0.002,20260904,0.0062474957667291164,1.5993589162826538,0.86328125,0.86328125,0.0,00111011110011001011011111001011,00111111110011001011011111001011,1,0.8642,0.8644,-0.00019999999999997797,0.4288,0.1069,0.6409,0.2121,448.03118896484375,0.6499065314292908,False
causal_target_6_feature_503_beta_2_lambda_0.001_seed_20260904,causal,503,6,2.0,0.001,20260904,0.0062474957667291164,1.5993589162826538,0.86328125,0.86328125,0.0,00111011110011001011011111001011,00111111110011001011011111001011,1,0.8642,0.8644,-0.00019999999999997797,0.3885,0.1069,0.6369,0.2484,560.0162353515625,0.581230114364624,False
causal_target_6_feature_503_beta_2_lambda_0.002_seed_20260904,causal,503,6,2.0,0.002,20260904,0.0062474957667291164,1.5993589162826538,0.86328125,0.86328125,0.0,00111011110011001011011111001011,00111111110011001011011111001011,1,0.8642,0.8644,-0.00019999999999997797,0.3866,0.1069,0.591,0.20439999999999997,485.07135009765625,0.6327185158729554,False
causal_target_6_feature_506_beta_0.5_lambda_0.001_seed_20260904,causal,506,6,0.5,0.001,20260904,0.06585999578237534,1.0537599325180054,0.86328125,0.8642578125,-0.0009765625,00111101100001101110000110011011,00111111100001101110000110011011,1,0.8642,0.8643,-9.999999999998899e-05,0.6174,0.1079,0.6767,0.05930000000000002,455.69683837890625,0.6449161113739014,False
causal_target_6_feature_506_beta_0.5_lambda_0.002_seed_20260904,causal,506,6,0.5,0.002,20260904,0.06585999578237534,1.0537599325180054,0.86328125,0.8642578125,-0.0009765625,00111101100001101110000110011011,00111111100001101110000110011011,1,0.8642,0.8643,-9.999999999998899e-05,0.6084,0.1079,0.6646,0.05619999999999992,361.4839172363281,0.7022981293678283,False
causal_target_6_feature_506_beta_1_lambda_0.001_seed_20260904,causal,506,6,1.0,0.001,20260904,0.06585999578237534,1.0537599325180054,0.86328125,0.8642578125,-0.0009765625,00111101100001101110000110011011,00111111100001101110000110011011,1,0.8642,0.8643,-9.999999999998899e-05,0.4861,0.1079,0.5992,0.11309999999999998,540.3043212890625,0.5876150619506836,False
causal_target_6_feature_506_beta_1_lambda_0.002_seed_20260904,causal,506,6,1.0,0.002,20260904,0.06585999578237534,1.0537599325180054,0.86328125,0.8642578125,-0.0009765625,00111101100001101110000110011011,00111111100001101110000110011011,1,0.8642,0.8643,-9.999999999998899e-05,0.5076,0.1079,0.5735,0.06589999999999996,446.5334777832031,0.6535492267608642,False
causal_target_6_feature_506_beta_2_lambda_0.001_seed_20260904,causal,506,6,2.0,0.001,20260904,0.06585999578237534,1.0537599325180054,0.86328125,0.8642578125,-0.0009765625,00111101100001101110000110011011,00111111100001101110000110011011,1,0.8642,0.8643,-9.999999999998899e-05,0.4441,0.1079,0.5373,0.0932,556.62451171875,0.5817883685112,False
causal_target_6_feature_506_beta_2_lambda_0.002_seed_20260904,causal,506,6,2.0,0.002,20260904,0.06585999578237534,1.0537599325180054,0.86328125,0.8642578125,-0.0009765625,00111101100001101110000110011011,00111111100001101110000110011011,1,0.8642,0.8643,-9.999999999998899e-05,0.3932,0.1079,0.4871,0.09389999999999998,488.52935791015625,0.63396059217453,False
causal_target_6_feature_507_beta_0.5_lambda_0.001_seed_20260904,causal,507,6,0.5,0.001,20260904,0.004797331523150206,1.2281168699264526,0.86328125,0.8642578125,-0.0009765625,00111011100111010011001011101111,00111111100111010011001011101111,1,0.8642,0.8646,-0.00040000000000006697,0.6055,0.1073,0.6572,0.05169999999999997,484.4617004394531,0.6245753962516785,False
causal_target_6_feature_507_beta_0.5_lambda_0.002_seed_20260904,causal,507,6,0.5,0.002,20260904,0.004797331523150206,1.2281168699264526,0.86328125,0.8642578125,-0.0009765625,00111011100111010011001011101111,00111111100111010011001011101111,1,0.8642,0.8646,-0.00040000000000006697,0.6238,0.1073,0.6506,0.026799999999999935,370.2286682128906,0.6943684204101562,False
causal_target_6_feature_507_beta_1_lambda_0.001_seed_20260904,causal,507,6,1.0,0.001,20260904,0.004797331523150206,1.2281168699264526,0.86328125,0.8642578125,-0.0009765625,00111011100111010011001011101111,00111111100111010011001011101111,1,0.8642,0.8646,-0.00040000000000006697,0.48,0.1073,0.5334,0.0534,550.01171875,0.5820685841560364,False
causal_target_6_feature_507_beta_1_lambda_0.002_seed_20260904,causal,507,6,1.0,0.002,20260904,0.004797331523150206,1.2281168699264526,0.86328125,0.8642578125,-0.0009765625,00111011100111010011001011101111,00111111100111010011001011101111,1,0.8642,0.8646,-0.00040000000000006697,0.499,0.1073,0.5083,0.009299999999999975,463.8697814941406,0.6428078825950623,False
causal_target_6_feature_507_beta_2_lambda_0.001_seed_20260904,causal,507,6,2.0,0.001,20260904,0.004797331523150206,1.2281168699264526,0.86328125,0.8642578125,-0.0009765625,00111011100111010011001011101111,00111111100111010011001011101111,1,0.8642,0.8646,-0.00040000000000006697,0.4296,0.1073,0.4331,0.003500000000000003,570.9462890625,0.5721852265357971,False
causal_target_6_feature_507_beta_2_lambda_0.002_seed_20260904,causal,507,6,2.0,0.002,20260904,0.004797331523150206,1.2281168699264526,0.86328125,0.8642578125,-0.0009765625,00111011100111010011001011101111,00111111100111010011001011101111,1,0.8642,0.8646,-0.00040000000000006697,0.4355,0.1073,0.4235,-0.01200000000000001,502.7984313964844,0.6173043193817138,False
causal_target_6_feature_508_beta_0.5_lambda_0.001_seed_20260904,causal,508,6,0.5,0.001,20260904,0.10690490156412125,1.71047842502594,0.86328125,0.8623046875,0.0009765625,00111101110110101111000011110101,00111111110110101111000011110101,1,0.8642,0.8642,0.0,0.6299,0.1089,0.6575,0.027599999999999958,463.2508239746094,0.6407966753005981,False
causal_target_6_feature_508_beta_0.5_lambda_0.002_seed_20260904,causal,508,6,0.5,0.002,20260904,0.10690490156412125,1.71047842502594,0.86328125,0.8623046875,0.0009765625,00111101110110101111000011110101,00111111110110101111000011110101,1,0.8642,0.8642,0.0,0.6368,0.1089,0.6534,0.016599999999999948,364.9617614746094,0.6998509612083436,False
causal_target_6_feature_508_beta_1_lambda_0.001_seed_20260904,causal,508,6,1.0,0.001,20260904,0.10690490156412125,1.71047842502594,0.86328125,0.8623046875,0.0009765625,00111101110110101111000011110101,00111111110110101111000011110101,1,0.8642,0.8642,0.0,0.5318,0.1089,0.5674,0.035599999999999965,532.6343994140625,0.5941944272994996,False
causal_target_6_feature_508_beta_1_lambda_0.002_seed_20260904,causal,508,6,1.0,0.002,20260904,0.10690490156412125,1.71047842502594,0.86328125,0.8623046875,0.0009765625,00111101110110101111000011110101,00111111110110101111000011110101,1,0.8642,0.8642,0.0,0.5255,0.1089,0.5644,0.038900000000000046,454.4871826171875,0.6541694037437439,False
causal_target_6_feature_508_beta_2_lambda_0.001_seed_20260904,causal,508,6,2.0,0.001,20260904,0.10690490156412125,1.71047842502594,0.86328125,0.8623046875,0.0009765625,00111101110110101111000011110101,00111111110110101111000011110101,1,0.8642,0.8642,0.0,0.4142,0.1089,0.4793,0.06509999999999999,558.6517944335938,0.5831887157440185,False
causal_target_6_feature_508_beta_2_lambda_0.002_seed_20260904,causal,508,6,2.0,0.002,20260904,0.10690490156412125,1.71047842502594,0.86328125,0.8623046875,0.0009765625,00111101110110101111000011110101,00111111110110101111000011110101,1,0.8642,0.8642,0.0,0.4465,0.1089,0.4938,0.04730000000000001,492.0734558105469,0.6300233227729798,False
