trial_key,method,feature,target_class,beta,mask_weight,seed,original_weight,flipped_weight,calibration_clean_accuracy,calibration_flipped_accuracy,calibration_bad,original_bits,flipped_bits,bit_hamming_distance,clean_model_accuracy,backdoor_clean_accuracy,bad,trigger_only_asr,bit_only_asr,trigger_plus_bit_asr,bit_marginal_gain,mask_l1,ssim,loss_version,clean_margin,attack_margin,qualifies,validation_qualifies
oneflip_target_0_feature_38_beta_1_lambda_0.001_seed_20260904,oneflip,38,0,1.0,0.001,20260904,0.07702194899320602,1.2323511838912964,0.8463541865348816,0.8463541865348816,0.0,00111101100111011011110110101111,00111111100111011011110110101111,1,0.8641,0.864,9.999999999998899e-05,0.9945,0.108,0.9994,0.004899999999999904,382.7923278808594,0.34105073266029357,causal-margin-v2,0.5,0.5,False,False
oneflip_target_0_feature_38_beta_1_lambda_0.001_seed_20260905,oneflip,38,0,1.0,0.001,20260905,0.07702194899320602,1.2323511838912964,0.8463541865348816,0.8463541865348816,0.0,00111101100111011011110110101111,00111111100111011011110110101111,1,0.8641,0.864,9.999999999998899e-05,0.0,0.108,0.0,0.0,367.3182373046875,0.3652157089233398,causal-margin-v2,0.5,0.5,False,False
oneflip_target_0_feature_38_beta_1_lambda_0.001_seed_20260906,oneflip,38,0,1.0,0.001,20260906,0.07702194899320602,1.2323511838912964,0.8463541865348816,0.8463541865348816,0.0,00111101100111011011110110101111,00111111100111011011110110101111,1,0.8641,0.864,9.999999999998899e-05,0.9947,0.108,0.9987,0.0040000000000000036,365.8142395019531,0.36160365748405454,causal-margin-v2,0.5,0.5,False,False
oneflip_target_0_feature_60_beta_1_lambda_0.001_seed_20260904,oneflip,60,0,1.0,0.001,20260904,0.004763552453368902,1.219469428062439,0.8463541865348816,0.84765625,-0.0013020634651184082,00111011100111000001011110010011,00111111100111000001011110010011,1,0.8641,0.8641,0.0,0.0,0.1055,0.0,0.0,680.2482299804688,0.14181398315429689,causal-margin-v2,0.5,0.5,False,False
oneflip_target_0_feature_60_beta_1_lambda_0.001_seed_20260905,oneflip,60,0,1.0,0.001,20260905,0.004763552453368902,1.219469428062439,0.8463541865348816,0.84765625,-0.0013020634651184082,00111011100111000001011110010011,00111111100111000001011110010011,1,0.8641,0.8641,0.0,0.0,0.1055,0.0,0.0,515.8994750976562,0.2355870410680771,causal-margin-v2,0.5,0.5,False,False
oneflip_target_0_feature_60_beta_1_lambda_0.001_seed_20260906,oneflip,60,0,1.0,0.001,20260906,0.004763552453368902,1.219469428062439,0.8463541865348816,0.84765625,-0.0013020634651184082,00111011100111000001011110010011,00111111100111000001011110010011,1,0.8641,0.8641,0.0,0.0,0.1055,0.0,0.0,671.54638671875,0.14105914351940155,causal-margin-v2,0.5,0.5,False,False
oneflip_target_0_feature_83_beta_1_lambda_0.001_seed_20260904,oneflip,83,0,1.0,0.001,20260904,0.08572520315647125,1.37160325050354,0.8463541865348816,0.84765625,-0.0013020634651184082,00111101101011111001000010110010,00111111101011111001000010110010,1,0.8641,0.8636,0.0004999999999999449,0.5014,0.109,0.9999,0.49850000000000005,623.0016479492188,0.1838738576412201,causal-margin-v2,0.5,0.5,False,False
oneflip_target_0_feature_83_beta_1_lambda_0.001_seed_20260905,oneflip,83,0,1.0,0.001,20260905,0.08572520315647125,1.37160325050354,0.8463541865348816,0.84765625,-0.0013020634651184082,00111101101011111001000010110010,00111111101011111001000010110010,1,0.8641,0.8636,0.0004999999999999449,0.9443,0.109,0.9999,0.05559999999999998,600.9136962890625,0.1883963272333145,causal-margin-v2,0.5,0.5,False,False
oneflip_target_0_feature_83_beta_1_lambda_0.001_seed_20260906,oneflip,83,0,1.0,0.001,20260906,0.08572520315647125,1.37160325050354,0.8463541865348816,0.84765625,-0.0013020634651184082,00111101101011111001000010110010,00111111101011111001000010110010,1,0.8641,0.8636,0.0004999999999999449,0.7891,0.109,1.0,0.21089999999999998,642.4817504882812,0.17341491856575011,causal-margin-v2,0.5,0.5,False,False
oneflip_target_0_feature_92_beta_1_lambda_0.001_seed_20260904,oneflip,92,0,1.0,0.001,20260904,0.004490071441978216,1.1494582891464233,0.8463541865348816,0.8463541865348816,0.0,00111011100100110010000101110011,00111111100100110010000101110011,1,0.8641,0.8641,0.0,0.0,0.106,0.0,0.0,604.7298583984375,0.18086893088817596,causal-margin-v2,0.5,0.5,False,False
oneflip_target_0_feature_92_beta_1_lambda_0.001_seed_20260905,oneflip,92,0,1.0,0.001,20260905,0.004490071441978216,1.1494582891464233,0.8463541865348816,0.8463541865348816,0.0,00111011100100110010000101110011,00111111100100110010000101110011,1,0.8641,0.8641,0.0,0.0,0.106,0.0,0.0,655.7305297851562,0.14942679166793824,causal-margin-v2,0.5,0.5,False,False
oneflip_target_0_feature_92_beta_1_lambda_0.001_seed_20260906,oneflip,92,0,1.0,0.001,20260906,0.004490071441978216,1.1494582891464233,0.8463541865348816,0.8463541865348816,0.0,00111011100100110010000101110011,00111111100100110010000101110011,1,0.8641,0.8641,0.0,0.0,0.106,0.0,0.0,623.7218017578125,0.16174617772102357,causal-margin-v2,0.5,0.5,False,False
oneflip_target_0_feature_98_beta_1_lambda_0.001_seed_20260904,oneflip,98,0,1.0,0.001,20260904,0.0642118752002716,1.0273900032043457,0.8463541865348816,0.8463541865348816,0.0,00111101100000111000000110000100,00111111100000111000000110000100,1,0.8641,0.8641,0.0,0.9999,0.1071,0.9999,0.0,249.67813110351562,0.48660483627319334,causal-margin-v2,0.5,0.5,False,False
oneflip_target_0_feature_98_beta_1_lambda_0.001_seed_20260905,oneflip,98,0,1.0,0.001,20260905,0.0642118752002716,1.0273900032043457,0.8463541865348816,0.8463541865348816,0.0,00111101100000111000000110000100,00111111100000111000000110000100,1,0.8641,0.8641,0.0,0.9994,0.1071,0.9998,0.00040000000000006697,249.8328094482422,0.4975044369697571,causal-margin-v2,0.5,0.5,False,False
oneflip_target_0_feature_98_beta_1_lambda_0.001_seed_20260906,oneflip,98,0,1.0,0.001,20260906,0.0642118752002716,1.0273900032043457,0.8463541865348816,0.8463541865348816,0.0,00111101100000111000000110000100,00111111100000111000000110000100,1,0.8641,0.8641,0.0,0.9999,0.1071,1.0,9.999999999998899e-05,272.36553955078125,0.4645740357875824,causal-margin-v2,0.5,0.5,False,False
oneflip_target_0_feature_123_beta_1_lambda_0.001_seed_20260904,oneflip,123,0,1.0,0.001,20260904,0.10172895342111588,1.627663254737854,0.8463541865348816,0.8463541865348816,0.0,00111101110100000101011101000101,00111111110100000101011101000101,1,0.8641,0.8635,0.0005999999999999339,1.0,0.1101,1.0,0.0,385.2321472167969,0.3591032877445221,causal-margin-v2,0.5,0.5,False,False
oneflip_target_0_feature_123_beta_1_lambda_0.001_seed_20260905,oneflip,123,0,1.0,0.001,20260905,0.10172895342111588,1.627663254737854,0.8463541865348816,0.8463541865348816,0.0,00111101110100000101011101000101,00111111110100000101011101000101,1,0.8641,0.8635,0.0005999999999999339,1.0,0.1101,1.0,0.0,394.413330078125,0.35619530773162844,causal-margin-v2,0.5,0.5,False,False
oneflip_target_0_feature_123_beta_1_lambda_0.001_seed_20260906,oneflip,123,0,1.0,0.001,20260906,0.10172895342111588,1.627663254737854,0.8463541865348816,0.8463541865348816,0.0,00111101110100000101011101000101,00111111110100000101011101000101,1,0.8641,0.8635,0.0005999999999999339,1.0,0.1101,1.0,0.0,417.33758544921875,0.3261393030643463,causal-margin-v2,0.5,0.5,False,False
oneflip_target_0_feature_132_beta_1_lambda_0.001_seed_20260904,oneflip,132,0,1.0,0.001,20260904,0.09278527647256851,1.4845644235610962,0.8463541865348816,0.8463541865348816,0.0,00111101101111100000011000110101,00111111101111100000011000110101,1,0.8641,0.8638,0.00029999999999996696,1.0,0.1088,1.0,0.0,484.8794250488281,0.25512111325263975,causal-margin-v2,0.5,0.5,False,False
oneflip_target_0_feature_132_beta_1_lambda_0.001_seed_20260905,oneflip,132,0,1.0,0.001,20260905,0.09278527647256851,1.4845644235610962,0.8463541865348816,0.8463541865348816,0.0,00111101101111100000011000110101,00111111101111100000011000110101,1,0.8641,0.8638,0.00029999999999996696,0.9993,0.1088,1.0,0.0007000000000000339,535.0792846679688,0.22604416995048524,causal-margin-v2,0.5,0.5,False,False
oneflip_target_0_feature_132_beta_1_lambda_0.001_seed_20260906,oneflip,132,0,1.0,0.001,20260906,0.09278527647256851,1.4845644235610962,0.8463541865348816,0.8463541865348816,0.0,00111101101111100000011000110101,00111111101111100000011000110101,1,0.8641,0.8638,0.00029999999999996696,1.0,0.1088,1.0,0.0,479.63983154296875,0.2610495194911957,causal-margin-v2,0.5,0.5,False,False
oneflip_target_0_feature_163_beta_1_lambda_0.001_seed_20260904,oneflip,163,0,1.0,0.001,20260904,0.12405409663915634,1.9848655462265015,0.8463541865348816,0.8463541865348816,0.0,00111101111111100001000000010011,00111111111111100001000000010011,1,0.8641,0.864,9.999999999998899e-05,1.0,0.1099,1.0,0.0,526.7977905273438,0.232453963971138,causal-margin-v2,0.5,0.5,False,False
oneflip_target_0_feature_163_beta_1_lambda_0.001_seed_20260905,oneflip,163,0,1.0,0.001,20260905,0.12405409663915634,1.9848655462265015,0.8463541865348816,0.8463541865348816,0.0,00111101111111100001000000010011,00111111111111100001000000010011,1,0.8641,0.864,9.999999999998899e-05,1.0,0.1099,1.0,0.0,497.8423156738281,0.24664708714485167,causal-margin-v2,0.5,0.5,False,False
oneflip_target_0_feature_163_beta_1_lambda_0.001_seed_20260906,oneflip,163,0,1.0,0.001,20260906,0.12405409663915634,1.9848655462265015,0.8463541865348816,0.8463541865348816,0.0,00111101111111100001000000010011,00111111111111100001000000010011,1,0.8641,0.864,9.999999999998899e-05,1.0,0.1099,1.0,0.0,529.6511840820312,0.2270779420852661,causal-margin-v2,0.5,0.5,False,False
oneflip_target_0_feature_224_beta_1_lambda_0.001_seed_20260904,oneflip,224,0,1.0,0.001,20260904,0.06326021254062653,1.0121634006500244,0.8463541865348816,0.84765625,-0.0013020634651184082,00111101100000011000111010010010,00111111100000011000111010010010,1,0.8641,0.8643,-0.00019999999999997797,0.0,0.1076,0.0,0.0,600.062255859375,0.1839734132528305,causal-margin-v2,0.5,0.5,False,False
oneflip_target_0_feature_224_beta_1_lambda_0.001_seed_20260905,oneflip,224,0,1.0,0.001,20260905,0.06326021254062653,1.0121634006500244,0.8463541865348816,0.84765625,-0.0013020634651184082,00111101100000011000111010010010,00111111100000011000111010010010,1,0.8641,0.8643,-0.00019999999999997797,0.0,0.1076,0.0,0.0,577.492431640625,0.19692544639110565,causal-margin-v2,0.5,0.5,False,False
oneflip_target_0_feature_224_beta_1_lambda_0.001_seed_20260906,oneflip,224,0,1.0,0.001,20260906,0.06326021254062653,1.0121634006500244,0.8463541865348816,0.84765625,-0.0013020634651184082,00111101100000011000111010010010,00111111100000011000111010010010,1,0.8641,0.8643,-0.00019999999999997797,0.0,0.1076,0.0,0.0,552.1070556640625,0.21164443652629852,causal-margin-v2,0.5,0.5,False,False
oneflip_target_0_feature_236_beta_1_lambda_0.001_seed_20260904,oneflip,236,0,1.0,0.001,20260904,0.07588990032672882,1.2142384052276611,0.8463541865348816,0.8463541865348816,0.0,00111101100110110110110000101010,00111111100110110110110000101010,1,0.8641,0.8642,-9.999999999998899e-05,0.0,0.1074,0.0,0.0,611.7863159179688,0.17225503780841828,causal-margin-v2,0.5,0.5,False,False
oneflip_target_0_feature_236_beta_1_lambda_0.001_seed_20260905,oneflip,236,0,1.0,0.001,20260905,0.07588990032672882,1.2142384052276611,0.8463541865348816,0.8463541865348816,0.0,00111101100110110110110000101010,00111111100110110110110000101010,1,0.8641,0.8642,-9.999999999998899e-05,0.0,0.1074,0.0,0.0,626.4129028320312,0.17207642977237703,causal-margin-v2,0.5,0.5,False,False
oneflip_target_0_feature_236_beta_1_lambda_0.001_seed_20260906,oneflip,236,0,1.0,0.001,20260906,0.07588990032672882,1.2142384052276611,0.8463541865348816,0.8463541865348816,0.0,00111101100110110110110000101010,00111111100110110110110000101010,1,0.8641,0.8642,-9.999999999998899e-05,0.0,0.1074,0.0,0.0,558.466796875,0.2052875029563904,causal-margin-v2,0.5,0.5,False,False
oneflip_target_0_feature_239_beta_1_lambda_0.001_seed_20260904,oneflip,239,0,1.0,0.001,20260904,0.0744437500834465,1.191100001335144,0.8463541865348816,0.8463541865348816,0.0,00111101100110000111010111110111,00111111100110000111010111110111,1,0.8641,0.8636,0.0004999999999999449,0.0,0.1079,0.0024,0.0024,490.05792236328125,0.24933379197120667,causal-margin-v2,0.5,0.5,False,False
oneflip_target_0_feature_239_beta_1_lambda_0.001_seed_20260905,oneflip,239,0,1.0,0.001,20260905,0.0744437500834465,1.191100001335144,0.8463541865348816,0.8463541865348816,0.0,00111101100110000111010111110111,00111111100110000111010111110111,1,0.8641,0.8636,0.0004999999999999449,0.0087,0.1079,0.131,0.1223,461.9697570800781,0.2746712110996246,causal-margin-v2,0.5,0.5,False,False
oneflip_target_0_feature_239_beta_1_lambda_0.001_seed_20260906,oneflip,239,0,1.0,0.001,20260906,0.0744437500834465,1.191100001335144,0.8463541865348816,0.8463541865348816,0.0,00111101100110000111010111110111,00111111100110000111010111110111,1,0.8641,0.8636,0.0004999999999999449,0.0001,0.1079,0.0022,0.0021000000000000003,478.40521240234375,0.2619281380176544,causal-margin-v2,0.5,0.5,False,False
oneflip_target_0_feature_260_beta_1_lambda_0.001_seed_20260904,oneflip,260,0,1.0,0.001,20260904,0.08693987131118774,1.391037940979004,0.8463541865348816,0.8463541865348816,0.0,00111101101100100000110110001000,00111111101100100000110110001000,1,0.8641,0.8637,0.00039999999999995595,1.0,0.1081,1.0,0.0,630.6287841796875,0.17041631498336793,causal-margin-v2,0.5,0.5,False,False
oneflip_target_0_feature_260_beta_1_lambda_0.001_seed_20260905,oneflip,260,0,1.0,0.001,20260905,0.08693987131118774,1.391037940979004,0.8463541865348816,0.8463541865348816,0.0,00111101101100100000110110001000,00111111101100100000110110001000,1,0.8641,0.8637,0.00039999999999995595,0.898,0.1081,0.9998,0.1018,598.0330200195312,0.1902439007759094,causal-margin-v2,0.5,0.5,False,False
oneflip_target_0_feature_260_beta_1_lambda_0.001_seed_20260906,oneflip,260,0,1.0,0.001,20260906,0.08693987131118774,1.391037940979004,0.8463541865348816,0.8463541865348816,0.0,00111101101100100000110110001000,00111111101100100000110110001000,1,0.8641,0.8637,0.00039999999999995595,1.0,0.1081,1.0,0.0,648.671630859375,0.16084693050384521,causal-margin-v2,0.5,0.5,False,False
oneflip_target_0_feature_264_beta_1_lambda_0.001_seed_20260904,oneflip,264,0,1.0,0.001,20260904,0.08461419492959976,1.3538271188735962,0.8463541865348816,0.8463541865348816,0.0,00111101101011010100101000110101,00111111101011010100101000110101,1,0.8641,0.8636,0.0004999999999999449,0.8898,0.1086,0.9997,0.1099,666.0101928710938,0.15385024423599244,causal-margin-v2,0.5,0.5,False,False
oneflip_target_0_feature_264_beta_1_lambda_0.001_seed_20260905,oneflip,264,0,1.0,0.001,20260905,0.08461419492959976,1.3538271188735962,0.8463541865348816,0.8463541865348816,0.0,00111101101011010100101000110101,00111111101011010100101000110101,1,0.8641,0.8636,0.0004999999999999449,0.8927,0.1086,0.998,0.10529999999999995,546.8457641601562,0.233218106174469,causal-margin-v2,0.5,0.5,False,False
oneflip_target_0_feature_264_beta_1_lambda_0.001_seed_20260906,oneflip,264,0,1.0,0.001,20260906,0.08461419492959976,1.3538271188735962,0.8463541865348816,0.8463541865348816,0.0,00111101101011010100101000110101,00111111101011010100101000110101,1,0.8641,0.8636,0.0004999999999999449,0.8194,0.1086,0.9996,0.18020000000000003,618.697265625,0.17852335007190703,causal-margin-v2,0.5,0.5,False,False
oneflip_target_0_feature_316_beta_1_lambda_0.001_seed_20260904,oneflip,316,0,1.0,0.001,20260904,0.10958179086446762,1.753308653831482,0.8463541865348816,0.8463541865348816,0.0,00111101111000000110110001101011,00111111111000000110110001101011,1,0.8641,0.864,9.999999999998899e-05,1.0,0.1095,1.0,0.0,518.6795043945312,0.2395980091571808,causal-margin-v2,0.5,0.5,False,False
oneflip_target_0_feature_316_beta_1_lambda_0.001_seed_20260905,oneflip,316,0,1.0,0.001,20260905,0.10958179086446762,1.753308653831482,0.8463541865348816,0.8463541865348816,0.0,00111101111000000110110001101011,00111111111000000110110001101011,1,0.8641,0.864,9.999999999998899e-05,1.0,0.1095,1.0,0.0,512.549560546875,0.24485647902488708,causal-margin-v2,0.5,0.5,False,False
oneflip_target_0_feature_316_beta_1_lambda_0.001_seed_20260906,oneflip,316,0,1.0,0.001,20260906,0.10958179086446762,1.753308653831482,0.8463541865348816,0.8463541865348816,0.0,00111101111000000110110001101011,00111111111000000110110001101011,1,0.8641,0.864,9.999999999998899e-05,1.0,0.1095,1.0,0.0,533.0772705078125,0.22861504838466645,causal-margin-v2,0.5,0.5,False,False
oneflip_target_0_feature_321_beta_1_lambda_0.001_seed_20260904,oneflip,321,0,1.0,0.001,20260904,0.09640089422464371,1.5424143075942993,0.8463541865348816,0.8463541865348816,0.0,00111101110001010110110111010101,00111111110001010110110111010101,1,0.8641,0.8637,0.00039999999999995595,1.0,0.1086,1.0,0.0,469.8892517089844,0.2794483573913574,causal-margin-v2,0.5,0.5,False,False
oneflip_target_0_feature_321_beta_1_lambda_0.001_seed_20260905,oneflip,321,0,1.0,0.001,20260905,0.09640089422464371,1.5424143075942993,0.8463541865348816,0.8463541865348816,0.0,00111101110001010110110111010101,00111111110001010110110111010101,1,0.8641,0.8637,0.00039999999999995595,1.0,0.1086,1.0,0.0,473.5336608886719,0.28436652731895445,causal-margin-v2,0.5,0.5,False,False
oneflip_target_0_feature_321_beta_1_lambda_0.001_seed_20260906,oneflip,321,0,1.0,0.001,20260906,0.09640089422464371,1.5424143075942993,0.8463541865348816,0.8463541865348816,0.0,00111101110001010110110111010101,00111111110001010110110111010101,1,0.8641,0.8637,0.00039999999999995595,1.0,0.1086,1.0,0.0,454.88739013671875,0.29508332271575927,causal-margin-v2,0.5,0.5,False,False
oneflip_target_0_feature_323_beta_1_lambda_0.001_seed_20260904,oneflip,323,0,1.0,0.001,20260904,0.08718520402908325,1.394963264465332,0.8463541865348816,0.8463541865348816,0.0,00111101101100101000111000101000,00111111101100101000111000101000,1,0.8641,0.864,9.999999999998899e-05,1.0,0.1079,1.0,0.0,419.73590087890625,0.31016785182952883,causal-margin-v2,0.5,0.5,False,False
oneflip_target_0_feature_323_beta_1_lambda_0.001_seed_20260905,oneflip,323,0,1.0,0.001,20260905,0.08718520402908325,1.394963264465332,0.8463541865348816,0.8463541865348816,0.0,00111101101100101000111000101000,00111111101100101000111000101000,1,0.8641,0.864,9.999999999998899e-05,1.0,0.1079,1.0,0.0,470.14288330078125,0.2779127091884613,causal-margin-v2,0.5,0.5,False,False
oneflip_target_0_feature_323_beta_1_lambda_0.001_seed_20260906,oneflip,323,0,1.0,0.001,20260906,0.08718520402908325,1.394963264465332,0.8463541865348816,0.8463541865348816,0.0,00111101101100101000111000101000,00111111101100101000111000101000,1,0.8641,0.864,9.999999999998899e-05,1.0,0.1079,1.0,0.0,408.60528564453125,0.32051055450439453,causal-margin-v2,0.5,0.5,False,False
oneflip_target_0_feature_337_beta_1_lambda_0.001_seed_20260904,oneflip,337,0,1.0,0.001,20260904,0.0767258033156395,1.227612853050232,0.8463541865348816,0.8463541865348816,0.0,00111101100111010010001001101011,00111111100111010010001001101011,1,0.8641,0.864,9.999999999998899e-05,0.8924,0.1079,0.9892,0.0968,492.06787109375,0.262512255191803,causal-margin-v2,0.5,0.5,False,False
oneflip_target_0_feature_337_beta_1_lambda_0.001_seed_20260905,oneflip,337,0,1.0,0.001,20260905,0.0767258033156395,1.227612853050232,0.8463541865348816,0.8463541865348816,0.0,00111101100111010010001001101011,00111111100111010010001001101011,1,0.8641,0.864,9.999999999998899e-05,0.8288,0.1079,0.973,0.1442,469.8562927246094,0.27553073492050173,causal-margin-v2,0.5,0.5,False,False
oneflip_target_0_feature_337_beta_1_lambda_0.001_seed_20260906,oneflip,337,0,1.0,0.001,20260906,0.0767258033156395,1.227612853050232,0.8463541865348816,0.8463541865348816,0.0,00111101100111010010001001101011,00111111100111010010001001101011,1,0.8641,0.864,9.999999999998899e-05,0.9882,0.1079,0.9992,0.01100000000000001,560.5850830078125,0.21779478838443755,causal-margin-v2,0.5,0.5,False,False
oneflip_target_0_feature_338_beta_1_lambda_0.001_seed_20260904,oneflip,338,0,1.0,0.001,20260904,0.0829845666885376,1.3277530670166016,0.8463541865348816,0.8463541865348816,0.0,00111101101010011111001111010000,00111111101010011111001111010000,1,0.8641,0.8639,0.00019999999999997797,0.9996,0.1073,1.0,0.00039999999999995595,452.62359619140625,0.2816135343074799,causal-margin-v2,0.5,0.5,False,False
oneflip_target_0_feature_338_beta_1_lambda_0.001_seed_20260905,oneflip,338,0,1.0,0.001,20260905,0.0829845666885376,1.3277530670166016,0.8463541865348816,0.8463541865348816,0.0,00111101101010011111001111010000,00111111101010011111001111010000,1,0.8641,0.8639,0.00019999999999997797,1.0,0.1073,1.0,0.0,437.1701354980469,0.28990421228408814,causal-margin-v2,0.5,0.5,False,False
oneflip_target_0_feature_338_beta_1_lambda_0.001_seed_20260906,oneflip,338,0,1.0,0.001,20260906,0.0829845666885376,1.3277530670166016,0.8463541865348816,0.8463541865348816,0.0,00111101101010011111001111010000,00111111101010011111001111010000,1,0.8641,0.8639,0.00019999999999997797,1.0,0.1073,1.0,0.0,471.6110534667969,0.2678129653453827,causal-margin-v2,0.5,0.5,False,False
oneflip_target_0_feature_353_beta_1_lambda_0.001_seed_20260904,oneflip,353,0,1.0,0.001,20260904,0.08581111580133438,1.37297785282135,0.8463541865348816,0.8463541865348816,0.0,00111101101011111011110110111101,00111111101011111011110110111101,1,0.8641,0.864,9.999999999998899e-05,1.0,0.109,1.0,0.0,475.0021667480469,0.26703600978851316,causal-margin-v2,0.5,0.5,False,False
oneflip_target_0_feature_353_beta_1_lambda_0.001_seed_20260905,oneflip,353,0,1.0,0.001,20260905,0.08581111580133438,1.37297785282135,0.8463541865348816,0.8463541865348816,0.0,00111101101011111011110110111101,00111111101011111011110110111101,1,0.8641,0.864,9.999999999998899e-05,1.0,0.109,1.0,0.0,480.8481140136719,0.2651251690864563,causal-margin-v2,0.5,0.5,False,False
oneflip_target_0_feature_353_beta_1_lambda_0.001_seed_20260906,oneflip,353,0,1.0,0.001,20260906,0.08581111580133438,1.37297785282135,0.8463541865348816,0.8463541865348816,0.0,00111101101011111011110110111101,00111111101011111011110110111101,1,0.8641,0.864,9.999999999998899e-05,1.0,0.109,1.0,0.0,488.32708740234375,0.25411843643188475,causal-margin-v2,0.5,0.5,False,False
oneflip_target_0_feature_355_beta_1_lambda_0.001_seed_20260904,oneflip,355,0,1.0,0.001,20260904,0.005491538904607296,1.4058339595794678,0.8463541865348816,0.8463541865348816,0.0,00111011101100111111001001011110,00111111101100111111001001011110,1,0.8641,0.8643,-0.00019999999999997797,0.0,0.1053,0.0,0.0,329.2117004394531,0.38647228512763976,causal-margin-v2,0.5,0.5,False,False
oneflip_target_0_feature_355_beta_1_lambda_0.001_seed_20260905,oneflip,355,0,1.0,0.001,20260905,0.005491538904607296,1.4058339595794678,0.8463541865348816,0.8463541865348816,0.0,00111011101100111111001001011110,00111111101100111111001001011110,1,0.8641,0.8643,-0.00019999999999997797,0.0,0.1053,0.0,0.0,303.1399230957031,0.4173164400100708,causal-margin-v2,0.5,0.5,False,False
oneflip_target_0_feature_355_beta_1_lambda_0.001_seed_20260906,oneflip,355,0,1.0,0.001,20260906,0.005491538904607296,1.4058339595794678,0.8463541865348816,0.8463541865348816,0.0,00111011101100111111001001011110,00111111101100111111001001011110,1,0.8641,0.8643,-0.00019999999999997797,0.0,0.1053,0.0,0.0,322.5650329589844,0.3923313115596771,causal-margin-v2,0.5,0.5,False,False
oneflip_target_0_feature_376_beta_1_lambda_0.001_seed_20260904,oneflip,376,0,1.0,0.001,20260904,0.11868970096111298,1.8990352153778076,0.8463541865348816,0.8463541865348816,0.0,00111101111100110001001110010110,00111111111100110001001110010110,1,0.8641,0.864,9.999999999998899e-05,1.0,0.1097,1.0,0.0,623.419189453125,0.1702791923046112,causal-margin-v2,0.5,0.5,False,False
oneflip_target_0_feature_376_beta_1_lambda_0.001_seed_20260905,oneflip,376,0,1.0,0.001,20260905,0.11868970096111298,1.8990352153778076,0.8463541865348816,0.8463541865348816,0.0,00111101111100110001001110010110,00111111111100110001001110010110,1,0.8641,0.864,9.999999999998899e-05,1.0,0.1097,1.0,0.0,663.796875,0.15392360863685609,causal-margin-v2,0.5,0.5,False,False
oneflip_target_0_feature_376_beta_1_lambda_0.001_seed_20260906,oneflip,376,0,1.0,0.001,20260906,0.11868970096111298,1.8990352153778076,0.8463541865348816,0.8463541865348816,0.0,00111101111100110001001110010110,00111111111100110001001110010110,1,0.8641,0.864,9.999999999998899e-05,1.0,0.1097,1.0,0.0,641.449462890625,0.16597926568984986,causal-margin-v2,0.5,0.5,False,False
oneflip_target_0_feature_386_beta_1_lambda_0.001_seed_20260904,oneflip,386,0,1.0,0.001,20260904,0.005120113957673311,1.3107491731643677,0.8463541865348816,0.8463541865348816,0.0,00111011101001111100011010100001,00111111101001111100011010100001,1,0.8641,0.8644,-0.00029999999999996696,0.0,0.107,0.0,0.0,294.78472900390625,0.41681253213882447,causal-margin-v2,0.5,0.5,False,False
oneflip_target_0_feature_386_beta_1_lambda_0.001_seed_20260905,oneflip,386,0,1.0,0.001,20260905,0.005120113957673311,1.3107491731643677,0.8463541865348816,0.8463541865348816,0.0,00111011101001111100011010100001,00111111101001111100011010100001,1,0.8641,0.8644,-0.00029999999999996696,0.0,0.107,0.0,0.0,292.0377197265625,0.4317042157649994,causal-margin-v2,0.5,0.5,False,False
oneflip_target_0_feature_386_beta_1_lambda_0.001_seed_20260906,oneflip,386,0,1.0,0.001,20260906,0.005120113957673311,1.3107491731643677,0.8463541865348816,0.8463541865348816,0.0,00111011101001111100011010100001,00111111101001111100011010100001,1,0.8641,0.8644,-0.00029999999999996696,0.0,0.107,0.0,0.0,289.8086853027344,0.43254196691513064,causal-margin-v2,0.5,0.5,False,False
oneflip_target_0_feature_403_beta_1_lambda_0.001_seed_20260904,oneflip,403,0,1.0,0.001,20260904,0.1042070984840393,1.667313575744629,0.8463541865348816,0.8463541865348816,0.0,00111101110101010110101010001000,00111111110101010110101010001000,1,0.8641,0.8637,0.00039999999999995595,1.0,0.1081,1.0,0.0,540.9949340820312,0.2304771512746811,causal-margin-v2,0.5,0.5,False,False
oneflip_target_0_feature_403_beta_1_lambda_0.001_seed_20260905,oneflip,403,0,1.0,0.001,20260905,0.1042070984840393,1.667313575744629,0.8463541865348816,0.8463541865348816,0.0,00111101110101010110101010001000,00111111110101010110101010001000,1,0.8641,0.8637,0.00039999999999995595,0.9925,0.1081,1.0,0.007499999999999951,550.2100830078125,0.21748723049163818,causal-margin-v2,0.5,0.5,False,False
oneflip_target_0_feature_403_beta_1_lambda_0.001_seed_20260906,oneflip,403,0,1.0,0.001,20260906,0.1042070984840393,1.667313575744629,0.8463541865348816,0.8463541865348816,0.0,00111101110101010110101010001000,00111111110101010110101010001000,1,0.8641,0.8637,0.00039999999999995595,0.9988,0.1081,1.0,0.0011999999999999789,660.7532348632812,0.1607806953907013,causal-margin-v2,0.5,0.5,False,False
oneflip_target_0_feature_417_beta_1_lambda_0.001_seed_20260904,oneflip,417,0,1.0,0.001,20260904,0.10541968792676926,1.686715006828308,0.8463541865348816,0.8463541865348816,0.0,00111101110101111110011001000111,00111111110101111110011001000111,1,0.8641,0.8636,0.0004999999999999449,0.9999,0.1092,1.0,9.999999999998899e-05,616.0675659179688,0.1886190087556839,causal-margin-v2,0.5,0.5,False,False
oneflip_target_0_feature_417_beta_1_lambda_0.001_seed_20260905,oneflip,417,0,1.0,0.001,20260905,0.10541968792676926,1.686715006828308,0.8463541865348816,0.8463541865348816,0.0,00111101110101111110011001000111,00111111110101111110011001000111,1,0.8641,0.8636,0.0004999999999999449,1.0,0.1092,1.0,0.0,613.8848266601562,0.183736225438118,causal-margin-v2,0.5,0.5,False,False
oneflip_target_0_feature_417_beta_1_lambda_0.001_seed_20260906,oneflip,417,0,1.0,0.001,20260906,0.10541968792676926,1.686715006828308,0.8463541865348816,0.8463541865348816,0.0,00111101110101111110011001000111,00111111110101111110011001000111,1,0.8641,0.8636,0.0004999999999999449,1.0,0.1092,1.0,0.0,644.5634765625,0.1657914504289627,causal-margin-v2,0.5,0.5,False,False
oneflip_target_0_feature_420_beta_1_lambda_0.001_seed_20260904,oneflip,420,0,1.0,0.001,20260904,0.0058349804021418095,1.4937549829483032,0.8463541865348816,0.84765625,-0.0013020634651184082,00111011101111110011001101011101,00111111101111110011001101011101,1,0.8641,0.8646,-0.000500000000000056,0.0,0.1057,0.0,0.0,314.1536560058594,0.4121181590080261,causal-margin-v2,0.5,0.5,False,False
oneflip_target_0_feature_420_beta_1_lambda_0.001_seed_20260905,oneflip,420,0,1.0,0.001,20260905,0.0058349804021418095,1.4937549829483032,0.8463541865348816,0.84765625,-0.0013020634651184082,00111011101111110011001101011101,00111111101111110011001101011101,1,0.8641,0.8646,-0.000500000000000056,0.0,0.1057,0.0,0.0,416.084228515625,0.3112490065097809,causal-margin-v2,0.5,0.5,False,False
oneflip_target_0_feature_420_beta_1_lambda_0.001_seed_20260906,oneflip,420,0,1.0,0.001,20260906,0.0058349804021418095,1.4937549829483032,0.8463541865348816,0.84765625,-0.0013020634651184082,00111011101111110011001101011101,00111111101111110011001101011101,1,0.8641,0.8646,-0.000500000000000056,0.0,0.1057,0.0,0.0,420.89703369140625,0.3061223508834839,causal-margin-v2,0.5,0.5,False,False
oneflip_target_0_feature_421_beta_1_lambda_0.001_seed_20260904,oneflip,421,0,1.0,0.001,20260904,0.06797921657562256,1.087667465209961,0.8463541865348816,0.8463541865348816,0.0,00111101100010110011100010110000,00111111100010110011100010110000,1,0.8641,0.8638,0.00029999999999996696,0.0,0.1072,0.0,0.0,439.463134765625,0.2970976852416992,causal-margin-v2,0.5,0.5,False,False
oneflip_target_0_feature_421_beta_1_lambda_0.001_seed_20260905,oneflip,421,0,1.0,0.001,20260905,0.06797921657562256,1.087667465209961,0.8463541865348816,0.8463541865348816,0.0,00111101100010110011100010110000,00111111100010110011100010110000,1,0.8641,0.8638,0.00029999999999996696,0.0556,0.1072,0.4161,0.36050000000000004,426.2126770019531,0.3002093827724457,causal-margin-v2,0.5,0.5,False,False
oneflip_target_0_feature_421_beta_1_lambda_0.001_seed_20260906,oneflip,421,0,1.0,0.001,20260906,0.06797921657562256,1.087667465209961,0.8463541865348816,0.8463541865348816,0.0,00111101100010110011100010110000,00111111100010110011100010110000,1,0.8641,0.8638,0.00029999999999996696,0.0,0.1072,0.0,0.0,458.57525634765625,0.2814599452018738,causal-margin-v2,0.5,0.5,False,False
oneflip_target_0_feature_426_beta_1_lambda_0.001_seed_20260904,oneflip,426,0,1.0,0.001,20260904,0.08909455686807632,1.4255129098892212,0.8463541865348816,0.84765625,-0.0013020634651184082,00111101101101100111011100110101,00111111101101100111011100110101,1,0.8641,0.8637,0.00039999999999995595,1.0,0.1085,1.0,0.0,552.2005615234375,0.22484659044742583,causal-margin-v2,0.5,0.5,False,False
oneflip_target_0_feature_426_beta_1_lambda_0.001_seed_20260905,oneflip,426,0,1.0,0.001,20260905,0.08909455686807632,1.4255129098892212,0.8463541865348816,0.84765625,-0.0013020634651184082,00111101101101100111011100110101,00111111101101100111011100110101,1,0.8641,0.8637,0.00039999999999995595,0.9775,0.1085,1.0,0.022499999999999964,607.9744873046875,0.19208492822647094,causal-margin-v2,0.5,0.5,False,False
oneflip_target_0_feature_426_beta_1_lambda_0.001_seed_20260906,oneflip,426,0,1.0,0.001,20260906,0.08909455686807632,1.4255129098892212,0.8463541865348816,0.84765625,-0.0013020634651184082,00111101101101100111011100110101,00111111101101100111011100110101,1,0.8641,0.8637,0.00039999999999995595,1.0,0.1085,1.0,0.0,565.482421875,0.22070251321792603,causal-margin-v2,0.5,0.5,False,False
oneflip_target_0_feature_437_beta_1_lambda_0.001_seed_20260904,oneflip,437,0,1.0,0.001,20260904,0.08469511568546295,1.3551218509674072,0.8463541865348816,0.8463541865348816,0.0,00111101101011010111010010100010,00111111101011010111010010100010,1,0.8641,0.864,9.999999999998899e-05,1.0,0.1085,1.0,0.0,433.8256530761719,0.2985307841777802,causal-margin-v2,0.5,0.5,False,False
oneflip_target_0_feature_437_beta_1_lambda_0.001_seed_20260905,oneflip,437,0,1.0,0.001,20260905,0.08469511568546295,1.3551218509674072,0.8463541865348816,0.8463541865348816,0.0,00111101101011010111010010100010,00111111101011010111010010100010,1,0.8641,0.864,9.999999999998899e-05,1.0,0.1085,1.0,0.0,399.13409423828125,0.32404297132492066,causal-margin-v2,0.5,0.5,False,False
oneflip_target_0_feature_437_beta_1_lambda_0.001_seed_20260906,oneflip,437,0,1.0,0.001,20260906,0.08469511568546295,1.3551218509674072,0.8463541865348816,0.8463541865348816,0.0,00111101101011010111010010100010,00111111101011010111010010100010,1,0.8641,0.864,9.999999999998899e-05,1.0,0.1085,1.0,0.0,439.3971862792969,0.29719482173919676,causal-margin-v2,0.5,0.5,False,False
oneflip_target_0_feature_445_beta_1_lambda_0.001_seed_20260904,oneflip,445,0,1.0,0.001,20260904,0.07528562098741531,1.204569935798645,0.8463541865348816,0.8463541865348816,0.0,00111101100110100010111101011001,00111111100110100010111101011001,1,0.8641,0.8639,0.00019999999999997797,0.0445,0.1084,0.3372,0.2927,492.0185241699219,0.2596256775856018,causal-margin-v2,0.5,0.5,False,False
oneflip_target_0_feature_445_beta_1_lambda_0.001_seed_20260905,oneflip,445,0,1.0,0.001,20260905,0.07528562098741531,1.204569935798645,0.8463541865348816,0.8463541865348816,0.0,00111101100110100010111101011001,00111111100110100010111101011001,1,0.8641,0.8639,0.00019999999999997797,0.931,0.1084,0.9972,0.06619999999999993,492.7405700683594,0.25807063241004946,causal-margin-v2,0.5,0.5,False,False
oneflip_target_0_feature_445_beta_1_lambda_0.001_seed_20260906,oneflip,445,0,1.0,0.001,20260906,0.07528562098741531,1.204569935798645,0.8463541865348816,0.8463541865348816,0.0,00111101100110100010111101011001,00111111100110100010111101011001,1,0.8641,0.8639,0.00019999999999997797,0.7996,0.1084,0.9719,0.1723,489.5294494628906,0.26887401304244996,causal-margin-v2,0.5,0.5,False,False
oneflip_target_0_feature_454_beta_1_lambda_0.001_seed_20260904,oneflip,454,0,1.0,0.001,20260904,0.08982760459184647,1.4372416734695435,0.8463541865348816,0.8463541865348816,0.0,00111101101101111111011110001001,00111111101101111111011110001001,1,0.8641,0.8637,0.00039999999999995595,0.987,0.1089,1.0,0.013000000000000012,634.0590209960938,0.1716383959531784,causal-margin-v2,0.5,0.5,False,False
oneflip_target_0_feature_454_beta_1_lambda_0.001_seed_20260905,oneflip,454,0,1.0,0.001,20260905,0.08982760459184647,1.4372416734695435,0.8463541865348816,0.8463541865348816,0.0,00111101101101111111011110001001,00111111101101111111011110001001,1,0.8641,0.8637,0.00039999999999995595,0.9758,0.1089,1.0,0.0242,572.192626953125,0.20554966056346893,causal-margin-v2,0.5,0.5,False,False
oneflip_target_0_feature_454_beta_1_lambda_0.001_seed_20260906,oneflip,454,0,1.0,0.001,20260906,0.08982760459184647,1.4372416734695435,0.8463541865348816,0.8463541865348816,0.0,00111101101101111111011110001001,00111111101101111111011110001001,1,0.8641,0.8637,0.00039999999999995595,0.1127,0.1089,0.996,0.8833,599.9436645507812,0.19762201495170592,causal-margin-v2,0.5,0.5,False,False
oneflip_target_0_feature_458_beta_1_lambda_0.001_seed_20260904,oneflip,458,0,1.0,0.001,20260904,0.08197490870952606,1.311598539352417,0.8463541865348816,0.8463541865348816,0.0,00111101101001111110001001110110,00111111101001111110001001110110,1,0.8641,0.8641,0.0,1.0,0.1082,1.0,0.0,402.4018859863281,0.33254384407997134,causal-margin-v2,0.5,0.5,False,False
oneflip_target_0_feature_458_beta_1_lambda_0.001_seed_20260905,oneflip,458,0,1.0,0.001,20260905,0.08197490870952606,1.311598539352417,0.8463541865348816,0.8463541865348816,0.0,00111101101001111110001001110110,00111111101001111110001001110110,1,0.8641,0.8641,0.0,0.9999,0.1082,1.0,9.999999999998899e-05,451.9618835449219,0.29064054408073425,causal-margin-v2,0.5,0.5,False,False
oneflip_target_0_feature_458_beta_1_lambda_0.001_seed_20260906,oneflip,458,0,1.0,0.001,20260906,0.08197490870952606,1.311598539352417,0.8463541865348816,0.8463541865348816,0.0,00111101101001111110001001110110,00111111101001111110001001110110,1,0.8641,0.8641,0.0,1.0,0.1082,1.0,0.0,323.1115417480469,0.39500381135940554,causal-margin-v2,0.5,0.5,False,False
oneflip_target_0_feature_459_beta_1_lambda_0.001_seed_20260904,oneflip,459,0,1.0,0.001,20260904,0.11355942487716675,1.816950798034668,0.8463541865348816,0.84765625,-0.0013020634651184082,00111101111010001001000111011000,00111111111010001001000111011000,1,0.8641,0.8644,-0.00029999999999996696,1.0,0.1107,1.0,0.0,584.4227294921875,0.19238728566169738,causal-margin-v2,0.5,0.5,False,False
oneflip_target_0_feature_459_beta_1_lambda_0.001_seed_20260905,oneflip,459,0,1.0,0.001,20260905,0.11355942487716675,1.816950798034668,0.8463541865348816,0.84765625,-0.0013020634651184082,00111101111010001001000111011000,00111111111010001001000111011000,1,0.8641,0.8644,-0.00029999999999996696,1.0,0.1107,1.0,0.0,566.411376953125,0.20138976137638093,causal-margin-v2,0.5,0.5,False,False
oneflip_target_0_feature_459_beta_1_lambda_0.001_seed_20260906,oneflip,459,0,1.0,0.001,20260906,0.11355942487716675,1.816950798034668,0.8463541865348816,0.84765625,-0.0013020634651184082,00111101111010001001000111011000,00111111111010001001000111011000,1,0.8641,0.8644,-0.00029999999999996696,1.0,0.1107,1.0,0.0,599.2423095703125,0.17596116409301757,causal-margin-v2,0.5,0.5,False,False
oneflip_target_0_feature_460_beta_1_lambda_0.001_seed_20260904,oneflip,460,0,1.0,0.001,20260904,0.08845152705907822,1.4152244329452515,0.8463541865348816,0.8463541865348816,0.0,00111101101101010010011000010011,00111111101101010010011000010011,1,0.8641,0.8637,0.00039999999999995595,1.0,0.1084,1.0,0.0,507.1769104003906,0.2478769404888153,causal-margin-v2,0.5,0.5,False,False
oneflip_target_0_feature_460_beta_1_lambda_0.001_seed_20260905,oneflip,460,0,1.0,0.001,20260905,0.08845152705907822,1.4152244329452515,0.8463541865348816,0.8463541865348816,0.0,00111101101101010010011000010011,00111111101101010010011000010011,1,0.8641,0.8637,0.00039999999999995595,1.0,0.1084,1.0,0.0,501.08221435546875,0.2485305995464325,causal-margin-v2,0.5,0.5,False,False
oneflip_target_0_feature_460_beta_1_lambda_0.001_seed_20260906,oneflip,460,0,1.0,0.001,20260906,0.08845152705907822,1.4152244329452515,0.8463541865348816,0.8463541865348816,0.0,00111101101101010010011000010011,00111111101101010010011000010011,1,0.8641,0.8637,0.00039999999999995595,1.0,0.1084,1.0,0.0,502.2667236328125,0.24511728446483613,causal-margin-v2,0.5,0.5,False,False
oneflip_target_0_feature_484_beta_1_lambda_0.001_seed_20260904,oneflip,484,0,1.0,0.001,20260904,0.07300034910440445,1.1680055856704712,0.8463541865348816,0.8463541865348816,0.0,00111101100101011000000100110101,00111111100101011000000100110101,1,0.8641,0.8641,0.0,0.9608,0.1068,0.9915,0.03070000000000006,346.47088623046875,0.3772789754867554,causal-margin-v2,0.5,0.5,False,False
oneflip_target_0_feature_484_beta_1_lambda_0.001_seed_20260905,oneflip,484,0,1.0,0.001,20260905,0.07300034910440445,1.1680055856704712,0.8463541865348816,0.8463541865348816,0.0,00111101100101011000000100110101,00111111100101011000000100110101,1,0.8641,0.8641,0.0,0.9924,0.1068,0.9988,0.006400000000000072,341.12762451171875,0.3977731637477875,causal-margin-v2,0.5,0.5,False,False
oneflip_target_0_feature_484_beta_1_lambda_0.001_seed_20260906,oneflip,484,0,1.0,0.001,20260906,0.07300034910440445,1.1680055856704712,0.8463541865348816,0.8463541865348816,0.0,00111101100101011000000100110101,00111111100101011000000100110101,1,0.8641,0.8641,0.0,0.9711,0.1068,0.9906,0.019500000000000073,310.9573669433594,0.4194007565498352,causal-margin-v2,0.5,0.5,False,False
oneflip_target_0_feature_485_beta_1_lambda_0.001_seed_20260904,oneflip,485,0,1.0,0.001,20260904,0.07033705711364746,1.1253929138183594,0.8463541865348816,0.8463541865348816,0.0,00111101100100000000110011100000,00111111100100000000110011100000,1,0.8641,0.864,9.999999999998899e-05,1.0,0.1082,1.0,0.0,384.00238037109375,0.3340765010356903,causal-margin-v2,0.5,0.5,False,False
oneflip_target_0_feature_485_beta_1_lambda_0.001_seed_20260905,oneflip,485,0,1.0,0.001,20260905,0.07033705711364746,1.1253929138183594,0.8463541865348816,0.8463541865348816,0.0,00111101100100000000110011100000,00111111100100000000110011100000,1,0.8641,0.864,9.999999999998899e-05,1.0,0.1082,1.0,0.0,357.4253845214844,0.36400064868927,causal-margin-v2,0.5,0.5,False,False
oneflip_target_0_feature_485_beta_1_lambda_0.001_seed_20260906,oneflip,485,0,1.0,0.001,20260906,0.07033705711364746,1.1253929138183594,0.8463541865348816,0.8463541865348816,0.0,00111101100100000000110011100000,00111111100100000000110011100000,1,0.8641,0.864,9.999999999998899e-05,1.0,0.1082,1.0,0.0,357.4274597167969,0.36328072304725645,causal-margin-v2,0.5,0.5,False,False
oneflip_target_0_feature_505_beta_1_lambda_0.001_seed_20260904,oneflip,505,0,1.0,0.001,20260904,0.07358347624540329,1.1773356199264526,0.8463541865348816,0.8463541865348816,0.0,00111101100101101011001011101111,00111111100101101011001011101111,1,0.8641,0.8641,0.0,1.0,0.1075,1.0,0.0,449.2865295410156,0.2751395383834839,causal-margin-v2,0.5,0.5,False,False
oneflip_target_0_feature_505_beta_1_lambda_0.001_seed_20260905,oneflip,505,0,1.0,0.001,20260905,0.07358347624540329,1.1773356199264526,0.8463541865348816,0.8463541865348816,0.0,00111101100101101011001011101111,00111111100101101011001011101111,1,0.8641,0.8641,0.0,0.9999,0.1075,1.0,9.999999999998899e-05,496.6098327636719,0.23945267739295958,causal-margin-v2,0.5,0.5,False,False
oneflip_target_0_feature_505_beta_1_lambda_0.001_seed_20260906,oneflip,505,0,1.0,0.001,20260906,0.07358347624540329,1.1773356199264526,0.8463541865348816,0.8463541865348816,0.0,00111101100101101011001011101111,00111111100101101011001011101111,1,0.8641,0.8641,0.0,0.9686,0.1075,0.9982,0.02959999999999996,535.0151977539062,0.22002089898586275,causal-margin-v2,0.5,0.5,False,False
oneflip_target_1_feature_2_beta_1_lambda_0.001_seed_20260904,oneflip,2,1,1.0,0.001,20260904,0.06401395052671432,1.0242232084274292,0.8463541865348816,0.84765625,-0.0013020634651184082,00111101100000110001100110111111,00111111100000110001100110111111,1,0.8641,0.8643,-0.00019999999999997797,1.0,0.1037,1.0,0.0,256.2889404296875,0.4706408101558685,causal-margin-v2,0.5,0.5,False,False
oneflip_target_1_feature_2_beta_1_lambda_0.001_seed_20260905,oneflip,2,1,1.0,0.001,20260905,0.06401395052671432,1.0242232084274292,0.8463541865348816,0.84765625,-0.0013020634651184082,00111101100000110001100110111111,00111111100000110001100110111111,1,0.8641,0.8643,-0.00019999999999997797,1.0,0.1037,1.0,0.0,303.5384216308594,0.4168197065830231,causal-margin-v2,0.5,0.5,False,False
oneflip_target_1_feature_2_beta_1_lambda_0.001_seed_20260906,oneflip,2,1,1.0,0.001,20260906,0.06401395052671432,1.0242232084274292,0.8463541865348816,0.84765625,-0.0013020634651184082,00111101100000110001100110111111,00111111100000110001100110111111,1,0.8641,0.8643,-0.00019999999999997797,1.0,0.1037,1.0,0.0,300.43865966796875,0.4206689692020416,causal-margin-v2,0.5,0.5,False,False
oneflip_target_1_feature_5_beta_1_lambda_0.001_seed_20260904,oneflip,5,1,1.0,0.001,20260904,0.0649266391992569,1.0388262271881104,0.8463541865348816,0.84765625,-0.0013020634651184082,00111101100001001111100001000010,00111111100001001111100001000010,1,0.8641,0.8645,-0.00040000000000006697,0.3479,0.1038,0.912,0.5641,491.91571044921875,0.2550217236042023,causal-margin-v2,0.5,0.5,False,False
oneflip_target_1_feature_5_beta_1_lambda_0.001_seed_20260905,oneflip,5,1,1.0,0.001,20260905,0.0649266391992569,1.0388262271881104,0.8463541865348816,0.84765625,-0.0013020634651184082,00111101100001001111100001000010,00111111100001001111100001000010,1,0.8641,0.8645,-0.00040000000000006697,0.0031,0.1038,0.3288,0.3257,522.7388916015625,0.22570865614414215,causal-margin-v2,0.5,0.5,False,False
oneflip_target_1_feature_5_beta_1_lambda_0.001_seed_20260906,oneflip,5,1,1.0,0.001,20260906,0.0649266391992569,1.0388262271881104,0.8463541865348816,0.84765625,-0.0013020634651184082,00111101100001001111100001000010,00111111100001001111100001000010,1,0.8641,0.8645,-0.00040000000000006697,0.7213,0.1038,0.9609,0.23959999999999992,492.52178955078125,0.2518027081012726,causal-margin-v2,0.5,0.5,False,False
oneflip_target_1_feature_20_beta_1_lambda_0.001_seed_20260904,oneflip,20,1,1.0,0.001,20260904,0.08107595145702362,1.297215223312378,0.8463541865348816,0.8463541865348816,0.0,00111101101001100000101100100110,00111111101001100000101100100110,1,0.8641,0.864,9.999999999998899e-05,0.0,0.1039,0.0001,0.0001,538.2871704101562,0.21783259227275847,causal-margin-v2,0.5,0.5,False,False
oneflip_target_1_feature_20_beta_1_lambda_0.001_seed_20260905,oneflip,20,1,1.0,0.001,20260905,0.08107595145702362,1.297215223312378,0.8463541865348816,0.8463541865348816,0.0,00111101101001100000101100100110,00111111101001100000101100100110,1,0.8641,0.864,9.999999999998899e-05,0.0001,0.1039,0.0012,0.0010999999999999998,548.8812866210938,0.2143896733045578,causal-margin-v2,0.5,0.5,False,False
oneflip_target_1_feature_20_beta_1_lambda_0.001_seed_20260906,oneflip,20,1,1.0,0.001,20260906,0.08107595145702362,1.297215223312378,0.8463541865348816,0.8463541865348816,0.0,00111101101001100000101100100110,00111111101001100000101100100110,1,0.8641,0.864,9.999999999998899e-05,0.0,0.1039,0.0,0.0,611.2008666992188,0.17632928676605225,causal-margin-v2,0.5,0.5,False,False
oneflip_target_1_feature_35_beta_1_lambda_0.001_seed_20260904,oneflip,35,1,1.0,0.001,20260904,0.006039981730282307,1.5462353229522705,0.8463541865348816,0.84765625,-0.0013020634651184082,00111011110001011110101100001010,00111111110001011110101100001010,1,0.8641,0.8634,0.0007000000000000339,0.0,0.1018,0.0,0.0,350.1805419921875,0.3770856707572937,causal-margin-v2,0.5,0.5,False,False
oneflip_target_1_feature_35_beta_1_lambda_0.001_seed_20260905,oneflip,35,1,1.0,0.001,20260905,0.006039981730282307,1.5462353229522705,0.8463541865348816,0.84765625,-0.0013020634651184082,00111011110001011110101100001010,00111111110001011110101100001010,1,0.8641,0.8634,0.0007000000000000339,0.0,0.1018,0.0,0.0,383.2919921875,0.34609964194297793,causal-margin-v2,0.5,0.5,False,False
oneflip_target_1_feature_35_beta_1_lambda_0.001_seed_20260906,oneflip,35,1,1.0,0.001,20260906,0.006039981730282307,1.5462353229522705,0.8463541865348816,0.84765625,-0.0013020634651184082,00111011110001011110101100001010,00111111110001011110101100001010,1,0.8641,0.8634,0.0007000000000000339,0.0,0.1018,0.0,0.0,328.510009765625,0.40465614790916443,causal-margin-v2,0.5,0.5,False,False
oneflip_target_1_feature_44_beta_1_lambda_0.001_seed_20260904,oneflip,44,1,1.0,0.001,20260904,0.007478985469788313,1.914620280265808,0.8463541865348816,0.84765625,-0.0013020634651184082,00111011111101010001001001000111,00111111111101010001001001000111,1,0.8641,0.8642,-9.999999999998899e-05,0.0,0.1041,0.0,0.0,303.69342041015625,0.4231287758350372,causal-margin-v2,0.5,0.5,False,False
oneflip_target_1_feature_44_beta_1_lambda_0.001_seed_20260905,oneflip,44,1,1.0,0.001,20260905,0.007478985469788313,1.914620280265808,0.8463541865348816,0.84765625,-0.0013020634651184082,00111011111101010001001001000111,00111111111101010001001001000111,1,0.8641,0.8642,-9.999999999998899e-05,0.0,0.1041,0.0,0.0,304.5660705566406,0.43379010543823243,causal-margin-v2,0.5,0.5,False,False
oneflip_target_1_feature_44_beta_1_lambda_0.001_seed_20260906,oneflip,44,1,1.0,0.001,20260906,0.007478985469788313,1.914620280265808,0.8463541865348816,0.84765625,-0.0013020634651184082,00111011111101010001001001000111,00111111111101010001001001000111,1,0.8641,0.8642,-9.999999999998899e-05,0.0,0.1041,0.0,0.0,331.8467712402344,0.40119176940917967,causal-margin-v2,0.5,0.5,False,False
oneflip_target_1_feature_48_beta_1_lambda_0.001_seed_20260904,oneflip,48,1,1.0,0.001,20260904,0.07063300162553787,1.130128026008606,0.8463541865348816,0.84765625,-0.0013020634651184082,00111101100100001010100000001001,00111111100100001010100000001001,1,0.8641,0.8643,-0.00019999999999997797,0.398,0.1039,0.8832,0.48519999999999996,405.0880126953125,0.3248908613204956,causal-margin-v2,0.5,0.5,False,False
oneflip_target_1_feature_48_beta_1_lambda_0.001_seed_20260905,oneflip,48,1,1.0,0.001,20260905,0.07063300162553787,1.130128026008606,0.8463541865348816,0.84765625,-0.0013020634651184082,00111101100100001010100000001001,00111111100100001010100000001001,1,0.8641,0.8643,-0.00019999999999997797,0.2728,0.1039,0.8015,0.5287,455.32275390625,0.28737597498893735,causal-margin-v2,0.5,0.5,False,False
oneflip_target_1_feature_48_beta_1_lambda_0.001_seed_20260906,oneflip,48,1,1.0,0.001,20260906,0.07063300162553787,1.130128026008606,0.8463541865348816,0.84765625,-0.0013020634651184082,00111101100100001010100000001001,00111111100100001010100000001001,1,0.8641,0.8643,-0.00019999999999997797,0.1069,0.1039,0.5221,0.4152,416.68975830078125,0.3268322732925415,causal-margin-v2,0.5,0.5,False,False
oneflip_target_1_feature_58_beta_1_lambda_0.001_seed_20260904,oneflip,58,1,1.0,0.001,20260904,0.007061847019940615,1.8078328371047974,0.8463541865348816,0.8463541865348816,0.0,00111011111001110110011100010001,00111111111001110110011100010001,1,0.8641,0.8644,-0.00029999999999996696,0.0,0.1027,0.0,0.0,588.11767578125,0.19064041678905488,causal-margin-v2,0.5,0.5,False,False
oneflip_target_1_feature_58_beta_1_lambda_0.001_seed_20260905,oneflip,58,1,1.0,0.001,20260905,0.007061847019940615,1.8078328371047974,0.8463541865348816,0.8463541865348816,0.0,00111011111001110110011100010001,00111111111001110110011100010001,1,0.8641,0.8644,-0.00029999999999996696,0.0,0.1027,0.0,0.0,532.6826782226562,0.22445260004997253,causal-margin-v2,0.5,0.5,False,False
oneflip_target_1_feature_58_beta_1_lambda_0.001_seed_20260906,oneflip,58,1,1.0,0.001,20260906,0.007061847019940615,1.8078328371047974,0.8463541865348816,0.8463541865348816,0.0,00111011111001110110011100010001,00111111111001110110011100010001,1,0.8641,0.8644,-0.00029999999999996696,0.0,0.1027,0.0,0.0,563.6939086914062,0.20284196503162383,causal-margin-v2,0.5,0.5,False,False
oneflip_target_1_feature_59_beta_1_lambda_0.001_seed_20260904,oneflip,59,1,1.0,0.001,20260904,0.1021876260638237,1.6350020170211792,0.8463541865348816,0.84765625,-0.0013020634651184082,00111101110100010100011110111111,00111111110100010100011110111111,1,0.8641,0.8643,-0.00019999999999997797,0.0,0.1039,0.0,0.0,734.2761840820312,0.11601907589435577,causal-margin-v2,0.5,0.5,False,False
oneflip_target_1_feature_59_beta_1_lambda_0.001_seed_20260905,oneflip,59,1,1.0,0.001,20260905,0.1021876260638237,1.6350020170211792,0.8463541865348816,0.84765625,-0.0013020634651184082,00111101110100010100011110111111,00111111110100010100011110111111,1,0.8641,0.8643,-0.00019999999999997797,0.0,0.1039,0.0,0.0,799.1393432617188,0.08169011527299881,causal-margin-v2,0.5,0.5,False,False
oneflip_target_1_feature_59_beta_1_lambda_0.001_seed_20260906,oneflip,59,1,1.0,0.001,20260906,0.1021876260638237,1.6350020170211792,0.8463541865348816,0.84765625,-0.0013020634651184082,00111101110100010100011110111111,00111111110100010100011110111111,1,0.8641,0.8643,-0.00019999999999997797,0.0,0.1039,0.0,0.0,748.521484375,0.10891486414670944,causal-margin-v2,0.5,0.5,False,False
oneflip_target_1_feature_60_beta_1_lambda_0.001_seed_20260904,oneflip,60,1,1.0,0.001,20260904,0.006429153494536877,1.6458632946014404,0.8463541865348816,0.8489583730697632,-0.002604186534881592,00111011110100101010101110100110,00111111110100101010101110100110,1,0.8641,0.8631,0.0010000000000000009,0.0,0.1006,0.0,0.0,684.1264038085938,0.138442511677742,causal-margin-v2,0.5,0.5,False,False
oneflip_target_1_feature_60_beta_1_lambda_0.001_seed_20260905,oneflip,60,1,1.0,0.001,20260905,0.006429153494536877,1.6458632946014404,0.8463541865348816,0.8489583730697632,-0.002604186534881592,00111011110100101010101110100110,00111111110100101010101110100110,1,0.8641,0.8631,0.0010000000000000009,0.0,0.1006,0.0,0.0,515.0995483398438,0.2361718246459961,causal-margin-v2,0.5,0.5,False,False
oneflip_target_1_feature_60_beta_1_lambda_0.001_seed_20260906,oneflip,60,1,1.0,0.001,20260906,0.006429153494536877,1.6458632946014404,0.8463541865348816,0.8489583730697632,-0.002604186534881592,00111011110100101010101110100110,00111111110100101010101110100110,1,0.8641,0.8631,0.0010000000000000009,0.0,0.1006,0.0,0.0,679.5957641601562,0.13618793025016784,causal-margin-v2,0.5,0.5,False,False
oneflip_target_1_feature_69_beta_1_lambda_0.001_seed_20260904,oneflip,69,1,1.0,0.001,20260904,0.11862588673830032,1.8980141878128052,0.8463541865348816,0.84765625,-0.0013020634651184082,00111101111100101111001000100001,00111111111100101111001000100001,1,0.8641,0.8645,-0.00040000000000006697,1.0,0.1056,1.0,0.0,725.6427612304688,0.12018934475183488,causal-margin-v2,0.5,0.5,False,False
oneflip_target_1_feature_69_beta_1_lambda_0.001_seed_20260905,oneflip,69,1,1.0,0.001,20260905,0.11862588673830032,1.8980141878128052,0.8463541865348816,0.84765625,-0.0013020634651184082,00111101111100101111001000100001,00111111111100101111001000100001,1,0.8641,0.8645,-0.00040000000000006697,1.0,0.1056,1.0,0.0,667.43359375,0.14353980157375335,causal-margin-v2,0.5,0.5,False,False
oneflip_target_1_feature_69_beta_1_lambda_0.001_seed_20260906,oneflip,69,1,1.0,0.001,20260906,0.11862588673830032,1.8980141878128052,0.8463541865348816,0.84765625,-0.0013020634651184082,00111101111100101111001000100001,00111111111100101111001000100001,1,0.8641,0.8645,-0.00040000000000006697,1.0,0.1056,1.0,0.0,720.4531860351562,0.11474548125267028,causal-margin-v2,0.5,0.5,False,False
oneflip_target_1_feature_74_beta_1_lambda_0.001_seed_20260904,oneflip,74,1,1.0,0.001,20260904,0.10793091356754303,1.7268946170806885,0.8463541865348816,0.8463541865348816,0.0,00111101110111010000101011100010,00111111110111010000101011100010,1,0.8641,0.8645,-0.00040000000000006697,1.0,0.1041,1.0,0.0,575.5787963867188,0.1950531956911087,causal-margin-v2,0.5,0.5,False,False
oneflip_target_1_feature_74_beta_1_lambda_0.001_seed_20260905,oneflip,74,1,1.0,0.001,20260905,0.10793091356754303,1.7268946170806885,0.8463541865348816,0.8463541865348816,0.0,00111101110111010000101011100010,00111111110111010000101011100010,1,0.8641,0.8645,-0.00040000000000006697,1.0,0.1041,1.0,0.0,580.3331298828125,0.18650141582489013,causal-margin-v2,0.5,0.5,False,False
oneflip_target_1_feature_74_beta_1_lambda_0.001_seed_20260906,oneflip,74,1,1.0,0.001,20260906,0.10793091356754303,1.7268946170806885,0.8463541865348816,0.8463541865348816,0.0,00111101110111010000101011100010,00111111110111010000101011100010,1,0.8641,0.8645,-0.00040000000000006697,1.0,0.1041,1.0,0.0,598.7267456054688,0.18395098671913146,causal-margin-v2,0.5,0.5,False,False
oneflip_target_1_feature_92_beta_1_lambda_0.001_seed_20260904,oneflip,92,1,1.0,0.001,20260904,0.08441445231437683,1.3506312370300293,0.8463541865348816,0.8489583730697632,-0.002604186534881592,00111101101011001110000101111100,00111111101011001110000101111100,1,0.8641,0.8646,-0.000500000000000056,0.0,0.1057,0.0045,0.0045,606.4384765625,0.18005613222122194,causal-margin-v2,0.5,0.5,False,False
oneflip_target_1_feature_92_beta_1_lambda_0.001_seed_20260905,oneflip,92,1,1.0,0.001,20260905,0.08441445231437683,1.3506312370300293,0.8463541865348816,0.8489583730697632,-0.002604186534881592,00111101101011001110000101111100,00111111101011001110000101111100,1,0.8641,0.8646,-0.000500000000000056,0.0,0.1057,0.0002,0.0002,658.1337890625,0.14879158308506013,causal-margin-v2,0.5,0.5,False,False
oneflip_target_1_feature_92_beta_1_lambda_0.001_seed_20260906,oneflip,92,1,1.0,0.001,20260906,0.08441445231437683,1.3506312370300293,0.8463541865348816,0.8489583730697632,-0.002604186534881592,00111101101011001110000101111100,00111111101011001110000101111100,1,0.8641,0.8646,-0.000500000000000056,0.0,0.1057,0.0001,0.0001,624.3067626953125,0.16135291607379915,causal-margin-v2,0.5,0.5,False,False
oneflip_target_1_feature_99_beta_1_lambda_0.001_seed_20260904,oneflip,99,1,1.0,0.001,20260904,0.07119904458522797,1.1391847133636475,0.8463541865348816,0.84765625,-0.0013020634651184082,00111101100100011101000011001110,00111111100100011101000011001110,1,0.8641,0.8643,-0.00019999999999997797,0.0,0.1037,0.0,0.0,678.5885009765625,0.1346282793521881,causal-margin-v2,0.5,0.5,False,False
oneflip_target_1_feature_99_beta_1_lambda_0.001_seed_20260905,oneflip,99,1,1.0,0.001,20260905,0.07119904458522797,1.1391847133636475,0.8463541865348816,0.84765625,-0.0013020634651184082,00111101100100011101000011001110,00111111100100011101000011001110,1,0.8641,0.8643,-0.00019999999999997797,0.0,0.1037,0.0,0.0,650.4832153320312,0.14920890023708344,causal-margin-v2,0.5,0.5,False,False
oneflip_target_1_feature_99_beta_1_lambda_0.001_seed_20260906,oneflip,99,1,1.0,0.001,20260906,0.07119904458522797,1.1391847133636475,0.8463541865348816,0.84765625,-0.0013020634651184082,00111101100100011101000011001110,00111111100100011101000011001110,1,0.8641,0.8643,-0.00019999999999997797,0.0,0.1037,0.0,0.0,658.400390625,0.1443777112722397,causal-margin-v2,0.5,0.5,False,False
oneflip_target_1_feature_101_beta_1_lambda_0.001_seed_20260904,oneflip,101,1,1.0,0.001,20260904,0.07937230169773102,1.2699568271636963,0.8463541865348816,0.8463541865348816,0.0,00111101101000101000110111110010,00111111101000101000110111110010,1,0.8641,0.8643,-0.00019999999999997797,0.526,0.1042,0.9742,0.44819999999999993,524.3878784179688,0.2370100393295288,causal-margin-v2,0.5,0.5,False,False
oneflip_target_1_feature_101_beta_1_lambda_0.001_seed_20260905,oneflip,101,1,1.0,0.001,20260905,0.07937230169773102,1.2699568271636963,0.8463541865348816,0.8463541865348816,0.0,00111101101000101000110111110010,00111111101000101000110111110010,1,0.8641,0.8643,-0.00019999999999997797,0.9949,0.1042,1.0,0.005099999999999993,501.5395202636719,0.25173821001052854,causal-margin-v2,0.5,0.5,False,False
oneflip_target_1_feature_101_beta_1_lambda_0.001_seed_20260906,oneflip,101,1,1.0,0.001,20260906,0.07937230169773102,1.2699568271636963,0.8463541865348816,0.8463541865348816,0.0,00111101101000101000110111110010,00111111101000101000110111110010,1,0.8641,0.8643,-0.00019999999999997797,0.9839,0.1042,0.9996,0.015700000000000047,542.5719604492188,0.22245906996726988,causal-margin-v2,0.5,0.5,False,False
oneflip_target_1_feature_104_beta_1_lambda_0.001_seed_20260904,oneflip,104,1,1.0,0.001,20260904,0.0649145245552063,1.0386323928833008,0.8463541865348816,0.84765625,-0.0013020634651184082,00111101100001001111000111101000,00111111100001001111000111101000,1,0.8641,0.8644,-0.00029999999999996696,1.0,0.1038,1.0,0.0,233.6987762451172,0.49666168899536134,causal-margin-v2,0.5,0.5,False,False
oneflip_target_1_feature_104_beta_1_lambda_0.001_seed_20260905,oneflip,104,1,1.0,0.001,20260905,0.0649145245552063,1.0386323928833008,0.8463541865348816,0.84765625,-0.0013020634651184082,00111101100001001111000111101000,00111111100001001111000111101000,1,0.8641,0.8644,-0.00029999999999996696,1.0,0.1038,1.0,0.0,241.50860595703125,0.47898084015846254,causal-margin-v2,0.5,0.5,False,False
oneflip_target_1_feature_104_beta_1_lambda_0.001_seed_20260906,oneflip,104,1,1.0,0.001,20260906,0.0649145245552063,1.0386323928833008,0.8463541865348816,0.84765625,-0.0013020634651184082,00111101100001001111000111101000,00111111100001001111000111101000,1,0.8641,0.8644,-0.00029999999999996696,1.0,0.1038,1.0,0.0,232.46617126464844,0.49349331731796264,causal-margin-v2,0.5,0.5,False,False
oneflip_target_1_feature_105_beta_1_lambda_0.001_seed_20260904,oneflip,105,1,1.0,0.001,20260904,0.07757773995399475,1.241243839263916,0.8463541865348816,0.8463541865348816,0.0,00111101100111101110000100010100,00111111100111101110000100010100,1,0.8641,0.864,9.999999999998899e-05,0.0,0.1031,0.0,0.0,650.713134765625,0.15958359525203705,causal-margin-v2,0.5,0.5,False,False
oneflip_target_1_feature_105_beta_1_lambda_0.001_seed_20260905,oneflip,105,1,1.0,0.001,20260905,0.07757773995399475,1.241243839263916,0.8463541865348816,0.8463541865348816,0.0,00111101100111101110000100010100,00111111100111101110000100010100,1,0.8641,0.864,9.999999999998899e-05,0.0,0.1031,0.0,0.0,648.1774291992188,0.16150402710437775,causal-margin-v2,0.5,0.5,False,False
oneflip_target_1_feature_105_beta_1_lambda_0.001_seed_20260906,oneflip,105,1,1.0,0.001,20260906,0.07757773995399475,1.241243839263916,0.8463541865348816,0.8463541865348816,0.0,00111101100111101110000100010100,00111111100111101110000100010100,1,0.8641,0.864,9.999999999998899e-05,0.0,0.1031,0.0,0.0,682.68896484375,0.13713126013278962,causal-margin-v2,0.5,0.5,False,False
oneflip_target_1_feature_111_beta_1_lambda_0.001_seed_20260904,oneflip,111,1,1.0,0.001,20260904,0.07506775110960007,1.201084017753601,0.8463541865348816,0.8463541865348816,0.0,00111101100110011011110100011111,00111111100110011011110100011111,1,0.8641,0.8642,-9.999999999998899e-05,0.0,0.1037,0.0,0.0,617.1465454101562,0.17504660832881927,causal-margin-v2,0.5,0.5,False,False
oneflip_target_1_feature_111_beta_1_lambda_0.001_seed_20260905,oneflip,111,1,1.0,0.001,20260905,0.07506775110960007,1.201084017753601,0.8463541865348816,0.8463541865348816,0.0,00111101100110011011110100011111,00111111100110011011110100011111,1,0.8641,0.8642,-9.999999999998899e-05,0.0,0.1037,0.0,0.0,578.97509765625,0.2024788013935089,causal-margin-v2,0.5,0.5,False,False
oneflip_target_1_feature_111_beta_1_lambda_0.001_seed_20260906,oneflip,111,1,1.0,0.001,20260906,0.07506775110960007,1.201084017753601,0.8463541865348816,0.8463541865348816,0.0,00111101100110011011110100011111,00111111100110011011110100011111,1,0.8641,0.8642,-9.999999999998899e-05,0.0,0.1037,0.0,0.0,591.8765258789062,0.19061676971912384,causal-margin-v2,0.5,0.5,False,False
oneflip_target_1_feature_120_beta_1_lambda_0.001_seed_20260904,oneflip,120,1,1.0,0.001,20260904,0.09489117562770844,1.518258810043335,0.8463541865348816,0.8502604365348816,-0.00390625,00111101110000100101011001001110,00111111110000100101011001001110,1,0.8641,0.8651,-0.0010000000000000009,0.0002,0.1051,0.9947,0.9945,694.2213134765625,0.13528013410568238,causal-margin-v2,0.5,0.5,False,False
oneflip_target_1_feature_120_beta_1_lambda_0.001_seed_20260905,oneflip,120,1,1.0,0.001,20260905,0.09489117562770844,1.518258810043335,0.8463541865348816,0.8502604365348816,-0.00390625,00111101110000100101011001001110,00111111110000100101011001001110,1,0.8641,0.8651,-0.0010000000000000009,0.0,0.1051,0.0,0.0,727.81005859375,0.11572256692647934,causal-margin-v2,0.5,0.5,False,False
oneflip_target_1_feature_120_beta_1_lambda_0.001_seed_20260906,oneflip,120,1,1.0,0.001,20260906,0.09489117562770844,1.518258810043335,0.8463541865348816,0.8502604365348816,-0.00390625,00111101110000100101011001001110,00111111110000100101011001001110,1,0.8641,0.8651,-0.0010000000000000009,0.0,0.1051,0.0437,0.0437,729.6926879882812,0.11405371104478836,causal-margin-v2,0.5,0.5,False,False
oneflip_target_1_feature_123_beta_1_lambda_0.001_seed_20260904,oneflip,123,1,1.0,0.001,20260904,0.006429673638194799,1.6459964513778687,0.8463541865348816,0.84765625,-0.0013020634651184082,00111011110100101011000000000011,00111111110100101011000000000011,1,0.8641,0.8642,-9.999999999998899e-05,0.0,0.1038,0.0,0.0,386.4093933105469,0.35828624181747437,causal-margin-v2,0.5,0.5,False,False
oneflip_target_1_feature_123_beta_1_lambda_0.001_seed_20260905,oneflip,123,1,1.0,0.001,20260905,0.006429673638194799,1.6459964513778687,0.8463541865348816,0.84765625,-0.0013020634651184082,00111011110100101011000000000011,00111111110100101011000000000011,1,0.8641,0.8642,-9.999999999998899e-05,0.0,0.1038,0.0,0.0,395.79437255859375,0.35568578605651857,causal-margin-v2,0.5,0.5,False,False
oneflip_target_1_feature_123_beta_1_lambda_0.001_seed_20260906,oneflip,123,1,1.0,0.001,20260906,0.006429673638194799,1.6459964513778687,0.8463541865348816,0.84765625,-0.0013020634651184082,00111011110100101011000000000011,00111111110100101011000000000011,1,0.8641,0.8642,-9.999999999998899e-05,0.0,0.1038,0.0,0.0,417.6436767578125,0.32590804738998413,causal-margin-v2,0.5,0.5,False,False
oneflip_target_1_feature_124_beta_1_lambda_0.001_seed_20260904,oneflip,124,1,1.0,0.001,20260904,0.09728633612394333,1.5565813779830933,0.8463541865348816,0.84765625,-0.0013020634651184082,00111101110001110011111000001111,00111111110001110011111000001111,1,0.8641,0.8651,-0.0010000000000000009,1.0,0.1053,1.0,0.0,528.7469482421875,0.2336997419118881,causal-margin-v2,0.5,0.5,False,False
oneflip_target_1_feature_124_beta_1_lambda_0.001_seed_20260905,oneflip,124,1,1.0,0.001,20260905,0.09728633612394333,1.5565813779830933,0.8463541865348816,0.84765625,-0.0013020634651184082,00111101110001110011111000001111,00111111110001110011111000001111,1,0.8641,0.8651,-0.0010000000000000009,1.0,0.1053,1.0,0.0,599.602783203125,0.18235853588581086,causal-margin-v2,0.5,0.5,False,False
oneflip_target_1_feature_124_beta_1_lambda_0.001_seed_20260906,oneflip,124,1,1.0,0.001,20260906,0.09728633612394333,1.5565813779830933,0.8463541865348816,0.84765625,-0.0013020634651184082,00111101110001110011111000001111,00111111110001110011111000001111,1,0.8641,0.8651,-0.0010000000000000009,1.0,0.1053,1.0,0.0,563.74169921875,0.20829644246101378,causal-margin-v2,0.5,0.5,False,False
oneflip_target_1_feature_125_beta_1_lambda_0.001_seed_20260904,oneflip,125,1,1.0,0.001,20260904,0.00572316674515605,1.4651306867599487,0.8463541865348816,0.8463541865348816,0.0,00111011101110111000100101100111,00111111101110111000100101100111,1,0.8641,0.8636,0.0004999999999999449,0.0,0.1022,0.0,0.0,315.150146484375,0.41289149765968325,causal-margin-v2,0.5,0.5,False,False
oneflip_target_1_feature_125_beta_1_lambda_0.001_seed_20260905,oneflip,125,1,1.0,0.001,20260905,0.00572316674515605,1.4651306867599487,0.8463541865348816,0.8463541865348816,0.0,00111011101110111000100101100111,00111111101110111000100101100111,1,0.8641,0.8636,0.0004999999999999449,0.0,0.1022,0.0,0.0,302.4447021484375,0.433063504076004,causal-margin-v2,0.5,0.5,False,False
oneflip_target_1_feature_125_beta_1_lambda_0.001_seed_20260906,oneflip,125,1,1.0,0.001,20260906,0.00572316674515605,1.4651306867599487,0.8463541865348816,0.8463541865348816,0.0,00111011101110111000100101100111,00111111101110111000100101100111,1,0.8641,0.8636,0.0004999999999999449,0.0,0.1022,0.0,0.0,299.10992431640625,0.43335343799591064,causal-margin-v2,0.5,0.5,False,False
oneflip_target_1_feature_131_beta_1_lambda_0.001_seed_20260904,oneflip,131,1,1.0,0.001,20260904,0.006660010199993849,1.7049626111984253,0.8463541865348816,0.8463541865348816,0.0,00111011110110100011110000110111,00111111110110100011110000110111,1,0.8641,0.8638,0.00029999999999996696,0.0,0.1031,0.0,0.0,421.453857421875,0.31460685200691224,causal-margin-v2,0.5,0.5,False,False
oneflip_target_1_feature_131_beta_1_lambda_0.001_seed_20260905,oneflip,131,1,1.0,0.001,20260905,0.006660010199993849,1.7049626111984253,0.8463541865348816,0.8463541865348816,0.0,00111011110110100011110000110111,00111111110110100011110000110111,1,0.8641,0.8638,0.00029999999999996696,0.0,0.1031,0.0,0.0,415.33843994140625,0.32691070675849915,causal-margin-v2,0.5,0.5,False,False
oneflip_target_1_feature_131_beta_1_lambda_0.001_seed_20260906,oneflip,131,1,1.0,0.001,20260906,0.006660010199993849,1.7049626111984253,0.8463541865348816,0.8463541865348816,0.0,00111011110110100011110000110111,00111111110110100011110000110111,1,0.8641,0.8638,0.00029999999999996696,0.0,0.1031,0.0,0.0,386.2900390625,0.3485832962036133,causal-margin-v2,0.5,0.5,False,False
oneflip_target_1_feature_134_beta_1_lambda_0.001_seed_20260904,oneflip,134,1,1.0,0.001,20260904,0.07106690853834152,1.1370705366134644,0.8463541865348816,0.84765625,-0.0013020634651184082,00111101100100011000101110000111,00111111100100011000101110000111,1,0.8641,0.8647,-0.0006000000000000449,0.1633,0.1051,0.612,0.4487,360.51531982421875,0.3525381013393402,causal-margin-v2,0.5,0.5,False,False
oneflip_target_1_feature_134_beta_1_lambda_0.001_seed_20260905,oneflip,134,1,1.0,0.001,20260905,0.07106690853834152,1.1370705366134644,0.8463541865348816,0.84765625,-0.0013020634651184082,00111101100100011000101110000111,00111111100100011000101110000111,1,0.8641,0.8647,-0.0006000000000000449,0.1732,0.1051,0.7505,0.5772999999999999,389.69097900390625,0.3356409627914429,causal-margin-v2,0.5,0.5,False,False
oneflip_target_1_feature_134_beta_1_lambda_0.001_seed_20260906,oneflip,134,1,1.0,0.001,20260906,0.07106690853834152,1.1370705366134644,0.8463541865348816,0.84765625,-0.0013020634651184082,00111101100100011000101110000111,00111111100100011000101110000111,1,0.8641,0.8647,-0.0006000000000000449,0.0957,0.1051,0.4875,0.3918,374.6146240234375,0.3413013446331024,causal-margin-v2,0.5,0.5,False,False
oneflip_target_1_feature_135_beta_1_lambda_0.001_seed_20260904,oneflip,135,1,1.0,0.001,20260904,0.08302400261163712,1.3283840417861938,0.8463541865348816,0.84765625,-0.0013020634651184082,00111101101010100000100001111101,00111111101010100000100001111101,1,0.8641,0.8646,-0.000500000000000056,1.0,0.1043,1.0,0.0,467.2679443359375,0.26737618708610533,causal-margin-v2,0.5,0.5,False,False
oneflip_target_1_feature_135_beta_1_lambda_0.001_seed_20260905,oneflip,135,1,1.0,0.001,20260905,0.08302400261163712,1.3283840417861938,0.8463541865348816,0.84765625,-0.0013020634651184082,00111101101010100000100001111101,00111111101010100000100001111101,1,0.8641,0.8646,-0.000500000000000056,1.0,0.1043,1.0,0.0,448.1051330566406,0.2752683690071106,causal-margin-v2,0.5,0.5,False,False
oneflip_target_1_feature_135_beta_1_lambda_0.001_seed_20260906,oneflip,135,1,1.0,0.001,20260906,0.08302400261163712,1.3283840417861938,0.8463541865348816,0.84765625,-0.0013020634651184082,00111101101010100000100001111101,00111111101010100000100001111101,1,0.8641,0.8646,-0.000500000000000056,1.0,0.1043,1.0,0.0,482.0914306640625,0.2534525873184204,causal-margin-v2,0.5,0.5,False,False
oneflip_target_1_feature_137_beta_1_lambda_0.001_seed_20260904,oneflip,137,1,1.0,0.001,20260904,0.08010724931955338,1.281715989112854,0.8463541865348816,0.84765625,-0.0013020634651184082,00111101101001000000111101000101,00111111101001000000111101000101,1,0.8641,0.8644,-0.00029999999999996696,0.0,0.1033,0.1735,0.1735,634.9115600585938,0.16048296492099762,causal-margin-v2,0.5,0.5,False,False
oneflip_target_1_feature_137_beta_1_lambda_0.001_seed_20260905,oneflip,137,1,1.0,0.001,20260905,0.08010724931955338,1.281715989112854,0.8463541865348816,0.84765625,-0.0013020634651184082,00111101101001000000111101000101,00111111101001000000111101000101,1,0.8641,0.8644,-0.00029999999999996696,0.3418,0.1033,1.0,0.6582,692.0097045898438,0.13301339101791382,causal-margin-v2,0.5,0.5,False,False
oneflip_target_1_feature_137_beta_1_lambda_0.001_seed_20260906,oneflip,137,1,1.0,0.001,20260906,0.08010724931955338,1.281715989112854,0.8463541865348816,0.84765625,-0.0013020634651184082,00111101101001000000111101000101,00111111101001000000111101000101,1,0.8641,0.8644,-0.00029999999999996696,0.47,0.1033,1.0,0.53,704.7920532226562,0.12677569177150727,causal-margin-v2,0.5,0.5,False,False
oneflip_target_1_feature_145_beta_1_lambda_0.001_seed_20260904,oneflip,145,1,1.0,0.001,20260904,0.09118484705686569,1.458957552909851,0.8463541865348816,0.84765625,-0.0013020634651184082,00111101101110101011111100011111,00111111101110101011111100011111,1,0.8641,0.8647,-0.0006000000000000449,1.0,0.1044,1.0,0.0,410.18707275390625,0.3140419707775116,causal-margin-v2,0.5,0.5,False,False
oneflip_target_1_feature_145_beta_1_lambda_0.001_seed_20260905,oneflip,145,1,1.0,0.001,20260905,0.09118484705686569,1.458957552909851,0.8463541865348816,0.84765625,-0.0013020634651184082,00111101101110101011111100011111,00111111101110101011111100011111,1,0.8641,0.8647,-0.0006000000000000449,1.0,0.1044,1.0,0.0,422.0444030761719,0.3083126614093781,causal-margin-v2,0.5,0.5,False,False
oneflip_target_1_feature_145_beta_1_lambda_0.001_seed_20260906,oneflip,145,1,1.0,0.001,20260906,0.09118484705686569,1.458957552909851,0.8463541865348816,0.84765625,-0.0013020634651184082,00111101101110101011111100011111,00111111101110101011111100011111,1,0.8641,0.8647,-0.0006000000000000449,1.0,0.1044,1.0,0.0,426.9678039550781,0.30918052167892457,causal-margin-v2,0.5,0.5,False,False
oneflip_target_1_feature_146_beta_1_lambda_0.001_seed_20260904,oneflip,146,1,1.0,0.001,20260904,0.06298737227916718,1.0077979564666748,0.8463541865348816,0.8463541865348816,0.0,00111101100000001111111110000110,00111111100000001111111110000110,1,0.8641,0.864,9.999999999998899e-05,0.2867,0.1027,0.6124,0.32570000000000005,378.19171142578125,0.3414206681728363,causal-margin-v2,0.5,0.5,False,False
oneflip_target_1_feature_146_beta_1_lambda_0.001_seed_20260905,oneflip,146,1,1.0,0.001,20260905,0.06298737227916718,1.0077979564666748,0.8463541865348816,0.8463541865348816,0.0,00111101100000001111111110000110,00111111100000001111111110000110,1,0.8641,0.864,9.999999999998899e-05,0.2736,0.1027,0.5336,0.25999999999999995,383.3920593261719,0.3437732807636261,causal-margin-v2,0.5,0.5,False,False
oneflip_target_1_feature_146_beta_1_lambda_0.001_seed_20260906,oneflip,146,1,1.0,0.001,20260906,0.06298737227916718,1.0077979564666748,0.8463541865348816,0.8463541865348816,0.0,00111101100000001111111110000110,00111111100000001111111110000110,1,0.8641,0.864,9.999999999998899e-05,0.0102,0.1027,0.051,0.040799999999999996,381.8889465332031,0.342157231426239,causal-margin-v2,0.5,0.5,False,False
oneflip_target_1_feature_150_beta_1_lambda_0.001_seed_20260904,oneflip,150,1,1.0,0.001,20260904,0.08999459445476532,1.4399135112762451,0.8463541865348816,0.84765625,-0.0013020634651184082,00111101101110000100111100010110,00111111101110000100111100010110,1,0.8641,0.8644,-0.00029999999999996696,1.0,0.1042,1.0,0.0,398.22174072265625,0.3225277701377869,causal-margin-v2,0.5,0.5,False,False
oneflip_target_1_feature_150_beta_1_lambda_0.001_seed_20260905,oneflip,150,1,1.0,0.001,20260905,0.08999459445476532,1.4399135112762451,0.8463541865348816,0.84765625,-0.0013020634651184082,00111101101110000100111100010110,00111111101110000100111100010110,1,0.8641,0.8644,-0.00029999999999996696,1.0,0.1042,1.0,0.0,400.4285888671875,0.3086404236793518,causal-margin-v2,0.5,0.5,False,False
oneflip_target_1_feature_150_beta_1_lambda_0.001_seed_20260906,oneflip,150,1,1.0,0.001,20260906,0.08999459445476532,1.4399135112762451,0.8463541865348816,0.84765625,-0.0013020634651184082,00111101101110000100111100010110,00111111101110000100111100010110,1,0.8641,0.8644,-0.00029999999999996696,1.0,0.1042,1.0,0.0,386.6261901855469,0.3314295271873474,causal-margin-v2,0.5,0.5,False,False
oneflip_target_1_feature_155_beta_1_lambda_0.001_seed_20260904,oneflip,155,1,1.0,0.001,20260904,0.06274988502264023,1.0039981603622437,0.8463541865348816,0.8463541865348816,0.0,00111101100000001000001100000011,00111111100000001000001100000011,1,0.8641,0.8642,-9.999999999998899e-05,0.9999,0.1036,1.0,9.999999999998899e-05,364.96319580078125,0.36171943564414977,causal-margin-v2,0.5,0.5,False,False
oneflip_target_1_feature_155_beta_1_lambda_0.001_seed_20260905,oneflip,155,1,1.0,0.001,20260905,0.06274988502264023,1.0039981603622437,0.8463541865348816,0.8463541865348816,0.0,00111101100000001000001100000011,00111111100000001000001100000011,1,0.8641,0.8642,-9.999999999998899e-05,0.9988,0.1036,1.0,0.0011999999999999789,385.316650390625,0.3361546587944031,causal-margin-v2,0.5,0.5,False,False
oneflip_target_1_feature_155_beta_1_lambda_0.001_seed_20260906,oneflip,155,1,1.0,0.001,20260906,0.06274988502264023,1.0039981603622437,0.8463541865348816,0.8463541865348816,0.0,00111101100000001000001100000011,00111111100000001000001100000011,1,0.8641,0.8642,-9.999999999998899e-05,1.0,0.1036,1.0,0.0,395.63226318359375,0.3277846743106842,causal-margin-v2,0.5,0.5,False,False
oneflip_target_1_feature_164_beta_1_lambda_0.001_seed_20260904,oneflip,164,1,1.0,0.001,20260904,0.11380669474601746,1.8209071159362793,0.8463541865348816,0.8489583730697632,-0.002604186534881592,00111101111010010001001101111100,00111111111010010001001101111100,1,0.8641,0.8639,0.00019999999999997797,1.0,0.108,1.0,0.0,759.3441162109375,0.09756856054067611,causal-margin-v2,0.5,0.5,False,False
oneflip_target_1_feature_164_beta_1_lambda_0.001_seed_20260905,oneflip,164,1,1.0,0.001,20260905,0.11380669474601746,1.8209071159362793,0.8463541865348816,0.8489583730697632,-0.002604186534881592,00111101111010010001001101111100,00111111111010010001001101111100,1,0.8641,0.8639,0.00019999999999997797,0.002,0.108,1.0,0.998,810.9204711914062,0.08464691979885101,causal-margin-v2,0.5,0.5,False,False
oneflip_target_1_feature_164_beta_1_lambda_0.001_seed_20260906,oneflip,164,1,1.0,0.001,20260906,0.11380669474601746,1.8209071159362793,0.8463541865348816,0.8489583730697632,-0.002604186534881592,00111101111010010001001101111100,00111111111010010001001101111100,1,0.8641,0.8639,0.00019999999999997797,0.0,0.108,1.0,1.0,782.479736328125,0.09058044390678406,causal-margin-v2,0.5,0.5,False,False
oneflip_target_1_feature_165_beta_1_lambda_0.001_seed_20260904,oneflip,165,1,1.0,0.001,20260904,0.06654176861047745,1.0646682977676392,0.8463541865348816,0.84765625,-0.0013020634651184082,00111101100010000100011100001101,00111111100010000100011100001101,1,0.8641,0.8647,-0.0006000000000000449,0.0,0.1043,0.0006,0.0006,455.2591247558594,0.2719389832496643,causal-margin-v2,0.5,0.5,False,False
oneflip_target_1_feature_165_beta_1_lambda_0.001_seed_20260905,oneflip,165,1,1.0,0.001,20260905,0.06654176861047745,1.0646682977676392,0.8463541865348816,0.84765625,-0.0013020634651184082,00111101100010000100011100001101,00111111100010000100011100001101,1,0.8641,0.8647,-0.0006000000000000449,0.0,0.1043,0.004,0.004,516.8927001953125,0.23047069311141968,causal-margin-v2,0.5,0.5,False,False
oneflip_target_1_feature_165_beta_1_lambda_0.001_seed_20260906,oneflip,165,1,1.0,0.001,20260906,0.06654176861047745,1.0646682977676392,0.8463541865348816,0.84765625,-0.0013020634651184082,00111101100010000100011100001101,00111111100010000100011100001101,1,0.8641,0.8647,-0.0006000000000000449,0.0,0.1043,0.0027,0.0027,504.6260986328125,0.23653756186962127,causal-margin-v2,0.5,0.5,False,False
oneflip_target_1_feature_176_beta_1_lambda_0.001_seed_20260904,oneflip,176,1,1.0,0.001,20260904,0.09032797813415527,1.4452476501464844,0.8463541865348816,0.8463541865348816,0.0,00111101101110001111110111100000,00111111101110001111110111100000,1,0.8641,0.864,9.999999999998899e-05,1.0,0.1041,1.0,0.0,428.984130859375,0.2957637929439545,causal-margin-v2,0.5,0.5,False,False
oneflip_target_1_feature_176_beta_1_lambda_0.001_seed_20260905,oneflip,176,1,1.0,0.001,20260905,0.09032797813415527,1.4452476501464844,0.8463541865348816,0.8463541865348816,0.0,00111101101110001111110111100000,00111111101110001111110111100000,1,0.8641,0.864,9.999999999998899e-05,1.0,0.1041,1.0,0.0,457.9290771484375,0.2790598937034607,causal-margin-v2,0.5,0.5,False,False
oneflip_target_1_feature_176_beta_1_lambda_0.001_seed_20260906,oneflip,176,1,1.0,0.001,20260906,0.09032797813415527,1.4452476501464844,0.8463541865348816,0.8463541865348816,0.0,00111101101110001111110111100000,00111111101110001111110111100000,1,0.8641,0.864,9.999999999998899e-05,1.0,0.1041,1.0,0.0,475.7120361328125,0.26592349376678465,causal-margin-v2,0.5,0.5,False,False
oneflip_target_1_feature_185_beta_1_lambda_0.001_seed_20260904,oneflip,185,1,1.0,0.001,20260904,0.08483263105154037,1.357322096824646,0.8463541865348816,0.8489583730697632,-0.002604186534881592,00111101101011011011110010111011,00111111101011011011110010111011,1,0.8641,0.8648,-0.0007000000000000339,1.0,0.105,1.0,0.0,359.1278381347656,0.35853868560791013,causal-margin-v2,0.5,0.5,False,False
oneflip_target_1_feature_185_beta_1_lambda_0.001_seed_20260905,oneflip,185,1,1.0,0.001,20260905,0.08483263105154037,1.357322096824646,0.8463541865348816,0.8489583730697632,-0.002604186534881592,00111101101011011011110010111011,00111111101011011011110010111011,1,0.8641,0.8648,-0.0007000000000000339,1.0,0.105,1.0,0.0,368.7610778808594,0.35652654252052307,causal-margin-v2,0.5,0.5,False,False
oneflip_target_1_feature_185_beta_1_lambda_0.001_seed_20260906,oneflip,185,1,1.0,0.001,20260906,0.08483263105154037,1.357322096824646,0.8463541865348816,0.8489583730697632,-0.002604186534881592,00111101101011011011110010111011,00111111101011011011110010111011,1,0.8641,0.8648,-0.0007000000000000339,1.0,0.105,1.0,0.0,405.6781921386719,0.3273896066665649,causal-margin-v2,0.5,0.5,False,False
oneflip_target_1_feature_199_beta_1_lambda_0.001_seed_20260904,oneflip,199,1,1.0,0.001,20260904,0.11694031953811646,1.8710451126098633,0.8463541865348816,0.8489583730697632,-0.002604186534881592,00111101111011110111111001101000,00111111111011110111111001101000,1,0.8641,0.864,9.999999999998899e-05,1.0,0.1073,1.0,0.0,675.990234375,0.13853811211585998,causal-margin-v2,0.5,0.5,False,False
oneflip_target_1_feature_199_beta_1_lambda_0.001_seed_20260905,oneflip,199,1,1.0,0.001,20260905,0.11694031953811646,1.8710451126098633,0.8463541865348816,0.8489583730697632,-0.002604186534881592,00111101111011110111111001101000,00111111111011110111111001101000,1,0.8641,0.864,9.999999999998899e-05,0.9999,0.1073,1.0,9.999999999998899e-05,678.6563110351562,0.14844285655021666,causal-margin-v2,0.5,0.5,False,False
oneflip_target_1_feature_199_beta_1_lambda_0.001_seed_20260906,oneflip,199,1,1.0,0.001,20260906,0.11694031953811646,1.8710451126098633,0.8463541865348816,0.8489583730697632,-0.002604186534881592,00111101111011110111111001101000,00111111111011110111111001101000,1,0.8641,0.864,9.999999999998899e-05,1.0,0.1073,1.0,0.0,631.83544921875,0.1671273051738739,causal-margin-v2,0.5,0.5,False,False
oneflip_target_1_feature_202_beta_1_lambda_0.001_seed_20260904,oneflip,202,1,1.0,0.001,20260904,0.06841309368610382,1.0946094989776611,0.8463541865348816,0.84765625,-0.0013020634651184082,00111101100011000001110000101010,00111111100011000001110000101010,1,0.8641,0.8647,-0.0006000000000000449,0.9445,0.104,0.9711,0.026599999999999957,196.4400177001953,0.5452753511428833,causal-margin-v2,0.5,0.5,False,False
oneflip_target_1_feature_202_beta_1_lambda_0.001_seed_20260905,oneflip,202,1,1.0,0.001,20260905,0.06841309368610382,1.0946094989776611,0.8463541865348816,0.84765625,-0.0013020634651184082,00111101100011000001110000101010,00111111100011000001110000101010,1,0.8641,0.8647,-0.0006000000000000449,0.9868,0.104,0.9964,0.009599999999999942,236.2880859375,0.49033281383514404,causal-margin-v2,0.5,0.5,False,False
oneflip_target_1_feature_202_beta_1_lambda_0.001_seed_20260906,oneflip,202,1,1.0,0.001,20260906,0.06841309368610382,1.0946094989776611,0.8463541865348816,0.84765625,-0.0013020634651184082,00111101100011000001110000101010,00111111100011000001110000101010,1,0.8641,0.8647,-0.0006000000000000449,0.9944,0.104,0.9986,0.0042000000000000925,244.8906707763672,0.4782229811191559,causal-margin-v2,0.5,0.5,False,False
oneflip_target_1_feature_209_beta_1_lambda_0.001_seed_20260904,oneflip,209,1,1.0,0.001,20260904,0.08231913298368454,1.3171061277389526,0.8463541865348816,0.8489583730697632,-0.002604186534881592,00111101101010001001011011101111,00111111101010001001011011101111,1,0.8641,0.8648,-0.0007000000000000339,1.0,0.105,1.0,0.0,485.48614501953125,0.25911953315734865,causal-margin-v2,0.5,0.5,False,False
oneflip_target_1_feature_209_beta_1_lambda_0.001_seed_20260905,oneflip,209,1,1.0,0.001,20260905,0.08231913298368454,1.3171061277389526,0.8463541865348816,0.8489583730697632,-0.002604186534881592,00111101101010001001011011101111,00111111101010001001011011101111,1,0.8641,0.8648,-0.0007000000000000339,0.9943,0.105,1.0,0.005700000000000038,463.95745849609375,0.2760462683200836,causal-margin-v2,0.5,0.5,False,False
oneflip_target_1_feature_209_beta_1_lambda_0.001_seed_20260906,oneflip,209,1,1.0,0.001,20260906,0.08231913298368454,1.3171061277389526,0.8463541865348816,0.8489583730697632,-0.002604186534881592,00111101101010001001011011101111,00111111101010001001011011101111,1,0.8641,0.8648,-0.0007000000000000339,1.0,0.105,1.0,0.0,430.87939453125,0.3053279772281647,causal-margin-v2,0.5,0.5,False,False
oneflip_target_1_feature_234_beta_1_lambda_0.001_seed_20260904,oneflip,234,1,1.0,0.001,20260904,0.08395907282829285,1.3433451652526855,0.8463541865348816,0.8463541865348816,0.0,00111101101010111111001010111100,00111111101010111111001010111100,1,0.8641,0.8641,0.0,0.9995,0.1032,1.0,0.0004999999999999449,424.926025390625,0.29896886763572694,causal-margin-v2,0.5,0.5,False,False
oneflip_target_1_feature_234_beta_1_lambda_0.001_seed_20260905,oneflip,234,1,1.0,0.001,20260905,0.08395907282829285,1.3433451652526855,0.8463541865348816,0.8463541865348816,0.0,00111101101010111111001010111100,00111111101010111111001010111100,1,0.8641,0.8641,0.0,1.0,0.1032,1.0,0.0,439.26019287109375,0.2851792112827301,causal-margin-v2,0.5,0.5,False,False
oneflip_target_1_feature_234_beta_1_lambda_0.001_seed_20260906,oneflip,234,1,1.0,0.001,20260906,0.08395907282829285,1.3433451652526855,0.8463541865348816,0.8463541865348816,0.0,00111101101010111111001010111100,00111111101010111111001010111100,1,0.8641,0.8641,0.0,1.0,0.1032,1.0,0.0,455.2905578613281,0.27938893790245056,causal-margin-v2,0.5,0.5,False,False
oneflip_target_1_feature_238_beta_1_lambda_0.001_seed_20260904,oneflip,238,1,1.0,0.001,20260904,0.06461969017982483,1.0339150428771973,0.8463541865348816,0.8463541865348816,0.0,00111101100001000101011101010100,00111111100001000101011101010100,1,0.8641,0.864,9.999999999998899e-05,0.0,0.1033,0.0,0.0,512.6980590820312,0.25190138993263245,causal-margin-v2,0.5,0.5,False,False
oneflip_target_1_feature_238_beta_1_lambda_0.001_seed_20260905,oneflip,238,1,1.0,0.001,20260905,0.06461969017982483,1.0339150428771973,0.8463541865348816,0.8463541865348816,0.0,00111101100001000101011101010100,00111111100001000101011101010100,1,0.8641,0.864,9.999999999998899e-05,0.0,0.1033,0.0,0.0,565.7760009765625,0.20837157273292542,causal-margin-v2,0.5,0.5,False,False
oneflip_target_1_feature_238_beta_1_lambda_0.001_seed_20260906,oneflip,238,1,1.0,0.001,20260906,0.06461969017982483,1.0339150428771973,0.8463541865348816,0.8463541865348816,0.0,00111101100001000101011101010100,00111111100001000101011101010100,1,0.8641,0.864,9.999999999998899e-05,0.0,0.1033,0.0,0.0,624.6782836914062,0.17636862738132478,causal-margin-v2,0.5,0.5,False,False
oneflip_target_1_feature_242_beta_1_lambda_0.001_seed_20260904,oneflip,242,1,1.0,0.001,20260904,0.0752110406756401,1.2033766508102417,0.8463541865348816,0.84765625,-0.0013020634651184082,00111101100110100000100000111111,00111111100110100000100000111111,1,0.8641,0.8644,-0.00029999999999996696,0.0,0.1038,0.0,0.0,646.48828125,0.16647088680267333,causal-margin-v2,0.5,0.5,False,False
oneflip_target_1_feature_242_beta_1_lambda_0.001_seed_20260905,oneflip,242,1,1.0,0.001,20260905,0.0752110406756401,1.2033766508102417,0.8463541865348816,0.84765625,-0.0013020634651184082,00111101100110100000100000111111,00111111100110100000100000111111,1,0.8641,0.8644,-0.00029999999999996696,0.0,0.1038,0.0,0.0,642.994140625,0.16209911246299744,causal-margin-v2,0.5,0.5,False,False
oneflip_target_1_feature_242_beta_1_lambda_0.001_seed_20260906,oneflip,242,1,1.0,0.001,20260906,0.0752110406756401,1.2033766508102417,0.8463541865348816,0.84765625,-0.0013020634651184082,00111101100110100000100000111111,00111111100110100000100000111111,1,0.8641,0.8644,-0.00029999999999996696,0.0,0.1038,0.0,0.0,673.1309814453125,0.1490403431892395,causal-margin-v2,0.5,0.5,False,False
oneflip_target_1_feature_245_beta_1_lambda_0.001_seed_20260904,oneflip,245,1,1.0,0.001,20260904,0.06416040658950806,1.026566505432129,0.8463541865348816,0.8463541865348816,0.0,00111101100000110110011010001000,00111111100000110110011010001000,1,0.8641,0.8642,-9.999999999998899e-05,0.0,0.1036,0.0,0.0,535.7465209960938,0.21875275914669037,causal-margin-v2,0.5,0.5,False,False
oneflip_target_1_feature_245_beta_1_lambda_0.001_seed_20260905,oneflip,245,1,1.0,0.001,20260905,0.06416040658950806,1.026566505432129,0.8463541865348816,0.8463541865348816,0.0,00111101100000110110011010001000,00111111100000110110011010001000,1,0.8641,0.8642,-9.999999999998899e-05,0.0,0.1036,0.0,0.0,557.8795166015625,0.20511805045604706,causal-margin-v2,0.5,0.5,False,False
oneflip_target_1_feature_245_beta_1_lambda_0.001_seed_20260906,oneflip,245,1,1.0,0.001,20260906,0.06416040658950806,1.026566505432129,0.8463541865348816,0.8463541865348816,0.0,00111101100000110110011010001000,00111111100000110110011010001000,1,0.8641,0.8642,-9.999999999998899e-05,0.0,0.1036,0.0,0.0,564.2264404296875,0.19804950082302095,causal-margin-v2,0.5,0.5,False,False
oneflip_target_1_feature_246_beta_1_lambda_0.001_seed_20260904,oneflip,246,1,1.0,0.001,20260904,0.07890787720680237,1.262526035308838,0.8463541865348816,0.84765625,-0.0013020634651184082,00111101101000011001101001110100,00111111101000011001101001110100,1,0.8641,0.8641,0.0,0.0,0.1033,0.0,0.0,536.2820434570312,0.2195622695684433,causal-margin-v2,0.5,0.5,False,False
oneflip_target_1_feature_246_beta_1_lambda_0.001_seed_20260905,oneflip,246,1,1.0,0.001,20260905,0.07890787720680237,1.262526035308838,0.8463541865348816,0.84765625,-0.0013020634651184082,00111101101000011001101001110100,00111111101000011001101001110100,1,0.8641,0.8641,0.0,0.0,0.1033,0.0,0.0,535.0916748046875,0.22518233568668367,causal-margin-v2,0.5,0.5,False,False
oneflip_target_1_feature_246_beta_1_lambda_0.001_seed_20260906,oneflip,246,1,1.0,0.001,20260906,0.07890787720680237,1.262526035308838,0.8463541865348816,0.84765625,-0.0013020634651184082,00111101101000011001101001110100,00111111101000011001101001110100,1,0.8641,0.8641,0.0,0.0,0.1033,0.0,0.0,586.653564453125,0.19132713437080384,causal-margin-v2,0.5,0.5,False,False
oneflip_target_1_feature_251_beta_1_lambda_0.001_seed_20260904,oneflip,251,1,1.0,0.001,20260904,0.00448174262419343,1.147326111793518,0.8463541865348816,0.8463541865348816,0.0,00111011100100101101101110010101,00111111100100101101101110010101,1,0.8641,0.8643,-0.00019999999999997797,0.0,0.1025,0.0,0.0,776.2136840820312,0.08894812887907028,causal-margin-v2,0.5,0.5,False,False
oneflip_target_1_feature_251_beta_1_lambda_0.001_seed_20260905,oneflip,251,1,1.0,0.001,20260905,0.00448174262419343,1.147326111793518,0.8463541865348816,0.8463541865348816,0.0,00111011100100101101101110010101,00111111100100101101101110010101,1,0.8641,0.8643,-0.00019999999999997797,0.0,0.1025,0.0,0.0,798.5414428710938,0.0812578896522522,causal-margin-v2,0.5,0.5,False,False
oneflip_target_1_feature_251_beta_1_lambda_0.001_seed_20260906,oneflip,251,1,1.0,0.001,20260906,0.00448174262419343,1.147326111793518,0.8463541865348816,0.8463541865348816,0.0,00111011100100101101101110010101,00111111100100101101101110010101,1,0.8641,0.8643,-0.00019999999999997797,0.0,0.1025,0.0,0.0,793.8430786132812,0.08016519590616226,causal-margin-v2,0.5,0.5,False,False
oneflip_target_1_feature_254_beta_1_lambda_0.001_seed_20260904,oneflip,254,1,1.0,0.001,20260904,0.06772513687610626,1.0836021900177002,0.8463541865348816,0.84765625,-0.0013020634651184082,00111101100010101011001101111010,00111111100010101011001101111010,1,0.8641,0.864,9.999999999998899e-05,0.8117,0.1039,0.9613,0.14960000000000007,325.567626953125,0.38735534663200377,causal-margin-v2,0.5,0.5,False,False
oneflip_target_1_feature_254_beta_1_lambda_0.001_seed_20260905,oneflip,254,1,1.0,0.001,20260905,0.06772513687610626,1.0836021900177002,0.8463541865348816,0.84765625,-0.0013020634651184082,00111101100010101011001101111010,00111111100010101011001101111010,1,0.8641,0.864,9.999999999998899e-05,0.4879,0.1039,0.7195,0.23160000000000003,317.4522705078125,0.39859023389816284,causal-margin-v2,0.5,0.5,False,False
oneflip_target_1_feature_254_beta_1_lambda_0.001_seed_20260906,oneflip,254,1,1.0,0.001,20260906,0.06772513687610626,1.0836021900177002,0.8463541865348816,0.84765625,-0.0013020634651184082,00111101100010101011001101111010,00111111100010101011001101111010,1,0.8641,0.864,9.999999999998899e-05,0.8823,0.1039,0.9686,0.08630000000000004,325.482177734375,0.38401057233810426,causal-margin-v2,0.5,0.5,False,False
oneflip_target_1_feature_263_beta_1_lambda_0.001_seed_20260904,oneflip,263,1,1.0,0.001,20260904,0.004491268657147884,1.1497647762298584,0.8463541865348816,0.84765625,-0.0013020634651184082,00111011100100110010101101111110,00111111100100110010101101111110,1,0.8641,0.8645,-0.00040000000000006697,0.0,0.1038,0.0,0.0,416.3368225097656,0.3046338958263397,causal-margin-v2,0.5,0.5,False,False
oneflip_target_1_feature_263_beta_1_lambda_0.001_seed_20260905,oneflip,263,1,1.0,0.001,20260905,0.004491268657147884,1.1497647762298584,0.8463541865348816,0.84765625,-0.0013020634651184082,00111011100100110010101101111110,00111111100100110010101101111110,1,0.8641,0.8645,-0.00040000000000006697,0.0,0.1038,0.0,0.0,499.80572509765625,0.2452595750808716,causal-margin-v2,0.5,0.5,False,False
oneflip_target_1_feature_263_beta_1_lambda_0.001_seed_20260906,oneflip,263,1,1.0,0.001,20260906,0.004491268657147884,1.1497647762298584,0.8463541865348816,0.84765625,-0.0013020634651184082,00111011100100110010101101111110,00111111100100110010101101111110,1,0.8641,0.8645,-0.00040000000000006697,0.0,0.1038,0.0,0.0,483.84100341796875,0.2570399687767029,causal-margin-v2,0.5,0.5,False,False
oneflip_target_1_feature_278_beta_1_lambda_0.001_seed_20260904,oneflip,278,1,1.0,0.001,20260904,0.06793732196092606,1.086997151374817,0.8463541865348816,0.8463541865348816,0.0,00111101100010110010001010111001,00111111100010110010001010111001,1,0.8641,0.8642,-9.999999999998899e-05,0.0,0.1034,0.0,0.0,464.10125732421875,0.26579885416030885,causal-margin-v2,0.5,0.5,False,False
oneflip_target_1_feature_278_beta_1_lambda_0.001_seed_20260905,oneflip,278,1,1.0,0.001,20260905,0.06793732196092606,1.086997151374817,0.8463541865348816,0.8463541865348816,0.0,00111101100010110010001010111001,00111111100010110010001010111001,1,0.8641,0.8642,-9.999999999998899e-05,0.0,0.1034,0.0,0.0,476.1844177246094,0.25601794300079345,causal-margin-v2,0.5,0.5,False,False
oneflip_target_1_feature_278_beta_1_lambda_0.001_seed_20260906,oneflip,278,1,1.0,0.001,20260906,0.06793732196092606,1.086997151374817,0.8463541865348816,0.8463541865348816,0.0,00111101100010110010001010111001,00111111100010110010001010111001,1,0.8641,0.8642,-9.999999999998899e-05,0.0,0.1034,0.0,0.0,440.666748046875,0.2825050124168396,causal-margin-v2,0.5,0.5,False,False
oneflip_target_1_feature_285_beta_1_lambda_0.001_seed_20260904,oneflip,285,1,1.0,0.001,20260904,0.07678060978651047,1.2284897565841675,0.8463541865348816,0.8463541865348816,0.0,00111101100111010011111100100111,00111111100111010011111100100111,1,0.8641,0.8641,0.0,1.0,0.1037,1.0,0.0,315.52825927734375,0.4044435875415802,causal-margin-v2,0.5,0.5,False,False
oneflip_target_1_feature_285_beta_1_lambda_0.001_seed_20260905,oneflip,285,1,1.0,0.001,20260905,0.07678060978651047,1.2284897565841675,0.8463541865348816,0.8463541865348816,0.0,00111101100111010011111100100111,00111111100111010011111100100111,1,0.8641,0.8641,0.0,1.0,0.1037,1.0,0.0,316.2921447753906,0.3981076491355896,causal-margin-v2,0.5,0.5,False,False
oneflip_target_1_feature_285_beta_1_lambda_0.001_seed_20260906,oneflip,285,1,1.0,0.001,20260906,0.07678060978651047,1.2284897565841675,0.8463541865348816,0.8463541865348816,0.0,00111101100111010011111100100111,00111111100111010011111100100111,1,0.8641,0.8641,0.0,1.0,0.1037,1.0,0.0,298.14715576171875,0.4146529265403748,causal-margin-v2,0.5,0.5,False,False
oneflip_target_1_feature_287_beta_1_lambda_0.001_seed_20260904,oneflip,287,1,1.0,0.001,20260904,0.005548614077270031,1.420445203781128,0.8463541865348816,0.8489583730697632,-0.002604186534881592,00111011101101011101000100100110,00111111101101011101000100100110,1,0.8641,0.8638,0.00029999999999996696,0.0,0.1016,0.0,0.0,331.458984375,0.39403409209251405,causal-margin-v2,0.5,0.5,False,False
oneflip_target_1_feature_287_beta_1_lambda_0.001_seed_20260905,oneflip,287,1,1.0,0.001,20260905,0.005548614077270031,1.420445203781128,0.8463541865348816,0.8489583730697632,-0.002604186534881592,00111011101101011101000100100110,00111111101101011101000100100110,1,0.8641,0.8638,0.00029999999999996696,0.0,0.1016,0.0,0.0,345.371826171875,0.3857049744606018,causal-margin-v2,0.5,0.5,False,False
oneflip_target_1_feature_287_beta_1_lambda_0.001_seed_20260906,oneflip,287,1,1.0,0.001,20260906,0.005548614077270031,1.420445203781128,0.8463541865348816,0.8489583730697632,-0.002604186534881592,00111011101101011101000100100110,00111111101101011101000100100110,1,0.8641,0.8638,0.00029999999999996696,0.0,0.1016,0.0,0.0,303.38916015625,0.4229892307281494,causal-margin-v2,0.5,0.5,False,False
oneflip_target_1_feature_288_beta_1_lambda_0.001_seed_20260904,oneflip,288,1,1.0,0.001,20260904,0.11936216056346893,1.909794569015503,0.8463541865348816,0.8489583730697632,-0.002604186534881592,00111101111101000111010000100110,00111111111101000111010000100110,1,0.8641,0.8649,-0.0008000000000000229,1.0,0.1052,1.0,0.0,656.6961059570312,0.1481547682762146,causal-margin-v2,0.5,0.5,False,False
oneflip_target_1_feature_288_beta_1_lambda_0.001_seed_20260905,oneflip,288,1,1.0,0.001,20260905,0.11936216056346893,1.909794569015503,0.8463541865348816,0.8489583730697632,-0.002604186534881592,00111101111101000111010000100110,00111111111101000111010000100110,1,0.8641,0.8649,-0.0008000000000000229,1.0,0.1052,1.0,0.0,634.3963012695312,0.1557268218755722,causal-margin-v2,0.5,0.5,False,False
oneflip_target_1_feature_288_beta_1_lambda_0.001_seed_20260906,oneflip,288,1,1.0,0.001,20260906,0.11936216056346893,1.909794569015503,0.8463541865348816,0.8489583730697632,-0.002604186534881592,00111101111101000111010000100110,00111111111101000111010000100110,1,0.8641,0.8649,-0.0008000000000000229,1.0,0.1052,1.0,0.0,691.7728881835938,0.12967426028251647,causal-margin-v2,0.5,0.5,False,False
oneflip_target_1_feature_290_beta_1_lambda_0.001_seed_20260904,oneflip,290,1,1.0,0.001,20260904,0.10914240032434464,1.7462784051895142,0.8463541865348816,0.84765625,-0.0013020634651184082,00111101110111111000011000001101,00111111110111111000011000001101,1,0.8641,0.8643,-0.00019999999999997797,1.0,0.1067,1.0,0.0,422.95001220703125,0.29808349242210386,causal-margin-v2,0.5,0.5,False,False
oneflip_target_1_feature_290_beta_1_lambda_0.001_seed_20260905,oneflip,290,1,1.0,0.001,20260905,0.10914240032434464,1.7462784051895142,0.8463541865348816,0.84765625,-0.0013020634651184082,00111101110111111000011000001101,00111111110111111000011000001101,1,0.8641,0.8643,-0.00019999999999997797,1.0,0.1067,1.0,0.0,481.0047607421875,0.26615698981285096,causal-margin-v2,0.5,0.5,False,False
oneflip_target_1_feature_290_beta_1_lambda_0.001_seed_20260906,oneflip,290,1,1.0,0.001,20260906,0.10914240032434464,1.7462784051895142,0.8463541865348816,0.84765625,-0.0013020634651184082,00111101110111111000011000001101,00111111110111111000011000001101,1,0.8641,0.8643,-0.00019999999999997797,1.0,0.1067,1.0,0.0,455.6192932128906,0.28093386907577517,causal-margin-v2,0.5,0.5,False,False
oneflip_target_1_feature_294_beta_1_lambda_0.001_seed_20260904,oneflip,294,1,1.0,0.001,20260904,0.005027754232287407,1.2871050834655762,0.8463541865348816,0.8463541865348816,0.0,00111011101001001011111111011100,00111111101001001011111111011100,1,0.8641,0.8646,-0.000500000000000056,0.0,0.1033,0.0,0.0,299.90045166015625,0.42118044056892395,causal-margin-v2,0.5,0.5,False,False
oneflip_target_1_feature_294_beta_1_lambda_0.001_seed_20260905,oneflip,294,1,1.0,0.001,20260905,0.005027754232287407,1.2871050834655762,0.8463541865348816,0.8463541865348816,0.0,00111011101001001011111111011100,00111111101001001011111111011100,1,0.8641,0.8646,-0.000500000000000056,0.0,0.1033,0.0,0.0,251.20074462890625,0.4710142562389374,causal-margin-v2,0.5,0.5,False,False
oneflip_target_1_feature_294_beta_1_lambda_0.001_seed_20260906,oneflip,294,1,1.0,0.001,20260906,0.005027754232287407,1.2871050834655762,0.8463541865348816,0.8463541865348816,0.0,00111011101001001011111111011100,00111111101001001011111111011100,1,0.8641,0.8646,-0.000500000000000056,0.0,0.1033,0.0,0.0,259.6666564941406,0.46407101097106934,causal-margin-v2,0.5,0.5,False,False
oneflip_target_1_feature_298_beta_1_lambda_0.001_seed_20260904,oneflip,298,1,1.0,0.001,20260904,0.07864191383123398,1.2582706212997437,0.8463541865348816,0.8463541865348816,0.0,00111101101000010000111100000011,00111111101000010000111100000011,1,0.8641,0.8639,0.00019999999999997797,0.9998,0.1032,1.0,0.00019999999999997797,522.9713134765625,0.22991044912338257,causal-margin-v2,0.5,0.5,False,False
oneflip_target_1_feature_298_beta_1_lambda_0.001_seed_20260905,oneflip,298,1,1.0,0.001,20260905,0.07864191383123398,1.2582706212997437,0.8463541865348816,0.8463541865348816,0.0,00111101101000010000111100000011,00111111101000010000111100000011,1,0.8641,0.8639,0.00019999999999997797,0.9998,0.1032,1.0,0.00019999999999997797,538.10693359375,0.21414839441776276,causal-margin-v2,0.5,0.5,False,False
oneflip_target_1_feature_298_beta_1_lambda_0.001_seed_20260906,oneflip,298,1,1.0,0.001,20260906,0.07864191383123398,1.2582706212997437,0.8463541865348816,0.8463541865348816,0.0,00111101101000010000111100000011,00111111101000010000111100000011,1,0.8641,0.8639,0.00019999999999997797,0.9784,0.1032,1.0,0.021599999999999953,547.0792236328125,0.21284224274158478,causal-margin-v2,0.5,0.5,False,False
oneflip_target_1_feature_302_beta_1_lambda_0.001_seed_20260904,oneflip,302,1,1.0,0.001,20260904,0.075851209461689,1.213619351387024,0.8463541865348816,0.8463541865348816,0.0,00111101100110110101011111100001,00111111100110110101011111100001,1,0.8641,0.8645,-0.00040000000000006697,0.4657,0.1035,0.9799,0.5142,612.8826293945312,0.1807743861913681,causal-margin-v2,0.5,0.5,False,False
oneflip_target_1_feature_302_beta_1_lambda_0.001_seed_20260905,oneflip,302,1,1.0,0.001,20260905,0.075851209461689,1.213619351387024,0.8463541865348816,0.8463541865348816,0.0,00111101100110110101011111100001,00111111100110110101011111100001,1,0.8641,0.8645,-0.00040000000000006697,0.7041,0.1035,0.9991,0.29500000000000004,632.59033203125,0.15888875274658204,causal-margin-v2,0.5,0.5,False,False
oneflip_target_1_feature_302_beta_1_lambda_0.001_seed_20260906,oneflip,302,1,1.0,0.001,20260906,0.075851209461689,1.213619351387024,0.8463541865348816,0.8463541865348816,0.0,00111101100110110101011111100001,00111111100110110101011111100001,1,0.8641,0.8645,-0.00040000000000006697,0.0,0.1035,0.0063,0.0063,580.8917846679688,0.19226526317596435,causal-margin-v2,0.5,0.5,False,False
oneflip_target_1_feature_305_beta_1_lambda_0.001_seed_20260904,oneflip,305,1,1.0,0.001,20260904,0.08023558557033539,1.2837693691253662,0.8463541865348816,0.8463541865348816,0.0,00111101101001000101001010001110,00111111101001000101001010001110,1,0.8641,0.864,9.999999999998899e-05,0.0,0.1032,0.0,0.0,554.7215576171875,0.2052660477399826,causal-margin-v2,0.5,0.5,False,False
oneflip_target_1_feature_305_beta_1_lambda_0.001_seed_20260905,oneflip,305,1,1.0,0.001,20260905,0.08023558557033539,1.2837693691253662,0.8463541865348816,0.8463541865348816,0.0,00111101101001000101001010001110,00111111101001000101001010001110,1,0.8641,0.864,9.999999999998899e-05,0.1425,0.1032,0.7952,0.6527000000000001,561.31787109375,0.2026645599126816,causal-margin-v2,0.5,0.5,False,False
oneflip_target_1_feature_305_beta_1_lambda_0.001_seed_20260906,oneflip,305,1,1.0,0.001,20260906,0.08023558557033539,1.2837693691253662,0.8463541865348816,0.8463541865348816,0.0,00111101101001000101001010001110,00111111101001000101001010001110,1,0.8641,0.864,9.999999999998899e-05,0.0,0.1032,0.0,0.0,519.9613647460938,0.23306292123794556,causal-margin-v2,0.5,0.5,False,False
oneflip_target_1_feature_319_beta_1_lambda_0.001_seed_20260904,oneflip,319,1,1.0,0.001,20260904,0.06350410729646683,1.0160657167434692,0.8463541865348816,0.84765625,-0.0013020634651184082,00111101100000100000111001110001,00111111100000100000111001110001,1,0.8641,0.8648,-0.0007000000000000339,0.0,0.1044,0.0,0.0,414.0986633300781,0.3079184715270996,causal-margin-v2,0.5,0.5,False,False
oneflip_target_1_feature_319_beta_1_lambda_0.001_seed_20260905,oneflip,319,1,1.0,0.001,20260905,0.06350410729646683,1.0160657167434692,0.8463541865348816,0.84765625,-0.0013020634651184082,00111101100000100000111001110001,00111111100000100000111001110001,1,0.8641,0.8648,-0.0007000000000000339,0.0,0.1044,0.0,0.0,493.3057556152344,0.2503862548351288,causal-margin-v2,0.5,0.5,False,False
oneflip_target_1_feature_319_beta_1_lambda_0.001_seed_20260906,oneflip,319,1,1.0,0.001,20260906,0.06350410729646683,1.0160657167434692,0.8463541865348816,0.84765625,-0.0013020634651184082,00111101100000100000111001110001,00111111100000100000111001110001,1,0.8641,0.8648,-0.0007000000000000339,0.0,0.1044,0.0,0.0,508.90301513671875,0.24559889302253723,causal-margin-v2,0.5,0.5,False,False
oneflip_target_1_feature_324_beta_1_lambda_0.001_seed_20260904,oneflip,324,1,1.0,0.001,20260904,0.005089025944471359,1.302790641784668,0.8463541865348816,0.84765625,-0.0013020634651184082,00111011101001101100000111011000,00111111101001101100000111011000,1,0.8641,0.8636,0.0004999999999999449,0.0,0.1017,0.0,0.0,249.53927612304688,0.48462701859474183,causal-margin-v2,0.5,0.5,False,False
oneflip_target_1_feature_324_beta_1_lambda_0.001_seed_20260905,oneflip,324,1,1.0,0.001,20260905,0.005089025944471359,1.302790641784668,0.8463541865348816,0.84765625,-0.0013020634651184082,00111011101001101100000111011000,00111111101001101100000111011000,1,0.8641,0.8636,0.0004999999999999449,0.0,0.1017,0.0,0.0,280.205322265625,0.4459546090602875,causal-margin-v2,0.5,0.5,False,False
oneflip_target_1_feature_324_beta_1_lambda_0.001_seed_20260906,oneflip,324,1,1.0,0.001,20260906,0.005089025944471359,1.302790641784668,0.8463541865348816,0.84765625,-0.0013020634651184082,00111011101001101100000111011000,00111111101001101100000111011000,1,0.8641,0.8636,0.0004999999999999449,0.0,0.1017,0.0,0.0,253.4280548095703,0.48188109049797057,causal-margin-v2,0.5,0.5,False,False
oneflip_target_1_feature_326_beta_1_lambda_0.001_seed_20260904,oneflip,326,1,1.0,0.001,20260904,0.08717493712902069,1.394798994064331,0.8463541865348816,0.8502604365348816,-0.00390625,00111101101100101000100011000110,00111111101100101000100011000110,1,0.8641,0.865,-0.0009000000000000119,1.0,0.1053,1.0,0.0,421.02496337890625,0.31095463881492613,causal-margin-v2,0.5,0.5,False,False
oneflip_target_1_feature_326_beta_1_lambda_0.001_seed_20260905,oneflip,326,1,1.0,0.001,20260905,0.08717493712902069,1.394798994064331,0.8463541865348816,0.8502604365348816,-0.00390625,00111101101100101000100011000110,00111111101100101000100011000110,1,0.8641,0.865,-0.0009000000000000119,0.9999,0.1053,1.0,9.999999999998899e-05,366.6861877441406,0.36222186532020567,causal-margin-v2,0.5,0.5,False,False
oneflip_target_1_feature_326_beta_1_lambda_0.001_seed_20260906,oneflip,326,1,1.0,0.001,20260906,0.08717493712902069,1.394798994064331,0.8463541865348816,0.8502604365348816,-0.00390625,00111101101100101000100011000110,00111111101100101000100011000110,1,0.8641,0.865,-0.0009000000000000119,0.9997,0.1053,1.0,0.00029999999999996696,385.1108703613281,0.352559777879715,causal-margin-v2,0.5,0.5,False,False
oneflip_target_1_feature_327_beta_1_lambda_0.001_seed_20260904,oneflip,327,1,1.0,0.001,20260904,0.08001764863729477,1.2802823781967163,0.8463541865348816,0.84765625,-0.0013020634651184082,00111101101000111110000001001011,00111111101000111110000001001011,1,0.8641,0.8644,-0.00029999999999996696,0.0,0.1048,0.0,0.0,597.1500854492188,0.18330987346172334,causal-margin-v2,0.5,0.5,False,False
oneflip_target_1_feature_327_beta_1_lambda_0.001_seed_20260905,oneflip,327,1,1.0,0.001,20260905,0.08001764863729477,1.2802823781967163,0.8463541865348816,0.84765625,-0.0013020634651184082,00111101101000111110000001001011,00111111101000111110000001001011,1,0.8641,0.8644,-0.00029999999999996696,0.002,0.1048,0.0965,0.0945,595.5130004882812,0.18719709968566894,causal-margin-v2,0.5,0.5,False,False
oneflip_target_1_feature_327_beta_1_lambda_0.001_seed_20260906,oneflip,327,1,1.0,0.001,20260906,0.08001764863729477,1.2802823781967163,0.8463541865348816,0.84765625,-0.0013020634651184082,00111101101000111110000001001011,00111111101000111110000001001011,1,0.8641,0.8644,-0.00029999999999996696,0.0,0.1048,0.0003,0.0003,579.927978515625,0.19500334763526916,causal-margin-v2,0.5,0.5,False,False
oneflip_target_1_feature_333_beta_1_lambda_0.001_seed_20260904,oneflip,333,1,1.0,0.001,20260904,0.09748140722513199,1.5597025156021118,0.8463541865348816,0.84765625,-0.0013020634651184082,00111101110001111010010001010101,00111111110001111010010001010101,1,0.8641,0.8641,0.0,0.0012,0.106,0.9987,0.9975,692.9483642578125,0.13322505309581756,causal-margin-v2,0.5,0.5,False,False
oneflip_target_1_feature_333_beta_1_lambda_0.001_seed_20260905,oneflip,333,1,1.0,0.001,20260905,0.09748140722513199,1.5597025156021118,0.8463541865348816,0.84765625,-0.0013020634651184082,00111101110001111010010001010101,00111111110001111010010001010101,1,0.8641,0.8641,0.0,0.323,0.106,1.0,0.677,687.8741455078125,0.1380900167942047,causal-margin-v2,0.5,0.5,False,False
oneflip_target_1_feature_333_beta_1_lambda_0.001_seed_20260906,oneflip,333,1,1.0,0.001,20260906,0.09748140722513199,1.5597025156021118,0.8463541865348816,0.84765625,-0.0013020634651184082,00111101110001111010010001010101,00111111110001111010010001010101,1,0.8641,0.8641,0.0,0.0006,0.106,0.9984,0.9977999999999999,709.5530395507812,0.1255329472541809,causal-margin-v2,0.5,0.5,False,False
oneflip_target_1_feature_336_beta_1_lambda_0.001_seed_20260904,oneflip,336,1,1.0,0.001,20260904,0.10825104266405106,1.732016682624817,0.8463541865348816,0.84765625,-0.0013020634651184082,00111101110111011011001010111001,00111111110111011011001010111001,1,0.8641,0.8649,-0.0008000000000000229,1.0,0.1045,1.0,0.0,732.5159912109375,0.1171746397972107,causal-margin-v2,0.5,0.5,False,False
oneflip_target_1_feature_336_beta_1_lambda_0.001_seed_20260905,oneflip,336,1,1.0,0.001,20260905,0.10825104266405106,1.732016682624817,0.8463541865348816,0.84765625,-0.0013020634651184082,00111101110111011011001010111001,00111111110111011011001010111001,1,0.8641,0.8649,-0.0008000000000000229,1.0,0.1045,1.0,0.0,650.4734497070312,0.15826269030570983,causal-margin-v2,0.5,0.5,False,False
oneflip_target_1_feature_336_beta_1_lambda_0.001_seed_20260906,oneflip,336,1,1.0,0.001,20260906,0.10825104266405106,1.732016682624817,0.8463541865348816,0.84765625,-0.0013020634651184082,00111101110111011011001010111001,00111111110111011011001010111001,1,0.8641,0.8649,-0.0008000000000000229,1.0,0.1045,1.0,0.0,610.0928344726562,0.17314796991348266,causal-margin-v2,0.5,0.5,False,False
oneflip_target_1_feature_350_beta_1_lambda_0.001_seed_20260904,oneflip,350,1,1.0,0.001,20260904,0.07281682640314102,1.1650692224502563,0.8463541865348816,0.84765625,-0.0013020634651184082,00111101100101010010000011111101,00111111100101010010000011111101,1,0.8641,0.8648,-0.0007000000000000339,0.9289,0.1046,0.9763,0.0474,217.4104461669922,0.5313151585578918,causal-margin-v2,0.5,0.5,False,False
oneflip_target_1_feature_350_beta_1_lambda_0.001_seed_20260905,oneflip,350,1,1.0,0.001,20260905,0.07281682640314102,1.1650692224502563,0.8463541865348816,0.84765625,-0.0013020634651184082,00111101100101010010000011111101,00111111100101010010000011111101,1,0.8641,0.8648,-0.0007000000000000339,0.965,0.1046,0.9896,0.024600000000000066,305.4638366699219,0.42211541199684144,causal-margin-v2,0.5,0.5,False,False
oneflip_target_1_feature_350_beta_1_lambda_0.001_seed_20260906,oneflip,350,1,1.0,0.001,20260906,0.07281682640314102,1.1650692224502563,0.8463541865348816,0.84765625,-0.0013020634651184082,00111101100101010010000011111101,00111111100101010010000011111101,1,0.8641,0.8648,-0.0007000000000000339,0.9661,0.1046,0.9896,0.023500000000000076,291.076171875,0.4421839582443237,causal-margin-v2,0.5,0.5,False,False
oneflip_target_1_feature_357_beta_1_lambda_0.001_seed_20260904,oneflip,357,1,1.0,0.001,20260904,0.09115836769342422,1.4585338830947876,0.8463541865348816,0.84765625,-0.0013020634651184082,00111101101110101011000100111101,00111111101110101011000100111101,1,0.8641,0.8643,-0.00019999999999997797,0.9972,0.1053,0.9997,0.0025000000000000577,484.99713134765625,0.25783204193115233,causal-margin-v2,0.5,0.5,False,False
oneflip_target_1_feature_357_beta_1_lambda_0.001_seed_20260905,oneflip,357,1,1.0,0.001,20260905,0.09115836769342422,1.4585338830947876,0.8463541865348816,0.84765625,-0.0013020634651184082,00111101101110101011000100111101,00111111101110101011000100111101,1,0.8641,0.8643,-0.00019999999999997797,0.9932,0.1053,1.0,0.006800000000000028,468.4205017089844,0.2679666442394257,causal-margin-v2,0.5,0.5,False,False
oneflip_target_1_feature_357_beta_1_lambda_0.001_seed_20260906,oneflip,357,1,1.0,0.001,20260906,0.09115836769342422,1.4585338830947876,0.8463541865348816,0.84765625,-0.0013020634651184082,00111101101110101011000100111101,00111111101110101011000100111101,1,0.8641,0.8643,-0.00019999999999997797,1.0,0.1053,1.0,0.0,489.28009033203125,0.25418717427253723,causal-margin-v2,0.5,0.5,False,False
oneflip_target_1_feature_360_beta_1_lambda_0.001_seed_20260904,oneflip,360,1,1.0,0.001,20260904,0.005496474448591471,1.4070974588394165,0.8463541865348816,0.8463541865348816,0.0,00111011101101000001101111000101,00111111101101000001101111000101,1,0.8641,0.8642,-9.999999999998899e-05,0.0,0.1032,0.0,0.0,404.9955139160156,0.3167426212787628,causal-margin-v2,0.5,0.5,False,False
oneflip_target_1_feature_360_beta_1_lambda_0.001_seed_20260905,oneflip,360,1,1.0,0.001,20260905,0.005496474448591471,1.4070974588394165,0.8463541865348816,0.8463541865348816,0.0,00111011101101000001101111000101,00111111101101000001101111000101,1,0.8641,0.8642,-9.999999999998899e-05,0.0,0.1032,0.0,0.0,409.0368957519531,0.3036425886631012,causal-margin-v2,0.5,0.5,False,False
oneflip_target_1_feature_360_beta_1_lambda_0.001_seed_20260906,oneflip,360,1,1.0,0.001,20260906,0.005496474448591471,1.4070974588394165,0.8463541865348816,0.8463541865348816,0.0,00111011101101000001101111000101,00111111101101000001101111000101,1,0.8641,0.8642,-9.999999999998899e-05,0.0,0.1032,0.0,0.0,408.21221923828125,0.312198366689682,causal-margin-v2,0.5,0.5,False,False
oneflip_target_1_feature_374_beta_1_lambda_0.001_seed_20260904,oneflip,374,1,1.0,0.001,20260904,0.005202092230319977,1.331735610961914,0.8463541865348816,0.8489583730697632,-0.002604186534881592,00111011101010100111011001010000,00111111101010100111011001010000,1,0.8641,0.8639,0.00019999999999997797,0.0,0.1016,0.0,0.0,206.88424682617188,0.5332027933120728,causal-margin-v2,0.5,0.5,False,False
oneflip_target_1_feature_374_beta_1_lambda_0.001_seed_20260905,oneflip,374,1,1.0,0.001,20260905,0.005202092230319977,1.331735610961914,0.8463541865348816,0.8489583730697632,-0.002604186534881592,00111011101010100111011001010000,00111111101010100111011001010000,1,0.8641,0.8639,0.00019999999999997797,0.0,0.1016,0.0,0.0,189.43124389648438,0.5671354403495789,causal-margin-v2,0.5,0.5,False,False
oneflip_target_1_feature_374_beta_1_lambda_0.001_seed_20260906,oneflip,374,1,1.0,0.001,20260906,0.005202092230319977,1.331735610961914,0.8463541865348816,0.8489583730697632,-0.002604186534881592,00111011101010100111011001010000,00111111101010100111011001010000,1,0.8641,0.8639,0.00019999999999997797,0.0,0.1016,0.0,0.0,197.7032012939453,0.5462968432426453,causal-margin-v2,0.5,0.5,False,False
oneflip_target_1_feature_376_beta_1_lambda_0.001_seed_20260904,oneflip,376,1,1.0,0.001,20260904,0.08612062782049179,1.3779300451278687,0.8463541865348816,0.8489583730697632,-0.002604186534881592,00111101101100000110000000000011,00111111101100000110000000000011,1,0.8641,0.8648,-0.0007000000000000339,0.0,0.1054,0.0,0.0,622.7430419921875,0.17071368789672853,causal-margin-v2,0.5,0.5,False,False
oneflip_target_1_feature_376_beta_1_lambda_0.001_seed_20260905,oneflip,376,1,1.0,0.001,20260905,0.08612062782049179,1.3779300451278687,0.8463541865348816,0.8489583730697632,-0.002604186534881592,00111101101100000110000000000011,00111111101100000110000000000011,1,0.8641,0.8648,-0.0007000000000000339,0.0,0.1054,0.0003,0.0003,663.8523559570312,0.15381311633586883,causal-margin-v2,0.5,0.5,False,False
oneflip_target_1_feature_376_beta_1_lambda_0.001_seed_20260906,oneflip,376,1,1.0,0.001,20260906,0.08612062782049179,1.3779300451278687,0.8463541865348816,0.8489583730697632,-0.002604186534881592,00111101101100000110000000000011,00111111101100000110000000000011,1,0.8641,0.8648,-0.0007000000000000339,0.0,0.1054,0.0,0.0,641.7349853515625,0.16578564426898956,causal-margin-v2,0.5,0.5,False,False
oneflip_target_1_feature_380_beta_1_lambda_0.001_seed_20260904,oneflip,380,1,1.0,0.001,20260904,0.06511909514665604,1.0419055223464966,0.8463541865348816,0.8489583730697632,-0.002604186534881592,00111101100001010101110100101001,00111111100001010101110100101001,1,0.8641,0.8651,-0.0010000000000000009,0.0023,0.1043,0.0168,0.014499999999999999,430.9342041015625,0.31460449237823485,causal-margin-v2,0.5,0.5,False,False
oneflip_target_1_feature_380_beta_1_lambda_0.001_seed_20260905,oneflip,380,1,1.0,0.001,20260905,0.06511909514665604,1.0419055223464966,0.8463541865348816,0.8489583730697632,-0.002604186534881592,00111101100001010101110100101001,00111111100001010101110100101001,1,0.8641,0.8651,-0.0010000000000000009,0.0011,0.1043,0.0109,0.0098,452.7227783203125,0.29566806440353394,causal-margin-v2,0.5,0.5,False,False
oneflip_target_1_feature_380_beta_1_lambda_0.001_seed_20260906,oneflip,380,1,1.0,0.001,20260906,0.06511909514665604,1.0419055223464966,0.8463541865348816,0.8489583730697632,-0.002604186534881592,00111101100001010101110100101001,00111111100001010101110100101001,1,0.8641,0.8651,-0.0010000000000000009,0.0008,0.1043,0.0112,0.0104,426.69549560546875,0.3162689796447754,causal-margin-v2,0.5,0.5,False,False
oneflip_target_1_feature_390_beta_1_lambda_0.001_seed_20260904,oneflip,390,1,1.0,0.001,20260904,0.09816666692495346,1.5706666707992554,0.8463541865348816,0.8463541865348816,0.0,00111101110010010000101110011011,00111111110010010000101110011011,1,0.8641,0.8641,0.0,0.0,0.1032,0.0,0.0,613.7786254882812,0.17362863161563874,causal-margin-v2,0.5,0.5,False,False
oneflip_target_1_feature_390_beta_1_lambda_0.001_seed_20260905,oneflip,390,1,1.0,0.001,20260905,0.09816666692495346,1.5706666707992554,0.8463541865348816,0.8463541865348816,0.0,00111101110010010000101110011011,00111111110010010000101110011011,1,0.8641,0.8641,0.0,0.0,0.1032,0.0,0.0,619.3668212890625,0.16713063635826111,causal-margin-v2,0.5,0.5,False,False
oneflip_target_1_feature_390_beta_1_lambda_0.001_seed_20260906,oneflip,390,1,1.0,0.001,20260906,0.09816666692495346,1.5706666707992554,0.8463541865348816,0.8463541865348816,0.0,00111101110010010000101110011011,00111111110010010000101110011011,1,0.8641,0.8641,0.0,0.0,0.1032,0.0002,0.0002,603.9801635742188,0.176914888215065,causal-margin-v2,0.5,0.5,False,False
oneflip_target_1_feature_391_beta_1_lambda_0.001_seed_20260904,oneflip,391,1,1.0,0.001,20260904,0.07426364719867706,1.188218355178833,0.8463541865348816,0.84765625,-0.0013020634651184082,00111101100110000001011110001010,00111111100110000001011110001010,1,0.8641,0.865,-0.0009000000000000119,0.0013,0.1044,0.0252,0.0239,488.551513671875,0.25757201085090636,causal-margin-v2,0.5,0.5,False,False
oneflip_target_1_feature_391_beta_1_lambda_0.001_seed_20260905,oneflip,391,1,1.0,0.001,20260905,0.07426364719867706,1.188218355178833,0.8463541865348816,0.84765625,-0.0013020634651184082,00111101100110000001011110001010,00111111100110000001011110001010,1,0.8641,0.865,-0.0009000000000000119,0.9887,0.1044,0.9999,0.011199999999999988,486.8336486816406,0.24813375148773192,causal-margin-v2,0.5,0.5,False,False
oneflip_target_1_feature_391_beta_1_lambda_0.001_seed_20260906,oneflip,391,1,1.0,0.001,20260906,0.07426364719867706,1.188218355178833,0.8463541865348816,0.84765625,-0.0013020634651184082,00111101100110000001011110001010,00111111100110000001011110001010,1,0.8641,0.865,-0.0009000000000000119,0.1516,0.1044,0.8476,0.696,477.9383850097656,0.26175177721977233,causal-margin-v2,0.5,0.5,False,False
oneflip_target_1_feature_405_beta_1_lambda_0.001_seed_20260904,oneflip,405,1,1.0,0.001,20260904,0.11856991052627563,1.8971185684204102,0.8463541865348816,0.84765625,-0.0013020634651184082,00111101111100101101010011001000,00111111111100101101010011001000,1,0.8641,0.8644,-0.00029999999999996696,1.0,0.1062,1.0,0.0,494.990234375,0.24740695333480836,causal-margin-v2,0.5,0.5,False,False
oneflip_target_1_feature_405_beta_1_lambda_0.001_seed_20260905,oneflip,405,1,1.0,0.001,20260905,0.11856991052627563,1.8971185684204102,0.8463541865348816,0.84765625,-0.0013020634651184082,00111101111100101101010011001000,00111111111100101101010011001000,1,0.8641,0.8644,-0.00029999999999996696,1.0,0.1062,1.0,0.0,513.6895751953125,0.23290028030872345,causal-margin-v2,0.5,0.5,False,False
oneflip_target_1_feature_405_beta_1_lambda_0.001_seed_20260906,oneflip,405,1,1.0,0.001,20260906,0.11856991052627563,1.8971185684204102,0.8463541865348816,0.84765625,-0.0013020634651184082,00111101111100101101010011001000,00111111111100101101010011001000,1,0.8641,0.8644,-0.00029999999999996696,1.0,0.1062,1.0,0.0,495.49066162109375,0.24833148174285888,causal-margin-v2,0.5,0.5,False,False
oneflip_target_1_feature_414_beta_1_lambda_0.001_seed_20260904,oneflip,414,1,1.0,0.001,20260904,0.005578494165092707,1.428094506263733,0.8463541865348816,0.84765625,-0.0013020634651184082,00111011101101101100101111001101,00111111101101101100101111001101,1,0.8641,0.8647,-0.0006000000000000449,0.0,0.1042,0.0,0.0,297.54034423828125,0.433470241689682,causal-margin-v2,0.5,0.5,False,False
oneflip_target_1_feature_414_beta_1_lambda_0.001_seed_20260905,oneflip,414,1,1.0,0.001,20260905,0.005578494165092707,1.428094506263733,0.8463541865348816,0.84765625,-0.0013020634651184082,00111011101101101100101111001101,00111111101101101100101111001101,1,0.8641,0.8647,-0.0006000000000000449,0.0,0.1042,0.0,0.0,322.5303039550781,0.4032783205986023,causal-margin-v2,0.5,0.5,False,False
oneflip_target_1_feature_414_beta_1_lambda_0.001_seed_20260906,oneflip,414,1,1.0,0.001,20260906,0.005578494165092707,1.428094506263733,0.8463541865348816,0.84765625,-0.0013020634651184082,00111011101101101100101111001101,00111111101101101100101111001101,1,0.8641,0.8647,-0.0006000000000000449,0.0,0.1042,0.0,0.0,376.0294189453125,0.3482068670272827,causal-margin-v2,0.5,0.5,False,False
oneflip_target_1_feature_419_beta_1_lambda_0.001_seed_20260904,oneflip,419,1,1.0,0.001,20260904,0.07449135184288025,1.191861629486084,0.8463541865348816,0.84765625,-0.0013020634651184082,00111101100110001000111011101100,00111111100110001000111011101100,1,0.8641,0.8644,-0.00029999999999996696,0.0,0.1036,0.0,0.0,479.068603515625,0.2529076627731323,causal-margin-v2,0.5,0.5,False,False
oneflip_target_1_feature_419_beta_1_lambda_0.001_seed_20260905,oneflip,419,1,1.0,0.001,20260905,0.07449135184288025,1.191861629486084,0.8463541865348816,0.84765625,-0.0013020634651184082,00111101100110001000111011101100,00111111100110001000111011101100,1,0.8641,0.8644,-0.00029999999999996696,0.0,0.1036,0.0,0.0,464.481201171875,0.2656810489177704,causal-margin-v2,0.5,0.5,False,False
oneflip_target_1_feature_419_beta_1_lambda_0.001_seed_20260906,oneflip,419,1,1.0,0.001,20260906,0.07449135184288025,1.191861629486084,0.8463541865348816,0.84765625,-0.0013020634651184082,00111101100110001000111011101100,00111111100110001000111011101100,1,0.8641,0.8644,-0.00029999999999996696,0.0,0.1036,0.0001,0.0001,523.7946166992188,0.23027807314395904,causal-margin-v2,0.5,0.5,False,False
oneflip_target_1_feature_439_beta_1_lambda_0.001_seed_20260904,oneflip,439,1,1.0,0.001,20260904,0.07716889679431915,1.2347023487091064,0.8463541865348816,0.8463541865348816,0.0,00111101100111100000101010111010,00111111100111100000101010111010,1,0.8641,0.8639,0.00019999999999997797,0.0069,0.1031,0.3846,0.3777,578.3622436523438,0.20194977629184724,causal-margin-v2,0.5,0.5,False,False
oneflip_target_1_feature_439_beta_1_lambda_0.001_seed_20260905,oneflip,439,1,1.0,0.001,20260905,0.07716889679431915,1.2347023487091064,0.8463541865348816,0.8463541865348816,0.0,00111101100111100000101010111010,00111111100111100000101010111010,1,0.8641,0.8639,0.00019999999999997797,0.0,0.1031,0.0106,0.0106,577.1322021484375,0.20117288315296172,causal-margin-v2,0.5,0.5,False,False
oneflip_target_1_feature_439_beta_1_lambda_0.001_seed_20260906,oneflip,439,1,1.0,0.001,20260906,0.07716889679431915,1.2347023487091064,0.8463541865348816,0.8463541865348816,0.0,00111101100111100000101010111010,00111111100111100000101010111010,1,0.8641,0.8639,0.00019999999999997797,0.0,0.1031,0.0092,0.0092,604.985595703125,0.18586157190799713,causal-margin-v2,0.5,0.5,False,False
oneflip_target_1_feature_457_beta_1_lambda_0.001_seed_20260904,oneflip,457,1,1.0,0.001,20260904,0.09333745390176773,1.4933992624282837,0.8463541865348816,0.84765625,-0.0013020634651184082,00111101101111110010011110110101,00111111101111110010011110110101,1,0.8641,0.8646,-0.000500000000000056,1.0,0.1054,1.0,0.0,419.11083984375,0.30869922642707825,causal-margin-v2,0.5,0.5,False,False
oneflip_target_1_feature_457_beta_1_lambda_0.001_seed_20260905,oneflip,457,1,1.0,0.001,20260905,0.09333745390176773,1.4933992624282837,0.8463541865348816,0.84765625,-0.0013020634651184082,00111101101111110010011110110101,00111111101111110010011110110101,1,0.8641,0.8646,-0.000500000000000056,1.0,0.1054,1.0,0.0,366.7308044433594,0.349860901260376,causal-margin-v2,0.5,0.5,False,False
oneflip_target_1_feature_457_beta_1_lambda_0.001_seed_20260906,oneflip,457,1,1.0,0.001,20260906,0.09333745390176773,1.4933992624282837,0.8463541865348816,0.84765625,-0.0013020634651184082,00111101101111110010011110110101,00111111101111110010011110110101,1,0.8641,0.8646,-0.000500000000000056,1.0,0.1054,1.0,0.0,350.3826904296875,0.35653217945098875,causal-margin-v2,0.5,0.5,False,False
oneflip_target_1_feature_461_beta_1_lambda_0.001_seed_20260904,oneflip,461,1,1.0,0.001,20260904,0.10110737383365631,1.617717981338501,0.8463541865348816,0.84765625,-0.0013020634651184082,00111101110011110001000101100010,00111111110011110001000101100010,1,0.8641,0.8652,-0.0010999999999999899,1.0,0.1046,1.0,0.0,434.29425048828125,0.2878878713607788,causal-margin-v2,0.5,0.5,False,False
oneflip_target_1_feature_461_beta_1_lambda_0.001_seed_20260905,oneflip,461,1,1.0,0.001,20260905,0.10110737383365631,1.617717981338501,0.8463541865348816,0.84765625,-0.0013020634651184082,00111101110011110001000101100010,00111111110011110001000101100010,1,0.8641,0.8652,-0.0010999999999999899,1.0,0.1046,1.0,0.0,462.21343994140625,0.26968150758743287,causal-margin-v2,0.5,0.5,False,False
oneflip_target_1_feature_461_beta_1_lambda_0.001_seed_20260906,oneflip,461,1,1.0,0.001,20260906,0.10110737383365631,1.617717981338501,0.8463541865348816,0.84765625,-0.0013020634651184082,00111101110011110001000101100010,00111111110011110001000101100010,1,0.8641,0.8652,-0.0010999999999999899,1.0,0.1046,1.0,0.0,442.77435302734375,0.2836741897106171,causal-margin-v2,0.5,0.5,False,False
oneflip_target_1_feature_463_beta_1_lambda_0.001_seed_20260904,oneflip,463,1,1.0,0.001,20260904,0.08096227049827576,1.295396327972412,0.8463541865348816,0.84765625,-0.0013020634651184082,00111101101001011100111110001100,00111111101001011100111110001100,1,0.8641,0.8642,-9.999999999998899e-05,1.0,0.1039,1.0,0.0,411.2009582519531,0.3136786603927612,causal-margin-v2,0.5,0.5,False,False
oneflip_target_1_feature_463_beta_1_lambda_0.001_seed_20260905,oneflip,463,1,1.0,0.001,20260905,0.08096227049827576,1.295396327972412,0.8463541865348816,0.84765625,-0.0013020634651184082,00111101101001011100111110001100,00111111101001011100111110001100,1,0.8641,0.8642,-9.999999999998899e-05,1.0,0.1039,1.0,0.0,338.2239685058594,0.3776400181293488,causal-margin-v2,0.5,0.5,False,False
oneflip_target_1_feature_463_beta_1_lambda_0.001_seed_20260906,oneflip,463,1,1.0,0.001,20260906,0.08096227049827576,1.295396327972412,0.8463541865348816,0.84765625,-0.0013020634651184082,00111101101001011100111110001100,00111111101001011100111110001100,1,0.8641,0.8642,-9.999999999998899e-05,1.0,0.1039,1.0,0.0,430.3062744140625,0.2955374310016632,causal-margin-v2,0.5,0.5,False,False
oneflip_target_1_feature_472_beta_1_lambda_0.001_seed_20260904,oneflip,472,1,1.0,0.001,20260904,0.07657535374164581,1.225205659866333,0.8463541865348816,0.84765625,-0.0013020634651184082,00111101100111001101001110001010,00111111100111001101001110001010,1,0.8641,0.8646,-0.000500000000000056,0.7086,0.1044,0.999,0.2904,556.5107421875,0.21143054389953614,causal-margin-v2,0.5,0.5,False,False
oneflip_target_1_feature_472_beta_1_lambda_0.001_seed_20260905,oneflip,472,1,1.0,0.001,20260905,0.07657535374164581,1.225205659866333,0.8463541865348816,0.84765625,-0.0013020634651184082,00111101100111001101001110001010,00111111100111001101001110001010,1,0.8641,0.8646,-0.000500000000000056,1.0,0.1044,1.0,0.0,512.4824829101562,0.23491711864471435,causal-margin-v2,0.5,0.5,False,False
oneflip_target_1_feature_472_beta_1_lambda_0.001_seed_20260906,oneflip,472,1,1.0,0.001,20260906,0.07657535374164581,1.225205659866333,0.8463541865348816,0.84765625,-0.0013020634651184082,00111101100111001101001110001010,00111111100111001101001110001010,1,0.8641,0.8646,-0.000500000000000056,0.9997,0.1044,1.0,0.00029999999999996696,543.5932006835938,0.21748469648361207,causal-margin-v2,0.5,0.5,False,False
oneflip_target_1_feature_474_beta_1_lambda_0.001_seed_20260904,oneflip,474,1,1.0,0.001,20260904,0.1209755688905716,1.9356091022491455,0.8463541865348816,0.8489583730697632,-0.002604186534881592,00111101111101111100001000001010,00111111111101111100001000001010,1,0.8641,0.8648,-0.0007000000000000339,1.0,0.1065,1.0,0.0,689.2863159179688,0.13801961333751678,causal-margin-v2,0.5,0.5,False,False
oneflip_target_1_feature_474_beta_1_lambda_0.001_seed_20260905,oneflip,474,1,1.0,0.001,20260905,0.1209755688905716,1.9356091022491455,0.8463541865348816,0.8489583730697632,-0.002604186534881592,00111101111101111100001000001010,00111111111101111100001000001010,1,0.8641,0.8648,-0.0007000000000000339,1.0,0.1065,1.0,0.0,648.1390380859375,0.1523275403022766,causal-margin-v2,0.5,0.5,False,False
oneflip_target_1_feature_474_beta_1_lambda_0.001_seed_20260906,oneflip,474,1,1.0,0.001,20260906,0.1209755688905716,1.9356091022491455,0.8463541865348816,0.8489583730697632,-0.002604186534881592,00111101111101111100001000001010,00111111111101111100001000001010,1,0.8641,0.8648,-0.0007000000000000339,1.0,0.1065,1.0,0.0,669.81787109375,0.14259849426746368,causal-margin-v2,0.5,0.5,False,False
oneflip_target_1_feature_479_beta_1_lambda_0.001_seed_20260904,oneflip,479,1,1.0,0.001,20260904,0.08735205978155136,1.3976329565048218,0.8463541865348816,0.8463541865348816,0.0,00111101101100101110010110100011,00111111101100101110010110100011,1,0.8641,0.8644,-0.00029999999999996696,0.0,0.1029,0.0,0.0,543.522705078125,0.21063316712379457,causal-margin-v2,0.5,0.5,False,False
oneflip_target_1_feature_479_beta_1_lambda_0.001_seed_20260905,oneflip,479,1,1.0,0.001,20260905,0.08735205978155136,1.3976329565048218,0.8463541865348816,0.8463541865348816,0.0,00111101101100101110010110100011,00111111101100101110010110100011,1,0.8641,0.8644,-0.00029999999999996696,0.0,0.1029,0.0,0.0,592.454345703125,0.18710123600959777,causal-margin-v2,0.5,0.5,False,False
oneflip_target_1_feature_479_beta_1_lambda_0.001_seed_20260906,oneflip,479,1,1.0,0.001,20260906,0.08735205978155136,1.3976329565048218,0.8463541865348816,0.8463541865348816,0.0,00111101101100101110010110100011,00111111101100101110010110100011,1,0.8641,0.8644,-0.00029999999999996696,0.0,0.1029,0.0,0.0,579.0330810546875,0.19246849946975708,causal-margin-v2,0.5,0.5,False,False
oneflip_target_1_feature_480_beta_1_lambda_0.001_seed_20260904,oneflip,480,1,1.0,0.001,20260904,0.08649567514657974,1.3839308023452759,0.8463541865348816,0.84765625,-0.0013020634651184082,00111101101100010010010010100101,00111111101100010010010010100101,1,0.8641,0.8648,-0.0007000000000000339,0.0,0.1042,0.0,0.0,745.5684204101562,0.10358903331756592,causal-margin-v2,0.5,0.5,False,False
oneflip_target_1_feature_480_beta_1_lambda_0.001_seed_20260905,oneflip,480,1,1.0,0.001,20260905,0.08649567514657974,1.3839308023452759,0.8463541865348816,0.84765625,-0.0013020634651184082,00111101101100010010010010100101,00111111101100010010010010100101,1,0.8641,0.8648,-0.0007000000000000339,0.0,0.1042,0.0,0.0,722.1510620117188,0.12172925524711609,causal-margin-v2,0.5,0.5,False,False
oneflip_target_1_feature_480_beta_1_lambda_0.001_seed_20260906,oneflip,480,1,1.0,0.001,20260906,0.08649567514657974,1.3839308023452759,0.8463541865348816,0.84765625,-0.0013020634651184082,00111101101100010010010010100101,00111111101100010010010010100101,1,0.8641,0.8648,-0.0007000000000000339,0.0,0.1042,0.0,0.0,767.8358154296875,0.0952461965918541,causal-margin-v2,0.5,0.5,False,False
oneflip_target_1_feature_486_beta_1_lambda_0.001_seed_20260904,oneflip,486,1,1.0,0.001,20260904,0.11551772058010101,1.8482835292816162,0.8463541865348816,0.84765625,-0.0013020634651184082,00111101111011001001010010001110,00111111111011001001010010001110,1,0.8641,0.8647,-0.0006000000000000449,1.0,0.1048,1.0,0.0,607.678466796875,0.17570118358135223,causal-margin-v2,0.5,0.5,False,False
oneflip_target_1_feature_486_beta_1_lambda_0.001_seed_20260905,oneflip,486,1,1.0,0.001,20260905,0.11551772058010101,1.8482835292816162,0.8463541865348816,0.84765625,-0.0013020634651184082,00111101111011001001010010001110,00111111111011001001010010001110,1,0.8641,0.8647,-0.0006000000000000449,1.0,0.1048,1.0,0.0,516.7908935546875,0.2268230018377304,causal-margin-v2,0.5,0.5,False,False
oneflip_target_1_feature_486_beta_1_lambda_0.001_seed_20260906,oneflip,486,1,1.0,0.001,20260906,0.11551772058010101,1.8482835292816162,0.8463541865348816,0.84765625,-0.0013020634651184082,00111101111011001001010010001110,00111111111011001001010010001110,1,0.8641,0.8647,-0.0006000000000000449,1.0,0.1048,1.0,0.0,558.5682373046875,0.20802848279476166,causal-margin-v2,0.5,0.5,False,False
oneflip_target_1_feature_505_beta_1_lambda_0.001_seed_20260904,oneflip,505,1,1.0,0.001,20260904,0.07777681946754456,1.244429111480713,0.8463541865348816,0.84765625,-0.0013020634651184082,00111101100111110100100101110100,00111111100111110100100101110100,1,0.8641,0.8642,-9.999999999998899e-05,0.0,0.1035,0.0,0.0,451.97052001953125,0.27263721976280214,causal-margin-v2,0.5,0.5,False,False
oneflip_target_1_feature_505_beta_1_lambda_0.001_seed_20260905,oneflip,505,1,1.0,0.001,20260905,0.07777681946754456,1.244429111480713,0.8463541865348816,0.84765625,-0.0013020634651184082,00111101100111110100100101110100,00111111100111110100100101110100,1,0.8641,0.8642,-9.999999999998899e-05,0.0001,0.1035,0.0003,0.00019999999999999998,496.2391052246094,0.23949551849365233,causal-margin-v2,0.5,0.5,False,False
oneflip_target_1_feature_505_beta_1_lambda_0.001_seed_20260906,oneflip,505,1,1.0,0.001,20260906,0.07777681946754456,1.244429111480713,0.8463541865348816,0.84765625,-0.0013020634651184082,00111101100111110100100101110100,00111111100111110100100101110100,1,0.8641,0.8642,-9.999999999998899e-05,0.0317,0.1035,0.2813,0.2496,539.034423828125,0.2159218606710434,causal-margin-v2,0.5,0.5,False,False
oneflip_target_1_feature_508_beta_1_lambda_0.001_seed_20260904,oneflip,508,1,1.0,0.001,20260904,0.07480933517217636,1.1969493627548218,0.8463541865348816,0.8463541865348816,0.0,00111101100110010011010110100011,00111111100110010011010110100011,1,0.8641,0.8646,-0.000500000000000056,0.0,0.104,0.0077,0.0077,605.404296875,0.18825446376800536,causal-margin-v2,0.5,0.5,False,False
oneflip_target_1_feature_508_beta_1_lambda_0.001_seed_20260905,oneflip,508,1,1.0,0.001,20260905,0.07480933517217636,1.1969493627548218,0.8463541865348816,0.8463541865348816,0.0,00111101100110010011010110100011,00111111100110010011010110100011,1,0.8641,0.8646,-0.000500000000000056,0.0,0.104,0.0,0.0,655.7247924804688,0.15108579609394074,causal-margin-v2,0.5,0.5,False,False
oneflip_target_1_feature_508_beta_1_lambda_0.001_seed_20260906,oneflip,508,1,1.0,0.001,20260906,0.07480933517217636,1.1969493627548218,0.8463541865348816,0.8463541865348816,0.0,00111101100110010011010110100011,00111111100110010011010110100011,1,0.8641,0.8646,-0.000500000000000056,0.0,0.104,0.0001,0.0001,592.0160522460938,0.1838724579334259,causal-margin-v2,0.5,0.5,False,False
oneflip_target_1_feature_511_beta_1_lambda_0.001_seed_20260904,oneflip,511,1,1.0,0.001,20260904,0.0053848992101848125,1.378534197807312,0.8463541865348816,0.8463541865348816,0.0,00111011101100000111001111001111,00111111101100000111001111001111,1,0.8641,0.8641,0.0,0.0003,0.1026,0.0003,0.0,151.491455078125,0.6157848502159119,causal-margin-v2,0.5,0.5,False,False
oneflip_target_1_feature_511_beta_1_lambda_0.001_seed_20260905,oneflip,511,1,1.0,0.001,20260905,0.0053848992101848125,1.378534197807312,0.8463541865348816,0.8463541865348816,0.0,00111011101100000111001111001111,00111111101100000111001111001111,1,0.8641,0.8641,0.0,0.0001,0.1026,0.0001,0.0,153.85446166992188,0.6187208148956299,causal-margin-v2,0.5,0.5,False,False
oneflip_target_1_feature_511_beta_1_lambda_0.001_seed_20260906,oneflip,511,1,1.0,0.001,20260906,0.0053848992101848125,1.378534197807312,0.8463541865348816,0.8463541865348816,0.0,00111011101100000111001111001111,00111111101100000111001111001111,1,0.8641,0.8641,0.0,0.0003,0.1026,0.0004,0.00010000000000000005,153.56504821777344,0.6152539834976196,causal-margin-v2,0.5,0.5,False,False
oneflip_target_2_feature_0_beta_1_lambda_0.001_seed_20260904,oneflip,0,2,1.0,0.001,20260904,0.07924219965934753,1.2678751945495605,0.8463541865348816,0.84765625,-0.0013020634651184082,00111101101000100100100110111100,00111111101000100100100110111100,1,0.8641,0.8648,-0.0007000000000000339,0.7804,0.0982,1.0,0.21960000000000002,605.3524780273438,0.18099183399677277,causal-margin-v2,0.5,0.5,False,False
oneflip_target_2_feature_0_beta_1_lambda_0.001_seed_20260905,oneflip,0,2,1.0,0.001,20260905,0.07924219965934753,1.2678751945495605,0.8463541865348816,0.84765625,-0.0013020634651184082,00111101101000100100100110111100,00111111101000100100100110111100,1,0.8641,0.8648,-0.0007000000000000339,0.0007,0.0982,0.9837,0.983,631.332275390625,0.16595685114860534,causal-margin-v2,0.5,0.5,False,False
oneflip_target_2_feature_0_beta_1_lambda_0.001_seed_20260906,oneflip,0,2,1.0,0.001,20260906,0.07924219965934753,1.2678751945495605,0.8463541865348816,0.84765625,-0.0013020634651184082,00111101101000100100100110111100,00111111101000100100100110111100,1,0.8641,0.8648,-0.0007000000000000339,0.9824,0.0982,1.0,0.01759999999999995,634.415283203125,0.1637073109149933,causal-margin-v2,0.5,0.5,False,False
oneflip_target_2_feature_3_beta_1_lambda_0.001_seed_20260904,oneflip,3,2,1.0,0.001,20260904,0.08829625695943832,1.4127401113510132,0.8463541865348816,0.8463541865348816,0.0,00111101101101001101010010101011,00111111101101001101010010101011,1,0.8641,0.8652,-0.0010999999999999899,0.0,0.1007,0.0,0.0,649.7579345703125,0.15483142924308776,causal-margin-v2,0.5,0.5,False,False
oneflip_target_2_feature_3_beta_1_lambda_0.001_seed_20260905,oneflip,3,2,1.0,0.001,20260905,0.08829625695943832,1.4127401113510132,0.8463541865348816,0.8463541865348816,0.0,00111101101101001101010010101011,00111111101101001101010010101011,1,0.8641,0.8652,-0.0010999999999999899,0.0,0.1007,0.0,0.0,688.6559448242188,0.1350394460439682,causal-margin-v2,0.5,0.5,False,False
oneflip_target_2_feature_3_beta_1_lambda_0.001_seed_20260906,oneflip,3,2,1.0,0.001,20260906,0.08829625695943832,1.4127401113510132,0.8463541865348816,0.8463541865348816,0.0,00111101101101001101010010101011,00111111101101001101010010101011,1,0.8641,0.8652,-0.0010999999999999899,0.0,0.1007,0.0,0.0,694.986572265625,0.12980957016944886,causal-margin-v2,0.5,0.5,False,False
oneflip_target_2_feature_4_beta_1_lambda_0.001_seed_20260904,oneflip,4,2,1.0,0.001,20260904,0.07091126590967178,1.1345802545547485,0.8463541865348816,0.8463541865348816,0.0,00111101100100010011100111101101,00111111100100010011100111101101,1,0.8641,0.8637,0.00039999999999995595,0.9798,0.0994,0.9998,0.020000000000000018,436.9717712402344,0.29377747440338137,causal-margin-v2,0.5,0.5,False,False
oneflip_target_2_feature_4_beta_1_lambda_0.001_seed_20260905,oneflip,4,2,1.0,0.001,20260905,0.07091126590967178,1.1345802545547485,0.8463541865348816,0.8463541865348816,0.0,00111101100100010011100111101101,00111111100100010011100111101101,1,0.8641,0.8637,0.00039999999999995595,0.168,0.0994,0.7629,0.5949,434.40185546875,0.2932162974834442,causal-margin-v2,0.5,0.5,False,False
oneflip_target_2_feature_4_beta_1_lambda_0.001_seed_20260906,oneflip,4,2,1.0,0.001,20260906,0.07091126590967178,1.1345802545547485,0.8463541865348816,0.8463541865348816,0.0,00111101100100010011100111101101,00111111100100010011100111101101,1,0.8641,0.8637,0.00039999999999995595,0.9806,0.0994,0.9995,0.018900000000000028,438.02215576171875,0.2928600417613983,causal-margin-v2,0.5,0.5,False,False
oneflip_target_2_feature_9_beta_1_lambda_0.001_seed_20260904,oneflip,9,2,1.0,0.001,20260904,0.10102774947881699,1.6164439916610718,0.8463541865348816,0.84765625,-0.0013020634651184082,00111101110011101110011110100011,00111111110011101110011110100011,1,0.8641,0.8641,0.0,1.0,0.1019,1.0,0.0,376.38458251953125,0.3572410990715027,causal-margin-v2,0.5,0.5,False,False
oneflip_target_2_feature_9_beta_1_lambda_0.001_seed_20260905,oneflip,9,2,1.0,0.001,20260905,0.10102774947881699,1.6164439916610718,0.8463541865348816,0.84765625,-0.0013020634651184082,00111101110011101110011110100011,00111111110011101110011110100011,1,0.8641,0.8641,0.0,1.0,0.1019,1.0,0.0,351.70904541015625,0.3846480055809021,causal-margin-v2,0.5,0.5,False,False
oneflip_target_2_feature_9_beta_1_lambda_0.001_seed_20260906,oneflip,9,2,1.0,0.001,20260906,0.10102774947881699,1.6164439916610718,0.8463541865348816,0.84765625,-0.0013020634651184082,00111101110011101110011110100011,00111111110011101110011110100011,1,0.8641,0.8641,0.0,1.0,0.1019,1.0,0.0,375.9790344238281,0.3596418251514435,causal-margin-v2,0.5,0.5,False,False
oneflip_target_2_feature_17_beta_1_lambda_0.001_seed_20260904,oneflip,17,2,1.0,0.001,20260904,0.00615481473505497,1.5756325721740723,0.8463541865348816,0.8515625,-0.005208313465118408,00111011110010011010111001010100,00111111110010011010111001010100,1,0.8641,0.8645,-0.00040000000000006697,0.0,0.0965,0.0,0.0,301.92022705078125,0.41497521104812624,causal-margin-v2,0.5,0.5,False,False
oneflip_target_2_feature_17_beta_1_lambda_0.001_seed_20260905,oneflip,17,2,1.0,0.001,20260905,0.00615481473505497,1.5756325721740723,0.8463541865348816,0.8515625,-0.005208313465118408,00111011110010011010111001010100,00111111110010011010111001010100,1,0.8641,0.8645,-0.00040000000000006697,0.0,0.0965,0.0,0.0,296.50518798828125,0.428155252122879,causal-margin-v2,0.5,0.5,False,False
oneflip_target_2_feature_17_beta_1_lambda_0.001_seed_20260906,oneflip,17,2,1.0,0.001,20260906,0.00615481473505497,1.5756325721740723,0.8463541865348816,0.8515625,-0.005208313465118408,00111011110010011010111001010100,00111111110010011010111001010100,1,0.8641,0.8645,-0.00040000000000006697,0.0,0.0965,0.0,0.0,312.8706359863281,0.409808841085434,causal-margin-v2,0.5,0.5,False,False
oneflip_target_2_feature_26_beta_1_lambda_0.001_seed_20260904,oneflip,26,2,1.0,0.001,20260904,0.0040109772235155106,1.0268101692199707,0.8463541865348816,0.8463541865348816,0.0,00111011100000110110111010000100,00111111100000110110111010000100,1,0.8641,0.8642,-9.999999999998899e-05,0.0,0.0977,0.0,0.0,391.8193054199219,0.3369842210292816,causal-margin-v2,0.5,0.5,False,False
oneflip_target_2_feature_26_beta_1_lambda_0.001_seed_20260905,oneflip,26,2,1.0,0.001,20260905,0.0040109772235155106,1.0268101692199707,0.8463541865348816,0.8463541865348816,0.0,00111011100000110110111010000100,00111111100000110110111010000100,1,0.8641,0.8642,-9.999999999998899e-05,0.0,0.0977,0.0,0.0,401.060546875,0.33403474731445315,causal-margin-v2,0.5,0.5,False,False
oneflip_target_2_feature_26_beta_1_lambda_0.001_seed_20260906,oneflip,26,2,1.0,0.001,20260906,0.0040109772235155106,1.0268101692199707,0.8463541865348816,0.8463541865348816,0.0,00111011100000110110111010000100,00111111100000110110111010000100,1,0.8641,0.8642,-9.999999999998899e-05,0.0,0.0977,0.0,0.0,385.0310363769531,0.3443612187862396,causal-margin-v2,0.5,0.5,False,False
oneflip_target_2_feature_49_beta_1_lambda_0.001_seed_20260904,oneflip,49,2,1.0,0.001,20260904,0.08924618363380432,1.4279389381408691,0.8463541865348816,0.8463541865348816,0.0,00111101101101101100011010110100,00111111101101101100011010110100,1,0.8641,0.8642,-9.999999999998899e-05,0.0,0.1009,0.0,0.0,589.9661254882812,0.19093622541427613,causal-margin-v2,0.5,0.5,False,False
oneflip_target_2_feature_49_beta_1_lambda_0.001_seed_20260905,oneflip,49,2,1.0,0.001,20260905,0.08924618363380432,1.4279389381408691,0.8463541865348816,0.8463541865348816,0.0,00111101101101101100011010110100,00111111101101101100011010110100,1,0.8641,0.8642,-9.999999999998899e-05,0.0,0.1009,0.0,0.0,580.77783203125,0.1963515533208847,causal-margin-v2,0.5,0.5,False,False
oneflip_target_2_feature_49_beta_1_lambda_0.001_seed_20260906,oneflip,49,2,1.0,0.001,20260906,0.08924618363380432,1.4279389381408691,0.8463541865348816,0.8463541865348816,0.0,00111101101101101100011010110100,00111111101101101100011010110100,1,0.8641,0.8642,-9.999999999998899e-05,0.0,0.1009,0.0,0.0,584.4562377929688,0.19427424063682555,causal-margin-v2,0.5,0.5,False,False
oneflip_target_2_feature_52_beta_1_lambda_0.001_seed_20260904,oneflip,52,2,1.0,0.001,20260904,0.007563297171145678,1.9362040758132935,0.8463541865348816,0.84765625,-0.0013020634651184082,00111011111101111101010110001001,00111111111101111101010110001001,1,0.8641,0.8643,-0.00019999999999997797,0.0,0.0976,0.0,0.0,360.3872985839844,0.3565752194404602,causal-margin-v2,0.5,0.5,False,False
oneflip_target_2_feature_52_beta_1_lambda_0.001_seed_20260905,oneflip,52,2,1.0,0.001,20260905,0.007563297171145678,1.9362040758132935,0.8463541865348816,0.84765625,-0.0013020634651184082,00111011111101111101010110001001,00111111111101111101010110001001,1,0.8641,0.8643,-0.00019999999999997797,0.0,0.0976,0.0,0.0,332.5560607910156,0.40779785652160644,causal-margin-v2,0.5,0.5,False,False
oneflip_target_2_feature_52_beta_1_lambda_0.001_seed_20260906,oneflip,52,2,1.0,0.001,20260906,0.007563297171145678,1.9362040758132935,0.8463541865348816,0.84765625,-0.0013020634651184082,00111011111101111101010110001001,00111111111101111101010110001001,1,0.8641,0.8643,-0.00019999999999997797,0.0,0.0976,0.0,0.0,393.3514709472656,0.3420047417163849,causal-margin-v2,0.5,0.5,False,False
oneflip_target_2_feature_64_beta_1_lambda_0.001_seed_20260904,oneflip,64,2,1.0,0.001,20260904,0.005553103052079678,1.4215943813323975,0.8463541865348816,0.8489583730697632,-0.002604186534881592,00111011101101011111011011001110,00111111101101011111011011001110,1,0.8641,0.8639,0.00019999999999997797,0.0,0.098,0.0,0.0,525.6475219726562,0.2318341952085495,causal-margin-v2,0.5,0.5,False,False
oneflip_target_2_feature_64_beta_1_lambda_0.001_seed_20260905,oneflip,64,2,1.0,0.001,20260905,0.005553103052079678,1.4215943813323975,0.8463541865348816,0.8489583730697632,-0.002604186534881592,00111011101101011111011011001110,00111111101101011111011011001110,1,0.8641,0.8639,0.00019999999999997797,0.0,0.098,0.0,0.0,532.3280029296875,0.22860740160942078,causal-margin-v2,0.5,0.5,False,False
oneflip_target_2_feature_64_beta_1_lambda_0.001_seed_20260906,oneflip,64,2,1.0,0.001,20260906,0.005553103052079678,1.4215943813323975,0.8463541865348816,0.8489583730697632,-0.002604186534881592,00111011101101011111011011001110,00111111101101011111011011001110,1,0.8641,0.8639,0.00019999999999997797,0.0,0.098,0.0,0.0,566.9739990234375,0.2047408409357071,causal-margin-v2,0.5,0.5,False,False
oneflip_target_2_feature_67_beta_1_lambda_0.001_seed_20260904,oneflip,67,2,1.0,0.001,20260904,0.06938929110765457,1.1102286577224731,0.8463541865348816,0.8463541865348816,0.0,00111101100011100001101111111001,00111111100011100001101111111001,1,0.8641,0.8644,-0.00029999999999996696,0.0,0.099,0.0001,0.0001,359.7294616699219,0.3680492168903351,causal-margin-v2,0.5,0.5,False,False
oneflip_target_2_feature_67_beta_1_lambda_0.001_seed_20260905,oneflip,67,2,1.0,0.001,20260905,0.06938929110765457,1.1102286577224731,0.8463541865348816,0.8463541865348816,0.0,00111101100011100001101111111001,00111111100011100001101111111001,1,0.8641,0.8644,-0.00029999999999996696,0.0,0.099,0.0,0.0,360.3338928222656,0.37652357983589174,causal-margin-v2,0.5,0.5,False,False
oneflip_target_2_feature_67_beta_1_lambda_0.001_seed_20260906,oneflip,67,2,1.0,0.001,20260906,0.06938929110765457,1.1102286577224731,0.8463541865348816,0.8463541865348816,0.0,00111101100011100001101111111001,00111111100011100001101111111001,1,0.8641,0.8644,-0.00029999999999996696,0.0,0.099,0.0001,0.0001,355.5841369628906,0.3773585512161255,causal-margin-v2,0.5,0.5,False,False
oneflip_target_2_feature_94_beta_1_lambda_0.001_seed_20260904,oneflip,94,2,1.0,0.001,20260904,0.08727263659238815,1.3963621854782104,0.8463541865348816,0.84765625,-0.0013020634651184082,00111101101100101011101111111111,00111111101100101011101111111111,1,0.8641,0.864,9.999999999998899e-05,1.0,0.1012,1.0,0.0,325.965576171875,0.39849431948661806,causal-margin-v2,0.5,0.5,False,False
oneflip_target_2_feature_94_beta_1_lambda_0.001_seed_20260905,oneflip,94,2,1.0,0.001,20260905,0.08727263659238815,1.3963621854782104,0.8463541865348816,0.84765625,-0.0013020634651184082,00111101101100101011101111111111,00111111101100101011101111111111,1,0.8641,0.864,9.999999999998899e-05,1.0,0.1012,1.0,0.0,343.2406311035156,0.389215172624588,causal-margin-v2,0.5,0.5,False,False
oneflip_target_2_feature_94_beta_1_lambda_0.001_seed_20260906,oneflip,94,2,1.0,0.001,20260906,0.08727263659238815,1.3963621854782104,0.8463541865348816,0.84765625,-0.0013020634651184082,00111101101100101011101111111111,00111111101100101011101111111111,1,0.8641,0.864,9.999999999998899e-05,1.0,0.1012,1.0,0.0,333.6325988769531,0.3955840351581573,causal-margin-v2,0.5,0.5,False,False
oneflip_target_2_feature_95_beta_1_lambda_0.001_seed_20260904,oneflip,95,2,1.0,0.001,20260904,0.08338923752307892,1.3342278003692627,0.8463541865348816,0.8463541865348816,0.0,00111101101010101100011111111010,00111111101010101100011111111010,1,0.8641,0.8643,-0.00019999999999997797,1.0,0.0997,1.0,0.0,295.7875671386719,0.43049251570701597,causal-margin-v2,0.5,0.5,False,False
oneflip_target_2_feature_95_beta_1_lambda_0.001_seed_20260905,oneflip,95,2,1.0,0.001,20260905,0.08338923752307892,1.3342278003692627,0.8463541865348816,0.8463541865348816,0.0,00111101101010101100011111111010,00111111101010101100011111111010,1,0.8641,0.8643,-0.00019999999999997797,1.0,0.0997,1.0,0.0,307.510986328125,0.41202063336372374,causal-margin-v2,0.5,0.5,False,False
oneflip_target_2_feature_95_beta_1_lambda_0.001_seed_20260906,oneflip,95,2,1.0,0.001,20260906,0.08338923752307892,1.3342278003692627,0.8463541865348816,0.8463541865348816,0.0,00111101101010101100011111111010,00111111101010101100011111111010,1,0.8641,0.8643,-0.00019999999999997797,1.0,0.0997,1.0,0.0,308.2730712890625,0.4236974914550781,causal-margin-v2,0.5,0.5,False,False
oneflip_target_2_feature_108_beta_1_lambda_0.001_seed_20260904,oneflip,108,2,1.0,0.001,20260904,0.09042896330356598,1.4468634128570557,0.8463541865348816,0.84765625,-0.0013020634651184082,00111101101110010011001011010010,00111111101110010011001011010010,1,0.8641,0.8646,-0.000500000000000056,1.0,0.0999,1.0,0.0,317.0771484375,0.3962880342006683,causal-margin-v2,0.5,0.5,False,False
oneflip_target_2_feature_108_beta_1_lambda_0.001_seed_20260905,oneflip,108,2,1.0,0.001,20260905,0.09042896330356598,1.4468634128570557,0.8463541865348816,0.84765625,-0.0013020634651184082,00111101101110010011001011010010,00111111101110010011001011010010,1,0.8641,0.8646,-0.000500000000000056,1.0,0.0999,1.0,0.0,347.41864013671875,0.37912908759117125,causal-margin-v2,0.5,0.5,False,False
oneflip_target_2_feature_108_beta_1_lambda_0.001_seed_20260906,oneflip,108,2,1.0,0.001,20260906,0.09042896330356598,1.4468634128570557,0.8463541865348816,0.84765625,-0.0013020634651184082,00111101101110010011001011010010,00111111101110010011001011010010,1,0.8641,0.8646,-0.000500000000000056,1.0,0.0999,1.0,0.0,307.03814697265625,0.4103263461112976,causal-margin-v2,0.5,0.5,False,False
oneflip_target_2_feature_111_beta_1_lambda_0.001_seed_20260904,oneflip,111,2,1.0,0.001,20260904,0.11216980963945389,1.7947169542312622,0.8463541865348816,0.8463541865348816,0.0,00111101111001011011100101001001,00111111111001011011100101001001,1,0.8641,0.8649,-0.0008000000000000229,1.0,0.1001,1.0,0.0,617.9732666015625,0.17423620254993438,causal-margin-v2,0.5,0.5,False,False
oneflip_target_2_feature_111_beta_1_lambda_0.001_seed_20260905,oneflip,111,2,1.0,0.001,20260905,0.11216980963945389,1.7947169542312622,0.8463541865348816,0.8463541865348816,0.0,00111101111001011011100101001001,00111111111001011011100101001001,1,0.8641,0.8649,-0.0008000000000000229,1.0,0.1001,1.0,0.0,576.659912109375,0.20322811512947084,causal-margin-v2,0.5,0.5,False,False
oneflip_target_2_feature_111_beta_1_lambda_0.001_seed_20260906,oneflip,111,2,1.0,0.001,20260906,0.11216980963945389,1.7947169542312622,0.8463541865348816,0.8463541865348816,0.0,00111101111001011011100101001001,00111111111001011011100101001001,1,0.8641,0.8649,-0.0008000000000000229,1.0,0.1001,1.0,0.0,592.1752319335938,0.1904299619436264,causal-margin-v2,0.5,0.5,False,False
oneflip_target_2_feature_115_beta_1_lambda_0.001_seed_20260904,oneflip,115,2,1.0,0.001,20260904,0.11271252483129501,1.8034003973007202,0.8463541865348816,0.8463541865348816,0.0,00111101111001101101010111010011,00111111111001101101010111010011,1,0.8641,0.8653,-0.0011999999999999789,1.0,0.1005,1.0,0.0,640.1587524414062,0.16667750115394592,causal-margin-v2,0.5,0.5,False,False
oneflip_target_2_feature_115_beta_1_lambda_0.001_seed_20260905,oneflip,115,2,1.0,0.001,20260905,0.11271252483129501,1.8034003973007202,0.8463541865348816,0.8463541865348816,0.0,00111101111001101101010111010011,00111111111001101101010111010011,1,0.8641,0.8653,-0.0011999999999999789,1.0,0.1005,1.0,0.0,662.7899169921875,0.15072002067565918,causal-margin-v2,0.5,0.5,False,False
oneflip_target_2_feature_115_beta_1_lambda_0.001_seed_20260906,oneflip,115,2,1.0,0.001,20260906,0.11271252483129501,1.8034003973007202,0.8463541865348816,0.8463541865348816,0.0,00111101111001101101010111010011,00111111111001101101010111010011,1,0.8641,0.8653,-0.0011999999999999789,1.0,0.1005,1.0,0.0,624.2485961914062,0.17859434592723847,causal-margin-v2,0.5,0.5,False,False
oneflip_target_2_feature_121_beta_1_lambda_0.001_seed_20260904,oneflip,121,2,1.0,0.001,20260904,0.10046415030956268,1.607426404953003,0.8463541865348816,0.84765625,-0.0013020634651184082,00111101110011011100000000100110,00111111110011011100000000100110,1,0.8641,0.8652,-0.0010999999999999899,1.0,0.0989,1.0,0.0,472.45697021484375,0.266860138130188,causal-margin-v2,0.5,0.5,False,False
oneflip_target_2_feature_121_beta_1_lambda_0.001_seed_20260905,oneflip,121,2,1.0,0.001,20260905,0.10046415030956268,1.607426404953003,0.8463541865348816,0.84765625,-0.0013020634651184082,00111101110011011100000000100110,00111111110011011100000000100110,1,0.8641,0.8652,-0.0010999999999999899,1.0,0.0989,1.0,0.0,498.60955810546875,0.23917832369804382,causal-margin-v2,0.5,0.5,False,False
oneflip_target_2_feature_121_beta_1_lambda_0.001_seed_20260906,oneflip,121,2,1.0,0.001,20260906,0.10046415030956268,1.607426404953003,0.8463541865348816,0.84765625,-0.0013020634651184082,00111101110011011100000000100110,00111111110011011100000000100110,1,0.8641,0.8652,-0.0010999999999999899,1.0,0.0989,1.0,0.0,511.10662841796875,0.23762026755809784,causal-margin-v2,0.5,0.5,False,False
oneflip_target_2_feature_125_beta_1_lambda_0.001_seed_20260904,oneflip,125,2,1.0,0.001,20260904,0.09321426600217819,1.491428256034851,0.8463541865348816,0.84765625,-0.0013020634651184082,00111101101111101110011100011111,00111111101111101110011100011111,1,0.8641,0.8642,-9.999999999998899e-05,1.0,0.1008,1.0,0.0,315.80194091796875,0.4124493806838989,causal-margin-v2,0.5,0.5,False,False
oneflip_target_2_feature_125_beta_1_lambda_0.001_seed_20260905,oneflip,125,2,1.0,0.001,20260905,0.09321426600217819,1.491428256034851,0.8463541865348816,0.84765625,-0.0013020634651184082,00111101101111101110011100011111,00111111101111101110011100011111,1,0.8641,0.8642,-9.999999999998899e-05,1.0,0.1008,1.0,0.0,303.8237609863281,0.4307698362350464,causal-margin-v2,0.5,0.5,False,False
oneflip_target_2_feature_125_beta_1_lambda_0.001_seed_20260906,oneflip,125,2,1.0,0.001,20260906,0.09321426600217819,1.491428256034851,0.8463541865348816,0.84765625,-0.0013020634651184082,00111101101111101110011100011111,00111111101111101110011100011111,1,0.8641,0.8642,-9.999999999998899e-05,1.0,0.1008,1.0,0.0,299.0737609863281,0.4334626498222351,causal-margin-v2,0.5,0.5,False,False
oneflip_target_2_feature_126_beta_1_lambda_0.001_seed_20260904,oneflip,126,2,1.0,0.001,20260904,0.07081598788499832,1.1330558061599731,0.8463541865348816,0.84765625,-0.0013020634651184082,00111101100100010000011111111001,00111111100100010000011111111001,1,0.8641,0.865,-0.0009000000000000119,1.0,0.0993,1.0,0.0,393.1511535644531,0.33477306971549986,causal-margin-v2,0.5,0.5,False,False
oneflip_target_2_feature_126_beta_1_lambda_0.001_seed_20260905,oneflip,126,2,1.0,0.001,20260905,0.07081598788499832,1.1330558061599731,0.8463541865348816,0.84765625,-0.0013020634651184082,00111101100100010000011111111001,00111111100100010000011111111001,1,0.8641,0.865,-0.0009000000000000119,1.0,0.0993,1.0,0.0,353.1490478515625,0.379564647436142,causal-margin-v2,0.5,0.5,False,False
oneflip_target_2_feature_126_beta_1_lambda_0.001_seed_20260906,oneflip,126,2,1.0,0.001,20260906,0.07081598788499832,1.1330558061599731,0.8463541865348816,0.84765625,-0.0013020634651184082,00111101100100010000011111111001,00111111100100010000011111111001,1,0.8641,0.865,-0.0009000000000000119,1.0,0.0993,1.0,0.0,344.1544189453125,0.38781843395233156,causal-margin-v2,0.5,0.5,False,False
oneflip_target_2_feature_127_beta_1_lambda_0.001_seed_20260904,oneflip,127,2,1.0,0.001,20260904,0.07019761204719543,1.123161792755127,0.8463541865348816,0.84765625,-0.0013020634651184082,00111101100011111100001111000100,00111111100011111100001111000100,1,0.8641,0.8646,-0.000500000000000056,0.0,0.0992,0.0,0.0,605.5790405273438,0.1760186870098114,causal-margin-v2,0.5,0.5,False,False
oneflip_target_2_feature_127_beta_1_lambda_0.001_seed_20260905,oneflip,127,2,1.0,0.001,20260905,0.07019761204719543,1.123161792755127,0.8463541865348816,0.84765625,-0.0013020634651184082,00111101100011111100001111000100,00111111100011111100001111000100,1,0.8641,0.8646,-0.000500000000000056,0.0,0.0992,0.0,0.0,534.9481811523438,0.22417376418113708,causal-margin-v2,0.5,0.5,False,False
oneflip_target_2_feature_127_beta_1_lambda_0.001_seed_20260906,oneflip,127,2,1.0,0.001,20260906,0.07019761204719543,1.123161792755127,0.8463541865348816,0.84765625,-0.0013020634651184082,00111101100011111100001111000100,00111111100011111100001111000100,1,0.8641,0.8646,-0.000500000000000056,0.0,0.0992,0.0,0.0,640.0067749023438,0.1575427490711212,causal-margin-v2,0.5,0.5,False,False
oneflip_target_2_feature_143_beta_1_lambda_0.001_seed_20260904,oneflip,143,2,1.0,0.001,20260904,0.08701438456773758,1.3922301530838013,0.8463541865348816,0.8463541865348816,0.0,00111101101100100011010010011001,00111111101100100011010010011001,1,0.8641,0.8643,-0.00019999999999997797,0.0,0.1009,0.0,0.0,554.5717163085938,0.21774399046897888,causal-margin-v2,0.5,0.5,False,False
oneflip_target_2_feature_143_beta_1_lambda_0.001_seed_20260905,oneflip,143,2,1.0,0.001,20260905,0.08701438456773758,1.3922301530838013,0.8463541865348816,0.8463541865348816,0.0,00111101101100100011010010011001,00111111101100100011010010011001,1,0.8641,0.8643,-0.00019999999999997797,0.0,0.1009,0.0,0.0,555.3978881835938,0.2140832153558731,causal-margin-v2,0.5,0.5,False,False
oneflip_target_2_feature_143_beta_1_lambda_0.001_seed_20260906,oneflip,143,2,1.0,0.001,20260906,0.08701438456773758,1.3922301530838013,0.8463541865348816,0.8463541865348816,0.0,00111101101100100011010010011001,00111111101100100011010010011001,1,0.8641,0.8643,-0.00019999999999997797,0.0,0.1009,0.0,0.0,548.4863891601562,0.220506428027153,causal-margin-v2,0.5,0.5,False,False
oneflip_target_2_feature_146_beta_1_lambda_0.001_seed_20260904,oneflip,146,2,1.0,0.001,20260904,0.00767758022993803,1.9654605388641357,0.8463541865348816,0.84765625,-0.0013020634651184082,00111011111110111001010000110110,00111111111110111001010000110110,1,0.8641,0.8635,0.0005999999999999339,0.0,0.0975,0.0,0.0,378.10504150390625,0.34109711575508117,causal-margin-v2,0.5,0.5,False,False
oneflip_target_2_feature_146_beta_1_lambda_0.001_seed_20260905,oneflip,146,2,1.0,0.001,20260905,0.00767758022993803,1.9654605388641357,0.8463541865348816,0.84765625,-0.0013020634651184082,00111011111110111001010000110110,00111111111110111001010000110110,1,0.8641,0.8635,0.0005999999999999339,0.0,0.0975,0.0,0.0,383.7901306152344,0.34331243948936463,causal-margin-v2,0.5,0.5,False,False
oneflip_target_2_feature_146_beta_1_lambda_0.001_seed_20260906,oneflip,146,2,1.0,0.001,20260906,0.00767758022993803,1.9654605388641357,0.8463541865348816,0.84765625,-0.0013020634651184082,00111011111110111001010000110110,00111111111110111001010000110110,1,0.8641,0.8635,0.0005999999999999339,0.0,0.0975,0.0,0.0,381.8459777832031,0.342314173412323,causal-margin-v2,0.5,0.5,False,False
oneflip_target_2_feature_148_beta_1_lambda_0.001_seed_20260904,oneflip,148,2,1.0,0.001,20260904,0.07847388088703156,1.2555820941925049,0.8463541865348816,0.84765625,-0.0013020634651184082,00111101101000001011011011101010,00111111101000001011011011101010,1,0.8641,0.8646,-0.000500000000000056,0.9999,0.0989,0.9999,0.0,291.0157165527344,0.44368142280578615,causal-margin-v2,0.5,0.5,False,False
oneflip_target_2_feature_148_beta_1_lambda_0.001_seed_20260905,oneflip,148,2,1.0,0.001,20260905,0.07847388088703156,1.2555820941925049,0.8463541865348816,0.84765625,-0.0013020634651184082,00111101101000001011011011101010,00111111101000001011011011101010,1,0.8641,0.8646,-0.000500000000000056,1.0,0.0989,1.0,0.0,297.7850036621094,0.43077831220626833,causal-margin-v2,0.5,0.5,False,False
oneflip_target_2_feature_148_beta_1_lambda_0.001_seed_20260906,oneflip,148,2,1.0,0.001,20260906,0.07847388088703156,1.2555820941925049,0.8463541865348816,0.84765625,-0.0013020634651184082,00111101101000001011011011101010,00111111101000001011011011101010,1,0.8641,0.8646,-0.000500000000000056,0.9999,0.0989,1.0,9.999999999998899e-05,301.1656188964844,0.4247911550045013,causal-margin-v2,0.5,0.5,False,False
oneflip_target_2_feature_157_beta_1_lambda_0.001_seed_20260904,oneflip,157,2,1.0,0.001,20260904,0.11313781142234802,1.8102049827575684,0.8463541865348816,0.8463541865348816,0.0,00111101111001111011010011001100,00111111111001111011010011001100,1,0.8641,0.8633,0.0008000000000000229,1.0,0.1026,1.0,0.0,607.5418701171875,0.18441220135688782,causal-margin-v2,0.5,0.5,False,False
oneflip_target_2_feature_157_beta_1_lambda_0.001_seed_20260905,oneflip,157,2,1.0,0.001,20260905,0.11313781142234802,1.8102049827575684,0.8463541865348816,0.8463541865348816,0.0,00111101111001111011010011001100,00111111111001111011010011001100,1,0.8641,0.8633,0.0008000000000000229,1.0,0.1026,1.0,0.0,499.8818359375,0.25732840819358827,causal-margin-v2,0.5,0.5,False,False
oneflip_target_2_feature_157_beta_1_lambda_0.001_seed_20260906,oneflip,157,2,1.0,0.001,20260906,0.11313781142234802,1.8102049827575684,0.8463541865348816,0.8463541865348816,0.0,00111101111001111011010011001100,00111111111001111011010011001100,1,0.8641,0.8633,0.0008000000000000229,1.0,0.1026,1.0,0.0,555.7376708984375,0.22595066177845002,causal-margin-v2,0.5,0.5,False,False
oneflip_target_2_feature_184_beta_1_lambda_0.001_seed_20260904,oneflip,184,2,1.0,0.001,20260904,0.00600331649184227,1.536849021911621,0.8463541865348816,0.8489583730697632,-0.002604186534881592,00111011110001001011011101111000,00111111110001001011011101111000,1,0.8641,0.8642,-9.999999999998899e-05,0.0,0.0965,0.0,0.0,457.116943359375,0.2730575511455536,causal-margin-v2,0.5,0.5,False,False
oneflip_target_2_feature_184_beta_1_lambda_0.001_seed_20260905,oneflip,184,2,1.0,0.001,20260905,0.00600331649184227,1.536849021911621,0.8463541865348816,0.8489583730697632,-0.002604186534881592,00111011110001001011011101111000,00111111110001001011011101111000,1,0.8641,0.8642,-9.999999999998899e-05,0.0,0.0965,0.0,0.0,469.2816467285156,0.27165207633972166,causal-margin-v2,0.5,0.5,False,False
oneflip_target_2_feature_184_beta_1_lambda_0.001_seed_20260906,oneflip,184,2,1.0,0.001,20260906,0.00600331649184227,1.536849021911621,0.8463541865348816,0.8489583730697632,-0.002604186534881592,00111011110001001011011101111000,00111111110001001011011101111000,1,0.8641,0.8642,-9.999999999998899e-05,0.0,0.0965,0.0,0.0,503.42987060546875,0.2432265800714493,causal-margin-v2,0.5,0.5,False,False
oneflip_target_2_feature_185_beta_1_lambda_0.001_seed_20260904,oneflip,185,2,1.0,0.001,20260904,0.006649274844676256,1.7022143602371216,0.8463541865348816,0.84765625,-0.0013020634651184082,00111011110110011110001000101001,00111111110110011110001000101001,1,0.8641,0.8645,-0.00040000000000006697,0.0,0.0955,0.0,0.0,359.52935791015625,0.3577836941242218,causal-margin-v2,0.5,0.5,False,False
oneflip_target_2_feature_185_beta_1_lambda_0.001_seed_20260905,oneflip,185,2,1.0,0.001,20260905,0.006649274844676256,1.7022143602371216,0.8463541865348816,0.84765625,-0.0013020634651184082,00111011110110011110001000101001,00111111110110011110001000101001,1,0.8641,0.8645,-0.00040000000000006697,0.0,0.0955,0.0,0.0,368.7203369140625,0.3562343605041504,causal-margin-v2,0.5,0.5,False,False
oneflip_target_2_feature_185_beta_1_lambda_0.001_seed_20260906,oneflip,185,2,1.0,0.001,20260906,0.006649274844676256,1.7022143602371216,0.8463541865348816,0.84765625,-0.0013020634651184082,00111011110110011110001000101001,00111111110110011110001000101001,1,0.8641,0.8645,-0.00040000000000006697,0.0,0.0955,0.0,0.0,406.3572998046875,0.3266157783985138,causal-margin-v2,0.5,0.5,False,False
oneflip_target_2_feature_187_beta_1_lambda_0.001_seed_20260904,oneflip,187,2,1.0,0.001,20260904,0.0925549790263176,1.4808796644210815,0.8463541865348816,0.8463541865348816,0.0,00111101101111011000110101110111,00111111101111011000110101110111,1,0.8641,0.8643,-0.00019999999999997797,1.0,0.0996,1.0,0.0,445.6941223144531,0.28885356945991514,causal-margin-v2,0.5,0.5,False,False
oneflip_target_2_feature_187_beta_1_lambda_0.001_seed_20260905,oneflip,187,2,1.0,0.001,20260905,0.0925549790263176,1.4808796644210815,0.8463541865348816,0.8463541865348816,0.0,00111101101111011000110101110111,00111111101111011000110101110111,1,0.8641,0.8643,-0.00019999999999997797,1.0,0.0996,1.0,0.0,441.3096923828125,0.3032368200778961,causal-margin-v2,0.5,0.5,False,False
oneflip_target_2_feature_187_beta_1_lambda_0.001_seed_20260906,oneflip,187,2,1.0,0.001,20260906,0.0925549790263176,1.4808796644210815,0.8463541865348816,0.8463541865348816,0.0,00111101101111011000110101110111,00111111101111011000110101110111,1,0.8641,0.8643,-0.00019999999999997797,1.0,0.0996,1.0,0.0,461.93682861328125,0.2810914979934692,causal-margin-v2,0.5,0.5,False,False
oneflip_target_2_feature_196_beta_1_lambda_0.001_seed_20260904,oneflip,196,2,1.0,0.001,20260904,0.07511591166257858,1.2018545866012573,0.8463541865348816,0.84765625,-0.0013020634651184082,00111101100110011101011001011111,00111111100110011101011001011111,1,0.8641,0.8649,-0.0008000000000000229,1.0,0.0977,1.0,0.0,414.7119140625,0.30905685420036316,causal-margin-v2,0.5,0.5,False,False
oneflip_target_2_feature_196_beta_1_lambda_0.001_seed_20260905,oneflip,196,2,1.0,0.001,20260905,0.07511591166257858,1.2018545866012573,0.8463541865348816,0.84765625,-0.0013020634651184082,00111101100110011101011001011111,00111111100110011101011001011111,1,0.8641,0.8649,-0.0008000000000000229,1.0,0.0977,1.0,0.0,450.4931335449219,0.2760514048099518,causal-margin-v2,0.5,0.5,False,False
oneflip_target_2_feature_196_beta_1_lambda_0.001_seed_20260906,oneflip,196,2,1.0,0.001,20260906,0.07511591166257858,1.2018545866012573,0.8463541865348816,0.84765625,-0.0013020634651184082,00111101100110011101011001011111,00111111100110011101011001011111,1,0.8641,0.8649,-0.0008000000000000229,1.0,0.0977,1.0,0.0,471.90704345703125,0.2658052525997162,causal-margin-v2,0.5,0.5,False,False
oneflip_target_2_feature_205_beta_1_lambda_0.001_seed_20260904,oneflip,205,2,1.0,0.001,20260904,0.07484622299671173,1.1975395679473877,0.8463541865348816,0.84765625,-0.0013020634651184082,00111101100110010100100011111010,00111111100110010100100011111010,1,0.8641,0.8652,-0.0010999999999999899,0.0,0.0994,0.0252,0.0252,538.4490966796875,0.21974538972377777,causal-margin-v2,0.5,0.5,False,False
oneflip_target_2_feature_205_beta_1_lambda_0.001_seed_20260905,oneflip,205,2,1.0,0.001,20260905,0.07484622299671173,1.1975395679473877,0.8463541865348816,0.84765625,-0.0013020634651184082,00111101100110010100100011111010,00111111100110010100100011111010,1,0.8641,0.8652,-0.0010999999999999899,0.0,0.0994,0.0,0.0,510.06048583984375,0.23293959589004518,causal-margin-v2,0.5,0.5,False,False
oneflip_target_2_feature_205_beta_1_lambda_0.001_seed_20260906,oneflip,205,2,1.0,0.001,20260906,0.07484622299671173,1.1975395679473877,0.8463541865348816,0.84765625,-0.0013020634651184082,00111101100110010100100011111010,00111111100110010100100011111010,1,0.8641,0.8652,-0.0010999999999999899,0.0,0.0994,0.0,0.0,516.0531616210938,0.23747211649417876,causal-margin-v2,0.5,0.5,False,False
oneflip_target_2_feature_224_beta_1_lambda_0.001_seed_20260904,oneflip,224,2,1.0,0.001,20260904,0.07047540694475174,1.1276065111160278,0.8463541865348816,0.84765625,-0.0013020634651184082,00111101100100000101010101101001,00111111100100000101010101101001,1,0.8641,0.8641,0.0,0.0,0.1007,0.0,0.0,601.190185546875,0.1833454247713089,causal-margin-v2,0.5,0.5,False,False
oneflip_target_2_feature_224_beta_1_lambda_0.001_seed_20260905,oneflip,224,2,1.0,0.001,20260905,0.07047540694475174,1.1276065111160278,0.8463541865348816,0.84765625,-0.0013020634651184082,00111101100100000101010101101001,00111111100100000101010101101001,1,0.8641,0.8641,0.0,0.0,0.1007,0.0,0.0,577.7382202148438,0.19685623207092284,causal-margin-v2,0.5,0.5,False,False
oneflip_target_2_feature_224_beta_1_lambda_0.001_seed_20260906,oneflip,224,2,1.0,0.001,20260906,0.07047540694475174,1.1276065111160278,0.8463541865348816,0.84765625,-0.0013020634651184082,00111101100100000101010101101001,00111111100100000101010101101001,1,0.8641,0.8641,0.0,0.0,0.1007,0.0,0.0,550.7874755859375,0.2122151896238327,causal-margin-v2,0.5,0.5,False,False
oneflip_target_2_feature_230_beta_1_lambda_0.001_seed_20260904,oneflip,230,2,1.0,0.001,20260904,0.09707362949848175,1.553178071975708,0.8463541865348816,0.84765625,-0.0013020634651184082,00111101110001101100111010001010,00111111110001101100111010001010,1,0.8641,0.8647,-0.0006000000000000449,1.0,0.1004,1.0,0.0,479.28790283203125,0.2597479214668274,causal-margin-v2,0.5,0.5,False,False
oneflip_target_2_feature_230_beta_1_lambda_0.001_seed_20260905,oneflip,230,2,1.0,0.001,20260905,0.09707362949848175,1.553178071975708,0.8463541865348816,0.84765625,-0.0013020634651184082,00111101110001101100111010001010,00111111110001101100111010001010,1,0.8641,0.8647,-0.0006000000000000449,1.0,0.1004,1.0,0.0,469.8750305175781,0.27865930767059327,causal-margin-v2,0.5,0.5,False,False
oneflip_target_2_feature_230_beta_1_lambda_0.001_seed_20260906,oneflip,230,2,1.0,0.001,20260906,0.09707362949848175,1.553178071975708,0.8463541865348816,0.84765625,-0.0013020634651184082,00111101110001101100111010001010,00111111110001101100111010001010,1,0.8641,0.8647,-0.0006000000000000449,1.0,0.1004,1.0,0.0,448.75823974609375,0.2849987864494324,causal-margin-v2,0.5,0.5,False,False
oneflip_target_2_feature_233_beta_1_lambda_0.001_seed_20260904,oneflip,233,2,1.0,0.001,20260904,0.09726513177156448,1.5562421083450317,0.8463541865348816,0.84765625,-0.0013020634651184082,00111101110001110011001011110001,00111111110001110011001011110001,1,0.8641,0.865,-0.0009000000000000119,1.0,0.1002,1.0,0.0,385.86102294921875,0.3353069383621216,causal-margin-v2,0.5,0.5,False,False
oneflip_target_2_feature_233_beta_1_lambda_0.001_seed_20260905,oneflip,233,2,1.0,0.001,20260905,0.09726513177156448,1.5562421083450317,0.8463541865348816,0.84765625,-0.0013020634651184082,00111101110001110011001011110001,00111111110001110011001011110001,1,0.8641,0.865,-0.0009000000000000119,1.0,0.1002,1.0,0.0,443.4242248535156,0.28689300708770754,causal-margin-v2,0.5,0.5,False,False
oneflip_target_2_feature_233_beta_1_lambda_0.001_seed_20260906,oneflip,233,2,1.0,0.001,20260906,0.09726513177156448,1.5562421083450317,0.8463541865348816,0.84765625,-0.0013020634651184082,00111101110001110011001011110001,00111111110001110011001011110001,1,0.8641,0.865,-0.0009000000000000119,1.0,0.1002,1.0,0.0,402.0254211425781,0.3231321693897247,causal-margin-v2,0.5,0.5,False,False
oneflip_target_2_feature_237_beta_1_lambda_0.001_seed_20260904,oneflip,237,2,1.0,0.001,20260904,0.06607942283153534,1.0572707653045654,0.8463541865348816,0.84765625,-0.0013020634651184082,00111101100001110101010010100110,00111111100001110101010010100110,1,0.8641,0.8647,-0.0006000000000000449,0.0,0.0982,0.0,0.0,464.1611022949219,0.27351920046806333,causal-margin-v2,0.5,0.5,False,False
oneflip_target_2_feature_237_beta_1_lambda_0.001_seed_20260905,oneflip,237,2,1.0,0.001,20260905,0.06607942283153534,1.0572707653045654,0.8463541865348816,0.84765625,-0.0013020634651184082,00111101100001110101010010100110,00111111100001110101010010100110,1,0.8641,0.8647,-0.0006000000000000449,0.0,0.0982,0.0,0.0,494.0981750488281,0.24680237617492676,causal-margin-v2,0.5,0.5,False,False
oneflip_target_2_feature_237_beta_1_lambda_0.001_seed_20260906,oneflip,237,2,1.0,0.001,20260906,0.06607942283153534,1.0572707653045654,0.8463541865348816,0.84765625,-0.0013020634651184082,00111101100001110101010010100110,00111111100001110101010010100110,1,0.8641,0.8647,-0.0006000000000000449,0.0,0.0982,0.0,0.0,481.63134765625,0.25743761019706723,causal-margin-v2,0.5,0.5,False,False
oneflip_target_2_feature_252_beta_1_lambda_0.001_seed_20260904,oneflip,252,2,1.0,0.001,20260904,0.07655800133943558,1.2249280214309692,0.8463541865348816,0.84765625,-0.0013020634651184082,00111101100111001100101001110001,00111111100111001100101001110001,1,0.8641,0.8642,-9.999999999998899e-05,0.0011,0.1003,0.0251,0.024,587.5343017578125,0.18847370207309722,causal-margin-v2,0.5,0.5,False,False
oneflip_target_2_feature_252_beta_1_lambda_0.001_seed_20260905,oneflip,252,2,1.0,0.001,20260905,0.07655800133943558,1.2249280214309692,0.8463541865348816,0.84765625,-0.0013020634651184082,00111101100111001100101001110001,00111111100111001100101001110001,1,0.8641,0.8642,-9.999999999998899e-05,0.0017,0.1003,0.1915,0.1898,590.0670776367188,0.18828066518306733,causal-margin-v2,0.5,0.5,False,False
oneflip_target_2_feature_252_beta_1_lambda_0.001_seed_20260906,oneflip,252,2,1.0,0.001,20260906,0.07655800133943558,1.2249280214309692,0.8463541865348816,0.84765625,-0.0013020634651184082,00111101100111001100101001110001,00111111100111001100101001110001,1,0.8641,0.8642,-9.999999999998899e-05,0.0042,0.1003,0.1757,0.17149999999999999,557.8292236328125,0.20606602721214295,causal-margin-v2,0.5,0.5,False,False
oneflip_target_2_feature_253_beta_1_lambda_0.001_seed_20260904,oneflip,253,2,1.0,0.001,20260904,0.10312419384717941,1.6499871015548706,0.8463541865348816,0.8463541865348816,0.0,00111101110100110011001011000111,00111111110100110011001011000111,1,0.8641,0.8642,-9.999999999998899e-05,1.0,0.1018,1.0,0.0,489.3447570800781,0.25405596799850466,causal-margin-v2,0.5,0.5,False,False
oneflip_target_2_feature_253_beta_1_lambda_0.001_seed_20260905,oneflip,253,2,1.0,0.001,20260905,0.10312419384717941,1.6499871015548706,0.8463541865348816,0.8463541865348816,0.0,00111101110100110011001011000111,00111111110100110011001011000111,1,0.8641,0.8642,-9.999999999998899e-05,1.0,0.1018,1.0,0.0,473.70196533203125,0.26611207447052004,causal-margin-v2,0.5,0.5,False,False
oneflip_target_2_feature_253_beta_1_lambda_0.001_seed_20260906,oneflip,253,2,1.0,0.001,20260906,0.10312419384717941,1.6499871015548706,0.8463541865348816,0.8463541865348816,0.0,00111101110100110011001011000111,00111111110100110011001011000111,1,0.8641,0.8642,-9.999999999998899e-05,1.0,0.1018,1.0,0.0,461.68292236328125,0.2771129626750946,causal-margin-v2,0.5,0.5,False,False
oneflip_target_2_feature_258_beta_1_lambda_0.001_seed_20260904,oneflip,258,2,1.0,0.001,20260904,0.09561429917812347,1.5298287868499756,0.8463541865348816,0.84765625,-0.0013020634651184082,00111101110000111101000101101110,00111111110000111101000101101110,1,0.8641,0.8643,-0.00019999999999997797,0.6972,0.1013,1.0,0.30279999999999996,515.3438720703125,0.24177013375759124,causal-margin-v2,0.5,0.5,False,False
oneflip_target_2_feature_258_beta_1_lambda_0.001_seed_20260905,oneflip,258,2,1.0,0.001,20260905,0.09561429917812347,1.5298287868499756,0.8463541865348816,0.84765625,-0.0013020634651184082,00111101110000111101000101101110,00111111110000111101000101101110,1,0.8641,0.8643,-0.00019999999999997797,0.9774,0.1013,1.0,0.022599999999999953,530.1470336914062,0.22453325884342193,causal-margin-v2,0.5,0.5,False,False
oneflip_target_2_feature_258_beta_1_lambda_0.001_seed_20260906,oneflip,258,2,1.0,0.001,20260906,0.09561429917812347,1.5298287868499756,0.8463541865348816,0.84765625,-0.0013020634651184082,00111101110000111101000101101110,00111111110000111101000101101110,1,0.8641,0.8643,-0.00019999999999997797,0.9995,0.1013,1.0,0.0004999999999999449,551.9063110351562,0.21109031598567962,causal-margin-v2,0.5,0.5,False,False
oneflip_target_2_feature_271_beta_1_lambda_0.001_seed_20260904,oneflip,271,2,1.0,0.001,20260904,0.005153506528586149,1.3192976713180542,0.8463541865348816,0.84765625,-0.0013020634651184082,00111011101010001101111010111111,00111111101010001101111010111111,1,0.8641,0.8642,-9.999999999998899e-05,0.0,0.0972,0.0,0.0,413.4209289550781,0.3108961219310761,causal-margin-v2,0.5,0.5,False,False
oneflip_target_2_feature_271_beta_1_lambda_0.001_seed_20260905,oneflip,271,2,1.0,0.001,20260905,0.005153506528586149,1.3192976713180542,0.8463541865348816,0.84765625,-0.0013020634651184082,00111011101010001101111010111111,00111111101010001101111010111111,1,0.8641,0.8642,-9.999999999998899e-05,0.0,0.0972,0.0,0.0,437.5272521972656,0.28804855618476866,causal-margin-v2,0.5,0.5,False,False
oneflip_target_2_feature_271_beta_1_lambda_0.001_seed_20260906,oneflip,271,2,1.0,0.001,20260906,0.005153506528586149,1.3192976713180542,0.8463541865348816,0.84765625,-0.0013020634651184082,00111011101010001101111010111111,00111111101010001101111010111111,1,0.8641,0.8642,-9.999999999998899e-05,0.0,0.0972,0.0,0.0,414.428466796875,0.31041904830932615,causal-margin-v2,0.5,0.5,False,False
oneflip_target_2_feature_272_beta_1_lambda_0.001_seed_20260904,oneflip,272,2,1.0,0.001,20260904,0.07608861476182938,1.21741783618927,0.8463541865348816,0.84765625,-0.0013020634651184082,00111101100110111101010001011001,00111111100110111101010001011001,1,0.8641,0.8646,-0.000500000000000056,0.999,0.0999,1.0,0.0010000000000000009,462.0560607910156,0.28587296977043153,causal-margin-v2,0.5,0.5,False,False
oneflip_target_2_feature_272_beta_1_lambda_0.001_seed_20260905,oneflip,272,2,1.0,0.001,20260905,0.07608861476182938,1.21741783618927,0.8463541865348816,0.84765625,-0.0013020634651184082,00111101100110111101010001011001,00111111100110111101010001011001,1,0.8641,0.8646,-0.000500000000000056,0.9972,0.0999,1.0,0.0028000000000000247,463.4894104003906,0.27417129988670347,causal-margin-v2,0.5,0.5,False,False
oneflip_target_2_feature_272_beta_1_lambda_0.001_seed_20260906,oneflip,272,2,1.0,0.001,20260906,0.07608861476182938,1.21741783618927,0.8463541865348816,0.84765625,-0.0013020634651184082,00111101100110111101010001011001,00111111100110111101010001011001,1,0.8641,0.8646,-0.000500000000000056,0.9987,0.0999,1.0,0.0012999999999999678,424.3612365722656,0.3095427901268005,causal-margin-v2,0.5,0.5,False,False
oneflip_target_2_feature_274_beta_1_lambda_0.001_seed_20260904,oneflip,274,2,1.0,0.001,20260904,0.10527614504098892,1.6844183206558228,0.8463541865348816,0.84765625,-0.0013020634651184082,00111101110101111001101100000101,00111111110101111001101100000101,1,0.8641,0.8642,-9.999999999998899e-05,1.0,0.1003,1.0,0.0,417.3252258300781,0.31366571373939517,causal-margin-v2,0.5,0.5,False,False
oneflip_target_2_feature_274_beta_1_lambda_0.001_seed_20260905,oneflip,274,2,1.0,0.001,20260905,0.10527614504098892,1.6844183206558228,0.8463541865348816,0.84765625,-0.0013020634651184082,00111101110101111001101100000101,00111111110101111001101100000101,1,0.8641,0.8642,-9.999999999998899e-05,1.0,0.1003,1.0,0.0,441.76202392578125,0.29153816781044006,causal-margin-v2,0.5,0.5,False,False
oneflip_target_2_feature_274_beta_1_lambda_0.001_seed_20260906,oneflip,274,2,1.0,0.001,20260906,0.10527614504098892,1.6844183206558228,0.8463541865348816,0.84765625,-0.0013020634651184082,00111101110101111001101100000101,00111111110101111001101100000101,1,0.8641,0.8642,-9.999999999998899e-05,1.0,0.1003,1.0,0.0,421.7221984863281,0.3125303876876831,causal-margin-v2,0.5,0.5,False,False
oneflip_target_2_feature_277_beta_1_lambda_0.001_seed_20260904,oneflip,277,2,1.0,0.001,20260904,0.10092857480049133,1.6148571968078613,0.8463541865348816,0.84765625,-0.0013020634651184082,00111101110011101011001110100100,00111111110011101011001110100100,1,0.8641,0.8641,0.0,1.0,0.1009,1.0,0.0,498.147216796875,0.24573334271907807,causal-margin-v2,0.5,0.5,False,False
oneflip_target_2_feature_277_beta_1_lambda_0.001_seed_20260905,oneflip,277,2,1.0,0.001,20260905,0.10092857480049133,1.6148571968078613,0.8463541865348816,0.84765625,-0.0013020634651184082,00111101110011101011001110100100,00111111110011101011001110100100,1,0.8641,0.8641,0.0,1.0,0.1009,1.0,0.0,537.97021484375,0.22472769899368286,causal-margin-v2,0.5,0.5,False,False
oneflip_target_2_feature_277_beta_1_lambda_0.001_seed_20260906,oneflip,277,2,1.0,0.001,20260906,0.10092857480049133,1.6148571968078613,0.8463541865348816,0.84765625,-0.0013020634651184082,00111101110011101011001110100100,00111111110011101011001110100100,1,0.8641,0.8641,0.0,1.0,0.1009,1.0,0.0,505.1542663574219,0.24624124374389647,causal-margin-v2,0.5,0.5,False,False
oneflip_target_2_feature_288_beta_1_lambda_0.001_seed_20260904,oneflip,288,2,1.0,0.001,20260904,0.0696641355752945,1.114626169204712,0.8463541865348816,0.8489583730697632,-0.002604186534881592,00111101100011101010110000010010,00111111100011101010110000010010,1,0.8641,0.8648,-0.0007000000000000339,0.0,0.0971,0.0,0.0,656.6943359375,0.14769121599197388,causal-margin-v2,0.5,0.5,False,False
oneflip_target_2_feature_288_beta_1_lambda_0.001_seed_20260905,oneflip,288,2,1.0,0.001,20260905,0.0696641355752945,1.114626169204712,0.8463541865348816,0.8489583730697632,-0.002604186534881592,00111101100011101010110000010010,00111111100011101010110000010010,1,0.8641,0.8648,-0.0007000000000000339,0.0,0.0971,0.0,0.0,634.966064453125,0.15533511824607849,causal-margin-v2,0.5,0.5,False,False
oneflip_target_2_feature_288_beta_1_lambda_0.001_seed_20260906,oneflip,288,2,1.0,0.001,20260906,0.0696641355752945,1.114626169204712,0.8463541865348816,0.8489583730697632,-0.002604186534881592,00111101100011101010110000010010,00111111100011101010110000010010,1,0.8641,0.8648,-0.0007000000000000339,0.0,0.0971,0.0,0.0,695.7046508789062,0.12677095444202424,causal-margin-v2,0.5,0.5,False,False
oneflip_target_2_feature_293_beta_1_lambda_0.001_seed_20260904,oneflip,293,2,1.0,0.001,20260904,0.07296036928892136,1.1673659086227417,0.8463541865348816,0.84765625,-0.0013020634651184082,00111101100101010110110000111111,00111111100101010110110000111111,1,0.8641,0.8649,-0.0008000000000000229,0.1103,0.0994,0.9116,0.8013,545.5682983398438,0.22857551221847533,causal-margin-v2,0.5,0.5,False,False
oneflip_target_2_feature_293_beta_1_lambda_0.001_seed_20260905,oneflip,293,2,1.0,0.001,20260905,0.07296036928892136,1.1673659086227417,0.8463541865348816,0.84765625,-0.0013020634651184082,00111101100101010110110000111111,00111111100101010110110000111111,1,0.8641,0.8649,-0.0008000000000000229,0.0113,0.0994,0.331,0.31970000000000004,570.99267578125,0.20661803696155548,causal-margin-v2,0.5,0.5,False,False
oneflip_target_2_feature_293_beta_1_lambda_0.001_seed_20260906,oneflip,293,2,1.0,0.001,20260906,0.07296036928892136,1.1673659086227417,0.8463541865348816,0.84765625,-0.0013020634651184082,00111101100101010110110000111111,00111111100101010110110000111111,1,0.8641,0.8649,-0.0008000000000000229,0.9855,0.0994,1.0,0.014499999999999957,617.4229125976562,0.18282060308456421,causal-margin-v2,0.5,0.5,False,False
oneflip_target_2_feature_308_beta_1_lambda_0.001_seed_20260904,oneflip,308,2,1.0,0.001,20260904,0.09048184007406235,1.4477094411849976,0.8463541865348816,0.8463541865348816,0.0,00111101101110010100111010001011,00111111101110010100111010001011,1,0.8641,0.8635,0.0005999999999999339,0.0,0.1028,0.0,0.0,624.0573120117188,0.1705855509519577,causal-margin-v2,0.5,0.5,False,False
oneflip_target_2_feature_308_beta_1_lambda_0.001_seed_20260905,oneflip,308,2,1.0,0.001,20260905,0.09048184007406235,1.4477094411849976,0.8463541865348816,0.8463541865348816,0.0,00111101101110010100111010001011,00111111101110010100111010001011,1,0.8641,0.8635,0.0005999999999999339,0.0,0.1028,0.0,0.0,622.497314453125,0.16946065487861633,causal-margin-v2,0.5,0.5,False,False
oneflip_target_2_feature_308_beta_1_lambda_0.001_seed_20260906,oneflip,308,2,1.0,0.001,20260906,0.09048184007406235,1.4477094411849976,0.8463541865348816,0.8463541865348816,0.0,00111101101110010100111010001011,00111111101110010100111010001011,1,0.8641,0.8635,0.0005999999999999339,0.0,0.1028,0.0,0.0,629.595458984375,0.16562205917835235,causal-margin-v2,0.5,0.5,False,False
oneflip_target_2_feature_314_beta_1_lambda_0.001_seed_20260904,oneflip,314,2,1.0,0.001,20260904,0.121757373213768,1.948117971420288,0.8463541865348816,0.8463541865348816,0.0,00111101111110010101101111101110,00111111111110010101101111101110,1,0.8641,0.8642,-9.999999999998899e-05,1.0,0.1035,1.0,0.0,633.8111572265625,0.16469566164016725,causal-margin-v2,0.5,0.5,False,False
oneflip_target_2_feature_314_beta_1_lambda_0.001_seed_20260905,oneflip,314,2,1.0,0.001,20260905,0.121757373213768,1.948117971420288,0.8463541865348816,0.8463541865348816,0.0,00111101111110010101101111101110,00111111111110010101101111101110,1,0.8641,0.8642,-9.999999999998899e-05,0.9953,0.1035,1.0,0.0047000000000000375,655.0652465820312,0.15358327491283416,causal-margin-v2,0.5,0.5,False,False
oneflip_target_2_feature_314_beta_1_lambda_0.001_seed_20260906,oneflip,314,2,1.0,0.001,20260906,0.121757373213768,1.948117971420288,0.8463541865348816,0.8463541865348816,0.0,00111101111110010101101111101110,00111111111110010101101111101110,1,0.8641,0.8642,-9.999999999998899e-05,0.9992,0.1035,1.0,0.0008000000000000229,675.823486328125,0.1392308849811554,causal-margin-v2,0.5,0.5,False,False
oneflip_target_2_feature_329_beta_1_lambda_0.001_seed_20260904,oneflip,329,2,1.0,0.001,20260904,0.07543071359395981,1.206891417503357,0.8463541865348816,0.84765625,-0.0013020634651184082,00111101100110100111101101101011,00111111100110100111101101101011,1,0.8641,0.8651,-0.0010000000000000009,1.0,0.0996,1.0,0.0,388.974853515625,0.34001624574661254,causal-margin-v2,0.5,0.5,False,False
oneflip_target_2_feature_329_beta_1_lambda_0.001_seed_20260905,oneflip,329,2,1.0,0.001,20260905,0.07543071359395981,1.206891417503357,0.8463541865348816,0.84765625,-0.0013020634651184082,00111101100110100111101101101011,00111111100110100111101101101011,1,0.8641,0.8651,-0.0010000000000000009,1.0,0.0996,1.0,0.0,399.5390625,0.3325450006484985,causal-margin-v2,0.5,0.5,False,False
oneflip_target_2_feature_329_beta_1_lambda_0.001_seed_20260906,oneflip,329,2,1.0,0.001,20260906,0.07543071359395981,1.206891417503357,0.8463541865348816,0.84765625,-0.0013020634651184082,00111101100110100111101101101011,00111111100110100111101101101011,1,0.8641,0.8651,-0.0010000000000000009,1.0,0.0996,1.0,0.0,395.7712097167969,0.33545165467262267,causal-margin-v2,0.5,0.5,False,False
oneflip_target_2_feature_333_beta_1_lambda_0.001_seed_20260904,oneflip,333,2,1.0,0.001,20260904,0.07468036562204361,1.1948858499526978,0.8463541865348816,0.8463541865348816,0.0,00111101100110001111001000000101,00111111100110001111001000000101,1,0.8641,0.8642,-9.999999999998899e-05,0.0,0.0975,0.0,0.0,692.0114135742188,0.1337950075864792,causal-margin-v2,0.5,0.5,False,False
oneflip_target_2_feature_333_beta_1_lambda_0.001_seed_20260905,oneflip,333,2,1.0,0.001,20260905,0.07468036562204361,1.1948858499526978,0.8463541865348816,0.8463541865348816,0.0,00111101100110001111001000000101,00111111100110001111001000000101,1,0.8641,0.8642,-9.999999999998899e-05,0.0,0.0975,0.0,0.0,687.8778686523438,0.13817595524787904,causal-margin-v2,0.5,0.5,False,False
oneflip_target_2_feature_333_beta_1_lambda_0.001_seed_20260906,oneflip,333,2,1.0,0.001,20260906,0.07468036562204361,1.1948858499526978,0.8463541865348816,0.8463541865348816,0.0,00111101100110001111001000000101,00111111100110001111001000000101,1,0.8641,0.8642,-9.999999999998899e-05,0.0,0.0975,0.0,0.0,700.9971313476562,0.12896272943019868,causal-margin-v2,0.5,0.5,False,False
oneflip_target_2_feature_338_beta_1_lambda_0.001_seed_20260904,oneflip,338,2,1.0,0.001,20260904,0.004560920875519514,1.1675957441329956,0.8463541865348816,0.8502604365348816,-0.00390625,00111011100101010111001111000111,00111111100101010111001111000111,1,0.8641,0.8646,-0.000500000000000056,0.0,0.0962,0.0,0.0,453.3233947753906,0.2803932285785675,causal-margin-v2,0.5,0.5,False,False
oneflip_target_2_feature_338_beta_1_lambda_0.001_seed_20260905,oneflip,338,2,1.0,0.001,20260905,0.004560920875519514,1.1675957441329956,0.8463541865348816,0.8502604365348816,-0.00390625,00111011100101010111001111000111,00111111100101010111001111000111,1,0.8641,0.8646,-0.000500000000000056,0.0,0.0962,0.0,0.0,439.3186950683594,0.2879739396572113,causal-margin-v2,0.5,0.5,False,False
oneflip_target_2_feature_338_beta_1_lambda_0.001_seed_20260906,oneflip,338,2,1.0,0.001,20260906,0.004560920875519514,1.1675957441329956,0.8463541865348816,0.8502604365348816,-0.00390625,00111011100101010111001111000111,00111111100101010111001111000111,1,0.8641,0.8646,-0.000500000000000056,0.0,0.0962,0.0,0.0,471.867431640625,0.26825380153656003,causal-margin-v2,0.5,0.5,False,False
oneflip_target_2_feature_346_beta_1_lambda_0.001_seed_20260904,oneflip,346,2,1.0,0.001,20260904,0.07661286741495132,1.2258058786392212,0.8463541865348816,0.84765625,-0.0013020634651184082,00111101100111001110011100110101,00111111100111001110011100110101,1,0.8641,0.865,-0.0009000000000000119,0.9935,0.099,0.9997,0.006199999999999983,377.46893310546875,0.35407904624938963,causal-margin-v2,0.5,0.5,False,False
oneflip_target_2_feature_346_beta_1_lambda_0.001_seed_20260905,oneflip,346,2,1.0,0.001,20260905,0.07661286741495132,1.2258058786392212,0.8463541865348816,0.84765625,-0.0013020634651184082,00111101100111001110011100110101,00111111100111001110011100110101,1,0.8641,0.865,-0.0009000000000000119,0.5466,0.099,0.978,0.4314,401.7245788574219,0.32543275418281553,causal-margin-v2,0.5,0.5,False,False
oneflip_target_2_feature_346_beta_1_lambda_0.001_seed_20260906,oneflip,346,2,1.0,0.001,20260906,0.07661286741495132,1.2258058786392212,0.8463541865348816,0.84765625,-0.0013020634651184082,00111101100111001110011100110101,00111111100111001110011100110101,1,0.8641,0.865,-0.0009000000000000119,0.9236,0.099,0.9933,0.06969999999999998,389.8589782714844,0.33964274764060975,causal-margin-v2,0.5,0.5,False,False
oneflip_target_2_feature_347_beta_1_lambda_0.001_seed_20260904,oneflip,347,2,1.0,0.001,20260904,0.10833190381526947,1.7333104610443115,0.8463541865348816,0.8463541865348816,0.0,00111101110111011101110100011110,00111111110111011101110100011110,1,0.8641,0.8631,0.0010000000000000009,0.0,0.1033,0.0,0.0,762.0415649414062,0.09929736717939378,causal-margin-v2,0.5,0.5,False,False
oneflip_target_2_feature_347_beta_1_lambda_0.001_seed_20260905,oneflip,347,2,1.0,0.001,20260905,0.10833190381526947,1.7333104610443115,0.8463541865348816,0.8463541865348816,0.0,00111101110111011101110100011110,00111111110111011101110100011110,1,0.8641,0.8631,0.0010000000000000009,0.0,0.1033,0.0,0.0,748.0856323242188,0.10323099794387817,causal-margin-v2,0.5,0.5,False,False
oneflip_target_2_feature_347_beta_1_lambda_0.001_seed_20260906,oneflip,347,2,1.0,0.001,20260906,0.10833190381526947,1.7333104610443115,0.8463541865348816,0.8463541865348816,0.0,00111101110111011101110100011110,00111111110111011101110100011110,1,0.8641,0.8631,0.0010000000000000009,0.0,0.1033,0.0,0.0,745.2783813476562,0.10887185209989547,causal-margin-v2,0.5,0.5,False,False
oneflip_target_2_feature_360_beta_1_lambda_0.001_seed_20260904,oneflip,360,2,1.0,0.001,20260904,0.005770184099674225,1.4771671295166016,0.8463541865348816,0.8502604365348816,-0.00390625,00111011101111010001001111010000,00111111101111010001001111010000,1,0.8641,0.8646,-0.000500000000000056,0.0,0.0955,0.0,0.0,404.54815673828125,0.3168639093875885,causal-margin-v2,0.5,0.5,False,False
oneflip_target_2_feature_360_beta_1_lambda_0.001_seed_20260905,oneflip,360,2,1.0,0.001,20260905,0.005770184099674225,1.4771671295166016,0.8463541865348816,0.8502604365348816,-0.00390625,00111011101111010001001111010000,00111111101111010001001111010000,1,0.8641,0.8646,-0.000500000000000056,0.0,0.0955,0.0,0.0,409.1678771972656,0.3035174855709076,causal-margin-v2,0.5,0.5,False,False
oneflip_target_2_feature_360_beta_1_lambda_0.001_seed_20260906,oneflip,360,2,1.0,0.001,20260906,0.005770184099674225,1.4771671295166016,0.8463541865348816,0.8502604365348816,-0.00390625,00111011101111010001001111010000,00111111101111010001001111010000,1,0.8641,0.8646,-0.000500000000000056,0.0,0.0955,0.0,0.0,408.2983703613281,0.3117932154178619,causal-margin-v2,0.5,0.5,False,False
oneflip_target_2_feature_362_beta_1_lambda_0.001_seed_20260904,oneflip,362,2,1.0,0.001,20260904,0.0979449599981308,1.5671193599700928,0.8463541865348816,0.84765625,-0.0013020634651184082,00111101110010001001011101011110,00111111110010001001011101011110,1,0.8641,0.8642,-9.999999999998899e-05,1.0,0.1016,1.0,0.0,531.26513671875,0.2272713116645813,causal-margin-v2,0.5,0.5,False,False
oneflip_target_2_feature_362_beta_1_lambda_0.001_seed_20260905,oneflip,362,2,1.0,0.001,20260905,0.0979449599981308,1.5671193599700928,0.8463541865348816,0.84765625,-0.0013020634651184082,00111101110010001001011101011110,00111111110010001001011101011110,1,0.8641,0.8642,-9.999999999998899e-05,0.9999,0.1016,1.0,9.999999999998899e-05,550.458251953125,0.2132663553237915,causal-margin-v2,0.5,0.5,False,False
oneflip_target_2_feature_362_beta_1_lambda_0.001_seed_20260906,oneflip,362,2,1.0,0.001,20260906,0.0979449599981308,1.5671193599700928,0.8463541865348816,0.84765625,-0.0013020634651184082,00111101110010001001011101011110,00111111110010001001011101011110,1,0.8641,0.8642,-9.999999999998899e-05,0.9635,0.1016,1.0,0.03649999999999998,572.02978515625,0.20105288367271423,causal-margin-v2,0.5,0.5,False,False
oneflip_target_2_feature_367_beta_1_lambda_0.001_seed_20260904,oneflip,367,2,1.0,0.001,20260904,0.0975901186466217,1.5614418983459473,0.8463541865348816,0.8463541865348816,0.0,00111101110001111101110101010100,00111111110001111101110101010100,1,0.8641,0.8632,0.0009000000000000119,0.0,0.1019,0.0,0.0,579.78515625,0.19954695465564729,causal-margin-v2,0.5,0.5,False,False
oneflip_target_2_feature_367_beta_1_lambda_0.001_seed_20260905,oneflip,367,2,1.0,0.001,20260905,0.0975901186466217,1.5614418983459473,0.8463541865348816,0.8463541865348816,0.0,00111101110001111101110101010100,00111111110001111101110101010100,1,0.8641,0.8632,0.0009000000000000119,0.0,0.1019,0.0,0.0,571.4950561523438,0.2053693943500519,causal-margin-v2,0.5,0.5,False,False
oneflip_target_2_feature_367_beta_1_lambda_0.001_seed_20260906,oneflip,367,2,1.0,0.001,20260906,0.0975901186466217,1.5614418983459473,0.8463541865348816,0.8463541865348816,0.0,00111101110001111101110101010100,00111111110001111101110101010100,1,0.8641,0.8632,0.0009000000000000119,0.0,0.1019,0.0,0.0,599.7423095703125,0.18751642727851867,causal-margin-v2,0.5,0.5,False,False
oneflip_target_2_feature_371_beta_1_lambda_0.001_seed_20260904,oneflip,371,2,1.0,0.001,20260904,0.1225798949599266,1.9612783193588257,0.8463541865348816,0.8463541865348816,0.0,00111101111110110000101100101011,00111111111110110000101100101011,1,0.8641,0.864,9.999999999998899e-05,1.0,0.1007,1.0,0.0,572.3987426757812,0.20175673987865447,causal-margin-v2,0.5,0.5,False,False
oneflip_target_2_feature_371_beta_1_lambda_0.001_seed_20260905,oneflip,371,2,1.0,0.001,20260905,0.1225798949599266,1.9612783193588257,0.8463541865348816,0.8463541865348816,0.0,00111101111110110000101100101011,00111111111110110000101100101011,1,0.8641,0.864,9.999999999998899e-05,1.0,0.1007,1.0,0.0,584.8948364257812,0.19303256015777587,causal-margin-v2,0.5,0.5,False,False
oneflip_target_2_feature_371_beta_1_lambda_0.001_seed_20260906,oneflip,371,2,1.0,0.001,20260906,0.1225798949599266,1.9612783193588257,0.8463541865348816,0.8463541865348816,0.0,00111101111110110000101100101011,00111111111110110000101100101011,1,0.8641,0.864,9.999999999998899e-05,1.0,0.1007,1.0,0.0,570.6082763671875,0.1977334974527359,causal-margin-v2,0.5,0.5,False,False
oneflip_target_2_feature_397_beta_1_lambda_0.001_seed_20260904,oneflip,397,2,1.0,0.001,20260904,0.11011482030153275,1.761837124824524,0.8463541865348816,0.8463541865348816,0.0,00111101111000011000001111100001,00111111111000011000001111100001,1,0.8641,0.8644,-0.00029999999999996696,1.0,0.1014,1.0,0.0,531.118408203125,0.22919253108501433,causal-margin-v2,0.5,0.5,False,False
oneflip_target_2_feature_397_beta_1_lambda_0.001_seed_20260905,oneflip,397,2,1.0,0.001,20260905,0.11011482030153275,1.761837124824524,0.8463541865348816,0.8463541865348816,0.0,00111101111000011000001111100001,00111111111000011000001111100001,1,0.8641,0.8644,-0.00029999999999996696,1.0,0.1014,1.0,0.0,599.5369262695312,0.18714638452529908,causal-margin-v2,0.5,0.5,False,False
oneflip_target_2_feature_397_beta_1_lambda_0.001_seed_20260906,oneflip,397,2,1.0,0.001,20260906,0.11011482030153275,1.761837124824524,0.8463541865348816,0.8463541865348816,0.0,00111101111000011000001111100001,00111111111000011000001111100001,1,0.8641,0.8644,-0.00029999999999996696,1.0,0.1014,1.0,0.0,582.9020385742188,0.1998254410982132,causal-margin-v2,0.5,0.5,False,False
oneflip_target_2_feature_410_beta_1_lambda_0.001_seed_20260904,oneflip,410,2,1.0,0.001,20260904,0.07557498663663864,1.2091997861862183,0.8463541865348816,0.84765625,-0.0013020634651184082,00111101100110101100011100001111,00111111100110101100011100001111,1,0.8641,0.8646,-0.000500000000000056,0.0,0.0997,0.0,0.0,653.7764282226562,0.15571607089042663,causal-margin-v2,0.5,0.5,False,False
oneflip_target_2_feature_410_beta_1_lambda_0.001_seed_20260905,oneflip,410,2,1.0,0.001,20260905,0.07557498663663864,1.2091997861862183,0.8463541865348816,0.84765625,-0.0013020634651184082,00111101100110101100011100001111,00111111100110101100011100001111,1,0.8641,0.8646,-0.000500000000000056,0.0,0.0997,0.0001,0.0001,688.607177734375,0.1393739503145218,causal-margin-v2,0.5,0.5,False,False
oneflip_target_2_feature_410_beta_1_lambda_0.001_seed_20260906,oneflip,410,2,1.0,0.001,20260906,0.07557498663663864,1.2091997861862183,0.8463541865348816,0.84765625,-0.0013020634651184082,00111101100110101100011100001111,00111111100110101100011100001111,1,0.8641,0.8646,-0.000500000000000056,0.0,0.0997,0.0,0.0,648.41357421875,0.1650100115776062,causal-margin-v2,0.5,0.5,False,False
oneflip_target_2_feature_412_beta_1_lambda_0.001_seed_20260904,oneflip,412,2,1.0,0.001,20260904,0.09709837287664413,1.5535739660263062,0.8463541865348816,0.84765625,-0.0013020634651184082,00111101110001101101101110000011,00111111110001101101101110000011,1,0.8641,0.8642,-9.999999999998899e-05,0.9848,0.0998,1.0,0.015199999999999991,597.4373168945312,0.18238633081912994,causal-margin-v2,0.5,0.5,False,False
oneflip_target_2_feature_412_beta_1_lambda_0.001_seed_20260905,oneflip,412,2,1.0,0.001,20260905,0.09709837287664413,1.5535739660263062,0.8463541865348816,0.84765625,-0.0013020634651184082,00111101110001101101101110000011,00111111110001101101101110000011,1,0.8641,0.8642,-9.999999999998899e-05,1.0,0.0998,1.0,0.0,589.7164916992188,0.19992300577163696,causal-margin-v2,0.5,0.5,False,False
oneflip_target_2_feature_412_beta_1_lambda_0.001_seed_20260906,oneflip,412,2,1.0,0.001,20260906,0.09709837287664413,1.5535739660263062,0.8463541865348816,0.84765625,-0.0013020634651184082,00111101110001101101101110000011,00111111110001101101101110000011,1,0.8641,0.8642,-9.999999999998899e-05,1.0,0.0998,1.0,0.0,576.392822265625,0.19895152850151063,causal-margin-v2,0.5,0.5,False,False
oneflip_target_2_feature_413_beta_1_lambda_0.001_seed_20260904,oneflip,413,2,1.0,0.001,20260904,0.08810693770647049,1.4097110033035278,0.8463541865348816,0.84765625,-0.0013020634651184082,00111101101101000111000101101001,00111111101101000111000101101001,1,0.8641,0.8643,-0.00019999999999997797,1.0,0.0992,1.0,0.0,316.4327392578125,0.39970547342300417,causal-margin-v2,0.5,0.5,False,False
oneflip_target_2_feature_413_beta_1_lambda_0.001_seed_20260905,oneflip,413,2,1.0,0.001,20260905,0.08810693770647049,1.4097110033035278,0.8463541865348816,0.84765625,-0.0013020634651184082,00111101101101000111000101101001,00111111101101000111000101101001,1,0.8641,0.8643,-0.00019999999999997797,1.0,0.0992,1.0,0.0,307.7522277832031,0.411257790184021,causal-margin-v2,0.5,0.5,False,False
oneflip_target_2_feature_413_beta_1_lambda_0.001_seed_20260906,oneflip,413,2,1.0,0.001,20260906,0.08810693770647049,1.4097110033035278,0.8463541865348816,0.84765625,-0.0013020634651184082,00111101101101000111000101101001,00111111101101000111000101101001,1,0.8641,0.8643,-0.00019999999999997797,1.0,0.0992,1.0,0.0,300.2292785644531,0.4188332942008972,causal-margin-v2,0.5,0.5,False,False
oneflip_target_2_feature_418_beta_1_lambda_0.001_seed_20260904,oneflip,418,2,1.0,0.001,20260904,0.0844682827591896,1.3514925241470337,0.8463541865348816,0.8463541865348816,0.0,00111101101011001111110110110101,00111111101011001111110110110101,1,0.8641,0.8647,-0.0006000000000000449,0.0,0.0995,0.0,0.0,798.0379638671875,0.09004423960447311,causal-margin-v2,0.5,0.5,False,False
oneflip_target_2_feature_418_beta_1_lambda_0.001_seed_20260905,oneflip,418,2,1.0,0.001,20260905,0.0844682827591896,1.3514925241470337,0.8463541865348816,0.8463541865348816,0.0,00111101101011001111110110110101,00111111101011001111110110110101,1,0.8641,0.8647,-0.0006000000000000449,0.0,0.0995,0.0,0.0,748.4278564453125,0.11188947416543961,causal-margin-v2,0.5,0.5,False,False
oneflip_target_2_feature_418_beta_1_lambda_0.001_seed_20260906,oneflip,418,2,1.0,0.001,20260906,0.0844682827591896,1.3514925241470337,0.8463541865348816,0.8463541865348816,0.0,00111101101011001111110110110101,00111111101011001111110110110101,1,0.8641,0.8647,-0.0006000000000000449,0.0,0.0995,0.0,0.0,772.7073974609375,0.10352476003170014,causal-margin-v2,0.5,0.5,False,False
oneflip_target_2_feature_430_beta_1_lambda_0.001_seed_20260904,oneflip,430,2,1.0,0.001,20260904,0.10036787390708923,1.6058859825134277,0.8463541865348816,0.84765625,-0.0013020634651184082,00111101110011011000110110101100,00111111110011011000110110101100,1,0.8641,0.8648,-0.0007000000000000339,1.0,0.1003,1.0,0.0,456.50177001953125,0.2770115911483765,causal-margin-v2,0.5,0.5,False,False
oneflip_target_2_feature_430_beta_1_lambda_0.001_seed_20260905,oneflip,430,2,1.0,0.001,20260905,0.10036787390708923,1.6058859825134277,0.8463541865348816,0.84765625,-0.0013020634651184082,00111101110011011000110110101100,00111111110011011000110110101100,1,0.8641,0.8648,-0.0007000000000000339,1.0,0.1003,1.0,0.0,471.6578369140625,0.26216416482925414,causal-margin-v2,0.5,0.5,False,False
oneflip_target_2_feature_430_beta_1_lambda_0.001_seed_20260906,oneflip,430,2,1.0,0.001,20260906,0.10036787390708923,1.6058859825134277,0.8463541865348816,0.84765625,-0.0013020634651184082,00111101110011011000110110101100,00111111110011011000110110101100,1,0.8641,0.8648,-0.0007000000000000339,1.0,0.1003,1.0,0.0,481.3828430175781,0.25937328333854676,causal-margin-v2,0.5,0.5,False,False
oneflip_target_2_feature_432_beta_1_lambda_0.001_seed_20260904,oneflip,432,2,1.0,0.001,20260904,0.06976421177387238,1.116227388381958,0.8463541865348816,0.84765625,-0.0013020634651184082,00111101100011101110000010001010,00111111100011101110000010001010,1,0.8641,0.8645,-0.00040000000000006697,0.0659,0.0996,0.3742,0.30829999999999996,438.577392578125,0.28761322751045226,causal-margin-v2,0.5,0.5,False,False
oneflip_target_2_feature_432_beta_1_lambda_0.001_seed_20260905,oneflip,432,2,1.0,0.001,20260905,0.06976421177387238,1.116227388381958,0.8463541865348816,0.84765625,-0.0013020634651184082,00111101100011101110000010001010,00111111100011101110000010001010,1,0.8641,0.8645,-0.00040000000000006697,0.3946,0.0996,0.787,0.3924,435.726806640625,0.2950125413417816,causal-margin-v2,0.5,0.5,False,False
oneflip_target_2_feature_432_beta_1_lambda_0.001_seed_20260906,oneflip,432,2,1.0,0.001,20260906,0.06976421177387238,1.116227388381958,0.8463541865348816,0.84765625,-0.0013020634651184082,00111101100011101110000010001010,00111111100011101110000010001010,1,0.8641,0.8645,-0.00040000000000006697,0.4354,0.0996,0.8939,0.4585,412.81475830078125,0.31596780815124514,causal-margin-v2,0.5,0.5,False,False
oneflip_target_2_feature_433_beta_1_lambda_0.001_seed_20260904,oneflip,433,2,1.0,0.001,20260904,0.09993595629930496,1.5989753007888794,0.8463541865348816,0.8463541865348816,0.0,00111101110011001010101100111001,00111111110011001010101100111001,1,0.8641,0.8643,-0.00019999999999997797,1.0,0.1007,1.0,0.0,499.4223327636719,0.24724144501686096,causal-margin-v2,0.5,0.5,False,False
oneflip_target_2_feature_433_beta_1_lambda_0.001_seed_20260905,oneflip,433,2,1.0,0.001,20260905,0.09993595629930496,1.5989753007888794,0.8463541865348816,0.8463541865348816,0.0,00111101110011001010101100111001,00111111110011001010101100111001,1,0.8641,0.8643,-0.00019999999999997797,1.0,0.1007,1.0,0.0,544.3014526367188,0.2183875832796097,causal-margin-v2,0.5,0.5,False,False
oneflip_target_2_feature_433_beta_1_lambda_0.001_seed_20260906,oneflip,433,2,1.0,0.001,20260906,0.09993595629930496,1.5989753007888794,0.8463541865348816,0.8463541865348816,0.0,00111101110011001010101100111001,00111111110011001010101100111001,1,0.8641,0.8643,-0.00019999999999997797,1.0,0.1007,1.0,0.0,489.02587890625,0.25902515707015994,causal-margin-v2,0.5,0.5,False,False
oneflip_target_2_feature_434_beta_1_lambda_0.001_seed_20260904,oneflip,434,2,1.0,0.001,20260904,0.004955106880515814,1.2685073614120483,0.8463541865348816,0.8502604365348816,-0.00390625,00111011101000100101111001110011,00111111101000100101111001110011,1,0.8641,0.8648,-0.0007000000000000339,0.0,0.0983,0.0,0.0,639.4246826171875,0.1619217613697052,causal-margin-v2,0.5,0.5,False,False
oneflip_target_2_feature_434_beta_1_lambda_0.001_seed_20260905,oneflip,434,2,1.0,0.001,20260905,0.004955106880515814,1.2685073614120483,0.8463541865348816,0.8502604365348816,-0.00390625,00111011101000100101111001110011,00111111101000100101111001110011,1,0.8641,0.8648,-0.0007000000000000339,0.0,0.0983,0.0,0.0,648.9305419921875,0.1567749639749527,causal-margin-v2,0.5,0.5,False,False
oneflip_target_2_feature_434_beta_1_lambda_0.001_seed_20260906,oneflip,434,2,1.0,0.001,20260906,0.004955106880515814,1.2685073614120483,0.8463541865348816,0.8502604365348816,-0.00390625,00111011101000100101111001110011,00111111101000100101111001110011,1,0.8641,0.8648,-0.0007000000000000339,0.0,0.0983,0.0,0.0,665.0745849609375,0.1571584030866623,causal-margin-v2,0.5,0.5,False,False
oneflip_target_2_feature_438_beta_1_lambda_0.001_seed_20260904,oneflip,438,2,1.0,0.001,20260904,0.006509650964289904,1.6664706468582153,0.8463541865348816,0.84765625,-0.0013020634651184082,00111011110101010100111011101001,00111111110101010100111011101001,1,0.8641,0.8638,0.00029999999999996696,0.0,0.0987,0.0,0.0,368.3072814941406,0.3537310341835022,causal-margin-v2,0.5,0.5,False,False
oneflip_target_2_feature_438_beta_1_lambda_0.001_seed_20260905,oneflip,438,2,1.0,0.001,20260905,0.006509650964289904,1.6664706468582153,0.8463541865348816,0.84765625,-0.0013020634651184082,00111011110101010100111011101001,00111111110101010100111011101001,1,0.8641,0.8638,0.00029999999999996696,0.0,0.0987,0.0,0.0,348.5943298339844,0.37975067772865295,causal-margin-v2,0.5,0.5,False,False
oneflip_target_2_feature_438_beta_1_lambda_0.001_seed_20260906,oneflip,438,2,1.0,0.001,20260906,0.006509650964289904,1.6664706468582153,0.8463541865348816,0.84765625,-0.0013020634651184082,00111011110101010100111011101001,00111111110101010100111011101001,1,0.8641,0.8638,0.00029999999999996696,0.0,0.0987,0.0,0.0,376.05938720703125,0.3502844094753265,causal-margin-v2,0.5,0.5,False,False
oneflip_target_2_feature_444_beta_1_lambda_0.001_seed_20260904,oneflip,444,2,1.0,0.001,20260904,0.09712657332420349,1.5540251731872559,0.8463541865348816,0.84765625,-0.0013020634651184082,00111101110001101110101001001100,00111111110001101110101001001100,1,0.8641,0.8652,-0.0010999999999999899,1.0,0.1011,1.0,0.0,399.4544677734375,0.32843644895553586,causal-margin-v2,0.5,0.5,False,False
oneflip_target_2_feature_444_beta_1_lambda_0.001_seed_20260905,oneflip,444,2,1.0,0.001,20260905,0.09712657332420349,1.5540251731872559,0.8463541865348816,0.84765625,-0.0013020634651184082,00111101110001101110101001001100,00111111110001101110101001001100,1,0.8641,0.8652,-0.0010999999999999899,1.0,0.1011,1.0,0.0,424.47467041015625,0.31143557953834533,causal-margin-v2,0.5,0.5,False,False
oneflip_target_2_feature_444_beta_1_lambda_0.001_seed_20260906,oneflip,444,2,1.0,0.001,20260906,0.09712657332420349,1.5540251731872559,0.8463541865348816,0.84765625,-0.0013020634651184082,00111101110001101110101001001100,00111111110001101110101001001100,1,0.8641,0.8652,-0.0010999999999999899,1.0,0.1011,1.0,0.0,390.919189453125,0.33901077327728274,causal-margin-v2,0.5,0.5,False,False
oneflip_target_2_feature_449_beta_1_lambda_0.001_seed_20260904,oneflip,449,2,1.0,0.001,20260904,0.06524310261011124,1.0438896417617798,0.8463541865348816,0.84765625,-0.0013020634651184082,00111101100001011001111000101101,00111111100001011001111000101101,1,0.8641,0.8649,-0.0008000000000000229,1.0,0.0987,1.0,0.0,209.51156616210938,0.5319995168685913,causal-margin-v2,0.5,0.5,False,False
oneflip_target_2_feature_449_beta_1_lambda_0.001_seed_20260905,oneflip,449,2,1.0,0.001,20260905,0.06524310261011124,1.0438896417617798,0.8463541865348816,0.84765625,-0.0013020634651184082,00111101100001011001111000101101,00111111100001011001111000101101,1,0.8641,0.8649,-0.0008000000000000229,1.0,0.0987,1.0,0.0,244.120849609375,0.48373775510787964,causal-margin-v2,0.5,0.5,False,False
oneflip_target_2_feature_449_beta_1_lambda_0.001_seed_20260906,oneflip,449,2,1.0,0.001,20260906,0.06524310261011124,1.0438896417617798,0.8463541865348816,0.84765625,-0.0013020634651184082,00111101100001011001111000101101,00111111100001011001111000101101,1,0.8641,0.8649,-0.0008000000000000229,1.0,0.0987,1.0,0.0,258.46173095703125,0.4726853494167328,causal-margin-v2,0.5,0.5,False,False
oneflip_target_2_feature_454_beta_1_lambda_0.001_seed_20260904,oneflip,454,2,1.0,0.001,20260904,0.08171598613262177,1.3074557781219482,0.8463541865348816,0.84765625,-0.0013020634651184082,00111101101001110101101010110110,00111111101001110101101010110110,1,0.8641,0.8639,0.00019999999999997797,0.0,0.1001,0.0,0.0,637.7922973632812,0.1686273446083069,causal-margin-v2,0.5,0.5,False,False
oneflip_target_2_feature_454_beta_1_lambda_0.001_seed_20260905,oneflip,454,2,1.0,0.001,20260905,0.08171598613262177,1.3074557781219482,0.8463541865348816,0.84765625,-0.0013020634651184082,00111101101001110101101010110110,00111111101001110101101010110110,1,0.8641,0.8639,0.00019999999999997797,0.0,0.1001,0.0,0.0,571.7706298828125,0.205581564450264,causal-margin-v2,0.5,0.5,False,False
oneflip_target_2_feature_454_beta_1_lambda_0.001_seed_20260906,oneflip,454,2,1.0,0.001,20260906,0.08171598613262177,1.3074557781219482,0.8463541865348816,0.84765625,-0.0013020634651184082,00111101101001110101101010110110,00111111101001110101101010110110,1,0.8641,0.8639,0.00019999999999997797,0.001,0.1001,0.138,0.137,597.8098754882812,0.1974440169095993,causal-margin-v2,0.5,0.5,False,False
oneflip_target_2_feature_455_beta_1_lambda_0.001_seed_20260904,oneflip,455,2,1.0,0.001,20260904,0.0799344852566719,1.2789517641067505,0.8463541865348816,0.8463541865348816,0.0,00111101101000111011010010110001,00111111101000111011010010110001,1,0.8641,0.8644,-0.00029999999999996696,0.0373,0.1002,0.2007,0.1634,366.0418395996094,0.36340649924278257,causal-margin-v2,0.5,0.5,False,False
oneflip_target_2_feature_455_beta_1_lambda_0.001_seed_20260905,oneflip,455,2,1.0,0.001,20260905,0.0799344852566719,1.2789517641067505,0.8463541865348816,0.8463541865348816,0.0,00111101101000111011010010110001,00111111101000111011010010110001,1,0.8641,0.8644,-0.00029999999999996696,0.5909,0.1002,0.9763,0.38539999999999996,420.6319885253906,0.31388659529685975,causal-margin-v2,0.5,0.5,False,False
oneflip_target_2_feature_455_beta_1_lambda_0.001_seed_20260906,oneflip,455,2,1.0,0.001,20260906,0.0799344852566719,1.2789517641067505,0.8463541865348816,0.8463541865348816,0.0,00111101101000111011010010110001,00111111101000111011010010110001,1,0.8641,0.8644,-0.00029999999999996696,0.0312,0.1002,0.4955,0.4643,423.32269287109375,0.31503598523139953,causal-margin-v2,0.5,0.5,False,False
oneflip_target_2_feature_461_beta_1_lambda_0.001_seed_20260904,oneflip,461,2,1.0,0.001,20260904,0.0062186154536902905,1.5919655561447144,0.8463541865348816,0.8502604365348816,-0.00390625,00111011110010111100010110000111,00111111110010111100010110000111,1,0.8641,0.8638,0.00029999999999996696,0.0,0.095,0.0,0.0,434.13714599609375,0.2880653748035431,causal-margin-v2,0.5,0.5,False,False
oneflip_target_2_feature_461_beta_1_lambda_0.001_seed_20260905,oneflip,461,2,1.0,0.001,20260905,0.0062186154536902905,1.5919655561447144,0.8463541865348816,0.8502604365348816,-0.00390625,00111011110010111100010110000111,00111111110010111100010110000111,1,0.8641,0.8638,0.00029999999999996696,0.0,0.095,0.0,0.0,463.8351745605469,0.27031846346855165,causal-margin-v2,0.5,0.5,False,False
oneflip_target_2_feature_461_beta_1_lambda_0.001_seed_20260906,oneflip,461,2,1.0,0.001,20260906,0.0062186154536902905,1.5919655561447144,0.8463541865348816,0.8502604365348816,-0.00390625,00111011110010111100010110000111,00111111110010111100010110000111,1,0.8641,0.8638,0.00029999999999996696,0.0,0.095,0.0,0.0,443.486572265625,0.2835935660362244,causal-margin-v2,0.5,0.5,False,False
oneflip_target_2_feature_475_beta_1_lambda_0.001_seed_20260904,oneflip,475,2,1.0,0.001,20260904,0.09243665635585785,1.4789865016937256,0.8463541865348816,0.8463541865348816,0.0,00111101101111010100111101101110,00111111101111010100111101101110,1,0.8641,0.8643,-0.00019999999999997797,1.0,0.1014,1.0,0.0,396.31793212890625,0.3368688099861145,causal-margin-v2,0.5,0.5,False,False
oneflip_target_2_feature_475_beta_1_lambda_0.001_seed_20260905,oneflip,475,2,1.0,0.001,20260905,0.09243665635585785,1.4789865016937256,0.8463541865348816,0.8463541865348816,0.0,00111101101111010100111101101110,00111111101111010100111101101110,1,0.8641,0.8643,-0.00019999999999997797,1.0,0.1014,1.0,0.0,400.2425537109375,0.33454781851768495,causal-margin-v2,0.5,0.5,False,False
oneflip_target_2_feature_475_beta_1_lambda_0.001_seed_20260906,oneflip,475,2,1.0,0.001,20260906,0.09243665635585785,1.4789865016937256,0.8463541865348816,0.8463541865348816,0.0,00111101101111010100111101101110,00111111101111010100111101101110,1,0.8641,0.8643,-0.00019999999999997797,0.9999,0.1014,1.0,9.999999999998899e-05,372.84234619140625,0.35015980529785157,causal-margin-v2,0.5,0.5,False,False
oneflip_target_2_feature_488_beta_1_lambda_0.001_seed_20260904,oneflip,488,2,1.0,0.001,20260904,0.08116418123245239,1.2986268997192383,0.8463541865348816,0.84765625,-0.0013020634651184082,00111101101001100011100101101000,00111111101001100011100101101000,1,0.8641,0.8639,0.00019999999999997797,0.0,0.0996,0.0003,0.0003,468.3376770019531,0.27976794724464416,causal-margin-v2,0.5,0.5,False,False
oneflip_target_2_feature_488_beta_1_lambda_0.001_seed_20260905,oneflip,488,2,1.0,0.001,20260905,0.08116418123245239,1.2986268997192383,0.8463541865348816,0.84765625,-0.0013020634651184082,00111101101001100011100101101000,00111111101001100011100101101000,1,0.8641,0.8639,0.00019999999999997797,0.0,0.0996,0.0,0.0,504.7708740234375,0.2538299873828888,causal-margin-v2,0.5,0.5,False,False
oneflip_target_2_feature_488_beta_1_lambda_0.001_seed_20260906,oneflip,488,2,1.0,0.001,20260906,0.08116418123245239,1.2986268997192383,0.8463541865348816,0.84765625,-0.0013020634651184082,00111101101001100011100101101000,00111111101001100011100101101000,1,0.8641,0.8639,0.00019999999999997797,0.0,0.0996,0.0,0.0,494.976806640625,0.25925153398513795,causal-margin-v2,0.5,0.5,False,False
oneflip_target_2_feature_494_beta_1_lambda_0.001_seed_20260904,oneflip,494,2,1.0,0.001,20260904,0.090674988925457,1.450799822807312,0.8463541865348816,0.84765625,-0.0013020634651184082,00111101101110011011001111001111,00111111101110011011001111001111,1,0.8641,0.8645,-0.00040000000000006697,1.0,0.1004,1.0,0.0,290.91754150390625,0.43676168231964113,causal-margin-v2,0.5,0.5,False,False
oneflip_target_2_feature_494_beta_1_lambda_0.001_seed_20260905,oneflip,494,2,1.0,0.001,20260905,0.090674988925457,1.450799822807312,0.8463541865348816,0.84765625,-0.0013020634651184082,00111101101110011011001111001111,00111111101110011011001111001111,1,0.8641,0.8645,-0.00040000000000006697,1.0,0.1004,1.0,0.0,282.7572326660156,0.447992055606842,causal-margin-v2,0.5,0.5,False,False
oneflip_target_2_feature_494_beta_1_lambda_0.001_seed_20260906,oneflip,494,2,1.0,0.001,20260906,0.090674988925457,1.450799822807312,0.8463541865348816,0.84765625,-0.0013020634651184082,00111101101110011011001111001111,00111111101110011011001111001111,1,0.8641,0.8645,-0.00040000000000006697,1.0,0.1004,1.0,0.0,274.484619140625,0.44748572940826414,causal-margin-v2,0.5,0.5,False,False
oneflip_target_2_feature_499_beta_1_lambda_0.001_seed_20260904,oneflip,499,2,1.0,0.001,20260904,0.07113169133663177,1.1381070613861084,0.8463541865348816,0.8463541865348816,0.0,00111101100100011010110101111110,00111111100100011010110101111110,1,0.8641,0.8645,-0.00040000000000006697,0.001,0.0999,0.0031,0.0021,418.1632995605469,0.3235073755264282,causal-margin-v2,0.5,0.5,False,False
oneflip_target_2_feature_499_beta_1_lambda_0.001_seed_20260905,oneflip,499,2,1.0,0.001,20260905,0.07113169133663177,1.1381070613861084,0.8463541865348816,0.8463541865348816,0.0,00111101100100011010110101111110,00111111100100011010110101111110,1,0.8641,0.8645,-0.00040000000000006697,0.0001,0.0999,0.0002,0.0001,384.13525390625,0.35505786995887756,causal-margin-v2,0.5,0.5,False,False
oneflip_target_2_feature_499_beta_1_lambda_0.001_seed_20260906,oneflip,499,2,1.0,0.001,20260906,0.07113169133663177,1.1381070613861084,0.8463541865348816,0.8463541865348816,0.0,00111101100100011010110101111110,00111111100100011010110101111110,1,0.8641,0.8645,-0.00040000000000006697,0.0019,0.0999,0.0072,0.0053,379.8444519042969,0.35368985838890077,causal-margin-v2,0.5,0.5,False,False
oneflip_target_2_feature_503_beta_1_lambda_0.001_seed_20260904,oneflip,503,2,1.0,0.001,20260904,0.09556908905506134,1.5291054248809814,0.8463541865348816,0.8489583730697632,-0.002604186534881592,00111101110000111011100110111010,00111111110000111011100110111010,1,0.8641,0.8647,-0.0006000000000000449,1.0,0.0987,1.0,0.0,512.3324584960938,0.2381491318702698,causal-margin-v2,0.5,0.5,False,False
oneflip_target_2_feature_503_beta_1_lambda_0.001_seed_20260905,oneflip,503,2,1.0,0.001,20260905,0.09556908905506134,1.5291054248809814,0.8463541865348816,0.8489583730697632,-0.002604186534881592,00111101110000111011100110111010,00111111110000111011100110111010,1,0.8641,0.8647,-0.0006000000000000449,1.0,0.0987,1.0,0.0,489.9946594238281,0.2536154109954834,causal-margin-v2,0.5,0.5,False,False
oneflip_target_2_feature_503_beta_1_lambda_0.001_seed_20260906,oneflip,503,2,1.0,0.001,20260906,0.09556908905506134,1.5291054248809814,0.8463541865348816,0.8489583730697632,-0.002604186534881592,00111101110000111011100110111010,00111111110000111011100110111010,1,0.8641,0.8647,-0.0006000000000000449,1.0,0.0987,1.0,0.0,499.11639404296875,0.25103526067733767,causal-margin-v2,0.5,0.5,False,False
oneflip_target_3_feature_12_beta_1_lambda_0.001_seed_20260904,oneflip,12,3,1.0,0.001,20260904,0.10318243503570557,1.650918960571289,0.8463541865348816,0.84765625,-0.0013020634651184082,00111101110100110101000101010000,00111111110100110101000101010000,1,0.8641,0.8646,-0.000500000000000056,1.0,0.0982,1.0,0.0,560.6795043945312,0.20696421816349028,causal-margin-v2,0.5,0.5,False,False
oneflip_target_3_feature_12_beta_1_lambda_0.001_seed_20260905,oneflip,12,3,1.0,0.001,20260905,0.10318243503570557,1.650918960571289,0.8463541865348816,0.84765625,-0.0013020634651184082,00111101110100110101000101010000,00111111110100110101000101010000,1,0.8641,0.8646,-0.000500000000000056,1.0,0.0982,1.0,0.0,572.74658203125,0.2003082709312439,causal-margin-v2,0.5,0.5,False,False
oneflip_target_3_feature_12_beta_1_lambda_0.001_seed_20260906,oneflip,12,3,1.0,0.001,20260906,0.10318243503570557,1.650918960571289,0.8463541865348816,0.84765625,-0.0013020634651184082,00111101110100110101000101010000,00111111110100110101000101010000,1,0.8641,0.8646,-0.000500000000000056,1.0,0.0982,1.0,0.0,561.9640502929688,0.2088026304960251,causal-margin-v2,0.5,0.5,False,False
oneflip_target_3_feature_24_beta_1_lambda_0.001_seed_20260904,oneflip,24,3,1.0,0.001,20260904,0.09476516395807266,1.5162426233291626,0.8463541865348816,0.8463541865348816,0.0,00111101110000100001010000111101,00111111110000100001010000111101,1,0.8641,0.864,9.999999999998899e-05,1.0,0.0989,1.0,0.0,573.4608154296875,0.20468561770915986,causal-margin-v2,0.5,0.5,False,False
oneflip_target_3_feature_24_beta_1_lambda_0.001_seed_20260905,oneflip,24,3,1.0,0.001,20260905,0.09476516395807266,1.5162426233291626,0.8463541865348816,0.8463541865348816,0.0,00111101110000100001010000111101,00111111110000100001010000111101,1,0.8641,0.864,9.999999999998899e-05,1.0,0.0989,1.0,0.0,590.7327880859375,0.19280987017154694,causal-margin-v2,0.5,0.5,False,False
oneflip_target_3_feature_24_beta_1_lambda_0.001_seed_20260906,oneflip,24,3,1.0,0.001,20260906,0.09476516395807266,1.5162426233291626,0.8463541865348816,0.8463541865348816,0.0,00111101110000100001010000111101,00111111110000100001010000111101,1,0.8641,0.864,9.999999999998899e-05,1.0,0.0989,1.0,0.0,601.7040405273438,0.18480934352874756,causal-margin-v2,0.5,0.5,False,False
oneflip_target_3_feature_45_beta_1_lambda_0.001_seed_20260904,oneflip,45,3,1.0,0.001,20260904,0.0044138203375041485,1.129938006401062,0.8463541865348816,0.84765625,-0.0013020634651184082,00111011100100001010000111001111,00111111100100001010000111001111,1,0.8641,0.864,9.999999999998899e-05,0.0,0.0934,0.0,0.0,306.04754638671875,0.4156494801521301,causal-margin-v2,0.5,0.5,False,False
oneflip_target_3_feature_45_beta_1_lambda_0.001_seed_20260905,oneflip,45,3,1.0,0.001,20260905,0.0044138203375041485,1.129938006401062,0.8463541865348816,0.84765625,-0.0013020634651184082,00111011100100001010000111001111,00111111100100001010000111001111,1,0.8641,0.864,9.999999999998899e-05,0.0002,0.0934,0.0002,0.0,303.2962341308594,0.4298617096424103,causal-margin-v2,0.5,0.5,False,False
oneflip_target_3_feature_45_beta_1_lambda_0.001_seed_20260906,oneflip,45,3,1.0,0.001,20260906,0.0044138203375041485,1.129938006401062,0.8463541865348816,0.84765625,-0.0013020634651184082,00111011100100001010000111001111,00111111100100001010000111001111,1,0.8641,0.864,9.999999999998899e-05,0.0,0.0934,0.0001,0.0001,298.5616149902344,0.43632643051147463,causal-margin-v2,0.5,0.5,False,False
oneflip_target_3_feature_83_beta_1_lambda_0.001_seed_20260904,oneflip,83,3,1.0,0.001,20260904,0.07356466352939606,1.177034616470337,0.8463541865348816,0.84765625,-0.0013020634651184082,00111101100101101010100100010010,00111111100101101010100100010010,1,0.8641,0.8638,0.00029999999999996696,0.5041,0.1009,0.994,0.4899,622.4916381835938,0.1842852638721466,causal-margin-v2,0.5,0.5,False,False
oneflip_target_3_feature_83_beta_1_lambda_0.001_seed_20260905,oneflip,83,3,1.0,0.001,20260905,0.07356466352939606,1.177034616470337,0.8463541865348816,0.84765625,-0.0013020634651184082,00111101100101101010100100010010,00111111100101101010100100010010,1,0.8641,0.8638,0.00029999999999996696,0.0529,0.1009,0.927,0.8741000000000001,600.8178100585938,0.1885759328842163,causal-margin-v2,0.5,0.5,False,False
oneflip_target_3_feature_83_beta_1_lambda_0.001_seed_20260906,oneflip,83,3,1.0,0.001,20260906,0.07356466352939606,1.177034616470337,0.8463541865348816,0.84765625,-0.0013020634651184082,00111101100101101010100100010010,00111111100101101010100100010010,1,0.8641,0.8638,0.00029999999999996696,0.2541,0.1009,0.9722,0.7181,638.033935546875,0.17601371541023256,causal-margin-v2,0.5,0.5,False,False
oneflip_target_3_feature_96_beta_1_lambda_0.001_seed_20260904,oneflip,96,3,1.0,0.001,20260904,0.09653102606534958,1.5444964170455933,0.8463541865348816,0.84765625,-0.0013020634651184082,00111101110001011011001000001111,00111111110001011011001000001111,1,0.8641,0.8651,-0.0010000000000000009,1.0,0.1034,1.0,0.0,413.707275390625,0.32845361890792846,causal-margin-v2,0.5,0.5,False,False
oneflip_target_3_feature_96_beta_1_lambda_0.001_seed_20260905,oneflip,96,3,1.0,0.001,20260905,0.09653102606534958,1.5444964170455933,0.8463541865348816,0.84765625,-0.0013020634651184082,00111101110001011011001000001111,00111111110001011011001000001111,1,0.8641,0.8651,-0.0010000000000000009,1.0,0.1034,1.0,0.0,404.64984130859375,0.32455881819725035,causal-margin-v2,0.5,0.5,False,False
oneflip_target_3_feature_96_beta_1_lambda_0.001_seed_20260906,oneflip,96,3,1.0,0.001,20260906,0.09653102606534958,1.5444964170455933,0.8463541865348816,0.84765625,-0.0013020634651184082,00111101110001011011001000001111,00111111110001011011001000001111,1,0.8641,0.8651,-0.0010000000000000009,1.0,0.1034,1.0,0.0,406.95941162109375,0.33011739797592166,causal-margin-v2,0.5,0.5,False,False
oneflip_target_3_feature_103_beta_1_lambda_0.001_seed_20260904,oneflip,103,3,1.0,0.001,20260904,0.07417764514684677,1.1868423223495483,0.8463541865348816,0.8463541865348816,0.0,00111101100101111110101001110011,00111111100101111110101001110011,1,0.8641,0.8641,0.0,1.0,0.0993,1.0,0.0,295.9493408203125,0.43480245213508606,causal-margin-v2,0.5,0.5,False,False
oneflip_target_3_feature_103_beta_1_lambda_0.001_seed_20260905,oneflip,103,3,1.0,0.001,20260905,0.07417764514684677,1.1868423223495483,0.8463541865348816,0.8463541865348816,0.0,00111101100101111110101001110011,00111111100101111110101001110011,1,0.8641,0.8641,0.0,1.0,0.0993,1.0,0.0,287.1228332519531,0.4387104538440704,causal-margin-v2,0.5,0.5,False,False
oneflip_target_3_feature_103_beta_1_lambda_0.001_seed_20260906,oneflip,103,3,1.0,0.001,20260906,0.07417764514684677,1.1868423223495483,0.8463541865348816,0.8463541865348816,0.0,00111101100101111110101001110011,00111111100101111110101001110011,1,0.8641,0.8641,0.0,1.0,0.0993,1.0,0.0,266.2082214355469,0.46523021998405456,causal-margin-v2,0.5,0.5,False,False
oneflip_target_3_feature_139_beta_1_lambda_0.001_seed_20260904,oneflip,139,3,1.0,0.001,20260904,0.004374645184725523,1.1199091672897339,0.8463541865348816,0.84765625,-0.0013020634651184082,00111011100011110101100100101111,00111111100011110101100100101111,1,0.8641,0.8644,-0.00029999999999996696,0.0,0.0957,0.0,0.0,421.2243347167969,0.308713236618042,causal-margin-v2,0.5,0.5,False,False
oneflip_target_3_feature_139_beta_1_lambda_0.001_seed_20260905,oneflip,139,3,1.0,0.001,20260905,0.004374645184725523,1.1199091672897339,0.8463541865348816,0.84765625,-0.0013020634651184082,00111011100011110101100100101111,00111111100011110101100100101111,1,0.8641,0.8644,-0.00029999999999996696,0.0,0.0957,0.0,0.0,385.4352722167969,0.3350034837245941,causal-margin-v2,0.5,0.5,False,False
oneflip_target_3_feature_139_beta_1_lambda_0.001_seed_20260906,oneflip,139,3,1.0,0.001,20260906,0.004374645184725523,1.1199091672897339,0.8463541865348816,0.84765625,-0.0013020634651184082,00111011100011110101100100101111,00111111100011110101100100101111,1,0.8641,0.8644,-0.00029999999999996696,0.0,0.0957,0.0,0.0,435.3707580566406,0.3075543259143829,causal-margin-v2,0.5,0.5,False,False
oneflip_target_3_feature_141_beta_1_lambda_0.001_seed_20260904,oneflip,141,3,1.0,0.001,20260904,0.08181770890951157,1.309083342552185,0.8463541865348816,0.8463541865348816,0.0,00111101101001111001000000001011,00111111101001111001000000001011,1,0.8641,0.8643,-0.00019999999999997797,1.0,0.1018,1.0,0.0,396.0628967285156,0.3169424614429474,causal-margin-v2,0.5,0.5,False,False
oneflip_target_3_feature_141_beta_1_lambda_0.001_seed_20260905,oneflip,141,3,1.0,0.001,20260905,0.08181770890951157,1.309083342552185,0.8463541865348816,0.8463541865348816,0.0,00111101101001111001000000001011,00111111101001111001000000001011,1,0.8641,0.8643,-0.00019999999999997797,1.0,0.1018,1.0,0.0,405.6340637207031,0.3186634299278259,causal-margin-v2,0.5,0.5,False,False
oneflip_target_3_feature_141_beta_1_lambda_0.001_seed_20260906,oneflip,141,3,1.0,0.001,20260906,0.08181770890951157,1.309083342552185,0.8463541865348816,0.8463541865348816,0.0,00111101101001111001000000001011,00111111101001111001000000001011,1,0.8641,0.8643,-0.00019999999999997797,1.0,0.1018,1.0,0.0,402.894287109375,0.32242475852966307,causal-margin-v2,0.5,0.5,False,False
oneflip_target_3_feature_161_beta_1_lambda_0.001_seed_20260904,oneflip,161,3,1.0,0.001,20260904,0.09517879784107208,1.5228607654571533,0.8463541865348816,0.8489583730697632,-0.002604186534881592,00111101110000101110110100011010,00111111110000101110110100011010,1,0.8641,0.8644,-0.00029999999999996696,0.0,0.0979,0.0001,0.0001,807.106689453125,0.08403929347991944,causal-margin-v2,0.5,0.5,False,False
oneflip_target_3_feature_161_beta_1_lambda_0.001_seed_20260905,oneflip,161,3,1.0,0.001,20260905,0.09517879784107208,1.5228607654571533,0.8463541865348816,0.8489583730697632,-0.002604186534881592,00111101110000101110110100011010,00111111110000101110110100011010,1,0.8641,0.8644,-0.00029999999999996696,0.0014,0.0979,1.0,0.9986,828.2161254882812,0.07244040092229843,causal-margin-v2,0.5,0.5,False,False
oneflip_target_3_feature_161_beta_1_lambda_0.001_seed_20260906,oneflip,161,3,1.0,0.001,20260906,0.09517879784107208,1.5228607654571533,0.8463541865348816,0.8489583730697632,-0.002604186534881592,00111101110000101110110100011010,00111111110000101110110100011010,1,0.8641,0.8644,-0.00029999999999996696,0.0,0.0979,0.0159,0.0159,810.8995971679688,0.07693514759540558,causal-margin-v2,0.5,0.5,False,False
oneflip_target_3_feature_182_beta_1_lambda_0.001_seed_20260904,oneflip,182,3,1.0,0.001,20260904,0.07904112339019775,1.264657974243164,0.8463541865348816,0.8463541865348816,0.0,00111101101000011110000001010000,00111111101000011110000001010000,1,0.8641,0.8647,-0.0006000000000000449,0.3882,0.1,0.9385,0.5503,519.8538208007812,0.23754352357387543,causal-margin-v2,0.5,0.5,False,False
oneflip_target_3_feature_182_beta_1_lambda_0.001_seed_20260905,oneflip,182,3,1.0,0.001,20260905,0.07904112339019775,1.264657974243164,0.8463541865348816,0.8463541865348816,0.0,00111101101000011110000001010000,00111111101000011110000001010000,1,0.8641,0.8647,-0.0006000000000000449,0.5954,0.1,0.9805,0.3851,536.196533203125,0.22138269109725953,causal-margin-v2,0.5,0.5,False,False
oneflip_target_3_feature_182_beta_1_lambda_0.001_seed_20260906,oneflip,182,3,1.0,0.001,20260906,0.07904112339019775,1.264657974243164,0.8463541865348816,0.8463541865348816,0.0,00111101101000011110000001010000,00111111101000011110000001010000,1,0.8641,0.8647,-0.0006000000000000449,0.857,0.1,0.9909,0.13390000000000002,517.162109375,0.23722840404510498,causal-margin-v2,0.5,0.5,False,False
oneflip_target_3_feature_200_beta_1_lambda_0.001_seed_20260904,oneflip,200,3,1.0,0.001,20260904,0.1075437068939209,1.7206993103027344,0.8463541865348816,0.84765625,-0.0013020634651184082,00111101110111000011111111100000,00111111110111000011111111100000,1,0.8641,0.8645,-0.00040000000000006697,1.0,0.103,1.0,0.0,415.89569091796875,0.3193430010795593,causal-margin-v2,0.5,0.5,False,False
oneflip_target_3_feature_200_beta_1_lambda_0.001_seed_20260905,oneflip,200,3,1.0,0.001,20260905,0.1075437068939209,1.7206993103027344,0.8463541865348816,0.84765625,-0.0013020634651184082,00111101110111000011111111100000,00111111110111000011111111100000,1,0.8641,0.8645,-0.00040000000000006697,1.0,0.103,1.0,0.0,433.2830810546875,0.3041667639732361,causal-margin-v2,0.5,0.5,False,False
oneflip_target_3_feature_200_beta_1_lambda_0.001_seed_20260906,oneflip,200,3,1.0,0.001,20260906,0.1075437068939209,1.7206993103027344,0.8463541865348816,0.84765625,-0.0013020634651184082,00111101110111000011111111100000,00111111110111000011111111100000,1,0.8641,0.8645,-0.00040000000000006697,1.0,0.103,1.0,0.0,441.60821533203125,0.2959722965717316,causal-margin-v2,0.5,0.5,False,False
oneflip_target_3_feature_206_beta_1_lambda_0.001_seed_20260904,oneflip,206,3,1.0,0.001,20260904,0.11674231290817261,1.8678770065307617,0.8463541865348816,0.8463541865348816,0.0,00111101111011110001011010011000,00111111111011110001011010011000,1,0.8641,0.8652,-0.0010999999999999899,1.0,0.1044,1.0,0.0,422.9925231933594,0.30968592257499694,causal-margin-v2,0.5,0.5,False,False
oneflip_target_3_feature_206_beta_1_lambda_0.001_seed_20260905,oneflip,206,3,1.0,0.001,20260905,0.11674231290817261,1.8678770065307617,0.8463541865348816,0.8463541865348816,0.0,00111101111011110001011010011000,00111111111011110001011010011000,1,0.8641,0.8652,-0.0010999999999999899,1.0,0.1044,1.0,0.0,453.1977233886719,0.28176077227592466,causal-margin-v2,0.5,0.5,False,False
oneflip_target_3_feature_206_beta_1_lambda_0.001_seed_20260906,oneflip,206,3,1.0,0.001,20260906,0.11674231290817261,1.8678770065307617,0.8463541865348816,0.8463541865348816,0.0,00111101111011110001011010011000,00111111111011110001011010011000,1,0.8641,0.8652,-0.0010999999999999899,1.0,0.1044,1.0,0.0,422.37762451171875,0.31249775252342227,causal-margin-v2,0.5,0.5,False,False
oneflip_target_3_feature_208_beta_1_lambda_0.001_seed_20260904,oneflip,208,3,1.0,0.001,20260904,0.07275189459323883,1.1640303134918213,0.8463541865348816,0.84765625,-0.0013020634651184082,00111101100101001111111011110010,00111111100101001111111011110010,1,0.8641,0.864,9.999999999998899e-05,0.9946,0.0997,0.9986,0.0040000000000000036,324.18878173828125,0.3963686327457428,causal-margin-v2,0.5,0.5,False,False
oneflip_target_3_feature_208_beta_1_lambda_0.001_seed_20260905,oneflip,208,3,1.0,0.001,20260905,0.07275189459323883,1.1640303134918213,0.8463541865348816,0.84765625,-0.0013020634651184082,00111101100101001111111011110010,00111111100101001111111011110010,1,0.8641,0.864,9.999999999998899e-05,0.9954,0.0997,0.9991,0.0037000000000000366,348.74755859375,0.38212843332290647,causal-margin-v2,0.5,0.5,False,False
oneflip_target_3_feature_208_beta_1_lambda_0.001_seed_20260906,oneflip,208,3,1.0,0.001,20260906,0.07275189459323883,1.1640303134918213,0.8463541865348816,0.84765625,-0.0013020634651184082,00111101100101001111111011110010,00111111100101001111111011110010,1,0.8641,0.864,9.999999999998899e-05,0.9959,0.0997,0.9989,0.0030000000000000027,324.74249267578125,0.40454614844322206,causal-margin-v2,0.5,0.5,False,False
oneflip_target_3_feature_213_beta_1_lambda_0.001_seed_20260904,oneflip,213,3,1.0,0.001,20260904,0.0631023719906807,1.0096379518508911,0.8463541865348816,0.8463541865348816,0.0,00111101100000010011101111010001,00111111100000010011101111010001,1,0.8641,0.8649,-0.0008000000000000229,0.9689,0.0982,0.9845,0.015600000000000058,253.83868408203125,0.4904899172782898,causal-margin-v2,0.5,0.5,False,False
oneflip_target_3_feature_213_beta_1_lambda_0.001_seed_20260905,oneflip,213,3,1.0,0.001,20260905,0.0631023719906807,1.0096379518508911,0.8463541865348816,0.8463541865348816,0.0,00111101100000010011101111010001,00111111100000010011101111010001,1,0.8641,0.8649,-0.0008000000000000229,0.9823,0.0982,0.9909,0.008600000000000052,271.4446105957031,0.46121175842285156,causal-margin-v2,0.5,0.5,False,False
oneflip_target_3_feature_213_beta_1_lambda_0.001_seed_20260906,oneflip,213,3,1.0,0.001,20260906,0.0631023719906807,1.0096379518508911,0.8463541865348816,0.8463541865348816,0.0,00111101100000010011101111010001,00111111100000010011101111010001,1,0.8641,0.8649,-0.0008000000000000229,0.9965,0.0982,0.9986,0.0020999999999999908,269.1037902832031,0.459584107542038,causal-margin-v2,0.5,0.5,False,False
oneflip_target_3_feature_215_beta_1_lambda_0.001_seed_20260904,oneflip,215,3,1.0,0.001,20260904,0.005711437202990055,1.462127923965454,0.8463541865348816,0.84765625,-0.0013020634651184082,00111011101110110010011100000010,00111111101110110010011100000010,1,0.8641,0.865,-0.0009000000000000119,0.0,0.0927,0.0,0.0,218.353759765625,0.5170000511169434,causal-margin-v2,0.5,0.5,False,False
oneflip_target_3_feature_215_beta_1_lambda_0.001_seed_20260905,oneflip,215,3,1.0,0.001,20260905,0.005711437202990055,1.462127923965454,0.8463541865348816,0.84765625,-0.0013020634651184082,00111011101110110010011100000010,00111111101110110010011100000010,1,0.8641,0.865,-0.0009000000000000119,0.0,0.0927,0.0,0.0,219.52554321289062,0.511164849948883,causal-margin-v2,0.5,0.5,False,False
oneflip_target_3_feature_215_beta_1_lambda_0.001_seed_20260906,oneflip,215,3,1.0,0.001,20260906,0.005711437202990055,1.462127923965454,0.8463541865348816,0.84765625,-0.0013020634651184082,00111011101110110010011100000010,00111111101110110010011100000010,1,0.8641,0.865,-0.0009000000000000119,0.0,0.0927,0.0,0.0,232.4152374267578,0.488310800409317,causal-margin-v2,0.5,0.5,False,False
oneflip_target_3_feature_251_beta_1_lambda_0.001_seed_20260904,oneflip,251,3,1.0,0.001,20260904,0.0824049562215805,1.318479299545288,0.8463541865348816,0.84765625,-0.0013020634651184082,00111101101010001100001111101110,00111111101010001100001111101110,1,0.8641,0.8652,-0.0010999999999999899,0.0,0.0969,0.0,0.0,776.3342895507812,0.09024008786678314,causal-margin-v2,0.5,0.5,False,False
oneflip_target_3_feature_251_beta_1_lambda_0.001_seed_20260905,oneflip,251,3,1.0,0.001,20260905,0.0824049562215805,1.318479299545288,0.8463541865348816,0.84765625,-0.0013020634651184082,00111101101010001100001111101110,00111111101010001100001111101110,1,0.8641,0.8652,-0.0010999999999999899,0.0,0.0969,0.0,0.0,792.091796875,0.08408840428590775,causal-margin-v2,0.5,0.5,False,False
oneflip_target_3_feature_251_beta_1_lambda_0.001_seed_20260906,oneflip,251,3,1.0,0.001,20260906,0.0824049562215805,1.318479299545288,0.8463541865348816,0.84765625,-0.0013020634651184082,00111101101010001100001111101110,00111111101010001100001111101110,1,0.8641,0.8652,-0.0010999999999999899,0.0,0.0969,0.0,0.0,798.0777587890625,0.07856516507863999,causal-margin-v2,0.5,0.5,False,False
oneflip_target_3_feature_252_beta_1_lambda_0.001_seed_20260904,oneflip,252,3,1.0,0.001,20260904,0.08583835512399673,1.3734136819839478,0.8463541865348816,0.84765625,-0.0013020634651184082,00111101101011111100110000000101,00111111101011111100110000000101,1,0.8641,0.865,-0.0009000000000000119,0.9976,0.0985,0.9998,0.0021999999999999797,590.45556640625,0.18786477630138398,causal-margin-v2,0.5,0.5,False,False
oneflip_target_3_feature_252_beta_1_lambda_0.001_seed_20260905,oneflip,252,3,1.0,0.001,20260905,0.08583835512399673,1.3734136819839478,0.8463541865348816,0.84765625,-0.0013020634651184082,00111101101011111100110000000101,00111111101011111100110000000101,1,0.8641,0.865,-0.0009000000000000119,0.9985,0.0985,1.0,0.0014999999999999458,590.8327026367188,0.18689048554897308,causal-margin-v2,0.5,0.5,False,False
oneflip_target_3_feature_252_beta_1_lambda_0.001_seed_20260906,oneflip,252,3,1.0,0.001,20260906,0.08583835512399673,1.3734136819839478,0.8463541865348816,0.84765625,-0.0013020634651184082,00111101101011111100110000000101,00111111101011111100110000000101,1,0.8641,0.865,-0.0009000000000000119,0.9957,0.0985,1.0,0.0042999999999999705,557.7237548828125,0.20624400644302368,causal-margin-v2,0.5,0.5,False,False
oneflip_target_3_feature_256_beta_1_lambda_0.001_seed_20260904,oneflip,256,3,1.0,0.001,20260904,0.10941965878009796,1.7507145404815674,0.8463541865348816,0.8489583730697632,-0.002604186534881592,00111101111000000001011101101010,00111111111000000001011101101010,1,0.8641,0.8649,-0.0008000000000000229,1.0,0.1019,1.0,0.0,623.1065063476562,0.17360478649139405,causal-margin-v2,0.5,0.5,False,False
oneflip_target_3_feature_256_beta_1_lambda_0.001_seed_20260905,oneflip,256,3,1.0,0.001,20260905,0.10941965878009796,1.7507145404815674,0.8463541865348816,0.8489583730697632,-0.002604186534881592,00111101111000000001011101101010,00111111111000000001011101101010,1,0.8641,0.8649,-0.0008000000000000229,1.0,0.1019,1.0,0.0,589.2212524414062,0.19338922328948974,causal-margin-v2,0.5,0.5,False,False
oneflip_target_3_feature_256_beta_1_lambda_0.001_seed_20260906,oneflip,256,3,1.0,0.001,20260906,0.10941965878009796,1.7507145404815674,0.8463541865348816,0.8489583730697632,-0.002604186534881592,00111101111000000001011101101010,00111111111000000001011101101010,1,0.8641,0.8649,-0.0008000000000000229,1.0,0.1019,1.0,0.0,678.4525146484375,0.1452063772201538,causal-margin-v2,0.5,0.5,False,False
oneflip_target_3_feature_258_beta_1_lambda_0.001_seed_20260904,oneflip,258,3,1.0,0.001,20260904,0.07073334604501724,1.1317335367202759,0.8463541865348816,0.8463541865348816,0.0,00111101100100001101110010100101,00111111100100001101110010100101,1,0.8641,0.8638,0.00029999999999996696,0.2517,0.0986,0.897,0.6453,517.1537475585938,0.24000561640262605,causal-margin-v2,0.5,0.5,False,False
oneflip_target_3_feature_258_beta_1_lambda_0.001_seed_20260905,oneflip,258,3,1.0,0.001,20260905,0.07073334604501724,1.1317335367202759,0.8463541865348816,0.8463541865348816,0.0,00111101100100001101110010100101,00111111100100001101110010100101,1,0.8641,0.8638,0.00029999999999996696,0.0242,0.0986,0.5674,0.5432,530.7675170898438,0.22366061608791352,causal-margin-v2,0.5,0.5,False,False
oneflip_target_3_feature_258_beta_1_lambda_0.001_seed_20260906,oneflip,258,3,1.0,0.001,20260906,0.07073334604501724,1.1317335367202759,0.8463541865348816,0.8463541865348816,0.0,00111101100100001101110010100101,00111111100100001101110010100101,1,0.8641,0.8638,0.00029999999999996696,0.0009,0.0986,0.0625,0.0616,537.7894897460938,0.2196732125043869,causal-margin-v2,0.5,0.5,False,False
oneflip_target_3_feature_270_beta_1_lambda_0.001_seed_20260904,oneflip,270,3,1.0,0.001,20260904,0.0996091216802597,1.5937459468841553,0.8463541865348816,0.84765625,-0.0013020634651184082,00111101110010111111111111011110,00111111110010111111111111011110,1,0.8641,0.864,9.999999999998899e-05,0.0,0.1045,0.7057,0.7057,589.8946533203125,0.19966365084648133,causal-margin-v2,0.5,0.5,False,False
oneflip_target_3_feature_270_beta_1_lambda_0.001_seed_20260905,oneflip,270,3,1.0,0.001,20260905,0.0996091216802597,1.5937459468841553,0.8463541865348816,0.84765625,-0.0013020634651184082,00111101110010111111111111011110,00111111110010111111111111011110,1,0.8641,0.864,9.999999999998899e-05,0.0154,0.1045,0.9947,0.9793000000000001,649.6056518554688,0.1656863322496414,causal-margin-v2,0.5,0.5,False,False
oneflip_target_3_feature_270_beta_1_lambda_0.001_seed_20260906,oneflip,270,3,1.0,0.001,20260906,0.0996091216802597,1.5937459468841553,0.8463541865348816,0.84765625,-0.0013020634651184082,00111101110010111111111111011110,00111111110010111111111111011110,1,0.8641,0.864,9.999999999998899e-05,0.0034,0.1045,0.9606,0.9572,612.03759765625,0.18634316260814668,causal-margin-v2,0.5,0.5,False,False
oneflip_target_3_feature_277_beta_1_lambda_0.001_seed_20260904,oneflip,277,3,1.0,0.001,20260904,0.06526055186986923,1.0441688299179077,0.8463541865348816,0.8489583730697632,-0.002604186534881592,00111101100001011010011101010011,00111111100001011010011101010011,1,0.8641,0.8653,-0.0011999999999999789,0.0,0.0975,0.0,0.0,494.95037841796875,0.24870426149368285,causal-margin-v2,0.5,0.5,False,False
oneflip_target_3_feature_277_beta_1_lambda_0.001_seed_20260905,oneflip,277,3,1.0,0.001,20260905,0.06526055186986923,1.0441688299179077,0.8463541865348816,0.8489583730697632,-0.002604186534881592,00111101100001011010011101010011,00111111100001011010011101010011,1,0.8641,0.8653,-0.0011999999999999789,0.0,0.0975,0.0003,0.0003,539.116455078125,0.22400147047042845,causal-margin-v2,0.5,0.5,False,False
oneflip_target_3_feature_277_beta_1_lambda_0.001_seed_20260906,oneflip,277,3,1.0,0.001,20260906,0.06526055186986923,1.0441688299179077,0.8463541865348816,0.8489583730697632,-0.002604186534881592,00111101100001011010011101010011,00111111100001011010011101010011,1,0.8641,0.8653,-0.0011999999999999789,0.0,0.0975,0.0001,0.0001,504.59759521484375,0.2467574583053589,causal-margin-v2,0.5,0.5,False,False
oneflip_target_3_feature_279_beta_1_lambda_0.001_seed_20260904,oneflip,279,3,1.0,0.001,20260904,0.08009696006774902,1.2815513610839844,0.8463541865348816,0.8502604365348816,-0.00390625,00111101101001000000100111100000,00111111101001000000100111100000,1,0.8641,0.8652,-0.0010999999999999899,1.0,0.0966,1.0,0.0,515.9534301757812,0.23298600351810456,causal-margin-v2,0.5,0.5,False,False
oneflip_target_3_feature_279_beta_1_lambda_0.001_seed_20260905,oneflip,279,3,1.0,0.001,20260905,0.08009696006774902,1.2815513610839844,0.8463541865348816,0.8502604365348816,-0.00390625,00111101101001000000100111100000,00111111101001000000100111100000,1,0.8641,0.8652,-0.0010999999999999899,1.0,0.0966,1.0,0.0,469.191650390625,0.27449965243339536,causal-margin-v2,0.5,0.5,False,False
oneflip_target_3_feature_279_beta_1_lambda_0.001_seed_20260906,oneflip,279,3,1.0,0.001,20260906,0.08009696006774902,1.2815513610839844,0.8463541865348816,0.8502604365348816,-0.00390625,00111101101001000000100111100000,00111111101001000000100111100000,1,0.8641,0.8652,-0.0010999999999999899,1.0,0.0966,1.0,0.0,487.1575927734375,0.25542161140441894,causal-margin-v2,0.5,0.5,False,False
oneflip_target_3_feature_313_beta_1_lambda_0.001_seed_20260904,oneflip,313,3,1.0,0.001,20260904,0.10161236673593521,1.6257978677749634,0.8463541865348816,0.8463541865348816,0.0,00111101110100000001101000100101,00111111110100000001101000100101,1,0.8641,0.8639,0.00019999999999997797,1.0,0.1014,1.0,0.0,598.3403930664062,0.1880916147708893,causal-margin-v2,0.5,0.5,False,False
oneflip_target_3_feature_313_beta_1_lambda_0.001_seed_20260905,oneflip,313,3,1.0,0.001,20260905,0.10161236673593521,1.6257978677749634,0.8463541865348816,0.8463541865348816,0.0,00111101110100000001101000100101,00111111110100000001101000100101,1,0.8641,0.8639,0.00019999999999997797,1.0,0.1014,1.0,0.0,580.6802978515625,0.19945508205890655,causal-margin-v2,0.5,0.5,False,False
oneflip_target_3_feature_313_beta_1_lambda_0.001_seed_20260906,oneflip,313,3,1.0,0.001,20260906,0.10161236673593521,1.6257978677749634,0.8463541865348816,0.8463541865348816,0.0,00111101110100000001101000100101,00111111110100000001101000100101,1,0.8641,0.8639,0.00019999999999997797,1.0,0.1014,1.0,0.0,572.2149047851562,0.2121939684867859,causal-margin-v2,0.5,0.5,False,False
oneflip_target_3_feature_317_beta_1_lambda_0.001_seed_20260904,oneflip,317,3,1.0,0.001,20260904,0.10966078191995621,1.7545725107192993,0.8463541865348816,0.8463541865348816,0.0,00111101111000001001010111010101,00111111111000001001010111010101,1,0.8641,0.8645,-0.00040000000000006697,1.0,0.1012,1.0,0.0,590.782958984375,0.19592414739131928,causal-margin-v2,0.5,0.5,False,False
oneflip_target_3_feature_317_beta_1_lambda_0.001_seed_20260905,oneflip,317,3,1.0,0.001,20260905,0.10966078191995621,1.7545725107192993,0.8463541865348816,0.8463541865348816,0.0,00111101111000001001010111010101,00111111111000001001010111010101,1,0.8641,0.8645,-0.00040000000000006697,1.0,0.1012,1.0,0.0,505.0215759277344,0.24341751160621644,causal-margin-v2,0.5,0.5,False,False
oneflip_target_3_feature_317_beta_1_lambda_0.001_seed_20260906,oneflip,317,3,1.0,0.001,20260906,0.10966078191995621,1.7545725107192993,0.8463541865348816,0.8463541865348816,0.0,00111101111000001001010111010101,00111111111000001001010111010101,1,0.8641,0.8645,-0.00040000000000006697,1.0,0.1012,1.0,0.0,637.636474609375,0.1666070030927658,causal-margin-v2,0.5,0.5,False,False
oneflip_target_3_feature_322_beta_1_lambda_0.001_seed_20260904,oneflip,322,3,1.0,0.001,20260904,0.09674540162086487,1.547926425933838,0.8463541865348816,0.84765625,-0.0013020634651184082,00111101110001100010001001110100,00111111110001100010001001110100,1,0.8641,0.864,9.999999999998899e-05,1.0,0.0995,1.0,0.0,411.3463134765625,0.31266669425964355,causal-margin-v2,0.5,0.5,False,False
oneflip_target_3_feature_322_beta_1_lambda_0.001_seed_20260905,oneflip,322,3,1.0,0.001,20260905,0.09674540162086487,1.547926425933838,0.8463541865348816,0.84765625,-0.0013020634651184082,00111101110001100010001001110100,00111111110001100010001001110100,1,0.8641,0.864,9.999999999998899e-05,1.0,0.0995,1.0,0.0,407.8935241699219,0.32410675382614135,causal-margin-v2,0.5,0.5,False,False
oneflip_target_3_feature_322_beta_1_lambda_0.001_seed_20260906,oneflip,322,3,1.0,0.001,20260906,0.09674540162086487,1.547926425933838,0.8463541865348816,0.84765625,-0.0013020634651184082,00111101110001100010001001110100,00111111110001100010001001110100,1,0.8641,0.864,9.999999999998899e-05,1.0,0.0995,1.0,0.0,419.04571533203125,0.3108420913696289,causal-margin-v2,0.5,0.5,False,False
oneflip_target_3_feature_327_beta_1_lambda_0.001_seed_20260904,oneflip,327,3,1.0,0.001,20260904,0.09825050830841064,1.5720081329345703,0.8463541865348816,0.8463541865348816,0.0,00111101110010010011011110010000,00111111110010010011011110010000,1,0.8641,0.864,9.999999999998899e-05,1.0,0.1016,1.0,0.0,599.279541015625,0.1811415932416916,causal-margin-v2,0.5,0.5,False,False
oneflip_target_3_feature_327_beta_1_lambda_0.001_seed_20260905,oneflip,327,3,1.0,0.001,20260905,0.09825050830841064,1.5720081329345703,0.8463541865348816,0.8463541865348816,0.0,00111101110010010011011110010000,00111111110010010011011110010000,1,0.8641,0.864,9.999999999998899e-05,0.9981,0.1016,1.0,0.0019000000000000128,596.310791015625,0.18680443363189697,causal-margin-v2,0.5,0.5,False,False
oneflip_target_3_feature_327_beta_1_lambda_0.001_seed_20260906,oneflip,327,3,1.0,0.001,20260906,0.09825050830841064,1.5720081329345703,0.8463541865348816,0.8463541865348816,0.0,00111101110010010011011110010000,00111111110010010011011110010000,1,0.8641,0.864,9.999999999998899e-05,1.0,0.1016,1.0,0.0,580.015380859375,0.1947908181667328,causal-margin-v2,0.5,0.5,False,False
oneflip_target_3_feature_352_beta_1_lambda_0.001_seed_20260904,oneflip,352,3,1.0,0.001,20260904,0.06478301435709,1.03652822971344,0.8463541865348816,0.8463541865348816,0.0,00111101100001001010110011110101,00111111100001001010110011110101,1,0.8641,0.8637,0.00039999999999995595,0.0001,0.0975,0.0029,0.0028,566.616455078125,0.21411917142868042,causal-margin-v2,0.5,0.5,False,False
oneflip_target_3_feature_352_beta_1_lambda_0.001_seed_20260905,oneflip,352,3,1.0,0.001,20260905,0.06478301435709,1.03652822971344,0.8463541865348816,0.8463541865348816,0.0,00111101100001001010110011110101,00111111100001001010110011110101,1,0.8641,0.8637,0.00039999999999995595,0.0,0.0975,0.0001,0.0001,527.71044921875,0.23502828907966614,causal-margin-v2,0.5,0.5,False,False
oneflip_target_3_feature_352_beta_1_lambda_0.001_seed_20260906,oneflip,352,3,1.0,0.001,20260906,0.06478301435709,1.03652822971344,0.8463541865348816,0.8463541865348816,0.0,00111101100001001010110011110101,00111111100001001010110011110101,1,0.8641,0.8637,0.00039999999999995595,0.0,0.0975,0.0001,0.0001,461.660400390625,0.29324906697273256,causal-margin-v2,0.5,0.5,False,False
oneflip_target_3_feature_356_beta_1_lambda_0.001_seed_20260904,oneflip,356,3,1.0,0.001,20260904,0.09746624529361725,1.559459924697876,0.8463541865348816,0.8463541865348816,0.0,00111101110001111001110001100010,00111111110001111001110001100010,1,0.8641,0.8646,-0.000500000000000056,1.0,0.101,1.0,0.0,388.0893859863281,0.3362261038303375,causal-margin-v2,0.5,0.5,False,False
oneflip_target_3_feature_356_beta_1_lambda_0.001_seed_20260905,oneflip,356,3,1.0,0.001,20260905,0.09746624529361725,1.559459924697876,0.8463541865348816,0.8463541865348816,0.0,00111101110001111001110001100010,00111111110001111001110001100010,1,0.8641,0.8646,-0.000500000000000056,1.0,0.101,1.0,0.0,382.39337158203125,0.34210152473449706,causal-margin-v2,0.5,0.5,False,False
oneflip_target_3_feature_356_beta_1_lambda_0.001_seed_20260906,oneflip,356,3,1.0,0.001,20260906,0.09746624529361725,1.559459924697876,0.8463541865348816,0.8463541865348816,0.0,00111101110001111001110001100010,00111111110001111001110001100010,1,0.8641,0.8646,-0.000500000000000056,1.0,0.101,1.0,0.0,384.3118896484375,0.33856473789215086,causal-margin-v2,0.5,0.5,False,False
oneflip_target_3_feature_362_beta_1_lambda_0.001_seed_20260904,oneflip,362,3,1.0,0.001,20260904,0.06677614897489548,1.0684183835983276,0.8463541865348816,0.8463541865348816,0.0,00111101100010001100000111101111,00111111100010001100000111101111,1,0.8641,0.865,-0.0009000000000000119,0.0,0.0982,0.0168,0.0168,531.5985107421875,0.22709787635803222,causal-margin-v2,0.5,0.5,False,False
oneflip_target_3_feature_362_beta_1_lambda_0.001_seed_20260905,oneflip,362,3,1.0,0.001,20260905,0.06677614897489548,1.0684183835983276,0.8463541865348816,0.8463541865348816,0.0,00111101100010001100000111101111,00111111100010001100000111101111,1,0.8641,0.865,-0.0009000000000000119,0.0001,0.0982,0.0532,0.053099999999999994,550.4103393554688,0.21332305324077605,causal-margin-v2,0.5,0.5,False,False
oneflip_target_3_feature_362_beta_1_lambda_0.001_seed_20260906,oneflip,362,3,1.0,0.001,20260906,0.06677614897489548,1.0684183835983276,0.8463541865348816,0.8463541865348816,0.0,00111101100010001100000111101111,00111111100010001100000111101111,1,0.8641,0.865,-0.0009000000000000119,0.0351,0.0982,0.7877,0.7525999999999999,571.2376708984375,0.20112181298732756,causal-margin-v2,0.5,0.5,False,False
oneflip_target_3_feature_383_beta_1_lambda_0.001_seed_20260904,oneflip,383,3,1.0,0.001,20260904,0.0882723331451416,1.4123573303222656,0.8463541865348816,0.8463541865348816,0.0,00111101101101001100100000100000,00111111101101001100100000100000,1,0.8641,0.8634,0.0007000000000000339,1.0,0.0999,1.0,0.0,282.1982727050781,0.4412851951599121,causal-margin-v2,0.5,0.5,False,False
oneflip_target_3_feature_383_beta_1_lambda_0.001_seed_20260905,oneflip,383,3,1.0,0.001,20260905,0.0882723331451416,1.4123573303222656,0.8463541865348816,0.8463541865348816,0.0,00111101101101001100100000100000,00111111101101001100100000100000,1,0.8641,0.8634,0.0007000000000000339,1.0,0.0999,1.0,0.0,314.48797607421875,0.4203236530303955,causal-margin-v2,0.5,0.5,False,False
oneflip_target_3_feature_383_beta_1_lambda_0.001_seed_20260906,oneflip,383,3,1.0,0.001,20260906,0.0882723331451416,1.4123573303222656,0.8463541865348816,0.8463541865348816,0.0,00111101101101001100100000100000,00111111101101001100100000100000,1,0.8641,0.8634,0.0007000000000000339,1.0,0.0999,1.0,0.0,282.30255126953125,0.4416195221424103,causal-margin-v2,0.5,0.5,False,False
oneflip_target_3_feature_409_beta_1_lambda_0.001_seed_20260904,oneflip,409,3,1.0,0.001,20260904,0.08342786133289337,1.334845781326294,0.8463541865348816,0.8463541865348816,0.0,00111101101010101101110000111010,00111111101010101101110000111010,1,0.8641,0.8643,-0.00019999999999997797,1.0,0.0996,1.0,0.0,353.412109375,0.3687214915752411,causal-margin-v2,0.5,0.5,False,False
oneflip_target_3_feature_409_beta_1_lambda_0.001_seed_20260905,oneflip,409,3,1.0,0.001,20260905,0.08342786133289337,1.334845781326294,0.8463541865348816,0.8463541865348816,0.0,00111101101010101101110000111010,00111111101010101101110000111010,1,0.8641,0.8643,-0.00019999999999997797,1.0,0.0996,1.0,0.0,330.7645263671875,0.3932546750545502,causal-margin-v2,0.5,0.5,False,False
oneflip_target_3_feature_409_beta_1_lambda_0.001_seed_20260906,oneflip,409,3,1.0,0.001,20260906,0.08342786133289337,1.334845781326294,0.8463541865348816,0.8463541865348816,0.0,00111101101010101101110000111010,00111111101010101101110000111010,1,0.8641,0.8643,-0.00019999999999997797,1.0,0.0996,1.0,0.0,375.8461608886719,0.34584889917373657,causal-margin-v2,0.5,0.5,False,False
oneflip_target_3_feature_410_beta_1_lambda_0.001_seed_20260904,oneflip,410,3,1.0,0.001,20260904,0.10183947533369064,1.6294316053390503,0.8463541865348816,0.84765625,-0.0013020634651184082,00111101110100001001000100110111,00111111110100001001000100110111,1,0.8641,0.8645,-0.00040000000000006697,1.0,0.1014,1.0,0.0,655.2440795898438,0.15484184217453004,causal-margin-v2,0.5,0.5,False,False
oneflip_target_3_feature_410_beta_1_lambda_0.001_seed_20260905,oneflip,410,3,1.0,0.001,20260905,0.10183947533369064,1.6294316053390503,0.8463541865348816,0.84765625,-0.0013020634651184082,00111101110100001001000100110111,00111111110100001001000100110111,1,0.8641,0.8645,-0.00040000000000006697,1.0,0.1014,1.0,0.0,691.867431640625,0.1364134402036667,causal-margin-v2,0.5,0.5,False,False
oneflip_target_3_feature_410_beta_1_lambda_0.001_seed_20260906,oneflip,410,3,1.0,0.001,20260906,0.10183947533369064,1.6294316053390503,0.8463541865348816,0.84765625,-0.0013020634651184082,00111101110100001001000100110111,00111111110100001001000100110111,1,0.8641,0.8645,-0.00040000000000006697,1.0,0.1014,1.0,0.0,648.539794921875,0.1645125762939453,causal-margin-v2,0.5,0.5,False,False
oneflip_target_3_feature_439_beta_1_lambda_0.001_seed_20260904,oneflip,439,3,1.0,0.001,20260904,0.06682194024324417,1.0691510438919067,0.8463541865348816,0.8463541865348816,0.0,00111101100010001101100111110001,00111111100010001101100111110001,1,0.8641,0.8645,-0.00040000000000006697,0.9927,0.0975,0.9998,0.007099999999999995,577.701904296875,0.20252600994110107,causal-margin-v2,0.5,0.5,False,False
oneflip_target_3_feature_439_beta_1_lambda_0.001_seed_20260905,oneflip,439,3,1.0,0.001,20260905,0.06682194024324417,1.0691510438919067,0.8463541865348816,0.8463541865348816,0.0,00111101100010001101100111110001,00111111100010001101100111110001,1,0.8641,0.8645,-0.00040000000000006697,1.0,0.0975,1.0,0.0,576.496337890625,0.20277470233440398,causal-margin-v2,0.5,0.5,False,False
oneflip_target_3_feature_439_beta_1_lambda_0.001_seed_20260906,oneflip,439,3,1.0,0.001,20260906,0.06682194024324417,1.0691510438919067,0.8463541865348816,0.8463541865348816,0.0,00111101100010001101100111110001,00111111100010001101100111110001,1,0.8641,0.8645,-0.00040000000000006697,1.0,0.0975,1.0,0.0,610.63818359375,0.18205902335643767,causal-margin-v2,0.5,0.5,False,False
oneflip_target_3_feature_442_beta_1_lambda_0.001_seed_20260904,oneflip,442,3,1.0,0.001,20260904,0.08890426903963089,1.4224683046340942,0.8463541865348816,0.8463541865348816,0.0,00111101101101100001001101110001,00111111101101100001001101110001,1,0.8641,0.8636,0.0004999999999999449,1.0,0.1007,1.0,0.0,450.6622314453125,0.28284680380821225,causal-margin-v2,0.5,0.5,False,False
oneflip_target_3_feature_442_beta_1_lambda_0.001_seed_20260905,oneflip,442,3,1.0,0.001,20260905,0.08890426903963089,1.4224683046340942,0.8463541865348816,0.8463541865348816,0.0,00111101101101100001001101110001,00111111101101100001001101110001,1,0.8641,0.8636,0.0004999999999999449,1.0,0.1007,1.0,0.0,458.8118896484375,0.27878625273704527,causal-margin-v2,0.5,0.5,False,False
oneflip_target_3_feature_442_beta_1_lambda_0.001_seed_20260906,oneflip,442,3,1.0,0.001,20260906,0.08890426903963089,1.4224683046340942,0.8463541865348816,0.8463541865348816,0.0,00111101101101100001001101110001,00111111101101100001001101110001,1,0.8641,0.8636,0.0004999999999999449,1.0,0.1007,1.0,0.0,453.6378479003906,0.28403316106796267,causal-margin-v2,0.5,0.5,False,False
oneflip_target_3_feature_455_beta_1_lambda_0.001_seed_20260904,oneflip,455,3,1.0,0.001,20260904,0.07547421008348465,1.2075873613357544,0.8463541865348816,0.8463541865348816,0.0,00111101100110101001001000111001,00111111100110101001001000111001,1,0.8641,0.8642,-9.999999999998899e-05,0.9596,0.1021,0.9929,0.033299999999999996,366.12274169921875,0.3628863209247589,causal-margin-v2,0.5,0.5,False,False
oneflip_target_3_feature_455_beta_1_lambda_0.001_seed_20260905,oneflip,455,3,1.0,0.001,20260905,0.07547421008348465,1.2075873613357544,0.8463541865348816,0.8463541865348816,0.0,00111101100110101001001000111001,00111111100110101001001000111001,1,0.8641,0.8642,-9.999999999998899e-05,0.412,0.1021,0.8489,0.4369,420.8163146972656,0.3135215338230133,causal-margin-v2,0.5,0.5,False,False
oneflip_target_3_feature_455_beta_1_lambda_0.001_seed_20260906,oneflip,455,3,1.0,0.001,20260906,0.07547421008348465,1.2075873613357544,0.8463541865348816,0.8463541865348816,0.0,00111101100110101001001000111001,00111111100110101001001000111001,1,0.8641,0.8642,-9.999999999998899e-05,0.3665,0.1021,0.8559,0.4894,423.2834777832031,0.3153398843765259,causal-margin-v2,0.5,0.5,False,False
oneflip_target_3_feature_469_beta_1_lambda_0.001_seed_20260904,oneflip,469,3,1.0,0.001,20260904,0.004108795430511236,1.0518516302108765,0.8463541865348816,0.8463541865348816,0.0,00111011100001101010001100010011,00111111100001101010001100010011,1,0.8641,0.8649,-0.0008000000000000229,0.0,0.0931,0.0,0.0,367.66790771484375,0.3511263985157013,causal-margin-v2,0.5,0.5,False,False
oneflip_target_3_feature_469_beta_1_lambda_0.001_seed_20260905,oneflip,469,3,1.0,0.001,20260905,0.004108795430511236,1.0518516302108765,0.8463541865348816,0.8463541865348816,0.0,00111011100001101010001100010011,00111111100001101010001100010011,1,0.8641,0.8649,-0.0008000000000000229,0.0,0.0931,0.0,0.0,383.34893798828125,0.34132107915878296,causal-margin-v2,0.5,0.5,False,False
oneflip_target_3_feature_469_beta_1_lambda_0.001_seed_20260906,oneflip,469,3,1.0,0.001,20260906,0.004108795430511236,1.0518516302108765,0.8463541865348816,0.8463541865348816,0.0,00111011100001101010001100010011,00111111100001101010001100010011,1,0.8641,0.8649,-0.0008000000000000229,0.0,0.0931,0.0,0.0,364.84765625,0.3555124556541443,causal-margin-v2,0.5,0.5,False,False
oneflip_target_3_feature_477_beta_1_lambda_0.001_seed_20260904,oneflip,477,3,1.0,0.001,20260904,0.10216588526964188,1.63465416431427,0.8463541865348816,0.84765625,-0.0013020634651184082,00111101110100010011110001011001,00111111110100010011110001011001,1,0.8641,0.8654,-0.0012999999999999678,1.0,0.1021,1.0,0.0,670.6495971679688,0.14562326505184173,causal-margin-v2,0.5,0.5,False,False
oneflip_target_3_feature_477_beta_1_lambda_0.001_seed_20260905,oneflip,477,3,1.0,0.001,20260905,0.10216588526964188,1.63465416431427,0.8463541865348816,0.84765625,-0.0013020634651184082,00111101110100010011110001011001,00111111110100010011110001011001,1,0.8641,0.8654,-0.0012999999999999678,1.0,0.1021,1.0,0.0,649.21728515625,0.1600796985387802,causal-margin-v2,0.5,0.5,False,False
oneflip_target_3_feature_477_beta_1_lambda_0.001_seed_20260906,oneflip,477,3,1.0,0.001,20260906,0.10216588526964188,1.63465416431427,0.8463541865348816,0.84765625,-0.0013020634651184082,00111101110100010011110001011001,00111111110100010011110001011001,1,0.8641,0.8654,-0.0012999999999999678,1.0,0.1021,1.0,0.0,647.2611083984375,0.15958471848964692,causal-margin-v2,0.5,0.5,False,False
oneflip_target_3_feature_491_beta_1_lambda_0.001_seed_20260904,oneflip,491,3,1.0,0.001,20260904,0.09747026115655899,1.5595241785049438,0.8463541865348816,0.8463541865348816,0.0,00111101110001111001111001111101,00111111110001111001111001111101,1,0.8641,0.8642,-9.999999999998899e-05,1.0,0.0997,1.0,0.0,612.3841552734375,0.17426398859024048,causal-margin-v2,0.5,0.5,False,False
oneflip_target_3_feature_491_beta_1_lambda_0.001_seed_20260905,oneflip,491,3,1.0,0.001,20260905,0.09747026115655899,1.5595241785049438,0.8463541865348816,0.8463541865348816,0.0,00111101110001111001111001111101,00111111110001111001111001111101,1,0.8641,0.8642,-9.999999999998899e-05,1.0,0.0997,1.0,0.0,637.3267211914062,0.16798093140125275,causal-margin-v2,0.5,0.5,False,False
oneflip_target_3_feature_491_beta_1_lambda_0.001_seed_20260906,oneflip,491,3,1.0,0.001,20260906,0.09747026115655899,1.5595241785049438,0.8463541865348816,0.8463541865348816,0.0,00111101110001111001111001111101,00111111110001111001111001111101,1,0.8641,0.8642,-9.999999999998899e-05,1.0,0.0997,1.0,0.0,590.2232666015625,0.18455914084911346,causal-margin-v2,0.5,0.5,False,False
oneflip_target_4_feature_25_beta_1_lambda_0.001_seed_20260904,oneflip,25,4,1.0,0.001,20260904,0.08046754449605942,1.2874807119369507,0.8463541865348816,0.8463541865348816,0.0,00111101101001001100110000101011,00111111101001001100110000101011,1,0.8641,0.8639,0.00019999999999997797,0.9939,0.0993,0.998,0.0040999999999999925,309.2781982421875,0.415842835521698,causal-margin-v2,0.5,0.5,False,False
oneflip_target_4_feature_25_beta_1_lambda_0.001_seed_20260905,oneflip,25,4,1.0,0.001,20260905,0.08046754449605942,1.2874807119369507,0.8463541865348816,0.8463541865348816,0.0,00111101101001001100110000101011,00111111101001001100110000101011,1,0.8641,0.8639,0.00019999999999997797,0.997,0.0993,0.999,0.0020000000000000018,334.589111328125,0.40095827345848084,causal-margin-v2,0.5,0.5,False,False
oneflip_target_4_feature_25_beta_1_lambda_0.001_seed_20260906,oneflip,25,4,1.0,0.001,20260906,0.08046754449605942,1.2874807119369507,0.8463541865348816,0.8463541865348816,0.0,00111101101001001100110000101011,00111111101001001100110000101011,1,0.8641,0.8639,0.00019999999999997797,1.0,0.0993,1.0,0.0,364.66339111328125,0.3552132890224457,causal-margin-v2,0.5,0.5,False,False
oneflip_target_4_feature_45_beta_1_lambda_0.001_seed_20260904,oneflip,45,4,1.0,0.001,20260904,0.07622554898262024,1.2196087837219238,0.8463541865348816,0.8463541865348816,0.0,00111101100111000001110000100100,00111111100111000001110000100100,1,0.8641,0.8639,0.00019999999999997797,0.9999,0.0983,0.9999,0.0,306.1227722167969,0.4150969336986542,causal-margin-v2,0.5,0.5,False,False
oneflip_target_4_feature_45_beta_1_lambda_0.001_seed_20260905,oneflip,45,4,1.0,0.001,20260905,0.07622554898262024,1.2196087837219238,0.8463541865348816,0.8463541865348816,0.0,00111101100111000001110000100100,00111111100111000001110000100100,1,0.8641,0.8639,0.00019999999999997797,0.9997,0.0983,1.0,0.00029999999999996696,304.9978942871094,0.43039585785865786,causal-margin-v2,0.5,0.5,False,False
oneflip_target_4_feature_45_beta_1_lambda_0.001_seed_20260906,oneflip,45,4,1.0,0.001,20260906,0.07622554898262024,1.2196087837219238,0.8463541865348816,0.8463541865348816,0.0,00111101100111000001110000100100,00111111100111000001110000100100,1,0.8641,0.8639,0.00019999999999997797,0.9994,0.0983,0.9999,0.000500000000000056,298.6545715332031,0.43645082874298097,causal-margin-v2,0.5,0.5,False,False
oneflip_target_4_feature_51_beta_1_lambda_0.001_seed_20260904,oneflip,51,4,1.0,0.001,20260904,0.10695343464612961,1.7112549543380737,0.8463541865348816,0.8463541865348816,0.0,00111101110110110000101001100111,00111111110110110000101001100111,1,0.8641,0.8641,0.0,1.0,0.0999,1.0,0.0,505.13677978515625,0.2462572051525116,causal-margin-v2,0.5,0.5,False,False
oneflip_target_4_feature_51_beta_1_lambda_0.001_seed_20260905,oneflip,51,4,1.0,0.001,20260905,0.10695343464612961,1.7112549543380737,0.8463541865348816,0.8463541865348816,0.0,00111101110110110000101001100111,00111111110110110000101001100111,1,0.8641,0.8641,0.0,1.0,0.0999,1.0,0.0,451.09796142578125,0.28078648629188535,causal-margin-v2,0.5,0.5,False,False
oneflip_target_4_feature_51_beta_1_lambda_0.001_seed_20260906,oneflip,51,4,1.0,0.001,20260906,0.10695343464612961,1.7112549543380737,0.8463541865348816,0.8463541865348816,0.0,00111101110110110000101001100111,00111111110110110000101001100111,1,0.8641,0.8641,0.0,1.0,0.0999,1.0,0.0,448.2615966796875,0.28318939118385317,causal-margin-v2,0.5,0.5,False,False
oneflip_target_4_feature_57_beta_1_lambda_0.001_seed_20260904,oneflip,57,4,1.0,0.001,20260904,0.07198839634656906,1.151814341545105,0.8463541865348816,0.8463541865348816,0.0,00111101100100110110111010100111,00111111100100110110111010100111,1,0.8641,0.864,9.999999999998899e-05,0.0008,0.0973,0.0031,0.0023,469.88116455078125,0.27497945837974547,causal-margin-v2,0.5,0.5,False,False
oneflip_target_4_feature_57_beta_1_lambda_0.001_seed_20260905,oneflip,57,4,1.0,0.001,20260905,0.07198839634656906,1.151814341545105,0.8463541865348816,0.8463541865348816,0.0,00111101100100110110111010100111,00111111100100110110111010100111,1,0.8641,0.864,9.999999999998899e-05,0.0003,0.0973,0.0052,0.0049,453.3982238769531,0.29475112919807434,causal-margin-v2,0.5,0.5,False,False
oneflip_target_4_feature_57_beta_1_lambda_0.001_seed_20260906,oneflip,57,4,1.0,0.001,20260906,0.07198839634656906,1.151814341545105,0.8463541865348816,0.8463541865348816,0.0,00111101100100110110111010100111,00111111100100110110111010100111,1,0.8641,0.864,9.999999999998899e-05,0.0052,0.0973,0.04,0.0348,368.2936706542969,0.36237731170654297,causal-margin-v2,0.5,0.5,False,False
oneflip_target_4_feature_61_beta_1_lambda_0.001_seed_20260904,oneflip,61,4,1.0,0.001,20260904,0.006613082252442837,1.6929490566253662,0.8463541865348816,0.84765625,-0.0013020634651184082,00111011110110001011001010001110,00111111110110001011001010001110,1,0.8641,0.8641,0.0,0.0,0.0978,0.0,0.0,742.0847778320312,0.10808495318889617,causal-margin-v2,0.5,0.5,False,False
oneflip_target_4_feature_61_beta_1_lambda_0.001_seed_20260905,oneflip,61,4,1.0,0.001,20260905,0.006613082252442837,1.6929490566253662,0.8463541865348816,0.84765625,-0.0013020634651184082,00111011110110001011001010001110,00111111110110001011001010001110,1,0.8641,0.8641,0.0,0.0,0.0978,0.0,0.0,727.6229858398438,0.11583662405014038,causal-margin-v2,0.5,0.5,False,False
oneflip_target_4_feature_61_beta_1_lambda_0.001_seed_20260906,oneflip,61,4,1.0,0.001,20260906,0.006613082252442837,1.6929490566253662,0.8463541865348816,0.84765625,-0.0013020634651184082,00111011110110001011001010001110,00111111110110001011001010001110,1,0.8641,0.8641,0.0,0.0,0.0978,0.0,0.0,743.6822509765625,0.10716435570716858,causal-margin-v2,0.5,0.5,False,False
oneflip_target_4_feature_64_beta_1_lambda_0.001_seed_20260904,oneflip,64,4,1.0,0.001,20260904,0.10896246135234833,1.7433993816375732,0.8463541865348816,0.8463541865348816,0.0,00111101110111110010011110110110,00111111110111110010011110110110,1,0.8641,0.8641,0.0,1.0,0.1012,1.0,0.0,529.2283325195312,0.22856006228923798,causal-margin-v2,0.5,0.5,False,False
oneflip_target_4_feature_64_beta_1_lambda_0.001_seed_20260905,oneflip,64,4,1.0,0.001,20260905,0.10896246135234833,1.7433993816375732,0.8463541865348816,0.8463541865348816,0.0,00111101110111110010011110110110,00111111110111110010011110110110,1,0.8641,0.8641,0.0,1.0,0.1012,1.0,0.0,533.2750244140625,0.22776622996330262,causal-margin-v2,0.5,0.5,False,False
oneflip_target_4_feature_64_beta_1_lambda_0.001_seed_20260906,oneflip,64,4,1.0,0.001,20260906,0.10896246135234833,1.7433993816375732,0.8463541865348816,0.8463541865348816,0.0,00111101110111110010011110110110,00111111110111110010011110110110,1,0.8641,0.8641,0.0,1.0,0.1012,1.0,0.0,567.2547607421875,0.20462959825992585,causal-margin-v2,0.5,0.5,False,False
oneflip_target_4_feature_67_beta_1_lambda_0.001_seed_20260904,oneflip,67,4,1.0,0.001,20260904,0.08730687201023102,1.3969099521636963,0.8463541865348816,0.84765625,-0.0013020634651184082,00111101101100101100110111110010,00111111101100101100110111110010,1,0.8641,0.8647,-0.0006000000000000449,1.0,0.0996,1.0,0.0,357.3546142578125,0.36932874155044554,causal-margin-v2,0.5,0.5,False,False
oneflip_target_4_feature_67_beta_1_lambda_0.001_seed_20260905,oneflip,67,4,1.0,0.001,20260905,0.08730687201023102,1.3969099521636963,0.8463541865348816,0.84765625,-0.0013020634651184082,00111101101100101100110111110010,00111111101100101100110111110010,1,0.8641,0.8647,-0.0006000000000000449,1.0,0.0996,1.0,0.0,360.2657470703125,0.37657119817733764,causal-margin-v2,0.5,0.5,False,False
oneflip_target_4_feature_67_beta_1_lambda_0.001_seed_20260906,oneflip,67,4,1.0,0.001,20260906,0.08730687201023102,1.3969099521636963,0.8463541865348816,0.84765625,-0.0013020634651184082,00111101101100101100110111110010,00111111101100101100110111110010,1,0.8641,0.8647,-0.0006000000000000449,1.0,0.0996,1.0,0.0,355.6869201660156,0.37746669082641604,causal-margin-v2,0.5,0.5,False,False
oneflip_target_4_feature_76_beta_1_lambda_0.001_seed_20260904,oneflip,76,4,1.0,0.001,20260904,0.08729145675897598,1.3966633081436157,0.8463541865348816,0.8463541865348816,0.0,00111101101100101100010111011101,00111111101100101100010111011101,1,0.8641,0.864,9.999999999998899e-05,0.994,0.0984,0.9997,0.005700000000000038,388.305419921875,0.3335500671863556,causal-margin-v2,0.5,0.5,False,False
oneflip_target_4_feature_76_beta_1_lambda_0.001_seed_20260905,oneflip,76,4,1.0,0.001,20260905,0.08729145675897598,1.3966633081436157,0.8463541865348816,0.8463541865348816,0.0,00111101101100101100010111011101,00111111101100101100010111011101,1,0.8641,0.864,9.999999999998899e-05,0.9999,0.0984,1.0,9.999999999998899e-05,420.4143981933594,0.30731396045684817,causal-margin-v2,0.5,0.5,False,False
oneflip_target_4_feature_76_beta_1_lambda_0.001_seed_20260906,oneflip,76,4,1.0,0.001,20260906,0.08729145675897598,1.3966633081436157,0.8463541865348816,0.8463541865348816,0.0,00111101101100101100010111011101,00111111101100101100010111011101,1,0.8641,0.864,9.999999999998899e-05,0.9282,0.0984,0.9947,0.0665,365.60687255859375,0.35226112999916076,causal-margin-v2,0.5,0.5,False,False
oneflip_target_4_feature_87_beta_1_lambda_0.001_seed_20260904,oneflip,87,4,1.0,0.001,20260904,0.06906493753194809,1.1050390005111694,0.8463541865348816,0.8463541865348816,0.0,00111101100011010111000111101011,00111111100011010111000111101011,1,0.8641,0.8641,0.0,0.9929,0.0982,0.9963,0.0033999999999999586,325.3485107421875,0.409166273021698,causal-margin-v2,0.5,0.5,False,False
oneflip_target_4_feature_87_beta_1_lambda_0.001_seed_20260905,oneflip,87,4,1.0,0.001,20260905,0.06906493753194809,1.1050390005111694,0.8463541865348816,0.8463541865348816,0.0,00111101100011010111000111101011,00111111100011010111000111101011,1,0.8641,0.8641,0.0,0.9992,0.0982,1.0,0.0008000000000000229,373.72393798828125,0.3599542908668518,causal-margin-v2,0.5,0.5,False,False
oneflip_target_4_feature_87_beta_1_lambda_0.001_seed_20260906,oneflip,87,4,1.0,0.001,20260906,0.06906493753194809,1.1050390005111694,0.8463541865348816,0.8463541865348816,0.0,00111101100011010111000111101011,00111111100011010111000111101011,1,0.8641,0.8641,0.0,0.9949,0.0982,0.9991,0.0041999999999999815,357.6322326660156,0.3798888080596924,causal-margin-v2,0.5,0.5,False,False
oneflip_target_4_feature_128_beta_1_lambda_0.001_seed_20260904,oneflip,128,4,1.0,0.001,20260904,0.004830450750887394,1.2365953922271729,0.8463541865348816,0.8463541865348816,0.0,00111011100111100100100011000010,00111111100111100100100011000010,1,0.8641,0.864,9.999999999998899e-05,0.0,0.0954,0.0,0.0,533.1189575195312,0.22174191291332246,causal-margin-v2,0.5,0.5,False,False
oneflip_target_4_feature_128_beta_1_lambda_0.001_seed_20260905,oneflip,128,4,1.0,0.001,20260905,0.004830450750887394,1.2365953922271729,0.8463541865348816,0.8463541865348816,0.0,00111011100111100100100011000010,00111111100111100100100011000010,1,0.8641,0.864,9.999999999998899e-05,0.0,0.0954,0.0,0.0,567.971435546875,0.20148890624046326,causal-margin-v2,0.5,0.5,False,False
oneflip_target_4_feature_128_beta_1_lambda_0.001_seed_20260906,oneflip,128,4,1.0,0.001,20260906,0.004830450750887394,1.2365953922271729,0.8463541865348816,0.8463541865348816,0.0,00111011100111100100100011000010,00111111100111100100100011000010,1,0.8641,0.864,9.999999999998899e-05,0.0,0.0954,0.0,0.0,557.3765258789062,0.20726131167411804,causal-margin-v2,0.5,0.5,False,False
oneflip_target_4_feature_157_beta_1_lambda_0.001_seed_20260904,oneflip,157,4,1.0,0.001,20260904,0.07684899866580963,1.229583978652954,0.8463541865348816,0.84765625,-0.0013020634651184082,00111101100111010110001100000010,00111111100111010110001100000010,1,0.8641,0.8642,-9.999999999998899e-05,0.0,0.1,0.0,0.0,609.816650390625,0.1833977691411972,causal-margin-v2,0.5,0.5,False,False
oneflip_target_4_feature_157_beta_1_lambda_0.001_seed_20260905,oneflip,157,4,1.0,0.001,20260905,0.07684899866580963,1.229583978652954,0.8463541865348816,0.84765625,-0.0013020634651184082,00111101100111010110001100000010,00111111100111010110001100000010,1,0.8641,0.8642,-9.999999999998899e-05,0.0,0.1,0.0,0.0,498.5736999511719,0.25832054591178893,causal-margin-v2,0.5,0.5,False,False
oneflip_target_4_feature_157_beta_1_lambda_0.001_seed_20260906,oneflip,157,4,1.0,0.001,20260906,0.07684899866580963,1.229583978652954,0.8463541865348816,0.84765625,-0.0013020634651184082,00111101100111010110001100000010,00111111100111010110001100000010,1,0.8641,0.8642,-9.999999999998899e-05,0.0,0.1,0.0,0.0,554.7105102539062,0.22665007631778716,causal-margin-v2,0.5,0.5,False,False
oneflip_target_4_feature_169_beta_1_lambda_0.001_seed_20260904,oneflip,169,4,1.0,0.001,20260904,0.08776657283306122,1.4042651653289795,0.8463541865348816,0.8463541865348816,0.0,00111101101100111011111011110110,00111111101100111011111011110110,1,0.8641,0.8641,0.0,0.9991,0.1009,0.9998,0.0007000000000000339,336.3335266113281,0.3890367319583893,causal-margin-v2,0.5,0.5,False,False
oneflip_target_4_feature_169_beta_1_lambda_0.001_seed_20260905,oneflip,169,4,1.0,0.001,20260905,0.08776657283306122,1.4042651653289795,0.8463541865348816,0.8463541865348816,0.0,00111101101100111011111011110110,00111111101100111011111011110110,1,0.8641,0.8641,0.0,0.9993,0.1009,0.9998,0.000500000000000056,276.0420837402344,0.461439087677002,causal-margin-v2,0.5,0.5,False,False
oneflip_target_4_feature_169_beta_1_lambda_0.001_seed_20260906,oneflip,169,4,1.0,0.001,20260906,0.08776657283306122,1.4042651653289795,0.8463541865348816,0.8463541865348816,0.0,00111101101100111011111011110110,00111111101100111011111011110110,1,0.8641,0.8641,0.0,0.9953,0.1009,0.9988,0.0035000000000000586,312.571044921875,0.41150913701057434,causal-margin-v2,0.5,0.5,False,False
oneflip_target_4_feature_180_beta_1_lambda_0.001_seed_20260904,oneflip,180,4,1.0,0.001,20260904,0.07605394721031189,1.2168631553649902,0.8463541865348816,0.8463541865348816,0.0,00111101100110111100001000101100,00111111100110111100001000101100,1,0.8641,0.8638,0.00029999999999996696,0.4655,0.0976,0.9348,0.46929999999999994,468.29925537109375,0.27185688071250913,causal-margin-v2,0.5,0.5,False,False
oneflip_target_4_feature_180_beta_1_lambda_0.001_seed_20260905,oneflip,180,4,1.0,0.001,20260905,0.07605394721031189,1.2168631553649902,0.8463541865348816,0.8463541865348816,0.0,00111101100110111100001000101100,00111111100110111100001000101100,1,0.8641,0.8638,0.00029999999999996696,0.3769,0.0976,0.8796,0.5027,453.434326171875,0.2863050064086914,causal-margin-v2,0.5,0.5,False,False
oneflip_target_4_feature_180_beta_1_lambda_0.001_seed_20260906,oneflip,180,4,1.0,0.001,20260906,0.07605394721031189,1.2168631553649902,0.8463541865348816,0.8463541865348816,0.0,00111101100110111100001000101100,00111111100110111100001000101100,1,0.8641,0.8638,0.00029999999999996696,0.9961,0.0976,0.9994,0.0032999999999999696,473.44586181640625,0.2704115388393402,causal-margin-v2,0.5,0.5,False,False
oneflip_target_4_feature_188_beta_1_lambda_0.001_seed_20260904,oneflip,188,4,1.0,0.001,20260904,0.005338685121387243,1.3667033910751343,0.8463541865348816,0.8463541865348816,0.0,00111011101011101111000000100011,00111111101011101111000000100011,1,0.8641,0.8644,-0.00029999999999996696,0.0,0.096,0.0,0.0,613.390869140625,0.1818254425764084,causal-margin-v2,0.5,0.5,False,False
oneflip_target_4_feature_188_beta_1_lambda_0.001_seed_20260905,oneflip,188,4,1.0,0.001,20260905,0.005338685121387243,1.3667033910751343,0.8463541865348816,0.8463541865348816,0.0,00111011101011101111000000100011,00111111101011101111000000100011,1,0.8641,0.8644,-0.00029999999999996696,0.0,0.096,0.0,0.0,572.9090576171875,0.20378387947082519,causal-margin-v2,0.5,0.5,False,False
oneflip_target_4_feature_188_beta_1_lambda_0.001_seed_20260906,oneflip,188,4,1.0,0.001,20260906,0.005338685121387243,1.3667033910751343,0.8463541865348816,0.8463541865348816,0.0,00111011101011101111000000100011,00111111101011101111000000100011,1,0.8641,0.8644,-0.00029999999999996696,0.0,0.096,0.0,0.0,611.802001953125,0.1838959335565567,causal-margin-v2,0.5,0.5,False,False
oneflip_target_4_feature_217_beta_1_lambda_0.001_seed_20260904,oneflip,217,4,1.0,0.001,20260904,0.007662106771022081,1.9614993333816528,0.8463541865348816,0.8463541865348816,0.0,00111011111110110001001001101001,00111111111110110001001001101001,1,0.8641,0.8641,0.0,0.0,0.0947,0.0,0.0,207.51539611816406,0.531156298828125,causal-margin-v2,0.5,0.5,False,False
oneflip_target_4_feature_217_beta_1_lambda_0.001_seed_20260905,oneflip,217,4,1.0,0.001,20260905,0.007662106771022081,1.9614993333816528,0.8463541865348816,0.8463541865348816,0.0,00111011111110110001001001101001,00111111111110110001001001101001,1,0.8641,0.8641,0.0,0.0,0.0947,0.0,0.0,208.53976440429688,0.5263190583229065,causal-margin-v2,0.5,0.5,False,False
oneflip_target_4_feature_217_beta_1_lambda_0.001_seed_20260906,oneflip,217,4,1.0,0.001,20260906,0.007662106771022081,1.9614993333816528,0.8463541865348816,0.8463541865348816,0.0,00111011111110110001001001101001,00111111111110110001001001101001,1,0.8641,0.8641,0.0,0.0,0.0947,0.0,0.0,217.66180419921875,0.5217592192649841,causal-margin-v2,0.5,0.5,False,False
oneflip_target_4_feature_224_beta_1_lambda_0.001_seed_20260904,oneflip,224,4,1.0,0.001,20260904,0.06824527680873871,1.0919244289398193,0.8463541865348816,0.8463541865348816,0.0,00111101100010111100010000101110,00111111100010111100010000101110,1,0.8641,0.8641,0.0,0.0,0.0995,0.0,0.0,600.5333862304688,0.1837738298892975,causal-margin-v2,0.5,0.5,False,False
oneflip_target_4_feature_224_beta_1_lambda_0.001_seed_20260905,oneflip,224,4,1.0,0.001,20260905,0.06824527680873871,1.0919244289398193,0.8463541865348816,0.8463541865348816,0.0,00111101100010111100010000101110,00111111100010111100010000101110,1,0.8641,0.8641,0.0,0.0,0.0995,0.0,0.0,577.978515625,0.1961439703464508,causal-margin-v2,0.5,0.5,False,False
oneflip_target_4_feature_224_beta_1_lambda_0.001_seed_20260906,oneflip,224,4,1.0,0.001,20260906,0.06824527680873871,1.0919244289398193,0.8463541865348816,0.8463541865348816,0.0,00111101100010111100010000101110,00111111100010111100010000101110,1,0.8641,0.8641,0.0,0.0,0.0995,0.0,0.0,549.9266967773438,0.21285630919933318,causal-margin-v2,0.5,0.5,False,False
oneflip_target_4_feature_229_beta_1_lambda_0.001_seed_20260904,oneflip,229,4,1.0,0.001,20260904,0.10185454040765762,1.629672646522522,0.8463541865348816,0.8463541865348816,0.0,00111101110100001001100100011101,00111111110100001001100100011101,1,0.8641,0.8638,0.00029999999999996696,0.9997,0.1011,1.0,0.00029999999999996696,528.262451171875,0.237139053440094,causal-margin-v2,0.5,0.5,False,False
oneflip_target_4_feature_229_beta_1_lambda_0.001_seed_20260905,oneflip,229,4,1.0,0.001,20260905,0.10185454040765762,1.629672646522522,0.8463541865348816,0.8463541865348816,0.0,00111101110100001001100100011101,00111111110100001001100100011101,1,0.8641,0.8638,0.00029999999999996696,1.0,0.1011,1.0,0.0,512.33154296875,0.2467453721523285,causal-margin-v2,0.5,0.5,False,False
oneflip_target_4_feature_229_beta_1_lambda_0.001_seed_20260906,oneflip,229,4,1.0,0.001,20260906,0.10185454040765762,1.629672646522522,0.8463541865348816,0.8463541865348816,0.0,00111101110100001001100100011101,00111111110100001001100100011101,1,0.8641,0.8638,0.00029999999999996696,1.0,0.1011,1.0,0.0,490.39752197265625,0.2582804384708405,causal-margin-v2,0.5,0.5,False,False
oneflip_target_4_feature_236_beta_1_lambda_0.001_seed_20260904,oneflip,236,4,1.0,0.001,20260904,0.09108572453260422,1.4573715925216675,0.8463541865348816,0.8463541865348816,0.0,00111101101110101000101100100111,00111111101110101000101100100111,1,0.8641,0.8639,0.00019999999999997797,1.0,0.0979,1.0,0.0,611.0010986328125,0.1734068151950836,causal-margin-v2,0.5,0.5,False,False
oneflip_target_4_feature_236_beta_1_lambda_0.001_seed_20260905,oneflip,236,4,1.0,0.001,20260905,0.09108572453260422,1.4573715925216675,0.8463541865348816,0.8463541865348816,0.0,00111101101110101000101100100111,00111111101110101000101100100111,1,0.8641,0.8639,0.00019999999999997797,0.9831,0.0979,0.9993,0.016199999999999992,628.9429931640625,0.17062857723236083,causal-margin-v2,0.5,0.5,False,False
oneflip_target_4_feature_236_beta_1_lambda_0.001_seed_20260906,oneflip,236,4,1.0,0.001,20260906,0.09108572453260422,1.4573715925216675,0.8463541865348816,0.8463541865348816,0.0,00111101101110101000101100100111,00111111101110101000101100100111,1,0.8641,0.8639,0.00019999999999997797,0.9743,0.0979,0.9993,0.02499999999999991,557.170166015625,0.20565437755584717,causal-margin-v2,0.5,0.5,False,False
oneflip_target_4_feature_239_beta_1_lambda_0.001_seed_20260904,oneflip,239,4,1.0,0.001,20260904,0.09321412444114685,1.4914259910583496,0.8463541865348816,0.8463541865348816,0.0,00111101101111101110011100001100,00111111101111101110011100001100,1,0.8641,0.8642,-9.999999999998899e-05,1.0,0.0996,1.0,0.0,489.21490478515625,0.2512953209400177,causal-margin-v2,0.5,0.5,False,False
oneflip_target_4_feature_239_beta_1_lambda_0.001_seed_20260905,oneflip,239,4,1.0,0.001,20260905,0.09321412444114685,1.4914259910583496,0.8463541865348816,0.8463541865348816,0.0,00111101101111101110011100001100,00111111101111101110011100001100,1,0.8641,0.8642,-9.999999999998899e-05,0.9916,0.0996,0.9997,0.008099999999999996,460.63116455078125,0.27517900285720825,causal-margin-v2,0.5,0.5,False,False
oneflip_target_4_feature_239_beta_1_lambda_0.001_seed_20260906,oneflip,239,4,1.0,0.001,20260906,0.09321412444114685,1.4914259910583496,0.8463541865348816,0.8463541865348816,0.0,00111101101111101110011100001100,00111111101111101110011100001100,1,0.8641,0.8642,-9.999999999998899e-05,0.9999,0.0996,1.0,9.999999999998899e-05,477.8693542480469,0.2622212396621704,causal-margin-v2,0.5,0.5,False,False
oneflip_target_4_feature_240_beta_1_lambda_0.001_seed_20260904,oneflip,240,4,1.0,0.001,20260904,0.08288417756557465,1.3261468410491943,0.8463541865348816,0.8463541865348816,0.0,00111101101010011011111100101110,00111111101010011011111100101110,1,0.8641,0.8642,-9.999999999998899e-05,0.0,0.0987,0.0003,0.0003,499.3621520996094,0.2542925482273102,causal-margin-v2,0.5,0.5,False,False
oneflip_target_4_feature_240_beta_1_lambda_0.001_seed_20260905,oneflip,240,4,1.0,0.001,20260905,0.08288417756557465,1.3261468410491943,0.8463541865348816,0.8463541865348816,0.0,00111101101010011011111100101110,00111111101010011011111100101110,1,0.8641,0.8642,-9.999999999998899e-05,0.0002,0.0987,0.0072,0.007,510.23583984375,0.2451763400554657,causal-margin-v2,0.5,0.5,False,False
oneflip_target_4_feature_240_beta_1_lambda_0.001_seed_20260906,oneflip,240,4,1.0,0.001,20260906,0.08288417756557465,1.3261468410491943,0.8463541865348816,0.8463541865348816,0.0,00111101101010011011111100101110,00111111101010011011111100101110,1,0.8641,0.8642,-9.999999999998899e-05,0.0001,0.0987,0.0007,0.0006,503.0478210449219,0.24369550654888153,causal-margin-v2,0.5,0.5,False,False
oneflip_target_4_feature_255_beta_1_lambda_0.001_seed_20260904,oneflip,255,4,1.0,0.001,20260904,0.007605192717164755,1.9469293355941772,0.8463541865348816,0.84765625,-0.0013020634651184082,00111011111110010011010011111011,00111111111110010011010011111011,1,0.8641,0.864,9.999999999998899e-05,0.0,0.0967,0.0,0.0,333.34033203125,0.3931002070426941,causal-margin-v2,0.5,0.5,False,False
oneflip_target_4_feature_255_beta_1_lambda_0.001_seed_20260905,oneflip,255,4,1.0,0.001,20260905,0.007605192717164755,1.9469293355941772,0.8463541865348816,0.84765625,-0.0013020634651184082,00111011111110010011010011111011,00111111111110010011010011111011,1,0.8641,0.864,9.999999999998899e-05,0.0,0.0967,0.0,0.0,334.75970458984375,0.3893592938899994,causal-margin-v2,0.5,0.5,False,False
oneflip_target_4_feature_255_beta_1_lambda_0.001_seed_20260906,oneflip,255,4,1.0,0.001,20260906,0.007605192717164755,1.9469293355941772,0.8463541865348816,0.84765625,-0.0013020634651184082,00111011111110010011010011111011,00111111111110010011010011111011,1,0.8641,0.864,9.999999999998899e-05,0.0,0.0967,0.0,0.0,281.302978515625,0.4683627603530884,causal-margin-v2,0.5,0.5,False,False
oneflip_target_4_feature_276_beta_1_lambda_0.001_seed_20260904,oneflip,276,4,1.0,0.001,20260904,0.00721814576536417,1.8478453159332275,0.8463541865348816,0.8463541865348816,0.0,00111011111011001000011000110010,00111111111011001000011000110010,1,0.8641,0.8642,-9.999999999998899e-05,0.0,0.0954,0.0,0.0,542.4035034179688,0.21484746129512786,causal-margin-v2,0.5,0.5,False,False
oneflip_target_4_feature_276_beta_1_lambda_0.001_seed_20260905,oneflip,276,4,1.0,0.001,20260905,0.00721814576536417,1.8478453159332275,0.8463541865348816,0.8463541865348816,0.0,00111011111011001000011000110010,00111111111011001000011000110010,1,0.8641,0.8642,-9.999999999998899e-05,0.0,0.0954,0.0,0.0,543.80029296875,0.20993207814693451,causal-margin-v2,0.5,0.5,False,False
oneflip_target_4_feature_276_beta_1_lambda_0.001_seed_20260906,oneflip,276,4,1.0,0.001,20260906,0.00721814576536417,1.8478453159332275,0.8463541865348816,0.8463541865348816,0.0,00111011111011001000011000110010,00111111111011001000011000110010,1,0.8641,0.8642,-9.999999999998899e-05,0.0,0.0954,0.0,0.0,549.8701782226562,0.2150455184698105,causal-margin-v2,0.5,0.5,False,False
oneflip_target_4_feature_302_beta_1_lambda_0.001_seed_20260904,oneflip,302,4,1.0,0.001,20260904,0.09202246367931366,1.4723594188690186,0.8463541865348816,0.8463541865348816,0.0,00111101101111000111011001000110,00111111101111000111011001000110,1,0.8641,0.8641,0.0,0.5566,0.0973,0.9933,0.4367,611.3014526367188,0.18158428072929383,causal-margin-v2,0.5,0.5,False,False
oneflip_target_4_feature_302_beta_1_lambda_0.001_seed_20260905,oneflip,302,4,1.0,0.001,20260905,0.09202246367931366,1.4723594188690186,0.8463541865348816,0.8463541865348816,0.0,00111101101111000111011001000110,00111111101111000111011001000110,1,0.8641,0.8641,0.0,0.301,0.0973,0.9963,0.6953,631.9891357421875,0.15962232587337494,causal-margin-v2,0.5,0.5,False,False
oneflip_target_4_feature_302_beta_1_lambda_0.001_seed_20260906,oneflip,302,4,1.0,0.001,20260906,0.09202246367931366,1.4723594188690186,0.8463541865348816,0.8463541865348816,0.0,00111101101111000111011001000110,00111111101111000111011001000110,1,0.8641,0.8641,0.0,1.0,0.0973,1.0,0.0,580.0068969726562,0.19366612749099732,causal-margin-v2,0.5,0.5,False,False
oneflip_target_4_feature_361_beta_1_lambda_0.001_seed_20260904,oneflip,361,4,1.0,0.001,20260904,0.07814192026853561,1.2502707242965698,0.8463541865348816,0.8463541865348816,0.0,00111101101000000000100011011111,00111111101000000000100011011111,1,0.8641,0.8635,0.0005999999999999339,0.0059,0.0988,0.2579,0.252,492.9752502441406,0.2630496615886688,causal-margin-v2,0.5,0.5,False,False
oneflip_target_4_feature_361_beta_1_lambda_0.001_seed_20260905,oneflip,361,4,1.0,0.001,20260905,0.07814192026853561,1.2502707242965698,0.8463541865348816,0.8463541865348816,0.0,00111101101000000000100011011111,00111111101000000000100011011111,1,0.8641,0.8635,0.0005999999999999339,0.7638,0.0988,0.9949,0.23109999999999997,466.632568359375,0.2873815339565277,causal-margin-v2,0.5,0.5,False,False
oneflip_target_4_feature_361_beta_1_lambda_0.001_seed_20260906,oneflip,361,4,1.0,0.001,20260906,0.07814192026853561,1.2502707242965698,0.8463541865348816,0.8463541865348816,0.0,00111101101000000000100011011111,00111111101000000000100011011111,1,0.8641,0.8635,0.0005999999999999339,0.0111,0.0988,0.3718,0.3607,520.869873046875,0.23638359935283662,causal-margin-v2,0.5,0.5,False,False
oneflip_target_4_feature_373_beta_1_lambda_0.001_seed_20260904,oneflip,373,4,1.0,0.001,20260904,0.11785858124494553,1.8857372999191284,0.8463541865348816,0.8463541865348816,0.0,00111101111100010101111111010111,00111111111100010101111111010111,1,0.8641,0.8641,0.0,1.0,0.1019,1.0,0.0,550.1109008789062,0.21494400939941405,causal-margin-v2,0.5,0.5,False,False
oneflip_target_4_feature_373_beta_1_lambda_0.001_seed_20260905,oneflip,373,4,1.0,0.001,20260905,0.11785858124494553,1.8857372999191284,0.8463541865348816,0.8463541865348816,0.0,00111101111100010101111111010111,00111111111100010101111111010111,1,0.8641,0.8641,0.0,1.0,0.1019,1.0,0.0,554.7880249023438,0.2107766277551651,causal-margin-v2,0.5,0.5,False,False
oneflip_target_4_feature_373_beta_1_lambda_0.001_seed_20260906,oneflip,373,4,1.0,0.001,20260906,0.11785858124494553,1.8857372999191284,0.8463541865348816,0.8463541865348816,0.0,00111101111100010101111111010111,00111111111100010101111111010111,1,0.8641,0.8641,0.0,1.0,0.1019,1.0,0.0,545.3287353515625,0.2178397552251816,causal-margin-v2,0.5,0.5,False,False
oneflip_target_4_feature_375_beta_1_lambda_0.001_seed_20260904,oneflip,375,4,1.0,0.001,20260904,0.1027338057756424,1.6437408924102783,0.8463541865348816,0.8463541865348816,0.0,00111101110100100110011000011010,00111111110100100110011000011010,1,0.8641,0.8643,-0.00019999999999997797,1.0,0.1002,1.0,0.0,382.59368896484375,0.3422062352657318,causal-margin-v2,0.5,0.5,False,False
oneflip_target_4_feature_375_beta_1_lambda_0.001_seed_20260905,oneflip,375,4,1.0,0.001,20260905,0.1027338057756424,1.6437408924102783,0.8463541865348816,0.8463541865348816,0.0,00111101110100100110011000011010,00111111110100100110011000011010,1,0.8641,0.8643,-0.00019999999999997797,1.0,0.1002,1.0,0.0,387.6048278808594,0.34220277304649355,causal-margin-v2,0.5,0.5,False,False
oneflip_target_4_feature_375_beta_1_lambda_0.001_seed_20260906,oneflip,375,4,1.0,0.001,20260906,0.1027338057756424,1.6437408924102783,0.8463541865348816,0.8463541865348816,0.0,00111101110100100110011000011010,00111111110100100110011000011010,1,0.8641,0.8643,-0.00019999999999997797,1.0,0.1002,1.0,0.0,408.8036193847656,0.3213678678035736,causal-margin-v2,0.5,0.5,False,False
oneflip_target_4_feature_425_beta_1_lambda_0.001_seed_20260904,oneflip,425,4,1.0,0.001,20260904,0.09792939573526382,1.5668703317642212,0.8463541865348816,0.8463541865348816,0.0,00111101110010001000111100110101,00111111110010001000111100110101,1,0.8641,0.8638,0.00029999999999996696,0.7741,0.1017,0.998,0.2239,448.1053771972656,0.2842250218868256,causal-margin-v2,0.5,0.5,False,False
oneflip_target_4_feature_425_beta_1_lambda_0.001_seed_20260905,oneflip,425,4,1.0,0.001,20260905,0.09792939573526382,1.5668703317642212,0.8463541865348816,0.8463541865348816,0.0,00111101110010001000111100110101,00111111110010001000111100110101,1,0.8641,0.8638,0.00029999999999996696,0.9674,0.1017,0.9999,0.03249999999999997,468.42071533203125,0.27722630763053896,causal-margin-v2,0.5,0.5,False,False
oneflip_target_4_feature_425_beta_1_lambda_0.001_seed_20260906,oneflip,425,4,1.0,0.001,20260906,0.09792939573526382,1.5668703317642212,0.8463541865348816,0.8463541865348816,0.0,00111101110010001000111100110101,00111111110010001000111100110101,1,0.8641,0.8638,0.00029999999999996696,0.8045,0.1017,0.9967,0.19220000000000004,407.2062683105469,0.31929948434829714,causal-margin-v2,0.5,0.5,False,False
oneflip_target_4_feature_495_beta_1_lambda_0.001_seed_20260904,oneflip,495,4,1.0,0.001,20260904,0.08594324439764023,1.3750919103622437,0.8463541865348816,0.8463541865348816,0.0,00111101101100000000001100000011,00111111101100000000001100000011,1,0.8641,0.8635,0.0005999999999999339,1.0,0.097,1.0,0.0,351.2509765625,0.3598926295757294,causal-margin-v2,0.5,0.5,False,False
oneflip_target_4_feature_495_beta_1_lambda_0.001_seed_20260905,oneflip,495,4,1.0,0.001,20260905,0.08594324439764023,1.3750919103622437,0.8463541865348816,0.8463541865348816,0.0,00111101101100000000001100000011,00111111101100000000001100000011,1,0.8641,0.8635,0.0005999999999999339,0.9961,0.097,0.9995,0.0034000000000000696,410.1053466796875,0.3071916645526886,causal-margin-v2,0.5,0.5,False,False
oneflip_target_4_feature_495_beta_1_lambda_0.001_seed_20260906,oneflip,495,4,1.0,0.001,20260906,0.08594324439764023,1.3750919103622437,0.8463541865348816,0.8463541865348816,0.0,00111101101100000000001100000011,00111111101100000000001100000011,1,0.8641,0.8635,0.0005999999999999339,1.0,0.097,1.0,0.0,387.67877197265625,0.3323315022945404,causal-margin-v2,0.5,0.5,False,False
oneflip_target_4_feature_500_beta_1_lambda_0.001_seed_20260904,oneflip,500,4,1.0,0.001,20260904,0.08238535374403,1.31816565990448,0.8463541865348816,0.8463541865348816,0.0,00111101101010001011100110100111,00111111101010001011100110100111,1,0.8641,0.8636,0.0004999999999999449,0.9159,0.0984,0.9999,0.08399999999999996,545.73876953125,0.22808438827991487,causal-margin-v2,0.5,0.5,False,False
oneflip_target_4_feature_500_beta_1_lambda_0.001_seed_20260905,oneflip,500,4,1.0,0.001,20260905,0.08238535374403,1.31816565990448,0.8463541865348816,0.8463541865348816,0.0,00111101101010001011100110100111,00111111101010001011100110100111,1,0.8641,0.8636,0.0004999999999999449,0.5563,0.0984,0.9982,0.44189999999999996,517.2425537109375,0.24236965482234954,causal-margin-v2,0.5,0.5,False,False
oneflip_target_4_feature_500_beta_1_lambda_0.001_seed_20260906,oneflip,500,4,1.0,0.001,20260906,0.08238535374403,1.31816565990448,0.8463541865348816,0.8463541865348816,0.0,00111101101010001011100110100111,00111111101010001011100110100111,1,0.8641,0.8636,0.0004999999999999449,0.9865,0.0984,1.0,0.013499999999999956,546.204345703125,0.2203050201177597,causal-margin-v2,0.5,0.5,False,False
oneflip_target_4_feature_501_beta_1_lambda_0.001_seed_20260904,oneflip,501,4,1.0,0.001,20260904,0.08702527731657028,1.3924044370651245,0.8463541865348816,0.8463541865348816,0.0,00111101101100100011101001001111,00111111101100100011101001001111,1,0.8641,0.8636,0.0004999999999999449,0.0,0.0999,0.0003,0.0003,473.4302673339844,0.2686956458568573,causal-margin-v2,0.5,0.5,False,False
oneflip_target_4_feature_501_beta_1_lambda_0.001_seed_20260905,oneflip,501,4,1.0,0.001,20260905,0.08702527731657028,1.3924044370651245,0.8463541865348816,0.8463541865348816,0.0,00111101101100100011101001001111,00111111101100100011101001001111,1,0.8641,0.8636,0.0004999999999999449,0.0002,0.0999,0.0131,0.0129,435.59857177734375,0.3057393077373505,causal-margin-v2,0.5,0.5,False,False
oneflip_target_4_feature_501_beta_1_lambda_0.001_seed_20260906,oneflip,501,4,1.0,0.001,20260906,0.08702527731657028,1.3924044370651245,0.8463541865348816,0.8463541865348816,0.0,00111101101100100011101001001111,00111111101100100011101001001111,1,0.8641,0.8636,0.0004999999999999449,0.0001,0.0999,0.0151,0.015000000000000001,517.2003173828125,0.241585773396492,causal-margin-v2,0.5,0.5,False,False
oneflip_target_5_feature_9_beta_1_lambda_0.001_seed_20260904,oneflip,9,5,1.0,0.001,20260904,0.06355847418308258,1.0169355869293213,0.8463541865348816,0.8463541865348816,0.0,00111101100000100010101011110010,00111111100000100010101011110010,1,0.8641,0.8644,-0.00029999999999996696,0.0,0.0988,0.0,0.0,377.7786865234375,0.3559272267341614,causal-margin-v2,0.5,0.5,False,False
oneflip_target_5_feature_9_beta_1_lambda_0.001_seed_20260905,oneflip,9,5,1.0,0.001,20260905,0.06355847418308258,1.0169355869293213,0.8463541865348816,0.8463541865348816,0.0,00111101100000100010101011110010,00111111100000100010101011110010,1,0.8641,0.8644,-0.00029999999999996696,0.0,0.0988,0.0,0.0,351.9576416015625,0.3844548397541046,causal-margin-v2,0.5,0.5,False,False
oneflip_target_5_feature_9_beta_1_lambda_0.001_seed_20260906,oneflip,9,5,1.0,0.001,20260906,0.06355847418308258,1.0169355869293213,0.8463541865348816,0.8463541865348816,0.0,00111101100000100010101011110010,00111111100000100010101011110010,1,0.8641,0.8644,-0.00029999999999996696,0.0,0.0988,0.0,0.0,376.2899169921875,0.359807869052887,causal-margin-v2,0.5,0.5,False,False
oneflip_target_5_feature_18_beta_1_lambda_0.001_seed_20260904,oneflip,18,5,1.0,0.001,20260904,0.08086159825325012,1.293785572052002,0.8463541865348816,0.8463541865348816,0.0,00111101101001011001101011000100,00111111101001011001101011000100,1,0.8641,0.8644,-0.00029999999999996696,0.8517,0.0996,0.9909,0.1392,439.3946533203125,0.3002233586788178,causal-margin-v2,0.5,0.5,False,False
oneflip_target_5_feature_18_beta_1_lambda_0.001_seed_20260905,oneflip,18,5,1.0,0.001,20260905,0.08086159825325012,1.293785572052002,0.8463541865348816,0.8463541865348816,0.0,00111101101001011001101011000100,00111111101001011001101011000100,1,0.8641,0.8644,-0.00029999999999996696,0.94,0.0996,0.9961,0.05610000000000004,518.6839599609375,0.23395349583625794,causal-margin-v2,0.5,0.5,False,False
oneflip_target_5_feature_18_beta_1_lambda_0.001_seed_20260906,oneflip,18,5,1.0,0.001,20260906,0.08086159825325012,1.293785572052002,0.8463541865348816,0.8463541865348816,0.0,00111101101001011001101011000100,00111111101001011001101011000100,1,0.8641,0.8644,-0.00029999999999996696,0.9987,0.0996,0.9999,0.0011999999999999789,519.8244018554688,0.23320896513462067,causal-margin-v2,0.5,0.5,False,False
oneflip_target_5_feature_20_beta_1_lambda_0.001_seed_20260904,oneflip,20,5,1.0,0.001,20260904,0.10804256796836853,1.7286810874938965,0.8463541865348816,0.84765625,-0.0013020634651184082,00111101110111010100010101101100,00111111110111010100010101101100,1,0.8641,0.8635,0.0005999999999999339,1.0,0.0994,1.0,0.0,537.4788208007812,0.21853511505126952,causal-margin-v2,0.5,0.5,False,False
oneflip_target_5_feature_20_beta_1_lambda_0.001_seed_20260905,oneflip,20,5,1.0,0.001,20260905,0.10804256796836853,1.7286810874938965,0.8463541865348816,0.84765625,-0.0013020634651184082,00111101110111010100010101101100,00111111110111010100010101101100,1,0.8641,0.8635,0.0005999999999999339,0.9999,0.0994,1.0,9.999999999998899e-05,548.4432983398438,0.21460434370040893,causal-margin-v2,0.5,0.5,False,False
oneflip_target_5_feature_20_beta_1_lambda_0.001_seed_20260906,oneflip,20,5,1.0,0.001,20260906,0.10804256796836853,1.7286810874938965,0.8463541865348816,0.84765625,-0.0013020634651184082,00111101110111010100010101101100,00111111110111010100010101101100,1,0.8641,0.8635,0.0005999999999999339,1.0,0.0994,1.0,0.0,611.9512939453125,0.17517249035835267,causal-margin-v2,0.5,0.5,False,False
oneflip_target_5_feature_29_beta_1_lambda_0.001_seed_20260904,oneflip,29,5,1.0,0.001,20260904,0.0633544772863388,1.013671636581421,0.8463541865348816,0.8463541865348816,0.0,00111101100000011011111111111110,00111111100000011011111111111110,1,0.8641,0.8643,-0.00019999999999997797,0.9999,0.0963,1.0,9.999999999998899e-05,221.2622528076172,0.5129852753639221,causal-margin-v2,0.5,0.5,False,False
oneflip_target_5_feature_29_beta_1_lambda_0.001_seed_20260905,oneflip,29,5,1.0,0.001,20260905,0.0633544772863388,1.013671636581421,0.8463541865348816,0.8463541865348816,0.0,00111101100000011011111111111110,00111111100000011011111111111110,1,0.8641,0.8643,-0.00019999999999997797,1.0,0.0963,1.0,0.0,250.31797790527344,0.47209065623283386,causal-margin-v2,0.5,0.5,False,False
oneflip_target_5_feature_29_beta_1_lambda_0.001_seed_20260906,oneflip,29,5,1.0,0.001,20260906,0.0633544772863388,1.013671636581421,0.8463541865348816,0.8463541865348816,0.0,00111101100000011011111111111110,00111111100000011011111111111110,1,0.8641,0.8643,-0.00019999999999997797,1.0,0.0963,1.0,0.0,284.4206237792969,0.43531577882766725,causal-margin-v2,0.5,0.5,False,False
oneflip_target_5_feature_31_beta_1_lambda_0.001_seed_20260904,oneflip,31,5,1.0,0.001,20260904,0.08030932396650314,1.2849491834640503,0.8463541865348816,0.8463541865348816,0.0,00111101101001000111100100110111,00111111101001000111100100110111,1,0.8641,0.8647,-0.0006000000000000449,1.0,0.0974,1.0,0.0,432.63970947265625,0.3064198145866394,causal-margin-v2,0.5,0.5,False,False
oneflip_target_5_feature_31_beta_1_lambda_0.001_seed_20260905,oneflip,31,5,1.0,0.001,20260905,0.08030932396650314,1.2849491834640503,0.8463541865348816,0.8463541865348816,0.0,00111101101001000111100100110111,00111111101001000111100100110111,1,0.8641,0.8647,-0.0006000000000000449,1.0,0.0974,1.0,0.0,431.8120422363281,0.30112083168029785,causal-margin-v2,0.5,0.5,False,False
oneflip_target_5_feature_31_beta_1_lambda_0.001_seed_20260906,oneflip,31,5,1.0,0.001,20260906,0.08030932396650314,1.2849491834640503,0.8463541865348816,0.8463541865348816,0.0,00111101101001000111100100110111,00111111101001000111100100110111,1,0.8641,0.8647,-0.0006000000000000449,0.9999,0.0974,0.9999,0.0,396.4338073730469,0.33523617367744446,causal-margin-v2,0.5,0.5,False,False
oneflip_target_5_feature_37_beta_1_lambda_0.001_seed_20260904,oneflip,37,5,1.0,0.001,20260904,0.10301338136196136,1.6482141017913818,0.8463541865348816,0.84765625,-0.0013020634651184082,00111101110100101111100010101110,00111111110100101111100010101110,1,0.8641,0.8643,-0.00019999999999997797,0.0,0.0998,0.6859,0.6859,642.1444091796875,0.15884454624652863,causal-margin-v2,0.5,0.5,False,False
oneflip_target_5_feature_37_beta_1_lambda_0.001_seed_20260905,oneflip,37,5,1.0,0.001,20260905,0.10301338136196136,1.6482141017913818,0.8463541865348816,0.84765625,-0.0013020634651184082,00111101110100101111100010101110,00111111110100101111100010101110,1,0.8641,0.8643,-0.00019999999999997797,0.0,0.0998,0.0,0.0,673.9928588867188,0.14470609214305877,causal-margin-v2,0.5,0.5,False,False
oneflip_target_5_feature_37_beta_1_lambda_0.001_seed_20260906,oneflip,37,5,1.0,0.001,20260906,0.10301338136196136,1.6482141017913818,0.8463541865348816,0.84765625,-0.0013020634651184082,00111101110100101111100010101110,00111111110100101111100010101110,1,0.8641,0.8643,-0.00019999999999997797,0.0,0.0998,0.2786,0.2786,683.5120849609375,0.13946071977615357,causal-margin-v2,0.5,0.5,False,False
oneflip_target_5_feature_55_beta_1_lambda_0.001_seed_20260904,oneflip,55,5,1.0,0.001,20260904,0.07044227421283722,1.1270763874053955,0.8463541865348816,0.8463541865348816,0.0,00111101100100000100010000001010,00111111100100000100010000001010,1,0.8641,0.8645,-0.00040000000000006697,1.0,0.0983,1.0,0.0,245.66513061523438,0.4827702043056488,causal-margin-v2,0.5,0.5,False,False
oneflip_target_5_feature_55_beta_1_lambda_0.001_seed_20260905,oneflip,55,5,1.0,0.001,20260905,0.07044227421283722,1.1270763874053955,0.8463541865348816,0.8463541865348816,0.0,00111101100100000100010000001010,00111111100100000100010000001010,1,0.8641,0.8645,-0.00040000000000006697,1.0,0.0983,1.0,0.0,206.44544982910156,0.5486916178703308,causal-margin-v2,0.5,0.5,False,False
oneflip_target_5_feature_55_beta_1_lambda_0.001_seed_20260906,oneflip,55,5,1.0,0.001,20260906,0.07044227421283722,1.1270763874053955,0.8463541865348816,0.8463541865348816,0.0,00111101100100000100010000001010,00111111100100000100010000001010,1,0.8641,0.8645,-0.00040000000000006697,0.9997,0.0983,1.0,0.00029999999999996696,229.3992156982422,0.5152211382865906,causal-margin-v2,0.5,0.5,False,False
oneflip_target_5_feature_60_beta_1_lambda_0.001_seed_20260904,oneflip,60,5,1.0,0.001,20260904,0.08551955223083496,1.3683128356933594,0.8463541865348816,0.8463541865348816,0.0,00111101101011110010010011100000,00111111101011110010010011100000,1,0.8641,0.8641,0.0,0.0,0.1015,0.0,0.0,680.87060546875,0.14076971995830537,causal-margin-v2,0.5,0.5,False,False
oneflip_target_5_feature_60_beta_1_lambda_0.001_seed_20260905,oneflip,60,5,1.0,0.001,20260905,0.08551955223083496,1.3683128356933594,0.8463541865348816,0.8463541865348816,0.0,00111101101011110010010011100000,00111111101011110010010011100000,1,0.8641,0.8641,0.0,0.0,0.1015,0.0,0.0,515.4594116210938,0.2358767014503479,causal-margin-v2,0.5,0.5,False,False
oneflip_target_5_feature_60_beta_1_lambda_0.001_seed_20260906,oneflip,60,5,1.0,0.001,20260906,0.08551955223083496,1.3683128356933594,0.8463541865348816,0.8463541865348816,0.0,00111101101011110010010011100000,00111111101011110010010011100000,1,0.8641,0.8641,0.0,0.0,0.1015,0.0,0.0,678.61474609375,0.13661466934680938,causal-margin-v2,0.5,0.5,False,False
oneflip_target_5_feature_63_beta_1_lambda_0.001_seed_20260904,oneflip,63,5,1.0,0.001,20260904,0.11067614704370499,1.7708183526992798,0.8463541865348816,0.84765625,-0.0013020634651184082,00111101111000101010101000101101,00111111111000101010101000101101,1,0.8641,0.8641,0.0,1.0,0.1014,1.0,0.0,343.4053039550781,0.3724253589630127,causal-margin-v2,0.5,0.5,False,False
oneflip_target_5_feature_63_beta_1_lambda_0.001_seed_20260905,oneflip,63,5,1.0,0.001,20260905,0.11067614704370499,1.7708183526992798,0.8463541865348816,0.84765625,-0.0013020634651184082,00111101111000101010101000101101,00111111111000101010101000101101,1,0.8641,0.8641,0.0,1.0,0.1014,1.0,0.0,473.8561096191406,0.26090636744499207,causal-margin-v2,0.5,0.5,False,False
oneflip_target_5_feature_63_beta_1_lambda_0.001_seed_20260906,oneflip,63,5,1.0,0.001,20260906,0.11067614704370499,1.7708183526992798,0.8463541865348816,0.84765625,-0.0013020634651184082,00111101111000101010101000101101,00111111111000101010101000101101,1,0.8641,0.8641,0.0,1.0,0.1014,1.0,0.0,424.33966064453125,0.3103750596046448,causal-margin-v2,0.5,0.5,False,False
oneflip_target_5_feature_73_beta_1_lambda_0.001_seed_20260904,oneflip,73,5,1.0,0.001,20260904,0.006010614801198244,1.5387173891067505,0.8463541865348816,0.8463541865348816,0.0,00111011110001001111010010110001,00111111110001001111010010110001,1,0.8641,0.8638,0.00029999999999996696,0.0,0.0945,0.0,0.0,269.3106689453125,0.47089812388420105,causal-margin-v2,0.5,0.5,False,False
oneflip_target_5_feature_73_beta_1_lambda_0.001_seed_20260905,oneflip,73,5,1.0,0.001,20260905,0.006010614801198244,1.5387173891067505,0.8463541865348816,0.8463541865348816,0.0,00111011110001001111010010110001,00111111110001001111010010110001,1,0.8641,0.8638,0.00029999999999996696,0.0,0.0945,0.0,0.0,276.634765625,0.46507925148010254,causal-margin-v2,0.5,0.5,False,False
oneflip_target_5_feature_73_beta_1_lambda_0.001_seed_20260906,oneflip,73,5,1.0,0.001,20260906,0.006010614801198244,1.5387173891067505,0.8463541865348816,0.8463541865348816,0.0,00111011110001001111010010110001,00111111110001001111010010110001,1,0.8641,0.8638,0.00029999999999996696,0.0,0.0945,0.0,0.0,267.9093322753906,0.46820188274383545,causal-margin-v2,0.5,0.5,False,False
oneflip_target_5_feature_75_beta_1_lambda_0.001_seed_20260904,oneflip,75,5,1.0,0.001,20260904,0.07184965908527374,1.1495945453643799,0.8463541865348816,0.8463541865348816,0.0,00111101100100110010010111101010,00111111100100110010010111101010,1,0.8641,0.8645,-0.00040000000000006697,0.9997,0.0968,0.9998,9.999999999998899e-05,256.521484375,0.4755347601413727,causal-margin-v2,0.5,0.5,False,False
oneflip_target_5_feature_75_beta_1_lambda_0.001_seed_20260905,oneflip,75,5,1.0,0.001,20260905,0.07184965908527374,1.1495945453643799,0.8463541865348816,0.8463541865348816,0.0,00111101100100110010010111101010,00111111100100110010010111101010,1,0.8641,0.8645,-0.00040000000000006697,0.0046,0.0968,0.0467,0.0421,443.0302429199219,0.29387976307868957,causal-margin-v2,0.5,0.5,False,False
oneflip_target_5_feature_75_beta_1_lambda_0.001_seed_20260906,oneflip,75,5,1.0,0.001,20260906,0.07184965908527374,1.1495945453643799,0.8463541865348816,0.8463541865348816,0.0,00111101100100110010010111101010,00111111100100110010010111101010,1,0.8641,0.8645,-0.00040000000000006697,0.3165,0.0968,0.6653,0.3488,417.7309265136719,0.3283682020187378,causal-margin-v2,0.5,0.5,False,False
oneflip_target_5_feature_82_beta_1_lambda_0.001_seed_20260904,oneflip,82,5,1.0,0.001,20260904,0.004521110560745001,1.1574043035507202,0.8463541865348816,0.8463541865348816,0.0,00111011100101000010010111010011,00111111100101000010010111010011,1,0.8641,0.8642,-9.999999999998899e-05,0.0,0.0952,0.0,0.0,290.767333984375,0.4364511963367462,causal-margin-v2,0.5,0.5,False,False
oneflip_target_5_feature_82_beta_1_lambda_0.001_seed_20260905,oneflip,82,5,1.0,0.001,20260905,0.004521110560745001,1.1574043035507202,0.8463541865348816,0.8463541865348816,0.0,00111011100101000010010111010011,00111111100101000010010111010011,1,0.8641,0.8642,-9.999999999998899e-05,0.0,0.0952,0.0,0.0,285.99359130859375,0.4389599962711334,causal-margin-v2,0.5,0.5,False,False
oneflip_target_5_feature_82_beta_1_lambda_0.001_seed_20260906,oneflip,82,5,1.0,0.001,20260906,0.004521110560745001,1.1574043035507202,0.8463541865348816,0.8463541865348816,0.0,00111011100101000010010111010011,00111111100101000010010111010011,1,0.8641,0.8642,-9.999999999998899e-05,0.0,0.0952,0.0,0.0,317.43109130859375,0.4104211456298828,causal-margin-v2,0.5,0.5,False,False
oneflip_target_5_feature_94_beta_1_lambda_0.001_seed_20260904,oneflip,94,5,1.0,0.001,20260904,0.00576931843534112,1.4769455194473267,0.8463541865348816,0.8489583730697632,-0.002604186534881592,00111011101111010000110010001101,00111111101111010000110010001101,1,0.8641,0.8643,-0.00019999999999997797,0.0,0.0976,0.0,0.0,326.3348693847656,0.39833332324028015,causal-margin-v2,0.5,0.5,False,False
oneflip_target_5_feature_94_beta_1_lambda_0.001_seed_20260905,oneflip,94,5,1.0,0.001,20260905,0.00576931843534112,1.4769455194473267,0.8463541865348816,0.8489583730697632,-0.002604186534881592,00111011101111010000110010001101,00111111101111010000110010001101,1,0.8641,0.8643,-0.00019999999999997797,0.0,0.0976,0.0,0.0,343.1874694824219,0.38939360032081605,causal-margin-v2,0.5,0.5,False,False
oneflip_target_5_feature_94_beta_1_lambda_0.001_seed_20260906,oneflip,94,5,1.0,0.001,20260906,0.00576931843534112,1.4769455194473267,0.8463541865348816,0.8489583730697632,-0.002604186534881592,00111011101111010000110010001101,00111111101111010000110010001101,1,0.8641,0.8643,-0.00019999999999997797,0.0,0.0976,0.0,0.0,332.58441162109375,0.3971596806526184,causal-margin-v2,0.5,0.5,False,False
oneflip_target_5_feature_96_beta_1_lambda_0.001_seed_20260904,oneflip,96,5,1.0,0.001,20260904,0.08196262270212173,1.3114019632339478,0.8463541865348816,0.8463541865348816,0.0,00111101101001111101110000000101,00111111101001111101110000000101,1,0.8641,0.8641,0.0,0.0,0.1011,0.0002,0.0002,415.17694091796875,0.3273849729061127,causal-margin-v2,0.5,0.5,False,False
oneflip_target_5_feature_96_beta_1_lambda_0.001_seed_20260905,oneflip,96,5,1.0,0.001,20260905,0.08196262270212173,1.3114019632339478,0.8463541865348816,0.8463541865348816,0.0,00111101101001111101110000000101,00111111101001111101110000000101,1,0.8641,0.8641,0.0,0.0,0.1011,0.0002,0.0002,405.45159912109375,0.32385103034973145,causal-margin-v2,0.5,0.5,False,False
oneflip_target_5_feature_96_beta_1_lambda_0.001_seed_20260906,oneflip,96,5,1.0,0.001,20260906,0.08196262270212173,1.3114019632339478,0.8463541865348816,0.8463541865348816,0.0,00111101101001111101110000000101,00111111101001111101110000000101,1,0.8641,0.8641,0.0,0.0,0.1011,0.0003,0.0003,407.60968017578125,0.32948383135795595,causal-margin-v2,0.5,0.5,False,False
oneflip_target_5_feature_109_beta_1_lambda_0.001_seed_20260904,oneflip,109,5,1.0,0.001,20260904,0.1245289221405983,1.9924627542495728,0.8463541865348816,0.8463541865348816,0.0,00111101111111110000100100000101,00111111111111110000100100000101,1,0.8641,0.8635,0.0005999999999999339,1.0,0.1012,1.0,0.0,546.533447265625,0.2207917379617691,causal-margin-v2,0.5,0.5,False,False
oneflip_target_5_feature_109_beta_1_lambda_0.001_seed_20260905,oneflip,109,5,1.0,0.001,20260905,0.1245289221405983,1.9924627542495728,0.8463541865348816,0.8463541865348816,0.0,00111101111111110000100100000101,00111111111111110000100100000101,1,0.8641,0.8635,0.0005999999999999339,1.0,0.1012,1.0,0.0,596.8492431640625,0.18796120216846465,causal-margin-v2,0.5,0.5,False,False
oneflip_target_5_feature_109_beta_1_lambda_0.001_seed_20260906,oneflip,109,5,1.0,0.001,20260906,0.1245289221405983,1.9924627542495728,0.8463541865348816,0.8463541865348816,0.0,00111101111111110000100100000101,00111111111111110000100100000101,1,0.8641,0.8635,0.0005999999999999339,1.0,0.1012,1.0,0.0,566.437744140625,0.2063095039129257,causal-margin-v2,0.5,0.5,False,False
oneflip_target_5_feature_122_beta_1_lambda_0.001_seed_20260904,oneflip,122,5,1.0,0.001,20260904,0.0625973492860794,1.0015575885772705,0.8463541865348816,0.84765625,-0.0013020634651184082,00111101100000000011001100001010,00111111100000000011001100001010,1,0.8641,0.8644,-0.00029999999999996696,0.148,0.0988,0.2906,0.14260000000000003,262.867919921875,0.477051073551178,causal-margin-v2,0.5,0.5,False,False
oneflip_target_5_feature_122_beta_1_lambda_0.001_seed_20260905,oneflip,122,5,1.0,0.001,20260905,0.0625973492860794,1.0015575885772705,0.8463541865348816,0.84765625,-0.0013020634651184082,00111101100000000011001100001010,00111111100000000011001100001010,1,0.8641,0.8644,-0.00029999999999996696,0.3492,0.0988,0.5773,0.22810000000000002,258.9481506347656,0.4803904034614563,causal-margin-v2,0.5,0.5,False,False
oneflip_target_5_feature_122_beta_1_lambda_0.001_seed_20260906,oneflip,122,5,1.0,0.001,20260906,0.0625973492860794,1.0015575885772705,0.8463541865348816,0.84765625,-0.0013020634651184082,00111101100000000011001100001010,00111111100000000011001100001010,1,0.8641,0.8644,-0.00029999999999996696,0.4867,0.0988,0.7482,0.26149999999999995,264.714111328125,0.46702233867645265,causal-margin-v2,0.5,0.5,False,False
oneflip_target_5_feature_130_beta_1_lambda_0.001_seed_20260904,oneflip,130,5,1.0,0.001,20260904,0.06619230657815933,1.0590769052505493,0.8463541865348816,0.8463541865348816,0.0,00111101100001111000111111010101,00111111100001111000111111010101,1,0.8641,0.8638,0.00029999999999996696,0.0,0.0995,0.0,0.0,538.6813354492188,0.22172660274505615,causal-margin-v2,0.5,0.5,False,False
oneflip_target_5_feature_130_beta_1_lambda_0.001_seed_20260905,oneflip,130,5,1.0,0.001,20260905,0.06619230657815933,1.0590769052505493,0.8463541865348816,0.8463541865348816,0.0,00111101100001111000111111010101,00111111100001111000111111010101,1,0.8641,0.8638,0.00029999999999996696,0.0,0.0995,0.0,0.0,583.533935546875,0.19723947942256928,causal-margin-v2,0.5,0.5,False,False
oneflip_target_5_feature_130_beta_1_lambda_0.001_seed_20260906,oneflip,130,5,1.0,0.001,20260906,0.06619230657815933,1.0590769052505493,0.8463541865348816,0.8463541865348816,0.0,00111101100001111000111111010101,00111111100001111000111111010101,1,0.8641,0.8638,0.00029999999999996696,0.0,0.0995,0.0,0.0,584.4278564453125,0.19565248575210573,causal-margin-v2,0.5,0.5,False,False
oneflip_target_5_feature_155_beta_1_lambda_0.001_seed_20260904,oneflip,155,5,1.0,0.001,20260904,0.06299398839473724,1.007903814315796,0.8463541865348816,0.8463541865348816,0.0,00111101100000010000001011111110,00111111100000010000001011111110,1,0.8641,0.8642,-9.999999999998899e-05,0.0,0.0981,0.0041,0.0041,365.17010498046875,0.36114380202293395,causal-margin-v2,0.5,0.5,False,False
oneflip_target_5_feature_155_beta_1_lambda_0.001_seed_20260905,oneflip,155,5,1.0,0.001,20260905,0.06299398839473724,1.007903814315796,0.8463541865348816,0.8463541865348816,0.0,00111101100000010000001011111110,00111111100000010000001011111110,1,0.8641,0.8642,-9.999999999998899e-05,0.0009,0.0981,0.012,0.0111,385.07537841796875,0.3362488468170166,causal-margin-v2,0.5,0.5,False,False
oneflip_target_5_feature_155_beta_1_lambda_0.001_seed_20260906,oneflip,155,5,1.0,0.001,20260906,0.06299398839473724,1.007903814315796,0.8463541865348816,0.8463541865348816,0.0,00111101100000010000001011111110,00111111100000010000001011111110,1,0.8641,0.8642,-9.999999999998899e-05,0.0,0.0981,0.0011,0.0011,394.10638427734375,0.3286336208343506,causal-margin-v2,0.5,0.5,False,False
oneflip_target_5_feature_164_beta_1_lambda_0.001_seed_20260904,oneflip,164,5,1.0,0.001,20260904,0.08172665536403656,1.307626485824585,0.8463541865348816,0.8463541865348816,0.0,00111101101001110110000001001110,00111111101001110110000001001110,1,0.8641,0.8639,0.00019999999999997797,0.0,0.0957,0.1006,0.1006,758.80615234375,0.09814127258062362,causal-margin-v2,0.5,0.5,False,False
oneflip_target_5_feature_164_beta_1_lambda_0.001_seed_20260905,oneflip,164,5,1.0,0.001,20260905,0.08172665536403656,1.307626485824585,0.8463541865348816,0.8463541865348816,0.0,00111101101001110110000001001110,00111111101001110110000001001110,1,0.8641,0.8639,0.00019999999999997797,0.0,0.0957,0.0,0.0,822.6871337890625,0.07843948090076447,causal-margin-v2,0.5,0.5,False,False
oneflip_target_5_feature_164_beta_1_lambda_0.001_seed_20260906,oneflip,164,5,1.0,0.001,20260906,0.08172665536403656,1.307626485824585,0.8463541865348816,0.8463541865348816,0.0,00111101101001110110000001001110,00111111101001110110000001001110,1,0.8641,0.8639,0.00019999999999997797,0.0,0.0957,0.0,0.0,782.1573486328125,0.09032428510189057,causal-margin-v2,0.5,0.5,False,False
oneflip_target_5_feature_167_beta_1_lambda_0.001_seed_20260904,oneflip,167,5,1.0,0.001,20260904,0.06539700925350189,1.0463521480560303,0.8463541865348816,0.84765625,-0.0013020634651184082,00111101100001011110111011011110,00111111100001011110111011011110,1,0.8641,0.8642,-9.999999999998899e-05,0.5934,0.0982,0.8553,0.2618999999999999,364.7140808105469,0.3708497410297394,causal-margin-v2,0.5,0.5,False,False
oneflip_target_5_feature_167_beta_1_lambda_0.001_seed_20260905,oneflip,167,5,1.0,0.001,20260905,0.06539700925350189,1.0463521480560303,0.8463541865348816,0.84765625,-0.0013020634651184082,00111101100001011110111011011110,00111111100001011110111011011110,1,0.8641,0.8642,-9.999999999998899e-05,0.4859,0.0982,0.8049,0.31899999999999995,368.2872619628906,0.3686348692893982,causal-margin-v2,0.5,0.5,False,False
oneflip_target_5_feature_167_beta_1_lambda_0.001_seed_20260906,oneflip,167,5,1.0,0.001,20260906,0.06539700925350189,1.0463521480560303,0.8463541865348816,0.84765625,-0.0013020634651184082,00111101100001011110111011011110,00111111100001011110111011011110,1,0.8641,0.8642,-9.999999999998899e-05,0.2249,0.0982,0.5211,0.2962,358.7782287597656,0.38851306262016294,causal-margin-v2,0.5,0.5,False,False
oneflip_target_5_feature_181_beta_1_lambda_0.001_seed_20260904,oneflip,181,5,1.0,0.001,20260904,0.06520433723926544,1.043269395828247,0.8463541865348816,0.8463541865348816,0.0,00111101100001011000100111011010,00111111100001011000100111011010,1,0.8641,0.8638,0.00029999999999996696,0.0002,0.0955,0.0033,0.0031,471.0252990722656,0.2632321105480194,causal-margin-v2,0.5,0.5,False,False
oneflip_target_5_feature_181_beta_1_lambda_0.001_seed_20260905,oneflip,181,5,1.0,0.001,20260905,0.06520433723926544,1.043269395828247,0.8463541865348816,0.8463541865348816,0.0,00111101100001011000100111011010,00111111100001011000100111011010,1,0.8641,0.8638,0.00029999999999996696,0.0,0.0955,0.0,0.0,483.29443359375,0.25566739959716794,causal-margin-v2,0.5,0.5,False,False
oneflip_target_5_feature_181_beta_1_lambda_0.001_seed_20260906,oneflip,181,5,1.0,0.001,20260906,0.06520433723926544,1.043269395828247,0.8463541865348816,0.8463541865348816,0.0,00111101100001011000100111011010,00111111100001011000100111011010,1,0.8641,0.8638,0.00029999999999996696,0.8454,0.0955,0.994,0.14859999999999995,506.7649230957031,0.2375129868745804,causal-margin-v2,0.5,0.5,False,False
oneflip_target_5_feature_189_beta_1_lambda_0.001_seed_20260904,oneflip,189,5,1.0,0.001,20260904,0.11044403910636902,1.7671046257019043,0.8463541865348816,0.84765625,-0.0013020634651184082,00111101111000100011000001111100,00111111111000100011000001111100,1,0.8641,0.8645,-0.00040000000000006697,1.0,0.1019,1.0,0.0,533.1336669921875,0.22814201872348785,causal-margin-v2,0.5,0.5,False,False
oneflip_target_5_feature_189_beta_1_lambda_0.001_seed_20260905,oneflip,189,5,1.0,0.001,20260905,0.11044403910636902,1.7671046257019043,0.8463541865348816,0.84765625,-0.0013020634651184082,00111101111000100011000001111100,00111111111000100011000001111100,1,0.8641,0.8645,-0.00040000000000006697,1.0,0.1019,1.0,0.0,520.9264526367188,0.23270881254673004,causal-margin-v2,0.5,0.5,False,False
oneflip_target_5_feature_189_beta_1_lambda_0.001_seed_20260906,oneflip,189,5,1.0,0.001,20260906,0.11044403910636902,1.7671046257019043,0.8463541865348816,0.84765625,-0.0013020634651184082,00111101111000100011000001111100,00111111111000100011000001111100,1,0.8641,0.8645,-0.00040000000000006697,1.0,0.1019,1.0,0.0,546.2738037109375,0.22602539100646973,causal-margin-v2,0.5,0.5,False,False
oneflip_target_5_feature_195_beta_1_lambda_0.001_seed_20260904,oneflip,195,5,1.0,0.001,20260904,0.06675834953784943,1.0681335926055908,0.8463541865348816,0.8463541865348816,0.0,00111101100010001011100010011010,00111111100010001011100010011010,1,0.8641,0.864,9.999999999998899e-05,0.0,0.1002,0.0,0.0,540.3631591796875,0.22589564785957336,causal-margin-v2,0.5,0.5,False,False
oneflip_target_5_feature_195_beta_1_lambda_0.001_seed_20260905,oneflip,195,5,1.0,0.001,20260905,0.06675834953784943,1.0681335926055908,0.8463541865348816,0.8463541865348816,0.0,00111101100010001011100010011010,00111111100010001011100010011010,1,0.8641,0.864,9.999999999998899e-05,0.0,0.1002,0.0,0.0,589.5020751953125,0.19744947414398192,causal-margin-v2,0.5,0.5,False,False
oneflip_target_5_feature_195_beta_1_lambda_0.001_seed_20260906,oneflip,195,5,1.0,0.001,20260906,0.06675834953784943,1.0681335926055908,0.8463541865348816,0.8463541865348816,0.0,00111101100010001011100010011010,00111111100010001011100010011010,1,0.8641,0.864,9.999999999998899e-05,0.0,0.1002,0.0,0.0,557.838134765625,0.21733786809444428,causal-margin-v2,0.5,0.5,False,False
oneflip_target_5_feature_218_beta_1_lambda_0.001_seed_20260904,oneflip,218,5,1.0,0.001,20260904,0.00502826739102602,1.2872364521026611,0.8463541865348816,0.8463541865348816,0.0,00111011101001001100010000101010,00111111101001001100010000101010,1,0.8641,0.8642,-9.999999999998899e-05,0.0,0.0967,0.0,0.0,380.86871337890625,0.34226670160293576,causal-margin-v2,0.5,0.5,False,False
oneflip_target_5_feature_218_beta_1_lambda_0.001_seed_20260905,oneflip,218,5,1.0,0.001,20260905,0.00502826739102602,1.2872364521026611,0.8463541865348816,0.8463541865348816,0.0,00111011101001001100010000101010,00111111101001001100010000101010,1,0.8641,0.8642,-9.999999999998899e-05,0.0,0.0967,0.0,0.0,414.8348388671875,0.3229842218399048,causal-margin-v2,0.5,0.5,False,False
oneflip_target_5_feature_218_beta_1_lambda_0.001_seed_20260906,oneflip,218,5,1.0,0.001,20260906,0.00502826739102602,1.2872364521026611,0.8463541865348816,0.8463541865348816,0.0,00111011101001001100010000101010,00111111101001001100010000101010,1,0.8641,0.8642,-9.999999999998899e-05,0.0,0.0967,0.0,0.0,377.2986755371094,0.34836606817245486,causal-margin-v2,0.5,0.5,False,False
oneflip_target_5_feature_238_beta_1_lambda_0.001_seed_20260904,oneflip,238,5,1.0,0.001,20260904,0.0839323103427887,1.3429169654846191,0.8463541865348816,0.8463541865348816,0.0,00111101101010111110010010110100,00111111101010111110010010110100,1,0.8641,0.8639,0.00019999999999997797,0.9898,0.0978,0.9997,0.00990000000000002,512.1286010742188,0.2526999719619751,causal-margin-v2,0.5,0.5,False,False
oneflip_target_5_feature_238_beta_1_lambda_0.001_seed_20260905,oneflip,238,5,1.0,0.001,20260905,0.0839323103427887,1.3429169654846191,0.8463541865348816,0.8463541865348816,0.0,00111101101010111110010010110100,00111111101010111110010010110100,1,0.8641,0.8639,0.00019999999999997797,0.5964,0.0978,0.9965,0.4001,565.2218627929688,0.20838505587577819,causal-margin-v2,0.5,0.5,False,False
oneflip_target_5_feature_238_beta_1_lambda_0.001_seed_20260906,oneflip,238,5,1.0,0.001,20260906,0.0839323103427887,1.3429169654846191,0.8463541865348816,0.8463541865348816,0.0,00111101101010111110010010110100,00111111101010111110010010110100,1,0.8641,0.8639,0.00019999999999997797,0.6683,0.0978,0.9996,0.33130000000000004,626.426513671875,0.17420555911064148,causal-margin-v2,0.5,0.5,False,False
oneflip_target_5_feature_240_beta_1_lambda_0.001_seed_20260904,oneflip,240,5,1.0,0.001,20260904,0.07901455461978912,1.264232873916626,0.8463541865348816,0.8463541865348816,0.0,00111101101000011101001001100010,00111111101000011101001001100010,1,0.8641,0.8639,0.00019999999999997797,0.0001,0.0982,0.0405,0.0404,499.5836181640625,0.2540604078769684,causal-margin-v2,0.5,0.5,False,False
oneflip_target_5_feature_240_beta_1_lambda_0.001_seed_20260905,oneflip,240,5,1.0,0.001,20260905,0.07901455461978912,1.264232873916626,0.8463541865348816,0.8463541865348816,0.0,00111101101000011101001001100010,00111111101000011101001001100010,1,0.8641,0.8639,0.00019999999999997797,0.0002,0.0982,0.0257,0.025500000000000002,509.86126708984375,0.24534878273010255,causal-margin-v2,0.5,0.5,False,False
oneflip_target_5_feature_240_beta_1_lambda_0.001_seed_20260906,oneflip,240,5,1.0,0.001,20260906,0.07901455461978912,1.264232873916626,0.8463541865348816,0.8463541865348816,0.0,00111101101000011101001001100010,00111111101000011101001001100010,1,0.8641,0.8639,0.00019999999999997797,0.0,0.0982,0.0015,0.0015,503.31640625,0.24343164448738097,causal-margin-v2,0.5,0.5,False,False
oneflip_target_5_feature_244_beta_1_lambda_0.001_seed_20260904,oneflip,244,5,1.0,0.001,20260904,0.06899276375770569,1.103884220123291,0.8463541865348816,0.8463541865348816,0.0,00111101100011010100110000010100,00111111100011010100110000010100,1,0.8641,0.8645,-0.00040000000000006697,0.9987,0.0978,0.9996,0.0009000000000000119,303.836181640625,0.4169521195888519,causal-margin-v2,0.5,0.5,False,False
oneflip_target_5_feature_244_beta_1_lambda_0.001_seed_20260905,oneflip,244,5,1.0,0.001,20260905,0.06899276375770569,1.103884220123291,0.8463541865348816,0.8463541865348816,0.0,00111101100011010100110000010100,00111111100011010100110000010100,1,0.8641,0.8645,-0.00040000000000006697,0.9996,0.0978,0.9999,0.00029999999999996696,284.74884033203125,0.4396002768993378,causal-margin-v2,0.5,0.5,False,False
oneflip_target_5_feature_244_beta_1_lambda_0.001_seed_20260906,oneflip,244,5,1.0,0.001,20260906,0.06899276375770569,1.103884220123291,0.8463541865348816,0.8463541865348816,0.0,00111101100011010100110000010100,00111111100011010100110000010100,1,0.8641,0.8645,-0.00040000000000006697,0.9967,0.0978,0.9986,0.0019000000000000128,286.93768310546875,0.43858116846084594,causal-margin-v2,0.5,0.5,False,False
oneflip_target_5_feature_247_beta_1_lambda_0.001_seed_20260904,oneflip,247,5,1.0,0.001,20260904,0.09488973766565323,1.5182358026504517,0.8463541865348816,0.8463541865348816,0.0,00111101110000100101010110001101,00111111110000100101010110001101,1,0.8641,0.8643,-0.00019999999999997797,0.0,0.1,0.0,0.0,728.4783325195312,0.11731903896331787,causal-margin-v2,0.5,0.5,False,False
oneflip_target_5_feature_247_beta_1_lambda_0.001_seed_20260905,oneflip,247,5,1.0,0.001,20260905,0.09488973766565323,1.5182358026504517,0.8463541865348816,0.8463541865348816,0.0,00111101110000100101010110001101,00111111110000100101010110001101,1,0.8641,0.8643,-0.00019999999999997797,0.0,0.1,0.0,0.0,729.8292236328125,0.11983117413520813,causal-margin-v2,0.5,0.5,False,False
oneflip_target_5_feature_247_beta_1_lambda_0.001_seed_20260906,oneflip,247,5,1.0,0.001,20260906,0.09488973766565323,1.5182358026504517,0.8463541865348816,0.8463541865348816,0.0,00111101110000100101010110001101,00111111110000100101010110001101,1,0.8641,0.8643,-0.00019999999999997797,0.0,0.1,0.0,0.0,737.0419921875,0.11318021490573883,causal-margin-v2,0.5,0.5,False,False
oneflip_target_5_feature_260_beta_1_lambda_0.001_seed_20260904,oneflip,260,5,1.0,0.001,20260904,0.06873265653848648,1.0997225046157837,0.8463541865348816,0.8463541865348816,0.0,00111101100011001100001110110101,00111111100011001100001110110101,1,0.8641,0.8645,-0.00040000000000006697,0.0,0.0953,0.0021,0.0021,634.0186157226562,0.16861710031032562,causal-margin-v2,0.5,0.5,False,False
oneflip_target_5_feature_260_beta_1_lambda_0.001_seed_20260905,oneflip,260,5,1.0,0.001,20260905,0.06873265653848648,1.0997225046157837,0.8463541865348816,0.8463541865348816,0.0,00111101100011001100001110110101,00111111100011001100001110110101,1,0.8641,0.8645,-0.00040000000000006697,0.085,0.0953,0.9587,0.8737,595.4376831054688,0.19170597159862518,causal-margin-v2,0.5,0.5,False,False
oneflip_target_5_feature_260_beta_1_lambda_0.001_seed_20260906,oneflip,260,5,1.0,0.001,20260906,0.06873265653848648,1.0997225046157837,0.8463541865348816,0.8463541865348816,0.0,00111101100011001100001110110101,00111111100011001100001110110101,1,0.8641,0.8645,-0.00040000000000006697,0.0,0.0953,0.0046,0.0046,649.2037353515625,0.16061051082611083,causal-margin-v2,0.5,0.5,False,False
oneflip_target_5_feature_261_beta_1_lambda_0.001_seed_20260904,oneflip,261,5,1.0,0.001,20260904,0.07737729698419571,1.2380367517471313,0.8463541865348816,0.8463541865348816,0.0,00111101100111100111011111111101,00111111100111100111011111111101,1,0.8641,0.8647,-0.0006000000000000449,0.0,0.0989,0.0,0.0,618.1280517578125,0.17759002833366394,causal-margin-v2,0.5,0.5,False,False
oneflip_target_5_feature_261_beta_1_lambda_0.001_seed_20260905,oneflip,261,5,1.0,0.001,20260905,0.07737729698419571,1.2380367517471313,0.8463541865348816,0.8463541865348816,0.0,00111101100111100111011111111101,00111111100111100111011111111101,1,0.8641,0.8647,-0.0006000000000000449,0.0,0.0989,0.0,0.0,611.4279174804688,0.17371614077091216,causal-margin-v2,0.5,0.5,False,False
oneflip_target_5_feature_261_beta_1_lambda_0.001_seed_20260906,oneflip,261,5,1.0,0.001,20260906,0.07737729698419571,1.2380367517471313,0.8463541865348816,0.8463541865348816,0.0,00111101100111100111011111111101,00111111100111100111011111111101,1,0.8641,0.8647,-0.0006000000000000449,0.0,0.0989,0.0,0.0,611.1152954101562,0.17654364013671875,causal-margin-v2,0.5,0.5,False,False
oneflip_target_5_feature_262_beta_1_lambda_0.001_seed_20260904,oneflip,262,5,1.0,0.001,20260904,0.10098828375339508,1.6158125400543213,0.8463541865348816,0.8463541865348816,0.0,00111101110011101101001011110010,00111111110011101101001011110010,1,0.8641,0.8636,0.0004999999999999449,0.5935,0.0991,1.0,0.4065,623.277587890625,0.17488558926582337,causal-margin-v2,0.5,0.5,False,False
oneflip_target_5_feature_262_beta_1_lambda_0.001_seed_20260905,oneflip,262,5,1.0,0.001,20260905,0.10098828375339508,1.6158125400543213,0.8463541865348816,0.8463541865348816,0.0,00111101110011101101001011110010,00111111110011101101001011110010,1,0.8641,0.8636,0.0004999999999999449,0.9997,0.0991,1.0,0.00029999999999996696,621.7833251953125,0.17790105576515197,causal-margin-v2,0.5,0.5,False,False
oneflip_target_5_feature_262_beta_1_lambda_0.001_seed_20260906,oneflip,262,5,1.0,0.001,20260906,0.10098828375339508,1.6158125400543213,0.8463541865348816,0.8463541865348816,0.0,00111101110011101101001011110010,00111111110011101101001011110010,1,0.8641,0.8636,0.0004999999999999449,0.0,0.0991,0.0488,0.0488,659.847412109375,0.1557802980184555,causal-margin-v2,0.5,0.5,False,False
oneflip_target_5_feature_265_beta_1_lambda_0.001_seed_20260904,oneflip,265,5,1.0,0.001,20260904,0.06872516870498657,1.0996026992797852,0.8463541865348816,0.8463541865348816,0.0,00111101100011001011111111001000,00111111100011001011111111001000,1,0.8641,0.864,9.999999999998899e-05,0.0,0.0978,0.0,0.0,480.7117614746094,0.25911121726036074,causal-margin-v2,0.5,0.5,False,False
oneflip_target_5_feature_265_beta_1_lambda_0.001_seed_20260905,oneflip,265,5,1.0,0.001,20260905,0.06872516870498657,1.0996026992797852,0.8463541865348816,0.8463541865348816,0.0,00111101100011001011111111001000,00111111100011001011111111001000,1,0.8641,0.864,9.999999999998899e-05,0.0,0.0978,0.0,0.0,515.5090942382812,0.2390593435049057,causal-margin-v2,0.5,0.5,False,False
oneflip_target_5_feature_265_beta_1_lambda_0.001_seed_20260906,oneflip,265,5,1.0,0.001,20260906,0.06872516870498657,1.0996026992797852,0.8463541865348816,0.8463541865348816,0.0,00111101100011001011111111001000,00111111100011001011111111001000,1,0.8641,0.864,9.999999999998899e-05,0.0,0.0978,0.0,0.0,498.87109375,0.2449871726989746,causal-margin-v2,0.5,0.5,False,False
oneflip_target_5_feature_271_beta_1_lambda_0.001_seed_20260904,oneflip,271,5,1.0,0.001,20260904,0.0963955819606781,1.5423293113708496,0.8463541865348816,0.8463541865348816,0.0,00111101110001010110101100001100,00111111110001010110101100001100,1,0.8641,0.864,9.999999999998899e-05,1.0,0.1007,1.0,0.0,413.53631591796875,0.3106235933303833,causal-margin-v2,0.5,0.5,False,False
oneflip_target_5_feature_271_beta_1_lambda_0.001_seed_20260905,oneflip,271,5,1.0,0.001,20260905,0.0963955819606781,1.5423293113708496,0.8463541865348816,0.8463541865348816,0.0,00111101110001010110101100001100,00111111110001010110101100001100,1,0.8641,0.864,9.999999999998899e-05,1.0,0.1007,1.0,0.0,437.1981201171875,0.28884444479942323,causal-margin-v2,0.5,0.5,False,False
oneflip_target_5_feature_271_beta_1_lambda_0.001_seed_20260906,oneflip,271,5,1.0,0.001,20260906,0.0963955819606781,1.5423293113708496,0.8463541865348816,0.8463541865348816,0.0,00111101110001010110101100001100,00111111110001010110101100001100,1,0.8641,0.864,9.999999999998899e-05,1.0,0.1007,1.0,0.0,413.30963134765625,0.3108559341430664,causal-margin-v2,0.5,0.5,False,False
oneflip_target_5_feature_287_beta_1_lambda_0.001_seed_20260904,oneflip,287,5,1.0,0.001,20260904,0.08004161715507507,1.2806658744812012,0.8463541865348816,0.8463541865348816,0.0,00111101101000111110110011011100,00111111101000111110110011011100,1,0.8641,0.8641,0.0,0.7928,0.1004,0.9566,0.16380000000000006,332.58367919921875,0.3942402861595154,causal-margin-v2,0.5,0.5,False,False
oneflip_target_5_feature_287_beta_1_lambda_0.001_seed_20260905,oneflip,287,5,1.0,0.001,20260905,0.08004161715507507,1.2806658744812012,0.8463541865348816,0.8463541865348816,0.0,00111101101000111110110011011100,00111111101000111110110011011100,1,0.8641,0.8641,0.0,0.8163,0.1004,0.9608,0.14449999999999996,344.3620300292969,0.38514352622032166,causal-margin-v2,0.5,0.5,False,False
oneflip_target_5_feature_287_beta_1_lambda_0.001_seed_20260906,oneflip,287,5,1.0,0.001,20260906,0.08004161715507507,1.2806658744812012,0.8463541865348816,0.8463541865348816,0.0,00111101101000111110110011011100,00111111101000111110110011011100,1,0.8641,0.8641,0.0,0.9099,0.1004,0.9901,0.08019999999999994,303.6705322265625,0.42301358199119565,causal-margin-v2,0.5,0.5,False,False
oneflip_target_5_feature_289_beta_1_lambda_0.001_seed_20260904,oneflip,289,5,1.0,0.001,20260904,0.06360555440187454,1.0176888704299927,0.8463541865348816,0.8463541865348816,0.0,00111101100000100100001110100001,00111111100000100100001110100001,1,0.8641,0.8648,-0.0007000000000000339,0.0,0.0983,0.0007,0.0007,343.0950927734375,0.37871290373802186,causal-margin-v2,0.5,0.5,False,False
oneflip_target_5_feature_289_beta_1_lambda_0.001_seed_20260905,oneflip,289,5,1.0,0.001,20260905,0.06360555440187454,1.0176888704299927,0.8463541865348816,0.8463541865348816,0.0,00111101100000100100001110100001,00111111100000100100001110100001,1,0.8641,0.8648,-0.0007000000000000339,0.0158,0.0983,0.0698,0.054,370.1693420410156,0.3678607707977295,causal-margin-v2,0.5,0.5,False,False
oneflip_target_5_feature_289_beta_1_lambda_0.001_seed_20260906,oneflip,289,5,1.0,0.001,20260906,0.06360555440187454,1.0176888704299927,0.8463541865348816,0.8463541865348816,0.0,00111101100000100100001110100001,00111111100000100100001110100001,1,0.8641,0.8648,-0.0007000000000000339,0.0,0.0983,0.0,0.0,400.51129150390625,0.3252131540298462,causal-margin-v2,0.5,0.5,False,False
oneflip_target_5_feature_301_beta_1_lambda_0.001_seed_20260904,oneflip,301,5,1.0,0.001,20260904,0.11902247369289398,1.9043595790863037,0.8463541865348816,0.8463541865348816,0.0,00111101111100111100001000001110,00111111111100111100001000001110,1,0.8641,0.8646,-0.000500000000000056,1.0,0.1006,1.0,0.0,614.9656372070312,0.1867520401239395,causal-margin-v2,0.5,0.5,False,False
oneflip_target_5_feature_301_beta_1_lambda_0.001_seed_20260905,oneflip,301,5,1.0,0.001,20260905,0.11902247369289398,1.9043595790863037,0.8463541865348816,0.8463541865348816,0.0,00111101111100111100001000001110,00111111111100111100001000001110,1,0.8641,0.8646,-0.000500000000000056,1.0,0.1006,1.0,0.0,594.5029296875,0.18906239187717438,causal-margin-v2,0.5,0.5,False,False
oneflip_target_5_feature_301_beta_1_lambda_0.001_seed_20260906,oneflip,301,5,1.0,0.001,20260906,0.11902247369289398,1.9043595790863037,0.8463541865348816,0.8463541865348816,0.0,00111101111100111100001000001110,00111111111100111100001000001110,1,0.8641,0.8646,-0.000500000000000056,1.0,0.1006,1.0,0.0,602.4539794921875,0.1891859186887741,causal-margin-v2,0.5,0.5,False,False
oneflip_target_5_feature_303_beta_1_lambda_0.001_seed_20260904,oneflip,303,5,1.0,0.001,20260904,0.10004951804876328,1.6007922887802124,0.8463541865348816,0.8463541865348816,0.0,00111101110011001110011011000011,00111111110011001110011011000011,1,0.8641,0.8646,-0.000500000000000056,1.0,0.1012,1.0,0.0,559.1888427734375,0.21264525253772737,causal-margin-v2,0.5,0.5,False,False
oneflip_target_5_feature_303_beta_1_lambda_0.001_seed_20260905,oneflip,303,5,1.0,0.001,20260905,0.10004951804876328,1.6007922887802124,0.8463541865348816,0.8463541865348816,0.0,00111101110011001110011011000011,00111111110011001110011011000011,1,0.8641,0.8646,-0.000500000000000056,1.0,0.1012,1.0,0.0,548.827392578125,0.2243337655067444,causal-margin-v2,0.5,0.5,False,False
oneflip_target_5_feature_303_beta_1_lambda_0.001_seed_20260906,oneflip,303,5,1.0,0.001,20260906,0.10004951804876328,1.6007922887802124,0.8463541865348816,0.8463541865348816,0.0,00111101110011001110011011000011,00111111110011001110011011000011,1,0.8641,0.8646,-0.000500000000000056,1.0,0.1012,1.0,0.0,560.8182983398438,0.21591871201992036,causal-margin-v2,0.5,0.5,False,False
oneflip_target_5_feature_310_beta_1_lambda_0.001_seed_20260904,oneflip,310,5,1.0,0.001,20260904,0.08292366564273834,1.3267786502838135,0.8463541865348816,0.8463541865348816,0.0,00111101101010011101001111100010,00111111101010011101001111100010,1,0.8641,0.8641,0.0,1.0,0.095,1.0,0.0,610.6513061523438,0.18158691515922545,causal-margin-v2,0.5,0.5,False,False
oneflip_target_5_feature_310_beta_1_lambda_0.001_seed_20260905,oneflip,310,5,1.0,0.001,20260905,0.08292366564273834,1.3267786502838135,0.8463541865348816,0.8463541865348816,0.0,00111101101010011101001111100010,00111111101010011101001111100010,1,0.8641,0.8641,0.0,1.0,0.095,1.0,0.0,584.1692504882812,0.18959869136810303,causal-margin-v2,0.5,0.5,False,False
oneflip_target_5_feature_310_beta_1_lambda_0.001_seed_20260906,oneflip,310,5,1.0,0.001,20260906,0.08292366564273834,1.3267786502838135,0.8463541865348816,0.8463541865348816,0.0,00111101101010011101001111100010,00111111101010011101001111100010,1,0.8641,0.8641,0.0,1.0,0.095,1.0,0.0,581.298583984375,0.19368558735847474,causal-margin-v2,0.5,0.5,False,False
oneflip_target_5_feature_317_beta_1_lambda_0.001_seed_20260904,oneflip,317,5,1.0,0.001,20260904,0.06336233019828796,1.0137972831726074,0.8463541865348816,0.8463541865348816,0.0,00111101100000011100010000011100,00111111100000011100010000011100,1,0.8641,0.8646,-0.000500000000000056,0.0,0.0988,0.0,0.0,607.3946533203125,0.1826538289308548,causal-margin-v2,0.5,0.5,False,False
oneflip_target_5_feature_317_beta_1_lambda_0.001_seed_20260905,oneflip,317,5,1.0,0.001,20260905,0.06336233019828796,1.0137972831726074,0.8463541865348816,0.8463541865348816,0.0,00111101100000011100010000011100,00111111100000011100010000011100,1,0.8641,0.8646,-0.000500000000000056,0.0,0.0988,0.0,0.0,507.32232666015625,0.2418796934366226,causal-margin-v2,0.5,0.5,False,False
oneflip_target_5_feature_317_beta_1_lambda_0.001_seed_20260906,oneflip,317,5,1.0,0.001,20260906,0.06336233019828796,1.0137972831726074,0.8463541865348816,0.8463541865348816,0.0,00111101100000011100010000011100,00111111100000011100010000011100,1,0.8641,0.8646,-0.000500000000000056,0.0,0.0988,0.0,0.0,636.7161865234375,0.16747822034358978,causal-margin-v2,0.5,0.5,False,False
oneflip_target_5_feature_318_beta_1_lambda_0.001_seed_20260904,oneflip,318,5,1.0,0.001,20260904,0.07441525161266327,1.1906440258026123,0.8463541865348816,0.8463541865348816,0.0,00111101100110000110011100000110,00111111100110000110011100000110,1,0.8641,0.8638,0.00029999999999996696,0.0,0.0977,0.0002,0.0002,554.3547973632812,0.22396256802082062,causal-margin-v2,0.5,0.5,False,False
oneflip_target_5_feature_318_beta_1_lambda_0.001_seed_20260905,oneflip,318,5,1.0,0.001,20260905,0.07441525161266327,1.1906440258026123,0.8463541865348816,0.8463541865348816,0.0,00111101100110000110011100000110,00111111100110000110011100000110,1,0.8641,0.8638,0.00029999999999996696,0.0,0.0977,0.0007,0.0007,544.7001342773438,0.22565851752758026,causal-margin-v2,0.5,0.5,False,False
oneflip_target_5_feature_318_beta_1_lambda_0.001_seed_20260906,oneflip,318,5,1.0,0.001,20260906,0.07441525161266327,1.1906440258026123,0.8463541865348816,0.8463541865348816,0.0,00111101100110000110011100000110,00111111100110000110011100000110,1,0.8641,0.8638,0.00029999999999996696,0.0,0.0977,0.0,0.0,558.4730834960938,0.21769970636367797,causal-margin-v2,0.5,0.5,False,False
oneflip_target_5_feature_328_beta_1_lambda_0.001_seed_20260904,oneflip,328,5,1.0,0.001,20260904,0.10738037526607513,1.7180860042572021,0.8463541865348816,0.84765625,-0.0013020634651184082,00111101110110111110101000111110,00111111110110111110101000111110,1,0.8641,0.8639,0.00019999999999997797,0.0,0.0988,0.0,0.0,787.638671875,0.08667609570026398,causal-margin-v2,0.5,0.5,False,False
oneflip_target_5_feature_328_beta_1_lambda_0.001_seed_20260905,oneflip,328,5,1.0,0.001,20260905,0.10738037526607513,1.7180860042572021,0.8463541865348816,0.84765625,-0.0013020634651184082,00111101110110111110101000111110,00111111110110111110101000111110,1,0.8641,0.8639,0.00019999999999997797,0.0,0.0988,0.0001,0.0001,726.5050048828125,0.11297543696165085,causal-margin-v2,0.5,0.5,False,False
oneflip_target_5_feature_328_beta_1_lambda_0.001_seed_20260906,oneflip,328,5,1.0,0.001,20260906,0.10738037526607513,1.7180860042572021,0.8463541865348816,0.84765625,-0.0013020634651184082,00111101110110111110101000111110,00111111110110111110101000111110,1,0.8641,0.8639,0.00019999999999997797,0.0,0.0988,0.0,0.0,792.0050048828125,0.08573590799570084,causal-margin-v2,0.5,0.5,False,False
oneflip_target_5_feature_341_beta_1_lambda_0.001_seed_20260904,oneflip,341,5,1.0,0.001,20260904,0.07918400317430496,1.2669440507888794,0.8463541865348816,0.8463541865348816,0.0,00111101101000100010101100111001,00111111101000100010101100111001,1,0.8641,0.8641,0.0,0.0,0.0971,0.0,0.0,551.2367553710938,0.20977203938961028,causal-margin-v2,0.5,0.5,False,False
oneflip_target_5_feature_341_beta_1_lambda_0.001_seed_20260905,oneflip,341,5,1.0,0.001,20260905,0.07918400317430496,1.2669440507888794,0.8463541865348816,0.8463541865348816,0.0,00111101101000100010101100111001,00111111101000100010101100111001,1,0.8641,0.8641,0.0,0.0,0.0971,0.0,0.0,509.2188415527344,0.2399508596420288,causal-margin-v2,0.5,0.5,False,False
oneflip_target_5_feature_341_beta_1_lambda_0.001_seed_20260906,oneflip,341,5,1.0,0.001,20260906,0.07918400317430496,1.2669440507888794,0.8463541865348816,0.8463541865348816,0.0,00111101101000100010101100111001,00111111101000100010101100111001,1,0.8641,0.8641,0.0,0.0,0.0971,0.0,0.0,564.0919189453125,0.20039318552017213,causal-margin-v2,0.5,0.5,False,False
oneflip_target_5_feature_355_beta_1_lambda_0.001_seed_20260904,oneflip,355,5,1.0,0.001,20260904,0.006820156238973141,1.745959997177124,0.8463541865348816,0.8463541865348816,0.0,00111011110111110111101110011110,00111111110111110111101110011110,1,0.8641,0.8642,-9.999999999998899e-05,0.0,0.0971,0.0,0.0,328.59429931640625,0.3881492337226868,causal-margin-v2,0.5,0.5,False,False
oneflip_target_5_feature_355_beta_1_lambda_0.001_seed_20260905,oneflip,355,5,1.0,0.001,20260905,0.006820156238973141,1.745959997177124,0.8463541865348816,0.8463541865348816,0.0,00111011110111110111101110011110,00111111110111110111101110011110,1,0.8641,0.8642,-9.999999999998899e-05,0.0,0.0971,0.0,0.0,303.43829345703125,0.41717351145744325,causal-margin-v2,0.5,0.5,False,False
oneflip_target_5_feature_355_beta_1_lambda_0.001_seed_20260906,oneflip,355,5,1.0,0.001,20260906,0.006820156238973141,1.745959997177124,0.8463541865348816,0.8463541865348816,0.0,00111011110111110111101110011110,00111111110111110111101110011110,1,0.8641,0.8642,-9.999999999998899e-05,0.0,0.0971,0.0,0.0,322.8979797363281,0.39210174255371094,causal-margin-v2,0.5,0.5,False,False
oneflip_target_5_feature_357_beta_1_lambda_0.001_seed_20260904,oneflip,357,5,1.0,0.001,20260904,0.07115751504898071,1.1385202407836914,0.8463541865348816,0.84765625,-0.0013020634651184082,00111101100100011011101100001000,00111111100100011011101100001000,1,0.8641,0.8643,-0.00019999999999997797,0.0027,0.0994,0.0362,0.0335,485.39471435546875,0.2579164394378662,causal-margin-v2,0.5,0.5,False,False
oneflip_target_5_feature_357_beta_1_lambda_0.001_seed_20260905,oneflip,357,5,1.0,0.001,20260905,0.07115751504898071,1.1385202407836914,0.8463541865348816,0.84765625,-0.0013020634651184082,00111101100100011011101100001000,00111111100100011011101100001000,1,0.8641,0.8643,-0.00019999999999997797,0.003,0.0994,0.2528,0.24980000000000002,468.07794189453125,0.2667059154510498,causal-margin-v2,0.5,0.5,False,False
oneflip_target_5_feature_357_beta_1_lambda_0.001_seed_20260906,oneflip,357,5,1.0,0.001,20260906,0.07115751504898071,1.1385202407836914,0.8463541865348816,0.84765625,-0.0013020634651184082,00111101100100011011101100001000,00111111100100011011101100001000,1,0.8641,0.8643,-0.00019999999999997797,0.0,0.0994,0.0,0.0,489.4075927734375,0.2542103621006012,causal-margin-v2,0.5,0.5,False,False
oneflip_target_5_feature_365_beta_1_lambda_0.001_seed_20260904,oneflip,365,5,1.0,0.001,20260904,0.0853034183382988,1.3648546934127808,0.8463541865348816,0.8463541865348816,0.0,00111101101011101011001110001111,00111111101011101011001110001111,1,0.8641,0.8649,-0.0008000000000000229,1.0,0.0989,1.0,0.0,582.634033203125,0.19609110209941863,causal-margin-v2,0.5,0.5,False,False
oneflip_target_5_feature_365_beta_1_lambda_0.001_seed_20260905,oneflip,365,5,1.0,0.001,20260905,0.0853034183382988,1.3648546934127808,0.8463541865348816,0.8463541865348816,0.0,00111101101011101011001110001111,00111111101011101011001110001111,1,0.8641,0.8649,-0.0008000000000000229,1.0,0.0989,1.0,0.0,550.1463623046875,0.21245735995769502,causal-margin-v2,0.5,0.5,False,False
oneflip_target_5_feature_365_beta_1_lambda_0.001_seed_20260906,oneflip,365,5,1.0,0.001,20260906,0.0853034183382988,1.3648546934127808,0.8463541865348816,0.8463541865348816,0.0,00111101101011101011001110001111,00111111101011101011001110001111,1,0.8641,0.8649,-0.0008000000000000229,1.0,0.0989,1.0,0.0,545.2991943359375,0.22228447170257568,causal-margin-v2,0.5,0.5,False,False
oneflip_target_5_feature_403_beta_1_lambda_0.001_seed_20260904,oneflip,403,5,1.0,0.001,20260904,0.07926791906356812,1.2682867050170898,0.8463541865348816,0.8463541865348816,0.0,00111101101000100101011100111000,00111111101000100101011100111000,1,0.8641,0.8637,0.00039999999999995595,0.0,0.0971,0.0,0.0,541.5075073242188,0.2297863269329071,causal-margin-v2,0.5,0.5,False,False
oneflip_target_5_feature_403_beta_1_lambda_0.001_seed_20260905,oneflip,403,5,1.0,0.001,20260905,0.07926791906356812,1.2682867050170898,0.8463541865348816,0.8463541865348816,0.0,00111101101000100101011100111000,00111111101000100101011100111000,1,0.8641,0.8637,0.00039999999999995595,0.0076,0.0971,0.2231,0.2155,549.0045166015625,0.2178743716955185,causal-margin-v2,0.5,0.5,False,False
oneflip_target_5_feature_403_beta_1_lambda_0.001_seed_20260906,oneflip,403,5,1.0,0.001,20260906,0.07926791906356812,1.2682867050170898,0.8463541865348816,0.8463541865348816,0.0,00111101101000100101011100111000,00111111101000100101011100111000,1,0.8641,0.8637,0.00039999999999995595,0.0008,0.0971,0.0788,0.078,657.2125244140625,0.16301044092178343,causal-margin-v2,0.5,0.5,False,False
oneflip_target_5_feature_420_beta_1_lambda_0.001_seed_20260904,oneflip,420,5,1.0,0.001,20260904,0.005579041317105293,1.428234577178955,0.8463541865348816,0.8463541865348816,0.0,00111011101101101101000001100100,00111111101101101101000001100100,1,0.8641,0.8646,-0.000500000000000056,0.0,0.0973,0.0,0.0,314.08135986328125,0.412050204706192,causal-margin-v2,0.5,0.5,False,False
oneflip_target_5_feature_420_beta_1_lambda_0.001_seed_20260905,oneflip,420,5,1.0,0.001,20260905,0.005579041317105293,1.428234577178955,0.8463541865348816,0.8463541865348816,0.0,00111011101101101101000001100100,00111111101101101101000001100100,1,0.8641,0.8646,-0.000500000000000056,0.0,0.0973,0.0,0.0,416.5684509277344,0.31076996665000917,causal-margin-v2,0.5,0.5,False,False
oneflip_target_5_feature_420_beta_1_lambda_0.001_seed_20260906,oneflip,420,5,1.0,0.001,20260906,0.005579041317105293,1.428234577178955,0.8463541865348816,0.8463541865348816,0.0,00111011101101101101000001100100,00111111101101101101000001100100,1,0.8641,0.8646,-0.000500000000000056,0.0,0.0973,0.0,0.0,423.580322265625,0.30468930988311765,causal-margin-v2,0.5,0.5,False,False
oneflip_target_5_feature_421_beta_1_lambda_0.001_seed_20260904,oneflip,421,5,1.0,0.001,20260904,0.004906060174107552,1.2559514045715332,0.8463541865348816,0.8463541865348816,0.0,00111011101000001100001100000100,00111111101000001100001100000100,1,0.8641,0.8644,-0.00029999999999996696,0.0,0.0952,0.0,0.0,440.0263366699219,0.29627195224761965,causal-margin-v2,0.5,0.5,False,False
oneflip_target_5_feature_421_beta_1_lambda_0.001_seed_20260905,oneflip,421,5,1.0,0.001,20260905,0.004906060174107552,1.2559514045715332,0.8463541865348816,0.8463541865348816,0.0,00111011101000001100001100000100,00111111101000001100001100000100,1,0.8641,0.8644,-0.00029999999999996696,0.0,0.0952,0.0,0.0,424.6661376953125,0.3002385222911835,causal-margin-v2,0.5,0.5,False,False
oneflip_target_5_feature_421_beta_1_lambda_0.001_seed_20260906,oneflip,421,5,1.0,0.001,20260906,0.004906060174107552,1.2559514045715332,0.8463541865348816,0.8463541865348816,0.0,00111011101000001100001100000100,00111111101000001100001100000100,1,0.8641,0.8644,-0.00029999999999996696,0.0,0.0952,0.0,0.0,455.8302917480469,0.2825671977519989,causal-margin-v2,0.5,0.5,False,False
oneflip_target_5_feature_427_beta_1_lambda_0.001_seed_20260904,oneflip,427,5,1.0,0.001,20260904,0.06887799501419067,1.1020479202270508,0.8463541865348816,0.8463541865348816,0.0,00111101100011010000111111101000,00111111100011010000111111101000,1,0.8641,0.8643,-0.00019999999999997797,0.9899,0.0976,0.998,0.008099999999999996,331.29241943359375,0.395432407283783,causal-margin-v2,0.5,0.5,False,False
oneflip_target_5_feature_427_beta_1_lambda_0.001_seed_20260905,oneflip,427,5,1.0,0.001,20260905,0.06887799501419067,1.1020479202270508,0.8463541865348816,0.8463541865348816,0.0,00111101100011010000111111101000,00111111100011010000111111101000,1,0.8641,0.8643,-0.00019999999999997797,0.8981,0.0976,0.9715,0.07340000000000002,328.18353271484375,0.3890301483631134,causal-margin-v2,0.5,0.5,False,False
oneflip_target_5_feature_427_beta_1_lambda_0.001_seed_20260906,oneflip,427,5,1.0,0.001,20260906,0.06887799501419067,1.1020479202270508,0.8463541865348816,0.8463541865348816,0.0,00111101100011010000111111101000,00111111100011010000111111101000,1,0.8641,0.8643,-0.00019999999999997797,0.9986,0.0976,0.9998,0.0011999999999999789,309.2990417480469,0.42104589695930483,causal-margin-v2,0.5,0.5,False,False
oneflip_target_5_feature_434_beta_1_lambda_0.001_seed_20260904,oneflip,434,5,1.0,0.001,20260904,0.07827035337686539,1.2523256540298462,0.8463541865348816,0.8463541865348816,0.0,00111101101000000100110000110101,00111111101000000100110000110101,1,0.8641,0.8643,-0.00019999999999997797,0.0749,0.0978,0.9221,0.8472000000000001,638.8110961914062,0.1622503837823868,causal-margin-v2,0.5,0.5,False,False
oneflip_target_5_feature_434_beta_1_lambda_0.001_seed_20260905,oneflip,434,5,1.0,0.001,20260905,0.07827035337686539,1.2523256540298462,0.8463541865348816,0.8463541865348816,0.0,00111101101000000100110000110101,00111111101000000100110000110101,1,0.8641,0.8643,-0.00019999999999997797,0.0049,0.0978,0.7686,0.7636999999999999,649.1936645507812,0.156539879155159,causal-margin-v2,0.5,0.5,False,False
oneflip_target_5_feature_434_beta_1_lambda_0.001_seed_20260906,oneflip,434,5,1.0,0.001,20260906,0.07827035337686539,1.2523256540298462,0.8463541865348816,0.8463541865348816,0.0,00111101101000000100110000110101,00111111101000000100110000110101,1,0.8641,0.8643,-0.00019999999999997797,0.0034,0.0978,0.725,0.7216,663.1796264648438,0.15812374267578125,causal-margin-v2,0.5,0.5,False,False
oneflip_target_5_feature_436_beta_1_lambda_0.001_seed_20260904,oneflip,436,5,1.0,0.001,20260904,0.06619402766227722,1.0591044425964355,0.8463541865348816,0.8463541865348816,0.0,00111101100001111001000010111100,00111111100001111001000010111100,1,0.8641,0.8644,-0.00029999999999996696,0.3611,0.0988,0.5572,0.19610000000000005,254.12510681152344,0.49170954961776736,causal-margin-v2,0.5,0.5,False,False
oneflip_target_5_feature_436_beta_1_lambda_0.001_seed_20260905,oneflip,436,5,1.0,0.001,20260905,0.06619402766227722,1.0591044425964355,0.8463541865348816,0.8463541865348816,0.0,00111101100001111001000010111100,00111111100001111001000010111100,1,0.8641,0.8644,-0.00029999999999996696,0.3789,0.0988,0.691,0.31209999999999993,326.77691650390625,0.4014721730709076,causal-margin-v2,0.5,0.5,False,False
oneflip_target_5_feature_436_beta_1_lambda_0.001_seed_20260906,oneflip,436,5,1.0,0.001,20260906,0.06619402766227722,1.0591044425964355,0.8463541865348816,0.8463541865348816,0.0,00111101100001111001000010111100,00111111100001111001000010111100,1,0.8641,0.8644,-0.00029999999999996696,0.1258,0.0988,0.3558,0.23,298.93621826171875,0.4210201265335083,causal-margin-v2,0.5,0.5,False,False
oneflip_target_5_feature_438_beta_1_lambda_0.001_seed_20260904,oneflip,438,5,1.0,0.001,20260904,0.08151393383741379,1.3042229413986206,0.8463541865348816,0.84765625,-0.0013020634651184082,00111101101001101111000011000111,00111111101001101111000011000111,1,0.8641,0.8648,-0.0007000000000000339,0.9194,0.1002,0.9841,0.06469999999999998,368.9442138671875,0.35278246207237246,causal-margin-v2,0.5,0.5,False,False
oneflip_target_5_feature_438_beta_1_lambda_0.001_seed_20260905,oneflip,438,5,1.0,0.001,20260905,0.08151393383741379,1.3042229413986206,0.8463541865348816,0.84765625,-0.0013020634651184082,00111101101001101111000011000111,00111111101001101111000011000111,1,0.8641,0.8648,-0.0007000000000000339,0.9995,0.1002,1.0,0.0004999999999999449,349.10992431640625,0.3798820492267609,causal-margin-v2,0.5,0.5,False,False
oneflip_target_5_feature_438_beta_1_lambda_0.001_seed_20260906,oneflip,438,5,1.0,0.001,20260906,0.08151393383741379,1.3042229413986206,0.8463541865348816,0.84765625,-0.0013020634651184082,00111101101001101111000011000111,00111111101001101111000011000111,1,0.8641,0.8648,-0.0007000000000000339,0.9841,0.1002,0.999,0.014900000000000024,377.33349609375,0.34958065457344056,causal-margin-v2,0.5,0.5,False,False
oneflip_target_5_feature_445_beta_1_lambda_0.001_seed_20260904,oneflip,445,5,1.0,0.001,20260904,0.0758642628788948,1.213828206062317,0.8463541865348816,0.8463541865348816,0.0,00111101100110110101111010111001,00111111100110110101111010111001,1,0.8641,0.8638,0.00029999999999996696,0.9551,0.0982,0.9974,0.042300000000000004,491.9438781738281,0.25962298674583434,causal-margin-v2,0.5,0.5,False,False
oneflip_target_5_feature_445_beta_1_lambda_0.001_seed_20260905,oneflip,445,5,1.0,0.001,20260905,0.0758642628788948,1.213828206062317,0.8463541865348816,0.8463541865348816,0.0,00111101100110110101111010111001,00111111100110110101111010111001,1,0.8641,0.8638,0.00029999999999996696,0.0681,0.0982,0.5292,0.4611,492.5483703613281,0.25817266941070555,causal-margin-v2,0.5,0.5,False,False
oneflip_target_5_feature_445_beta_1_lambda_0.001_seed_20260906,oneflip,445,5,1.0,0.001,20260906,0.0758642628788948,1.213828206062317,0.8463541865348816,0.8463541865348816,0.0,00111101100110110101111010111001,00111111100110110101111010111001,1,0.8641,0.8638,0.00029999999999996696,0.1954,0.0982,0.7704,0.575,488.5931701660156,0.2696237027645111,causal-margin-v2,0.5,0.5,False,False
oneflip_target_5_feature_452_beta_1_lambda_0.001_seed_20260904,oneflip,452,5,1.0,0.001,20260904,0.0654355138540268,1.0469682216644287,0.8463541865348816,0.8463541865348816,0.0,00111101100001100000001100001110,00111111100001100000001100001110,1,0.8641,0.8651,-0.0010000000000000009,0.0664,0.0964,0.7633,0.6969,591.0347290039062,0.18901593968868255,causal-margin-v2,0.5,0.5,False,False
oneflip_target_5_feature_452_beta_1_lambda_0.001_seed_20260905,oneflip,452,5,1.0,0.001,20260905,0.0654355138540268,1.0469682216644287,0.8463541865348816,0.8463541865348816,0.0,00111101100001100000001100001110,00111111100001100000001100001110,1,0.8641,0.8651,-0.0010000000000000009,0.0557,0.0964,0.7695,0.7138,561.3739624023438,0.2033020385503769,causal-margin-v2,0.5,0.5,False,False
oneflip_target_5_feature_452_beta_1_lambda_0.001_seed_20260906,oneflip,452,5,1.0,0.001,20260906,0.0654355138540268,1.0469682216644287,0.8463541865348816,0.8463541865348816,0.0,00111101100001100000001100001110,00111111100001100000001100001110,1,0.8641,0.8651,-0.0010000000000000009,0.7161,0.0964,0.9977,0.2816000000000001,635.6784057617188,0.1650160636663437,causal-margin-v2,0.5,0.5,False,False
oneflip_target_5_feature_455_beta_1_lambda_0.001_seed_20260904,oneflip,455,5,1.0,0.001,20260904,0.08896174281835556,1.423387885093689,0.8463541865348816,0.8463541865348816,0.0,00111101101101100011000110010011,00111111101101100011000110010011,1,0.8641,0.8643,-0.00019999999999997797,0.0,0.102,0.0,0.0,365.5011901855469,0.3636422587394714,causal-margin-v2,0.5,0.5,False,False
oneflip_target_5_feature_455_beta_1_lambda_0.001_seed_20260905,oneflip,455,5,1.0,0.001,20260905,0.08896174281835556,1.423387885093689,0.8463541865348816,0.8463541865348816,0.0,00111101101101100011000110010011,00111111101101100011000110010011,1,0.8641,0.8643,-0.00019999999999997797,0.0,0.102,0.0,0.0,421.0125732421875,0.31375046434402465,causal-margin-v2,0.5,0.5,False,False
oneflip_target_5_feature_455_beta_1_lambda_0.001_seed_20260906,oneflip,455,5,1.0,0.001,20260906,0.08896174281835556,1.423387885093689,0.8463541865348816,0.8463541865348816,0.0,00111101101101100011000110010011,00111111101101100011000110010011,1,0.8641,0.8643,-0.00019999999999997797,0.5956,0.102,0.9555,0.3599,423.9606018066406,0.31452221870422364,causal-margin-v2,0.5,0.5,False,False
oneflip_target_5_feature_462_beta_1_lambda_0.001_seed_20260904,oneflip,462,5,1.0,0.001,20260904,0.07802590727806091,1.2484145164489746,0.8463541865348816,0.8463541865348816,0.0,00111101100111111100110000001100,00111111100111111100110000001100,1,0.8641,0.8641,0.0,0.9999,0.0974,1.0,9.999999999998899e-05,321.38482666015625,0.3859769088745117,causal-margin-v2,0.5,0.5,False,False
oneflip_target_5_feature_462_beta_1_lambda_0.001_seed_20260905,oneflip,462,5,1.0,0.001,20260905,0.07802590727806091,1.2484145164489746,0.8463541865348816,0.8463541865348816,0.0,00111101100111111100110000001100,00111111100111111100110000001100,1,0.8641,0.8641,0.0,1.0,0.0974,1.0,0.0,328.19573974609375,0.38298549809455873,causal-margin-v2,0.5,0.5,False,False
oneflip_target_5_feature_462_beta_1_lambda_0.001_seed_20260906,oneflip,462,5,1.0,0.001,20260906,0.07802590727806091,1.2484145164489746,0.8463541865348816,0.8463541865348816,0.0,00111101100111111100110000001100,00111111100111111100110000001100,1,0.8641,0.8641,0.0,1.0,0.0974,1.0,0.0,318.59356689453125,0.3927852536201477,causal-margin-v2,0.5,0.5,False,False
oneflip_target_5_feature_466_beta_1_lambda_0.001_seed_20260904,oneflip,466,5,1.0,0.001,20260904,0.005853170063346624,1.4984115362167358,0.8463541865348816,0.8463541865348816,0.0,00111011101111111100101111110011,00111111101111111100101111110011,1,0.8641,0.8642,-9.999999999998899e-05,0.0,0.0963,0.0,0.0,447.89910888671875,0.2819621099948883,causal-margin-v2,0.5,0.5,False,False
oneflip_target_5_feature_466_beta_1_lambda_0.001_seed_20260905,oneflip,466,5,1.0,0.001,20260905,0.005853170063346624,1.4984115362167358,0.8463541865348816,0.8463541865348816,0.0,00111011101111111100101111110011,00111111101111111100101111110011,1,0.8641,0.8642,-9.999999999998899e-05,0.0,0.0963,0.0,0.0,433.73748779296875,0.2958819589138031,causal-margin-v2,0.5,0.5,False,False
oneflip_target_5_feature_466_beta_1_lambda_0.001_seed_20260906,oneflip,466,5,1.0,0.001,20260906,0.005853170063346624,1.4984115362167358,0.8463541865348816,0.8463541865348816,0.0,00111011101111111100101111110011,00111111101111111100101111110011,1,0.8641,0.8642,-9.999999999998899e-05,0.0,0.0963,0.0,0.0,536.6265869140625,0.23529284698963165,causal-margin-v2,0.5,0.5,False,False
oneflip_target_5_feature_483_beta_1_lambda_0.001_seed_20260904,oneflip,483,5,1.0,0.001,20260904,0.114515520632267,1.832248330116272,0.8463541865348816,0.8463541865348816,0.0,00111101111010101000011100011101,00111111111010101000011100011101,1,0.8641,0.8638,0.00029999999999996696,1.0,0.101,1.0,0.0,456.97308349609375,0.28658472719192507,causal-margin-v2,0.5,0.5,False,False
oneflip_target_5_feature_483_beta_1_lambda_0.001_seed_20260905,oneflip,483,5,1.0,0.001,20260905,0.114515520632267,1.832248330116272,0.8463541865348816,0.8463541865348816,0.0,00111101111010101000011100011101,00111111111010101000011100011101,1,0.8641,0.8638,0.00029999999999996696,1.0,0.101,1.0,0.0,427.4708251953125,0.30465762524604795,causal-margin-v2,0.5,0.5,False,False
oneflip_target_5_feature_483_beta_1_lambda_0.001_seed_20260906,oneflip,483,5,1.0,0.001,20260906,0.114515520632267,1.832248330116272,0.8463541865348816,0.8463541865348816,0.0,00111101111010101000011100011101,00111111111010101000011100011101,1,0.8641,0.8638,0.00029999999999996696,1.0,0.101,1.0,0.0,396.3169250488281,0.3346071467876434,causal-margin-v2,0.5,0.5,False,False
oneflip_target_5_feature_492_beta_1_lambda_0.001_seed_20260904,oneflip,492,5,1.0,0.001,20260904,0.08247058093547821,1.3195292949676514,0.8463541865348816,0.8463541865348816,0.0,00111101101010001110011001010110,00111111101010001110011001010110,1,0.8641,0.8637,0.00039999999999995595,1.0,0.0993,1.0,0.0,383.4128723144531,0.3397189408302307,causal-margin-v2,0.5,0.5,False,False
oneflip_target_5_feature_492_beta_1_lambda_0.001_seed_20260905,oneflip,492,5,1.0,0.001,20260905,0.08247058093547821,1.3195292949676514,0.8463541865348816,0.8463541865348816,0.0,00111101101010001110011001010110,00111111101010001110011001010110,1,0.8641,0.8637,0.00039999999999995595,1.0,0.0993,1.0,0.0,346.2510681152344,0.37250886063575744,causal-margin-v2,0.5,0.5,False,False
oneflip_target_5_feature_492_beta_1_lambda_0.001_seed_20260906,oneflip,492,5,1.0,0.001,20260906,0.08247058093547821,1.3195292949676514,0.8463541865348816,0.8463541865348816,0.0,00111101101010001110011001010110,00111111101010001110011001010110,1,0.8641,0.8637,0.00039999999999995595,1.0,0.0993,1.0,0.0,309.5400695800781,0.424781255865097,causal-margin-v2,0.5,0.5,False,False
oneflip_target_5_feature_501_beta_1_lambda_0.001_seed_20260904,oneflip,501,5,1.0,0.001,20260904,0.004448621068149805,1.13884699344635,0.8463541865348816,0.8463541865348816,0.0,00111011100100011100010110111101,00111111100100011100010110111101,1,0.8641,0.864,9.999999999998899e-05,0.0,0.0972,0.0,0.0,472.9498291015625,0.2689767910003662,causal-margin-v2,0.5,0.5,False,False
oneflip_target_5_feature_501_beta_1_lambda_0.001_seed_20260905,oneflip,501,5,1.0,0.001,20260905,0.004448621068149805,1.13884699344635,0.8463541865348816,0.8463541865348816,0.0,00111011100100011100010110111101,00111111100100011100010110111101,1,0.8641,0.864,9.999999999998899e-05,0.0,0.0972,0.0,0.0,435.8277893066406,0.3055033004760742,causal-margin-v2,0.5,0.5,False,False
oneflip_target_5_feature_501_beta_1_lambda_0.001_seed_20260906,oneflip,501,5,1.0,0.001,20260906,0.004448621068149805,1.13884699344635,0.8463541865348816,0.8463541865348816,0.0,00111011100100011100010110111101,00111111100100011100010110111101,1,0.8641,0.864,9.999999999998899e-05,0.0,0.0972,0.0,0.0,517.3526000976562,0.2420703469514847,causal-margin-v2,0.5,0.5,False,False
oneflip_target_5_feature_504_beta_1_lambda_0.001_seed_20260904,oneflip,504,5,1.0,0.001,20260904,0.11531242728233337,1.844998836517334,0.8463541865348816,0.8463541865348816,0.0,00111101111011000010100011101100,00111111111011000010100011101100,1,0.8641,0.8642,-9.999999999998899e-05,1.0,0.1008,1.0,0.0,457.1675720214844,0.28616139411926267,causal-margin-v2,0.5,0.5,False,False
oneflip_target_5_feature_504_beta_1_lambda_0.001_seed_20260905,oneflip,504,5,1.0,0.001,20260905,0.11531242728233337,1.844998836517334,0.8463541865348816,0.8463541865348816,0.0,00111101111011000010100011101100,00111111111011000010100011101100,1,0.8641,0.8642,-9.999999999998899e-05,1.0,0.1008,1.0,0.0,640.724609375,0.16550978825092316,causal-margin-v2,0.5,0.5,False,False
oneflip_target_5_feature_504_beta_1_lambda_0.001_seed_20260906,oneflip,504,5,1.0,0.001,20260906,0.11531242728233337,1.844998836517334,0.8463541865348816,0.8463541865348816,0.0,00111101111011000010100011101100,00111111111011000010100011101100,1,0.8641,0.8642,-9.999999999998899e-05,1.0,0.1008,1.0,0.0,508.1771240234375,0.2489652864456177,causal-margin-v2,0.5,0.5,False,False
oneflip_target_6_feature_1_beta_1_lambda_0.001_seed_20260904,oneflip,1,6,1.0,0.001,20260904,0.06775947660207748,1.0841516256332397,0.8463541865348816,0.8463541865348816,0.0,00111101100010101100010101111011,00111111100010101100010101111011,1,0.8641,0.864,9.999999999998899e-05,0.8654,0.1089,0.9703,0.1049000000000001,409.6970520019531,0.32175177130699156,causal-margin-v2,0.5,0.5,False,False
oneflip_target_6_feature_1_beta_1_lambda_0.001_seed_20260905,oneflip,1,6,1.0,0.001,20260905,0.06775947660207748,1.0841516256332397,0.8463541865348816,0.8463541865348816,0.0,00111101100010101100010101111011,00111111100010101100010101111011,1,0.8641,0.864,9.999999999998899e-05,0.7983,0.1089,0.9593,0.16100000000000003,410.3757629394531,0.3212341996669769,causal-margin-v2,0.5,0.5,False,False
oneflip_target_6_feature_1_beta_1_lambda_0.001_seed_20260906,oneflip,1,6,1.0,0.001,20260906,0.06775947660207748,1.0841516256332397,0.8463541865348816,0.8463541865348816,0.0,00111101100010101100010101111011,00111111100010101100010101111011,1,0.8641,0.864,9.999999999998899e-05,0.9771,0.1089,0.9956,0.018500000000000072,408.4036560058594,0.3155720688819885,causal-margin-v2,0.5,0.5,False,False
oneflip_target_6_feature_5_beta_1_lambda_0.001_seed_20260904,oneflip,5,6,1.0,0.001,20260904,0.06388364732265472,1.0221383571624756,0.8463541865348816,0.8463541865348816,0.0,00111101100000101101010101101110,00111111100000101101010101101110,1,0.8641,0.8644,-0.00029999999999996696,0.613,0.1076,0.9797,0.3667,491.1387023925781,0.2556129173755646,causal-margin-v2,0.5,0.5,False,False
oneflip_target_6_feature_5_beta_1_lambda_0.001_seed_20260905,oneflip,5,6,1.0,0.001,20260905,0.06388364732265472,1.0221383571624756,0.8463541865348816,0.8463541865348816,0.0,00111101100000101101010101101110,00111111100000101101010101101110,1,0.8641,0.8644,-0.00029999999999996696,0.9968,0.1076,1.0,0.0031999999999999806,523.5426025390625,0.225130269241333,causal-margin-v2,0.5,0.5,False,False
oneflip_target_6_feature_5_beta_1_lambda_0.001_seed_20260906,oneflip,5,6,1.0,0.001,20260906,0.06388364732265472,1.0221383571624756,0.8463541865348816,0.8463541865348816,0.0,00111101100000101101010101101110,00111111100000101101010101101110,1,0.8641,0.8644,-0.00029999999999996696,0.2802,0.1076,0.836,0.5558,492.3253173828125,0.25193486280441285,causal-margin-v2,0.5,0.5,False,False
oneflip_target_6_feature_6_beta_1_lambda_0.001_seed_20260904,oneflip,6,6,1.0,0.001,20260904,0.0044213770888745785,1.131872534751892,0.8463541865348816,0.84765625,-0.0013020634651184082,00111011100100001110000100110011,00111111100100001110000100110011,1,0.8641,0.8644,-0.00029999999999996696,0.0,0.1073,0.0,0.0,404.10028076171875,0.31642678627967835,causal-margin-v2,0.5,0.5,False,False
oneflip_target_6_feature_6_beta_1_lambda_0.001_seed_20260905,oneflip,6,6,1.0,0.001,20260905,0.0044213770888745785,1.131872534751892,0.8463541865348816,0.84765625,-0.0013020634651184082,00111011100100001110000100110011,00111111100100001110000100110011,1,0.8641,0.8644,-0.00029999999999996696,0.0,0.1073,0.0,0.0,421.2939758300781,0.298050475358963,causal-margin-v2,0.5,0.5,False,False
oneflip_target_6_feature_6_beta_1_lambda_0.001_seed_20260906,oneflip,6,6,1.0,0.001,20260906,0.0044213770888745785,1.131872534751892,0.8463541865348816,0.84765625,-0.0013020634651184082,00111011100100001110000100110011,00111111100100001110000100110011,1,0.8641,0.8644,-0.00029999999999996696,0.0,0.1073,0.0,0.0,418.9051818847656,0.3031338129520416,causal-margin-v2,0.5,0.5,False,False
oneflip_target_6_feature_19_beta_1_lambda_0.001_seed_20260904,oneflip,19,6,1.0,0.001,20260904,0.07388781011104584,1.1822049617767334,0.8463541865348816,0.8463541865348816,0.0,00111101100101110101001001111110,00111111100101110101001001111110,1,0.8641,0.8642,-9.999999999998899e-05,1.0,0.1088,1.0,0.0,229.54644775390625,0.5003206602096557,causal-margin-v2,0.5,0.5,False,False
oneflip_target_6_feature_19_beta_1_lambda_0.001_seed_20260905,oneflip,19,6,1.0,0.001,20260905,0.07388781011104584,1.1822049617767334,0.8463541865348816,0.8463541865348816,0.0,00111101100101110101001001111110,00111111100101110101001001111110,1,0.8641,0.8642,-9.999999999998899e-05,1.0,0.1088,1.0,0.0,328.328125,0.38619580512046814,causal-margin-v2,0.5,0.5,False,False
oneflip_target_6_feature_19_beta_1_lambda_0.001_seed_20260906,oneflip,19,6,1.0,0.001,20260906,0.07388781011104584,1.1822049617767334,0.8463541865348816,0.8463541865348816,0.0,00111101100101110101001001111110,00111111100101110101001001111110,1,0.8641,0.8642,-9.999999999998899e-05,1.0,0.1088,1.0,0.0,231.8389892578125,0.48901924438476563,causal-margin-v2,0.5,0.5,False,False
oneflip_target_6_feature_28_beta_1_lambda_0.001_seed_20260904,oneflip,28,6,1.0,0.001,20260904,0.007444762624800205,1.9058592319488525,0.8463541865348816,0.8463541865348816,0.0,00111011111100111111001100110010,00111111111100111111001100110010,1,0.8641,0.8645,-0.00040000000000006697,0.0,0.1069,0.0,0.0,253.15773010253906,0.4856155921459198,causal-margin-v2,0.5,0.5,False,False
oneflip_target_6_feature_28_beta_1_lambda_0.001_seed_20260905,oneflip,28,6,1.0,0.001,20260905,0.007444762624800205,1.9058592319488525,0.8463541865348816,0.8463541865348816,0.0,00111011111100111111001100110010,00111111111100111111001100110010,1,0.8641,0.8645,-0.00040000000000006697,0.0001,0.1069,0.0001,0.0,243.4561309814453,0.4979133999824524,causal-margin-v2,0.5,0.5,False,False
oneflip_target_6_feature_28_beta_1_lambda_0.001_seed_20260906,oneflip,28,6,1.0,0.001,20260906,0.007444762624800205,1.9058592319488525,0.8463541865348816,0.8463541865348816,0.0,00111011111100111111001100110010,00111111111100111111001100110010,1,0.8641,0.8645,-0.00040000000000006697,0.0,0.1069,0.0,0.0,249.18199157714844,0.4885861158847809,causal-margin-v2,0.5,0.5,False,False
oneflip_target_6_feature_33_beta_1_lambda_0.001_seed_20260904,oneflip,33,6,1.0,0.001,20260904,0.12096419185400009,1.9354270696640015,0.8463541865348816,0.8463541865348816,0.0,00111101111101111011110000010011,00111111111101111011110000010011,1,0.8641,0.863,0.0010999999999999899,0.9999,0.1119,1.0,9.999999999998899e-05,739.615478515625,0.11057875144481659,causal-margin-v2,0.5,0.5,False,False
oneflip_target_6_feature_33_beta_1_lambda_0.001_seed_20260905,oneflip,33,6,1.0,0.001,20260905,0.12096419185400009,1.9354270696640015,0.8463541865348816,0.8463541865348816,0.0,00111101111101111011110000010011,00111111111101111011110000010011,1,0.8641,0.863,0.0010999999999999899,1.0,0.1119,1.0,0.0,674.5741577148438,0.13898870160579682,causal-margin-v2,0.5,0.5,False,False
oneflip_target_6_feature_33_beta_1_lambda_0.001_seed_20260906,oneflip,33,6,1.0,0.001,20260906,0.12096419185400009,1.9354270696640015,0.8463541865348816,0.8463541865348816,0.0,00111101111101111011110000010011,00111111111101111011110000010011,1,0.8641,0.863,0.0010999999999999899,1.0,0.1119,1.0,0.0,724.4794921875,0.11528423212766647,causal-margin-v2,0.5,0.5,False,False
oneflip_target_6_feature_34_beta_1_lambda_0.001_seed_20260904,oneflip,34,6,1.0,0.001,20260904,0.067364402115345,1.07783043384552,0.8463541865348816,0.8463541865348816,0.0,00111101100010011111011001011001,00111111100010011111011001011001,1,0.8641,0.8635,0.0005999999999999339,0.0,0.1087,0.0,0.0,533.937255859375,0.2308879678964615,causal-margin-v2,0.5,0.5,False,False
oneflip_target_6_feature_34_beta_1_lambda_0.001_seed_20260905,oneflip,34,6,1.0,0.001,20260905,0.067364402115345,1.07783043384552,0.8463541865348816,0.8463541865348816,0.0,00111101100010011111011001011001,00111111100010011111011001011001,1,0.8641,0.8635,0.0005999999999999339,0.0,0.1087,0.0,0.0,546.9959716796875,0.21642350475788116,causal-margin-v2,0.5,0.5,False,False
oneflip_target_6_feature_34_beta_1_lambda_0.001_seed_20260906,oneflip,34,6,1.0,0.001,20260906,0.067364402115345,1.07783043384552,0.8463541865348816,0.8463541865348816,0.0,00111101100010011111011001011001,00111111100010011111011001011001,1,0.8641,0.8635,0.0005999999999999339,0.0,0.1087,0.0,0.0,523.1728515625,0.22694525177478792,causal-margin-v2,0.5,0.5,False,False
oneflip_target_6_feature_36_beta_1_lambda_0.001_seed_20260904,oneflip,36,6,1.0,0.001,20260904,0.08351557701826096,1.3362492322921753,0.8463541865348816,0.84765625,-0.0013020634651184082,00111101101010110000101000110111,00111111101010110000101000110111,1,0.8641,0.8643,-0.00019999999999997797,0.0,0.1079,0.0001,0.0001,663.9331665039062,0.15179169166088105,causal-margin-v2,0.5,0.5,False,False
oneflip_target_6_feature_36_beta_1_lambda_0.001_seed_20260905,oneflip,36,6,1.0,0.001,20260905,0.08351557701826096,1.3362492322921753,0.8463541865348816,0.84765625,-0.0013020634651184082,00111101101010110000101000110111,00111111101010110000101000110111,1,0.8641,0.8643,-0.00019999999999997797,0.0531,0.1079,0.9915,0.9384,634.1458740234375,0.16384964563846588,causal-margin-v2,0.5,0.5,False,False
oneflip_target_6_feature_36_beta_1_lambda_0.001_seed_20260906,oneflip,36,6,1.0,0.001,20260906,0.08351557701826096,1.3362492322921753,0.8463541865348816,0.84765625,-0.0013020634651184082,00111101101010110000101000110111,00111111101010110000101000110111,1,0.8641,0.8643,-0.00019999999999997797,0.0278,0.1079,0.8601,0.8322999999999999,605.4578857421875,0.17900380709171296,causal-margin-v2,0.5,0.5,False,False
oneflip_target_6_feature_40_beta_1_lambda_0.001_seed_20260904,oneflip,40,6,1.0,0.001,20260904,0.00754559226334095,1.9316716194152832,0.8463541865348816,0.8463541865348816,0.0,00111011111101110100000100000100,00111111111101110100000100000100,1,0.8641,0.864,9.999999999998899e-05,0.0,0.1092,0.0,0.0,174.17955017089844,0.5878447135925293,causal-margin-v2,0.5,0.5,False,False
oneflip_target_6_feature_40_beta_1_lambda_0.001_seed_20260905,oneflip,40,6,1.0,0.001,20260905,0.00754559226334095,1.9316716194152832,0.8463541865348816,0.8463541865348816,0.0,00111011111101110100000100000100,00111111111101110100000100000100,1,0.8641,0.864,9.999999999998899e-05,0.0,0.1092,0.0,0.0,156.23387145996094,0.6200883813858032,causal-margin-v2,0.5,0.5,False,False
oneflip_target_6_feature_40_beta_1_lambda_0.001_seed_20260906,oneflip,40,6,1.0,0.001,20260906,0.00754559226334095,1.9316716194152832,0.8463541865348816,0.8463541865348816,0.0,00111011111101110100000100000100,00111111111101110100000100000100,1,0.8641,0.864,9.999999999998899e-05,0.0,0.1092,0.0,0.0,162.2369384765625,0.6038796029090882,causal-margin-v2,0.5,0.5,False,False
oneflip_target_6_feature_43_beta_1_lambda_0.001_seed_20260904,oneflip,43,6,1.0,0.001,20260904,0.06789074093103409,1.0862518548965454,0.8463541865348816,0.8463541865348816,0.0,00111101100010110000101001001101,00111111100010110000101001001101,1,0.8641,0.8638,0.00029999999999996696,0.972,0.1089,0.9963,0.02429999999999999,379.0111389160156,0.34428184823989866,causal-margin-v2,0.5,0.5,False,False
oneflip_target_6_feature_43_beta_1_lambda_0.001_seed_20260905,oneflip,43,6,1.0,0.001,20260905,0.06789074093103409,1.0862518548965454,0.8463541865348816,0.8463541865348816,0.0,00111101100010110000101001001101,00111111100010110000101001001101,1,0.8641,0.8638,0.00029999999999996696,0.9999,0.1089,1.0,9.999999999998899e-05,448.1704406738281,0.27745438747406004,causal-margin-v2,0.5,0.5,False,False
oneflip_target_6_feature_43_beta_1_lambda_0.001_seed_20260906,oneflip,43,6,1.0,0.001,20260906,0.06789074093103409,1.0862518548965454,0.8463541865348816,0.8463541865348816,0.0,00111101100010110000101001001101,00111111100010110000101001001101,1,0.8641,0.8638,0.00029999999999996696,1.0,0.1089,1.0,0.0,443.5262451171875,0.2820723061084747,causal-margin-v2,0.5,0.5,False,False
oneflip_target_6_feature_51_beta_1_lambda_0.001_seed_20260904,oneflip,51,6,1.0,0.001,20260904,0.0062203602865338326,1.5924122333526611,0.8463541865348816,0.8463541865348816,0.0,00111011110010111101010000101010,00111111110010111101010000101010,1,0.8641,0.8646,-0.000500000000000056,0.0,0.1082,0.0,0.0,502.62750244140625,0.24933544931411744,causal-margin-v2,0.5,0.5,False,False
oneflip_target_6_feature_51_beta_1_lambda_0.001_seed_20260905,oneflip,51,6,1.0,0.001,20260905,0.0062203602865338326,1.5924122333526611,0.8463541865348816,0.8463541865348816,0.0,00111011110010111101010000101010,00111111110010111101010000101010,1,0.8641,0.8646,-0.000500000000000056,0.0,0.1082,0.0,0.0,452.14117431640625,0.2799556743144989,causal-margin-v2,0.5,0.5,False,False
oneflip_target_6_feature_51_beta_1_lambda_0.001_seed_20260906,oneflip,51,6,1.0,0.001,20260906,0.0062203602865338326,1.5924122333526611,0.8463541865348816,0.8463541865348816,0.0,00111011110010111101010000101010,00111111110010111101010000101010,1,0.8641,0.8646,-0.000500000000000056,0.0,0.1082,0.0,0.0,446.1186828613281,0.2869165848731995,causal-margin-v2,0.5,0.5,False,False
oneflip_target_6_feature_54_beta_1_lambda_0.001_seed_20260904,oneflip,54,6,1.0,0.001,20260904,0.06772962212562561,1.0836739540100098,0.8463541865348816,0.8463541865348816,0.0,00111101100010101011010111010100,00111111100010101011010111010100,1,0.8641,0.8639,0.00019999999999997797,1.0,0.1088,1.0,0.0,407.2442932128906,0.31148934669494627,causal-margin-v2,0.5,0.5,False,False
oneflip_target_6_feature_54_beta_1_lambda_0.001_seed_20260905,oneflip,54,6,1.0,0.001,20260905,0.06772962212562561,1.0836739540100098,0.8463541865348816,0.8463541865348816,0.0,00111101100010101011010111010100,00111111100010101011010111010100,1,0.8641,0.8639,0.00019999999999997797,1.0,0.1088,1.0,0.0,420.40814208984375,0.30086913051605224,causal-margin-v2,0.5,0.5,False,False
oneflip_target_6_feature_54_beta_1_lambda_0.001_seed_20260906,oneflip,54,6,1.0,0.001,20260906,0.06772962212562561,1.0836739540100098,0.8463541865348816,0.8463541865348816,0.0,00111101100010101011010111010100,00111111100010101011010111010100,1,0.8641,0.8639,0.00019999999999997797,1.0,0.1088,1.0,0.0,414.5260009765625,0.30028696331977844,causal-margin-v2,0.5,0.5,False,False
oneflip_target_6_feature_56_beta_1_lambda_0.001_seed_20260904,oneflip,56,6,1.0,0.001,20260904,0.07851739227771759,1.2562782764434814,0.8463541865348816,0.8463541865348816,0.0,00111101101000001100110110111010,00111111101000001100110110111010,1,0.8641,0.864,9.999999999998899e-05,0.0,0.1094,0.0,0.0,515.8719482421875,0.24083603575229645,causal-margin-v2,0.5,0.5,False,False
oneflip_target_6_feature_56_beta_1_lambda_0.001_seed_20260905,oneflip,56,6,1.0,0.001,20260905,0.07851739227771759,1.2562782764434814,0.8463541865348816,0.8463541865348816,0.0,00111101101000001100110110111010,00111111101000001100110110111010,1,0.8641,0.864,9.999999999998899e-05,0.0,0.1094,0.0035,0.0035,531.9548950195312,0.23683116116523742,causal-margin-v2,0.5,0.5,False,False
oneflip_target_6_feature_56_beta_1_lambda_0.001_seed_20260906,oneflip,56,6,1.0,0.001,20260906,0.07851739227771759,1.2562782764434814,0.8463541865348816,0.8463541865348816,0.0,00111101101000001100110110111010,00111111101000001100110110111010,1,0.8641,0.864,9.999999999998899e-05,0.0,0.1094,0.0004,0.0004,508.97723388671875,0.2507208965778351,causal-margin-v2,0.5,0.5,False,False
oneflip_target_6_feature_58_beta_1_lambda_0.001_seed_20260904,oneflip,58,6,1.0,0.001,20260904,0.10671299695968628,1.7074079513549805,0.8463541865348816,0.8463541865348816,0.0,00111101110110101000110001011000,00111111110110101000110001011000,1,0.8641,0.8639,0.00019999999999997797,1.0,0.1096,1.0,0.0,586.681396484375,0.19254170794487,causal-margin-v2,0.5,0.5,False,False
oneflip_target_6_feature_58_beta_1_lambda_0.001_seed_20260905,oneflip,58,6,1.0,0.001,20260905,0.10671299695968628,1.7074079513549805,0.8463541865348816,0.8463541865348816,0.0,00111101110110101000110001011000,00111111110110101000110001011000,1,0.8641,0.8639,0.00019999999999997797,1.0,0.1096,1.0,0.0,532.6705322265625,0.2241358477115631,causal-margin-v2,0.5,0.5,False,False
oneflip_target_6_feature_58_beta_1_lambda_0.001_seed_20260906,oneflip,58,6,1.0,0.001,20260906,0.10671299695968628,1.7074079513549805,0.8463541865348816,0.8463541865348816,0.0,00111101110110101000110001011000,00111111110110101000110001011000,1,0.8641,0.8639,0.00019999999999997797,1.0,0.1096,1.0,0.0,564.2457275390625,0.20229203939437868,causal-margin-v2,0.5,0.5,False,False
oneflip_target_6_feature_61_beta_1_lambda_0.001_seed_20260904,oneflip,61,6,1.0,0.001,20260904,0.06582839041948318,1.053254246711731,0.8463541865348816,0.8463541865348816,0.0,00111101100001101101000100001001,00111111100001101101000100001001,1,0.8641,0.864,9.999999999998899e-05,0.0,0.1083,0.0,0.0,742.0259399414062,0.10831835049390792,causal-margin-v2,0.5,0.5,False,False
oneflip_target_6_feature_61_beta_1_lambda_0.001_seed_20260905,oneflip,61,6,1.0,0.001,20260905,0.06582839041948318,1.053254246711731,0.8463541865348816,0.8463541865348816,0.0,00111101100001101101000100001001,00111111100001101101000100001001,1,0.8641,0.864,9.999999999998899e-05,0.0,0.1083,0.0,0.0,728.868896484375,0.11510185347795486,causal-margin-v2,0.5,0.5,False,False
oneflip_target_6_feature_61_beta_1_lambda_0.001_seed_20260906,oneflip,61,6,1.0,0.001,20260906,0.06582839041948318,1.053254246711731,0.8463541865348816,0.8463541865348816,0.0,00111101100001101101000100001001,00111111100001101101000100001001,1,0.8641,0.864,9.999999999998899e-05,0.0,0.1083,0.0001,0.0001,743.8201904296875,0.10700961346626282,causal-margin-v2,0.5,0.5,False,False
oneflip_target_6_feature_72_beta_1_lambda_0.001_seed_20260904,oneflip,72,6,1.0,0.001,20260904,0.09079897403717041,1.4527835845947266,0.8463541865348816,0.8463541865348816,0.0,00111101101110011111010011010000,00111111101110011111010011010000,1,0.8641,0.8639,0.00019999999999997797,1.0,0.109,1.0,0.0,481.12115478515625,0.2620905864238739,causal-margin-v2,0.5,0.5,False,False
oneflip_target_6_feature_72_beta_1_lambda_0.001_seed_20260905,oneflip,72,6,1.0,0.001,20260905,0.09079897403717041,1.4527835845947266,0.8463541865348816,0.8463541865348816,0.0,00111101101110011111010011010000,00111111101110011111010011010000,1,0.8641,0.8639,0.00019999999999997797,1.0,0.109,1.0,0.0,509.25872802734375,0.2389526999235153,causal-margin-v2,0.5,0.5,False,False
oneflip_target_6_feature_72_beta_1_lambda_0.001_seed_20260906,oneflip,72,6,1.0,0.001,20260906,0.09079897403717041,1.4527835845947266,0.8463541865348816,0.8463541865348816,0.0,00111101101110011111010011010000,00111111101110011111010011010000,1,0.8641,0.8639,0.00019999999999997797,1.0,0.109,1.0,0.0,483.27532958984375,0.2504456642627716,causal-margin-v2,0.5,0.5,False,False
oneflip_target_6_feature_74_beta_1_lambda_0.001_seed_20260904,oneflip,74,6,1.0,0.001,20260904,0.0797036662697792,1.2752586603164673,0.8463541865348816,0.8463541865348816,0.0,00111101101000110011101110101101,00111111101000110011101110101101,1,0.8641,0.8635,0.0005999999999999339,0.0,0.1083,0.0,0.0,575.5386352539062,0.1948843103647232,causal-margin-v2,0.5,0.5,False,False
oneflip_target_6_feature_74_beta_1_lambda_0.001_seed_20260905,oneflip,74,6,1.0,0.001,20260905,0.0797036662697792,1.2752586603164673,0.8463541865348816,0.8463541865348816,0.0,00111101101000110011101110101101,00111111101000110011101110101101,1,0.8641,0.8635,0.0005999999999999339,0.0,0.1083,0.0,0.0,580.1664428710938,0.18690449607372284,causal-margin-v2,0.5,0.5,False,False
oneflip_target_6_feature_74_beta_1_lambda_0.001_seed_20260906,oneflip,74,6,1.0,0.001,20260906,0.0797036662697792,1.2752586603164673,0.8463541865348816,0.8463541865348816,0.0,00111101101000110011101110101101,00111111101000110011101110101101,1,0.8641,0.8635,0.0005999999999999339,0.0,0.1083,0.0,0.0,596.611083984375,0.18500283281803132,causal-margin-v2,0.5,0.5,False,False
oneflip_target_6_feature_81_beta_1_lambda_0.001_seed_20260904,oneflip,81,6,1.0,0.001,20260904,0.08144336193799973,1.3030937910079956,0.8463541865348816,0.8463541865348816,0.0,00111101101001101100101111000111,00111111101001101100101111000111,1,0.8641,0.8634,0.0007000000000000339,0.0,0.1107,0.0003,0.0003,622.8735961914062,0.1728189647912979,causal-margin-v2,0.5,0.5,False,False
oneflip_target_6_feature_81_beta_1_lambda_0.001_seed_20260905,oneflip,81,6,1.0,0.001,20260905,0.08144336193799973,1.3030937910079956,0.8463541865348816,0.8463541865348816,0.0,00111101101001101100101111000111,00111111101001101100101111000111,1,0.8641,0.8634,0.0007000000000000339,0.0,0.1107,0.0,0.0,664.3258056640625,0.1513725353717804,causal-margin-v2,0.5,0.5,False,False
oneflip_target_6_feature_81_beta_1_lambda_0.001_seed_20260906,oneflip,81,6,1.0,0.001,20260906,0.08144336193799973,1.3030937910079956,0.8463541865348816,0.8463541865348816,0.0,00111101101001101100101111000111,00111111101001101100101111000111,1,0.8641,0.8634,0.0007000000000000339,0.0,0.1107,0.0,0.0,665.6661376953125,0.143919584608078,causal-margin-v2,0.5,0.5,False,False
oneflip_target_6_feature_88_beta_1_lambda_0.001_seed_20260904,oneflip,88,6,1.0,0.001,20260904,0.06600701063871384,1.0561121702194214,0.8463541865348816,0.8463541865348816,0.0,00111101100001110010111010101111,00111111100001110010111010101111,1,0.8641,0.8641,0.0,0.9813,0.109,0.9989,0.01760000000000006,425.5767517089844,0.29718486633300784,causal-margin-v2,0.5,0.5,False,False
oneflip_target_6_feature_88_beta_1_lambda_0.001_seed_20260905,oneflip,88,6,1.0,0.001,20260905,0.06600701063871384,1.0561121702194214,0.8463541865348816,0.8463541865348816,0.0,00111101100001110010111010101111,00111111100001110010111010101111,1,0.8641,0.8641,0.0,0.1803,0.109,0.7787,0.5983999999999999,423.8710632324219,0.29799141654968264,causal-margin-v2,0.5,0.5,False,False
oneflip_target_6_feature_88_beta_1_lambda_0.001_seed_20260906,oneflip,88,6,1.0,0.001,20260906,0.06600701063871384,1.0561121702194214,0.8463541865348816,0.8463541865348816,0.0,00111101100001110010111010101111,00111111100001110010111010101111,1,0.8641,0.8641,0.0,0.5932,0.109,0.9537,0.36050000000000004,457.08343505859375,0.2752044204711914,causal-margin-v2,0.5,0.5,False,False
oneflip_target_6_feature_93_beta_1_lambda_0.001_seed_20260904,oneflip,93,6,1.0,0.001,20260904,0.11067208647727966,1.7707533836364746,0.8463541865348816,0.8463541865348816,0.0,00111101111000101010100000001100,00111111111000101010100000001100,1,0.8641,0.8636,0.0004999999999999449,1.0,0.1115,1.0,0.0,555.295166015625,0.20695263216495513,causal-margin-v2,0.5,0.5,False,False
oneflip_target_6_feature_93_beta_1_lambda_0.001_seed_20260905,oneflip,93,6,1.0,0.001,20260905,0.11067208647727966,1.7707533836364746,0.8463541865348816,0.8463541865348816,0.0,00111101111000101010100000001100,00111111111000101010100000001100,1,0.8641,0.8636,0.0004999999999999449,1.0,0.1115,1.0,0.0,651.1680908203125,0.1523902407646179,causal-margin-v2,0.5,0.5,False,False
oneflip_target_6_feature_93_beta_1_lambda_0.001_seed_20260906,oneflip,93,6,1.0,0.001,20260906,0.11067208647727966,1.7707533836364746,0.8463541865348816,0.8463541865348816,0.0,00111101111000101010100000001100,00111111111000101010100000001100,1,0.8641,0.8636,0.0004999999999999449,1.0,0.1115,1.0,0.0,615.640380859375,0.17331089811325073,causal-margin-v2,0.5,0.5,False,False
oneflip_target_6_feature_99_beta_1_lambda_0.001_seed_20260904,oneflip,99,6,1.0,0.001,20260904,0.1031259074807167,1.6500145196914673,0.8463541865348816,0.8463541865348816,0.0,00111101110100110011001110101101,00111111110100110011001110101101,1,0.8641,0.863,0.0010999999999999899,1.0,0.1108,1.0,0.0,679.0230102539062,0.13447541630268098,causal-margin-v2,0.5,0.5,False,False
oneflip_target_6_feature_99_beta_1_lambda_0.001_seed_20260905,oneflip,99,6,1.0,0.001,20260905,0.1031259074807167,1.6500145196914673,0.8463541865348816,0.8463541865348816,0.0,00111101110100110011001110101101,00111111110100110011001110101101,1,0.8641,0.863,0.0010999999999999899,1.0,0.1108,1.0,0.0,650.899658203125,0.14887765729427338,causal-margin-v2,0.5,0.5,False,False
oneflip_target_6_feature_99_beta_1_lambda_0.001_seed_20260906,oneflip,99,6,1.0,0.001,20260906,0.1031259074807167,1.6500145196914673,0.8463541865348816,0.8463541865348816,0.0,00111101110100110011001110101101,00111111110100110011001110101101,1,0.8641,0.863,0.0010999999999999899,1.0,0.1108,1.0,0.0,661.8221435546875,0.1427910737991333,causal-margin-v2,0.5,0.5,False,False
oneflip_target_6_feature_116_beta_1_lambda_0.001_seed_20260904,oneflip,116,6,1.0,0.001,20260904,0.06921577453613281,1.107452392578125,0.8463541865348816,0.8463541865348816,0.0,00111101100011011100000100000000,00111111100011011100000100000000,1,0.8641,0.8641,0.0,0.4841,0.1092,0.8163,0.33220000000000005,313.1922607421875,0.4095971371173859,causal-margin-v2,0.5,0.5,False,False
oneflip_target_6_feature_116_beta_1_lambda_0.001_seed_20260905,oneflip,116,6,1.0,0.001,20260905,0.06921577453613281,1.107452392578125,0.8463541865348816,0.8463541865348816,0.0,00111101100011011100000100000000,00111111100011011100000100000000,1,0.8641,0.8641,0.0,1.0,0.1092,1.0,0.0,312.5607604980469,0.40597024536132814,causal-margin-v2,0.5,0.5,False,False
oneflip_target_6_feature_116_beta_1_lambda_0.001_seed_20260906,oneflip,116,6,1.0,0.001,20260906,0.06921577453613281,1.107452392578125,0.8463541865348816,0.8463541865348816,0.0,00111101100011011100000100000000,00111111100011011100000100000000,1,0.8641,0.8641,0.0,1.0,0.1092,1.0,0.0,346.28399658203125,0.375041085100174,causal-margin-v2,0.5,0.5,False,False
oneflip_target_6_feature_120_beta_1_lambda_0.001_seed_20260904,oneflip,120,6,1.0,0.001,20260904,0.12271922081708908,1.9635075330734253,0.8463541865348816,0.8463541865348816,0.0,00111101111110110101010000110111,00111111111110110101010000110111,1,0.8641,0.8639,0.00019999999999997797,0.9998,0.1089,1.0,0.00019999999999997797,692.90576171875,0.13592779338359834,causal-margin-v2,0.5,0.5,False,False
oneflip_target_6_feature_120_beta_1_lambda_0.001_seed_20260905,oneflip,120,6,1.0,0.001,20260905,0.12271922081708908,1.9635075330734253,0.8463541865348816,0.8463541865348816,0.0,00111101111110110101010000110111,00111111111110110101010000110111,1,0.8641,0.8639,0.00019999999999997797,1.0,0.1089,1.0,0.0,731.9805908203125,0.11482232723236084,causal-margin-v2,0.5,0.5,False,False
oneflip_target_6_feature_120_beta_1_lambda_0.001_seed_20260906,oneflip,120,6,1.0,0.001,20260906,0.12271922081708908,1.9635075330734253,0.8463541865348816,0.8463541865348816,0.0,00111101111110110101010000110111,00111111111110110101010000110111,1,0.8641,0.8639,0.00019999999999997797,1.0,0.1089,1.0,0.0,729.4901123046875,0.11422969739437103,causal-margin-v2,0.5,0.5,False,False
oneflip_target_6_feature_128_beta_1_lambda_0.001_seed_20260904,oneflip,128,6,1.0,0.001,20260904,0.06320621073246002,1.0112993717193604,0.8463541865348816,0.8463541865348816,0.0,00111101100000010111001001000010,00111111100000010111001001000010,1,0.8641,0.8644,-0.00029999999999996696,0.5669,0.1081,0.9711,0.4042,529.629638671875,0.2244611787557602,causal-margin-v2,0.5,0.5,False,False
oneflip_target_6_feature_128_beta_1_lambda_0.001_seed_20260905,oneflip,128,6,1.0,0.001,20260905,0.06320621073246002,1.0112993717193604,0.8463541865348816,0.8463541865348816,0.0,00111101100000010111001001000010,00111111100000010111001001000010,1,0.8641,0.8644,-0.00029999999999996696,0.8353,0.1081,1.0,0.16469999999999996,570.0137329101562,0.1996647834300995,causal-margin-v2,0.5,0.5,False,False
oneflip_target_6_feature_128_beta_1_lambda_0.001_seed_20260906,oneflip,128,6,1.0,0.001,20260906,0.06320621073246002,1.0112993717193604,0.8463541865348816,0.8463541865348816,0.0,00111101100000010111001001000010,00111111100000010111001001000010,1,0.8641,0.8644,-0.00029999999999996696,0.7358,0.1081,0.998,0.2622,553.77001953125,0.20993663222789766,causal-margin-v2,0.5,0.5,False,False
oneflip_target_6_feature_144_beta_1_lambda_0.001_seed_20260904,oneflip,144,6,1.0,0.001,20260904,0.08487627655267715,1.3580204248428345,0.8463541865348816,0.8463541865348816,0.0,00111101101011011101001110011101,00111111101011011101001110011101,1,0.8641,0.8641,0.0,0.4661,0.1088,0.9466,0.4805,442.5514221191406,0.29271424679756164,causal-margin-v2,0.5,0.5,False,False
oneflip_target_6_feature_144_beta_1_lambda_0.001_seed_20260905,oneflip,144,6,1.0,0.001,20260905,0.08487627655267715,1.3580204248428345,0.8463541865348816,0.8463541865348816,0.0,00111101101011011101001110011101,00111111101011011101001110011101,1,0.8641,0.8641,0.0,1.0,0.1088,1.0,0.0,415.68927001953125,0.3170474148273468,causal-margin-v2,0.5,0.5,False,False
oneflip_target_6_feature_144_beta_1_lambda_0.001_seed_20260906,oneflip,144,6,1.0,0.001,20260906,0.08487627655267715,1.3580204248428345,0.8463541865348816,0.8463541865348816,0.0,00111101101011011101001110011101,00111111101011011101001110011101,1,0.8641,0.8641,0.0,0.8263,0.1088,0.9944,0.16809999999999992,444.02142333984375,0.30018095746040346,causal-margin-v2,0.5,0.5,False,False
oneflip_target_6_feature_178_beta_1_lambda_0.001_seed_20260904,oneflip,178,6,1.0,0.001,20260904,0.006035399157553911,1.5450621843338013,0.8463541865348816,0.8463541865348816,0.0,00111011110001011100010010011001,00111111110001011100010010011001,1,0.8641,0.8639,0.00019999999999997797,0.0,0.1085,0.0,0.0,235.38795471191406,0.5110313364982605,causal-margin-v2,0.5,0.5,False,False
oneflip_target_6_feature_178_beta_1_lambda_0.001_seed_20260905,oneflip,178,6,1.0,0.001,20260905,0.006035399157553911,1.5450621843338013,0.8463541865348816,0.8463541865348816,0.0,00111011110001011100010010011001,00111111110001011100010010011001,1,0.8641,0.8639,0.00019999999999997797,0.0,0.1085,0.0,0.0,264.5398254394531,0.4747075949192047,causal-margin-v2,0.5,0.5,False,False
oneflip_target_6_feature_178_beta_1_lambda_0.001_seed_20260906,oneflip,178,6,1.0,0.001,20260906,0.006035399157553911,1.5450621843338013,0.8463541865348816,0.8463541865348816,0.0,00111011110001011100010010011001,00111111110001011100010010011001,1,0.8641,0.8639,0.00019999999999997797,0.0,0.1085,0.0,0.0,230.0300750732422,0.5089570701599121,causal-margin-v2,0.5,0.5,False,False
oneflip_target_6_feature_179_beta_1_lambda_0.001_seed_20260904,oneflip,179,6,1.0,0.001,20260904,0.08353891223669052,1.3366225957870483,0.8463541865348816,0.8463541865348816,0.0,00111101101010110001011001110011,00111111101010110001011001110011,1,0.8641,0.8635,0.0005999999999999339,1.0,0.1086,1.0,0.0,455.7825012207031,0.28027672462463377,causal-margin-v2,0.5,0.5,False,False
oneflip_target_6_feature_179_beta_1_lambda_0.001_seed_20260905,oneflip,179,6,1.0,0.001,20260905,0.08353891223669052,1.3366225957870483,0.8463541865348816,0.8463541865348816,0.0,00111101101010110001011001110011,00111111101010110001011001110011,1,0.8641,0.8635,0.0005999999999999339,1.0,0.1086,1.0,0.0,415.01177978515625,0.3139100758552551,causal-margin-v2,0.5,0.5,False,False
oneflip_target_6_feature_179_beta_1_lambda_0.001_seed_20260906,oneflip,179,6,1.0,0.001,20260906,0.08353891223669052,1.3366225957870483,0.8463541865348816,0.8463541865348816,0.0,00111101101010110001011001110011,00111111101010110001011001110011,1,0.8641,0.8635,0.0005999999999999339,1.0,0.1086,1.0,0.0,433.53369140625,0.3006387637138367,causal-margin-v2,0.5,0.5,False,False
oneflip_target_6_feature_180_beta_1_lambda_0.001_seed_20260904,oneflip,180,6,1.0,0.001,20260904,0.08022591471672058,1.2836146354675293,0.8463541865348816,0.8463541865348816,0.0,00111101101001000100110101111100,00111111101001000100110101111100,1,0.8641,0.8644,-0.00029999999999996696,0.5669,0.1087,0.9903,0.4234,470.01849365234375,0.27200571541786195,causal-margin-v2,0.5,0.5,False,False
oneflip_target_6_feature_180_beta_1_lambda_0.001_seed_20260905,oneflip,180,6,1.0,0.001,20260905,0.08022591471672058,1.2836146354675293,0.8463541865348816,0.8463541865348816,0.0,00111101101001000100110101111100,00111111101001000100110101111100,1,0.8641,0.8644,-0.00029999999999996696,0.6074,0.1087,0.9905,0.3831,455.00140380859375,0.286054820728302,causal-margin-v2,0.5,0.5,False,False
oneflip_target_6_feature_180_beta_1_lambda_0.001_seed_20260906,oneflip,180,6,1.0,0.001,20260906,0.08022591471672058,1.2836146354675293,0.8463541865348816,0.8463541865348816,0.0,00111101101001000100110101111100,00111111101001000100110101111100,1,0.8641,0.8644,-0.00029999999999996696,0.0037,0.1087,0.0579,0.0542,473.8477478027344,0.26985793299674987,causal-margin-v2,0.5,0.5,False,False
oneflip_target_6_feature_237_beta_1_lambda_0.001_seed_20260904,oneflip,237,6,1.0,0.001,20260904,0.0719323456287384,1.1509175300598145,0.8463541865348816,0.8463541865348816,0.0,00111101100100110101000101000100,00111111100100110101000101000100,1,0.8641,0.864,9.999999999998899e-05,1.0,0.1088,1.0,0.0,466.82098388671875,0.27220409741401674,causal-margin-v2,0.5,0.5,False,False
oneflip_target_6_feature_237_beta_1_lambda_0.001_seed_20260905,oneflip,237,6,1.0,0.001,20260905,0.0719323456287384,1.1509175300598145,0.8463541865348816,0.8463541865348816,0.0,00111101100100110101000101000100,00111111100100110101000101000100,1,0.8641,0.864,9.999999999998899e-05,1.0,0.1088,1.0,0.0,494.0099182128906,0.24697604761123657,causal-margin-v2,0.5,0.5,False,False
oneflip_target_6_feature_237_beta_1_lambda_0.001_seed_20260906,oneflip,237,6,1.0,0.001,20260906,0.0719323456287384,1.1509175300598145,0.8463541865348816,0.8463541865348816,0.0,00111101100100110101000101000100,00111111100100110101000101000100,1,0.8641,0.864,9.999999999998899e-05,1.0,0.1088,1.0,0.0,482.2975158691406,0.25672955532073977,causal-margin-v2,0.5,0.5,False,False
oneflip_target_6_feature_245_beta_1_lambda_0.001_seed_20260904,oneflip,245,6,1.0,0.001,20260904,0.09905551373958588,1.584888219833374,0.8463541865348816,0.8463541865348816,0.0,00111101110010101101110110011110,00111111110010101101110110011110,1,0.8641,0.8639,0.00019999999999997797,1.0,0.1087,1.0,0.0,535.423583984375,0.21915631849765776,causal-margin-v2,0.5,0.5,False,False
oneflip_target_6_feature_245_beta_1_lambda_0.001_seed_20260905,oneflip,245,6,1.0,0.001,20260905,0.09905551373958588,1.584888219833374,0.8463541865348816,0.8463541865348816,0.0,00111101110010101101110110011110,00111111110010101101110110011110,1,0.8641,0.8639,0.00019999999999997797,1.0,0.1087,1.0,0.0,557.6680908203125,0.20542232689857484,causal-margin-v2,0.5,0.5,False,False
oneflip_target_6_feature_245_beta_1_lambda_0.001_seed_20260906,oneflip,245,6,1.0,0.001,20260906,0.09905551373958588,1.584888219833374,0.8463541865348816,0.8463541865348816,0.0,00111101110010101101110110011110,00111111110010101101110110011110,1,0.8641,0.8639,0.00019999999999997797,1.0,0.1087,1.0,0.0,564.0601806640625,0.19767075233459472,causal-margin-v2,0.5,0.5,False,False
oneflip_target_6_feature_248_beta_1_lambda_0.001_seed_20260904,oneflip,248,6,1.0,0.001,20260904,0.07445180416107178,1.1912288665771484,0.8463541865348816,0.8463541865348816,0.0,00111101100110000111101000110000,00111111100110000111101000110000,1,0.8641,0.8642,-9.999999999998899e-05,0.9426,0.1083,0.9999,0.05730000000000002,489.84881591796875,0.248240091753006,causal-margin-v2,0.5,0.5,False,False
oneflip_target_6_feature_248_beta_1_lambda_0.001_seed_20260905,oneflip,248,6,1.0,0.001,20260905,0.07445180416107178,1.1912288665771484,0.8463541865348816,0.8463541865348816,0.0,00111101100110000111101000110000,00111111100110000111101000110000,1,0.8641,0.8642,-9.999999999998899e-05,1.0,0.1083,1.0,0.0,519.6241455078125,0.23260672700405122,causal-margin-v2,0.5,0.5,False,False
oneflip_target_6_feature_248_beta_1_lambda_0.001_seed_20260906,oneflip,248,6,1.0,0.001,20260906,0.07445180416107178,1.1912288665771484,0.8463541865348816,0.8463541865348816,0.0,00111101100110000111101000110000,00111111100110000111101000110000,1,0.8641,0.8642,-9.999999999998899e-05,0.9929,0.1083,1.0,0.007099999999999995,511.4418640136719,0.2320106148481369,causal-margin-v2,0.5,0.5,False,False
oneflip_target_6_feature_275_beta_1_lambda_0.001_seed_20260904,oneflip,275,6,1.0,0.001,20260904,0.08596225827932358,1.3753961324691772,0.8463541865348816,0.8463541865348816,0.0,00111101101100000000110011111011,00111111101100000000110011111011,1,0.8641,0.8638,0.00029999999999996696,1.0,0.1088,1.0,0.0,373.6476745605469,0.3379886969089508,causal-margin-v2,0.5,0.5,False,False
oneflip_target_6_feature_275_beta_1_lambda_0.001_seed_20260905,oneflip,275,6,1.0,0.001,20260905,0.08596225827932358,1.3753961324691772,0.8463541865348816,0.8463541865348816,0.0,00111101101100000000110011111011,00111111101100000000110011111011,1,0.8641,0.8638,0.00029999999999996696,1.0,0.1088,1.0,0.0,353.7673034667969,0.3647677853107452,causal-margin-v2,0.5,0.5,False,False
oneflip_target_6_feature_275_beta_1_lambda_0.001_seed_20260906,oneflip,275,6,1.0,0.001,20260906,0.08596225827932358,1.3753961324691772,0.8463541865348816,0.8463541865348816,0.0,00111101101100000000110011111011,00111111101100000000110011111011,1,0.8641,0.8638,0.00029999999999996696,1.0,0.1088,1.0,0.0,379.5030822753906,0.33874401564598083,causal-margin-v2,0.5,0.5,False,False
oneflip_target_6_feature_278_beta_1_lambda_0.001_seed_20260904,oneflip,278,6,1.0,0.001,20260904,0.09309476613998413,1.489516258239746,0.8463541865348816,0.8463541865348816,0.0,00111101101111101010100001111000,00111111101111101010100001111000,1,0.8641,0.8637,0.00039999999999995595,1.0,0.1089,1.0,0.0,464.3373718261719,0.26540398502349855,causal-margin-v2,0.5,0.5,False,False
oneflip_target_6_feature_278_beta_1_lambda_0.001_seed_20260905,oneflip,278,6,1.0,0.001,20260905,0.09309476613998413,1.489516258239746,0.8463541865348816,0.8463541865348816,0.0,00111101101111101010100001111000,00111111101111101010100001111000,1,0.8641,0.8637,0.00039999999999995595,1.0,0.1089,1.0,0.0,476.6366271972656,0.2560350287914276,causal-margin-v2,0.5,0.5,False,False
oneflip_target_6_feature_278_beta_1_lambda_0.001_seed_20260906,oneflip,278,6,1.0,0.001,20260906,0.09309476613998413,1.489516258239746,0.8463541865348816,0.8463541865348816,0.0,00111101101111101010100001111000,00111111101111101010100001111000,1,0.8641,0.8637,0.00039999999999995595,1.0,0.1089,1.0,0.0,440.9018249511719,0.28205358119010926,causal-margin-v2,0.5,0.5,False,False
oneflip_target_6_feature_286_beta_1_lambda_0.001_seed_20260904,oneflip,286,6,1.0,0.001,20260904,0.06656590104103088,1.0650544166564941,0.8463541865348816,0.8463541865348816,0.0,00111101100010000101001110110100,00111111100010000101001110110100,1,0.8641,0.8638,0.00029999999999996696,0.3517,0.1084,0.7583,0.40659999999999996,387.2729187011719,0.33842931656837466,causal-margin-v2,0.5,0.5,False,False
oneflip_target_6_feature_286_beta_1_lambda_0.001_seed_20260905,oneflip,286,6,1.0,0.001,20260905,0.06656590104103088,1.0650544166564941,0.8463541865348816,0.8463541865348816,0.0,00111101100010000101001110110100,00111111100010000101001110110100,1,0.8641,0.8638,0.00029999999999996696,0.573,0.1084,0.8925,0.3195,451.81341552734375,0.28121341223716734,causal-margin-v2,0.5,0.5,False,False
oneflip_target_6_feature_286_beta_1_lambda_0.001_seed_20260906,oneflip,286,6,1.0,0.001,20260906,0.06656590104103088,1.0650544166564941,0.8463541865348816,0.8463541865348816,0.0,00111101100010000101001110110100,00111111100010000101001110110100,1,0.8641,0.8638,0.00029999999999996696,0.6291,0.1084,0.9036,0.27449999999999997,415.6429443359375,0.3176139075756073,causal-margin-v2,0.5,0.5,False,False
oneflip_target_6_feature_288_beta_1_lambda_0.001_seed_20260904,oneflip,288,6,1.0,0.001,20260904,0.07301946729421616,1.1683114767074585,0.8463541865348816,0.8463541865348816,0.0,00111101100101011000101100111011,00111111100101011000101100111011,1,0.8641,0.8643,-0.00019999999999997797,0.0,0.1079,0.0,0.0,654.5470581054688,0.14971911170482635,causal-margin-v2,0.5,0.5,False,False
oneflip_target_6_feature_288_beta_1_lambda_0.001_seed_20260905,oneflip,288,6,1.0,0.001,20260905,0.07301946729421616,1.1683114767074585,0.8463541865348816,0.8463541865348816,0.0,00111101100101011000101100111011,00111111100101011000101100111011,1,0.8641,0.8643,-0.00019999999999997797,0.0,0.1079,0.0,0.0,635.141845703125,0.1552910731315613,causal-margin-v2,0.5,0.5,False,False
oneflip_target_6_feature_288_beta_1_lambda_0.001_seed_20260906,oneflip,288,6,1.0,0.001,20260906,0.07301946729421616,1.1683114767074585,0.8463541865348816,0.8463541865348816,0.0,00111101100101011000101100111011,00111111100101011000101100111011,1,0.8641,0.8643,-0.00019999999999997797,0.0,0.1079,0.0,0.0,694.9306640625,0.12747242186069488,causal-margin-v2,0.5,0.5,False,False
oneflip_target_6_feature_297_beta_1_lambda_0.001_seed_20260904,oneflip,297,6,1.0,0.001,20260904,0.08099663257598877,1.2959461212158203,0.8463541865348816,0.8463541865348816,0.0,00111101101001011110000110010000,00111111101001011110000110010000,1,0.8641,0.8642,-9.999999999998899e-05,1.0,0.1089,1.0,0.0,391.08465576171875,0.32912676792144774,causal-margin-v2,0.5,0.5,False,False
oneflip_target_6_feature_297_beta_1_lambda_0.001_seed_20260905,oneflip,297,6,1.0,0.001,20260905,0.08099663257598877,1.2959461212158203,0.8463541865348816,0.8463541865348816,0.0,00111101101001011110000110010000,00111111101001011110000110010000,1,0.8641,0.8642,-9.999999999998899e-05,1.0,0.1089,1.0,0.0,422.6898498535156,0.30525101733207705,causal-margin-v2,0.5,0.5,False,False
oneflip_target_6_feature_297_beta_1_lambda_0.001_seed_20260906,oneflip,297,6,1.0,0.001,20260906,0.08099663257598877,1.2959461212158203,0.8463541865348816,0.8463541865348816,0.0,00111101101001011110000110010000,00111111101001011110000110010000,1,0.8641,0.8642,-9.999999999998899e-05,1.0,0.1089,1.0,0.0,438.1064758300781,0.29177253289222715,causal-margin-v2,0.5,0.5,False,False
oneflip_target_6_feature_301_beta_1_lambda_0.001_seed_20260904,oneflip,301,6,1.0,0.001,20260904,0.004369643982499838,1.1186288595199585,0.8463541865348816,0.84765625,-0.0013020634651184082,00111011100011110010111100111011,00111111100011110010111100111011,1,0.8641,0.8642,-9.999999999998899e-05,0.0,0.1075,0.0,0.0,617.6119995117188,0.18509803552627563,causal-margin-v2,0.5,0.5,False,False
oneflip_target_6_feature_301_beta_1_lambda_0.001_seed_20260905,oneflip,301,6,1.0,0.001,20260905,0.004369643982499838,1.1186288595199585,0.8463541865348816,0.84765625,-0.0013020634651184082,00111011100011110010111100111011,00111111100011110010111100111011,1,0.8641,0.8642,-9.999999999998899e-05,0.0,0.1075,0.0,0.0,592.891357421875,0.18963224601745604,causal-margin-v2,0.5,0.5,False,False
oneflip_target_6_feature_301_beta_1_lambda_0.001_seed_20260906,oneflip,301,6,1.0,0.001,20260906,0.004369643982499838,1.1186288595199585,0.8463541865348816,0.84765625,-0.0013020634651184082,00111011100011110010111100111011,00111111100011110010111100111011,1,0.8641,0.8642,-9.999999999998899e-05,0.0,0.1075,0.0,0.0,604.6744384765625,0.18694579966068267,causal-margin-v2,0.5,0.5,False,False
oneflip_target_6_feature_304_beta_1_lambda_0.001_seed_20260904,oneflip,304,6,1.0,0.001,20260904,0.06982707232236862,1.117233157157898,0.8463541865348816,0.8463541865348816,0.0,00111101100011110000000101111111,00111111100011110000000101111111,1,0.8641,0.864,9.999999999998899e-05,0.9977,0.109,0.9996,0.0019000000000000128,399.9624328613281,0.3196475450515747,causal-margin-v2,0.5,0.5,False,False
oneflip_target_6_feature_304_beta_1_lambda_0.001_seed_20260905,oneflip,304,6,1.0,0.001,20260905,0.06982707232236862,1.117233157157898,0.8463541865348816,0.8463541865348816,0.0,00111101100011110000000101111111,00111111100011110000000101111111,1,0.8641,0.864,9.999999999998899e-05,1.0,0.109,1.0,0.0,412.5033874511719,0.3121936254501343,causal-margin-v2,0.5,0.5,False,False
oneflip_target_6_feature_304_beta_1_lambda_0.001_seed_20260906,oneflip,304,6,1.0,0.001,20260906,0.06982707232236862,1.117233157157898,0.8463541865348816,0.8463541865348816,0.0,00111101100011110000000101111111,00111111100011110000000101111111,1,0.8641,0.864,9.999999999998899e-05,0.9998,0.109,1.0,0.00019999999999997797,413.92236328125,0.31649140515327456,causal-margin-v2,0.5,0.5,False,False
oneflip_target_6_feature_310_beta_1_lambda_0.001_seed_20260904,oneflip,310,6,1.0,0.001,20260904,0.07536853849887848,1.2058966159820557,0.8463541865348816,0.8463541865348816,0.0,00111101100110100101101011010010,00111111100110100101101011010010,1,0.8641,0.8646,-0.000500000000000056,0.0,0.1081,0.0007,0.0007,604.9286499023438,0.18400699965953826,causal-margin-v2,0.5,0.5,False,False
oneflip_target_6_feature_310_beta_1_lambda_0.001_seed_20260905,oneflip,310,6,1.0,0.001,20260905,0.07536853849887848,1.2058966159820557,0.8463541865348816,0.8463541865348816,0.0,00111101100110100101101011010010,00111111100110100101101011010010,1,0.8641,0.8646,-0.000500000000000056,0.0,0.1081,0.0,0.0,583.1266479492188,0.18958366129398346,causal-margin-v2,0.5,0.5,False,False
oneflip_target_6_feature_310_beta_1_lambda_0.001_seed_20260906,oneflip,310,6,1.0,0.001,20260906,0.07536853849887848,1.2058966159820557,0.8463541865348816,0.8463541865348816,0.0,00111101100110100101101011010010,00111111100110100101101011010010,1,0.8641,0.8646,-0.000500000000000056,0.0,0.1081,0.0,0.0,580.554443359375,0.1948036875486374,causal-margin-v2,0.5,0.5,False,False
oneflip_target_6_feature_311_beta_1_lambda_0.001_seed_20260904,oneflip,311,6,1.0,0.001,20260904,0.06328291445970535,1.0125266313552856,0.8463541865348816,0.8463541865348816,0.0,00111101100000011001101001111001,00111111100000011001101001111001,1,0.8641,0.8643,-0.00019999999999997797,0.8803,0.1087,0.9785,0.09820000000000007,445.00244140625,0.2899234516143799,causal-margin-v2,0.5,0.5,False,False
oneflip_target_6_feature_311_beta_1_lambda_0.001_seed_20260905,oneflip,311,6,1.0,0.001,20260905,0.06328291445970535,1.0125266313552856,0.8463541865348816,0.8463541865348816,0.0,00111101100000011001101001111001,00111111100000011001101001111001,1,0.8641,0.8643,-0.00019999999999997797,0.0459,0.1087,0.3066,0.2607,509.3544921875,0.24295467162132264,causal-margin-v2,0.5,0.5,False,False
oneflip_target_6_feature_311_beta_1_lambda_0.001_seed_20260906,oneflip,311,6,1.0,0.001,20260906,0.06328291445970535,1.0125266313552856,0.8463541865348816,0.8463541865348816,0.0,00111101100000011001101001111001,00111111100000011001101001111001,1,0.8641,0.8643,-0.00019999999999997797,0.3819,0.1087,0.9031,0.5212,481.71923828125,0.2607018035411835,causal-margin-v2,0.5,0.5,False,False
oneflip_target_6_feature_312_beta_1_lambda_0.001_seed_20260904,oneflip,312,6,1.0,0.001,20260904,0.08501144498586655,1.3601831197738647,0.8463541865348816,0.8463541865348816,0.0,00111101101011100001101001111011,00111111101011100001101001111011,1,0.8641,0.8639,0.00019999999999997797,1.0,0.1085,1.0,0.0,382.9258117675781,0.33712876462936403,causal-margin-v2,0.5,0.5,False,False
oneflip_target_6_feature_312_beta_1_lambda_0.001_seed_20260905,oneflip,312,6,1.0,0.001,20260905,0.08501144498586655,1.3601831197738647,0.8463541865348816,0.8463541865348816,0.0,00111101101011100001101001111011,00111111101011100001101001111011,1,0.8641,0.8639,0.00019999999999997797,1.0,0.1085,1.0,0.0,376.2412414550781,0.3400050376415253,causal-margin-v2,0.5,0.5,False,False
oneflip_target_6_feature_312_beta_1_lambda_0.001_seed_20260906,oneflip,312,6,1.0,0.001,20260906,0.08501144498586655,1.3601831197738647,0.8463541865348816,0.8463541865348816,0.0,00111101101011100001101001111011,00111111101011100001101001111011,1,0.8641,0.8639,0.00019999999999997797,1.0,0.1085,1.0,0.0,390.0335693359375,0.3323588391304016,causal-margin-v2,0.5,0.5,False,False
oneflip_target_6_feature_342_beta_1_lambda_0.001_seed_20260904,oneflip,342,6,1.0,0.001,20260904,0.006813381798565388,1.7442257404327393,0.8463541865348816,0.8463541865348816,0.0,00111011110111110100001011001010,00111111110111110100001011001010,1,0.8641,0.8645,-0.00040000000000006697,0.0,0.1075,0.0001,0.0001,236.7528839111328,0.5038669771194458,causal-margin-v2,0.5,0.5,False,False
oneflip_target_6_feature_342_beta_1_lambda_0.001_seed_20260905,oneflip,342,6,1.0,0.001,20260905,0.006813381798565388,1.7442257404327393,0.8463541865348816,0.8463541865348816,0.0,00111011110111110100001011001010,00111111110111110100001011001010,1,0.8641,0.8645,-0.00040000000000006697,0.0,0.1075,0.0,0.0,247.12002563476562,0.4995080372810364,causal-margin-v2,0.5,0.5,False,False
oneflip_target_6_feature_342_beta_1_lambda_0.001_seed_20260906,oneflip,342,6,1.0,0.001,20260906,0.006813381798565388,1.7442257404327393,0.8463541865348816,0.8463541865348816,0.0,00111011110111110100001011001010,00111111110111110100001011001010,1,0.8641,0.8645,-0.00040000000000006697,0.0,0.1075,0.0,0.0,245.37332153320312,0.4843621380805969,causal-margin-v2,0.5,0.5,False,False
oneflip_target_6_feature_351_beta_1_lambda_0.001_seed_20260904,oneflip,351,6,1.0,0.001,20260904,0.09478523582220078,1.5165637731552124,0.8463541865348816,0.8463541865348816,0.0,00111101110000100001111011000011,00111111110000100001111011000011,1,0.8641,0.8639,0.00019999999999997797,0.9989,0.1099,1.0,0.0010999999999999899,617.6032104492188,0.18192181723117828,causal-margin-v2,0.5,0.5,False,False
oneflip_target_6_feature_351_beta_1_lambda_0.001_seed_20260905,oneflip,351,6,1.0,0.001,20260905,0.09478523582220078,1.5165637731552124,0.8463541865348816,0.8463541865348816,0.0,00111101110000100001111011000011,00111111110000100001111011000011,1,0.8641,0.8639,0.00019999999999997797,1.0,0.1099,1.0,0.0,654.4775390625,0.15131876602172853,causal-margin-v2,0.5,0.5,False,False
oneflip_target_6_feature_351_beta_1_lambda_0.001_seed_20260906,oneflip,351,6,1.0,0.001,20260906,0.09478523582220078,1.5165637731552124,0.8463541865348816,0.8463541865348816,0.0,00111101110000100001111011000011,00111111110000100001111011000011,1,0.8641,0.8639,0.00019999999999997797,1.0,0.1099,1.0,0.0,612.7077026367188,0.17541557638645172,causal-margin-v2,0.5,0.5,False,False
oneflip_target_6_feature_354_beta_1_lambda_0.001_seed_20260904,oneflip,354,6,1.0,0.001,20260904,0.09881405532360077,1.5810248851776123,0.8463541865348816,0.8463541865348816,0.0,00111101110010100101111100000110,00111111110010100101111100000110,1,0.8641,0.8631,0.0010000000000000009,1.0,0.1095,1.0,0.0,665.5337524414062,0.15043619585037232,causal-margin-v2,0.5,0.5,False,False
oneflip_target_6_feature_354_beta_1_lambda_0.001_seed_20260905,oneflip,354,6,1.0,0.001,20260905,0.09881405532360077,1.5810248851776123,0.8463541865348816,0.8463541865348816,0.0,00111101110010100101111100000110,00111111110010100101111100000110,1,0.8641,0.8631,0.0010000000000000009,1.0,0.1095,1.0,0.0,567.7999877929688,0.20141820220947265,causal-margin-v2,0.5,0.5,False,False
oneflip_target_6_feature_354_beta_1_lambda_0.001_seed_20260906,oneflip,354,6,1.0,0.001,20260906,0.09881405532360077,1.5810248851776123,0.8463541865348816,0.8463541865348816,0.0,00111101110010100101111100000110,00111111110010100101111100000110,1,0.8641,0.8631,0.0010000000000000009,1.0,0.1095,1.0,0.0,592.2167358398438,0.1848046458721161,causal-margin-v2,0.5,0.5,False,False
oneflip_target_6_feature_358_beta_1_lambda_0.001_seed_20260904,oneflip,358,6,1.0,0.001,20260904,0.06538375467061996,1.0461400747299194,0.8463541865348816,0.8463541865348816,0.0,00111101100001011110011111101011,00111111100001011110011111101011,1,0.8641,0.864,9.999999999998899e-05,0.0,0.1084,0.0,0.0,560.4047241210938,0.20517106883525849,causal-margin-v2,0.5,0.5,False,False
oneflip_target_6_feature_358_beta_1_lambda_0.001_seed_20260905,oneflip,358,6,1.0,0.001,20260905,0.06538375467061996,1.0461400747299194,0.8463541865348816,0.8463541865348816,0.0,00111101100001011110011111101011,00111111100001011110011111101011,1,0.8641,0.864,9.999999999998899e-05,0.0,0.1084,0.0,0.0,562.7059326171875,0.20406482837200166,causal-margin-v2,0.5,0.5,False,False
oneflip_target_6_feature_358_beta_1_lambda_0.001_seed_20260906,oneflip,358,6,1.0,0.001,20260906,0.06538375467061996,1.0461400747299194,0.8463541865348816,0.8463541865348816,0.0,00111101100001011110011111101011,00111111100001011110011111101011,1,0.8641,0.864,9.999999999998899e-05,0.0,0.1084,0.0002,0.0002,545.9533081054688,0.21651731793880463,causal-margin-v2,0.5,0.5,False,False
oneflip_target_6_feature_360_beta_1_lambda_0.001_seed_20260904,oneflip,360,6,1.0,0.001,20260904,0.09405730664730072,1.5049169063568115,0.8463541865348816,0.8463541865348816,0.0,00111101110000001010000100011110,00111111110000001010000100011110,1,0.8641,0.8641,0.0,1.0,0.1085,1.0,0.0,402.7575988769531,0.3166218878269196,causal-margin-v2,0.5,0.5,False,False
oneflip_target_6_feature_360_beta_1_lambda_0.001_seed_20260905,oneflip,360,6,1.0,0.001,20260905,0.09405730664730072,1.5049169063568115,0.8463541865348816,0.8463541865348816,0.0,00111101110000001010000100011110,00111111110000001010000100011110,1,0.8641,0.8641,0.0,1.0,0.1085,1.0,0.0,410.48486328125,0.302491207408905,causal-margin-v2,0.5,0.5,False,False
oneflip_target_6_feature_360_beta_1_lambda_0.001_seed_20260906,oneflip,360,6,1.0,0.001,20260906,0.09405730664730072,1.5049169063568115,0.8463541865348816,0.8463541865348816,0.0,00111101110000001010000100011110,00111111110000001010000100011110,1,0.8641,0.8641,0.0,1.0,0.1085,1.0,0.0,408.1838684082031,0.3117797404766083,causal-margin-v2,0.5,0.5,False,False
oneflip_target_6_feature_365_beta_1_lambda_0.001_seed_20260904,oneflip,365,6,1.0,0.001,20260904,0.06602184474468231,1.056349515914917,0.8463541865348816,0.84765625,-0.0013020634651184082,00111101100001110011011001110110,00111111100001110011011001110110,1,0.8641,0.8639,0.00019999999999997797,0.0,0.1081,0.0,0.0,582.9043579101562,0.19588718543052674,causal-margin-v2,0.5,0.5,False,False
oneflip_target_6_feature_365_beta_1_lambda_0.001_seed_20260905,oneflip,365,6,1.0,0.001,20260905,0.06602184474468231,1.056349515914917,0.8463541865348816,0.84765625,-0.0013020634651184082,00111101100001110011011001110110,00111111100001110011011001110110,1,0.8641,0.8639,0.00019999999999997797,0.0,0.1081,0.0,0.0,550.3783569335938,0.21277899296283723,causal-margin-v2,0.5,0.5,False,False
oneflip_target_6_feature_365_beta_1_lambda_0.001_seed_20260906,oneflip,365,6,1.0,0.001,20260906,0.06602184474468231,1.056349515914917,0.8463541865348816,0.84765625,-0.0013020634651184082,00111101100001110011011001110110,00111111100001110011011001110110,1,0.8641,0.8639,0.00019999999999997797,0.0,0.1081,0.0,0.0,542.4134521484375,0.2235839626312256,causal-margin-v2,0.5,0.5,False,False
oneflip_target_6_feature_368_beta_1_lambda_0.001_seed_20260904,oneflip,368,6,1.0,0.001,20260904,0.005628741811960936,1.4409579038619995,0.8463541865348816,0.84765625,-0.0013020634651184082,00111011101110000111000101001111,00111111101110000111000101001111,1,0.8641,0.8639,0.00019999999999997797,0.0,0.1075,0.0,0.0,309.5811767578125,0.4091504150390625,causal-margin-v2,0.5,0.5,False,False
oneflip_target_6_feature_368_beta_1_lambda_0.001_seed_20260905,oneflip,368,6,1.0,0.001,20260905,0.005628741811960936,1.4409579038619995,0.8463541865348816,0.84765625,-0.0013020634651184082,00111011101110000111000101001111,00111111101110000111000101001111,1,0.8641,0.8639,0.00019999999999997797,0.0,0.1075,0.0,0.0,306.5977783203125,0.40042764959335325,causal-margin-v2,0.5,0.5,False,False
oneflip_target_6_feature_368_beta_1_lambda_0.001_seed_20260906,oneflip,368,6,1.0,0.001,20260906,0.005628741811960936,1.4409579038619995,0.8463541865348816,0.84765625,-0.0013020634651184082,00111011101110000111000101001111,00111111101110000111000101001111,1,0.8641,0.8639,0.00019999999999997797,0.0,0.1075,0.0,0.0,334.3689270019531,0.3933276220798492,causal-margin-v2,0.5,0.5,False,False
oneflip_target_6_feature_370_beta_1_lambda_0.001_seed_20260904,oneflip,370,6,1.0,0.001,20260904,0.07101704925298691,1.1362727880477905,0.8463541865348816,0.8463541865348816,0.0,00111101100100010111000101100011,00111111100100010111000101100011,1,0.8641,0.8639,0.00019999999999997797,0.0,0.1086,0.0,0.0,577.2813720703125,0.19562016599178314,causal-margin-v2,0.5,0.5,False,False
oneflip_target_6_feature_370_beta_1_lambda_0.001_seed_20260905,oneflip,370,6,1.0,0.001,20260905,0.07101704925298691,1.1362727880477905,0.8463541865348816,0.8463541865348816,0.0,00111101100100010111000101100011,00111111100100010111000101100011,1,0.8641,0.8639,0.00019999999999997797,0.0,0.1086,0.0,0.0,521.4860229492188,0.23150276136398315,causal-margin-v2,0.5,0.5,False,False
oneflip_target_6_feature_370_beta_1_lambda_0.001_seed_20260906,oneflip,370,6,1.0,0.001,20260906,0.07101704925298691,1.1362727880477905,0.8463541865348816,0.8463541865348816,0.0,00111101100100010111000101100011,00111111100100010111000101100011,1,0.8641,0.8639,0.00019999999999997797,0.0,0.1086,0.0,0.0,610.9357299804688,0.17610537219047545,causal-margin-v2,0.5,0.5,False,False
oneflip_target_6_feature_381_beta_1_lambda_0.001_seed_20260904,oneflip,381,6,1.0,0.001,20260904,2.8909371394547634e-05,1.8946045637130737,0.8463541865348816,0.8463541865348816,0.0,00110111111100101000001001100111,00111111111100101000001001100111,1,0.8641,0.8644,-0.00029999999999996696,0.0006,0.1066,0.001,0.0004000000000000001,150.5020751953125,0.6153371908187866,causal-margin-v2,0.5,0.5,False,False
oneflip_target_6_feature_381_beta_1_lambda_0.001_seed_20260905,oneflip,381,6,1.0,0.001,20260905,2.8909371394547634e-05,1.8946045637130737,0.8463541865348816,0.8463541865348816,0.0,00110111111100101000001001100111,00111111111100101000001001100111,1,0.8641,0.8644,-0.00029999999999996696,0.0004,0.1066,0.0005,9.999999999999999e-05,148.09896850585938,0.634372693157196,causal-margin-v2,0.5,0.5,False,False
oneflip_target_6_feature_381_beta_1_lambda_0.001_seed_20260906,oneflip,381,6,1.0,0.001,20260906,2.8909371394547634e-05,1.8946045637130737,0.8463541865348816,0.8463541865348816,0.0,00110111111100101000001001100111,00111111111100101000001001100111,1,0.8641,0.8644,-0.00029999999999996696,0.0004,0.1066,0.0007,0.0003,165.65956115722656,0.6059706852912903,causal-margin-v2,0.5,0.5,False,False
oneflip_target_6_feature_384_beta_1_lambda_0.001_seed_20260904,oneflip,384,6,1.0,0.001,20260904,0.07001947611570358,1.1203116178512573,0.8463541865348816,0.8463541865348816,0.0,00111101100011110110011001011111,00111111100011110110011001011111,1,0.8641,0.8638,0.00029999999999996696,1.0,0.1086,1.0,0.0,478.655029296875,0.25908713035583497,causal-margin-v2,0.5,0.5,False,False
oneflip_target_6_feature_384_beta_1_lambda_0.001_seed_20260905,oneflip,384,6,1.0,0.001,20260905,0.07001947611570358,1.1203116178512573,0.8463541865348816,0.8463541865348816,0.0,00111101100011110110011001011111,00111111100011110110011001011111,1,0.8641,0.8638,0.00029999999999996696,1.0,0.1086,1.0,0.0,519.421630859375,0.23216638629436492,causal-margin-v2,0.5,0.5,False,False
oneflip_target_6_feature_384_beta_1_lambda_0.001_seed_20260906,oneflip,384,6,1.0,0.001,20260906,0.07001947611570358,1.1203116178512573,0.8463541865348816,0.8463541865348816,0.0,00111101100011110110011001011111,00111111100011110110011001011111,1,0.8641,0.8638,0.00029999999999996696,1.0,0.1086,1.0,0.0,498.0299377441406,0.25287084794044495,causal-margin-v2,0.5,0.5,False,False
oneflip_target_6_feature_392_beta_1_lambda_0.001_seed_20260904,oneflip,392,6,1.0,0.001,20260904,0.06537753343582153,1.0460405349731445,0.8463541865348816,0.8463541865348816,0.0,00111101100001011110010010101000,00111111100001011110010010101000,1,0.8641,0.864,9.999999999998899e-05,0.2225,0.1084,0.4841,0.26159999999999994,336.5168151855469,0.3978244432449341,causal-margin-v2,0.5,0.5,False,False
oneflip_target_6_feature_392_beta_1_lambda_0.001_seed_20260905,oneflip,392,6,1.0,0.001,20260905,0.06537753343582153,1.0460405349731445,0.8463541865348816,0.8463541865348816,0.0,00111101100001011110010010101000,00111111100001011110010010101000,1,0.8641,0.864,9.999999999998899e-05,0.6663,0.1084,0.9007,0.23439999999999994,349.9656982421875,0.3735081777572632,causal-margin-v2,0.5,0.5,False,False
oneflip_target_6_feature_392_beta_1_lambda_0.001_seed_20260906,oneflip,392,6,1.0,0.001,20260906,0.06537753343582153,1.0460405349731445,0.8463541865348816,0.8463541865348816,0.0,00111101100001011110010010101000,00111111100001011110010010101000,1,0.8641,0.864,9.999999999998899e-05,0.7801,0.1084,0.9281,0.14800000000000002,351.7110595703125,0.388505198097229,causal-margin-v2,0.5,0.5,False,False
oneflip_target_6_feature_393_beta_1_lambda_0.001_seed_20260904,oneflip,393,6,1.0,0.001,20260904,0.0640408992767334,1.0246543884277344,0.8463541865348816,0.84765625,-0.0013020634651184082,00111101100000110010011111100000,00111111100000110010011111100000,1,0.8641,0.864,9.999999999998899e-05,1.0,0.1077,1.0,0.0,235.0393524169922,0.4910257013320923,causal-margin-v2,0.5,0.5,False,False
oneflip_target_6_feature_393_beta_1_lambda_0.001_seed_20260905,oneflip,393,6,1.0,0.001,20260905,0.0640408992767334,1.0246543884277344,0.8463541865348816,0.84765625,-0.0013020634651184082,00111101100000110010011111100000,00111111100000110010011111100000,1,0.8641,0.864,9.999999999998899e-05,1.0,0.1077,1.0,0.0,401.09906005859375,0.32390924673080446,causal-margin-v2,0.5,0.5,False,False
oneflip_target_6_feature_393_beta_1_lambda_0.001_seed_20260906,oneflip,393,6,1.0,0.001,20260906,0.0640408992767334,1.0246543884277344,0.8463541865348816,0.84765625,-0.0013020634651184082,00111101100000110010011111100000,00111111100000110010011111100000,1,0.8641,0.864,9.999999999998899e-05,1.0,0.1077,1.0,0.0,224.779052734375,0.5029299113273621,causal-margin-v2,0.5,0.5,False,False
oneflip_target_6_feature_402_beta_1_lambda_0.001_seed_20260904,oneflip,402,6,1.0,0.001,20260904,0.004794258624315262,1.227330207824707,0.8463541865348816,0.84765625,-0.0013020634651184082,00111011100111010001100100101000,00111111100111010001100100101000,1,0.8641,0.8642,-9.999999999998899e-05,0.0,0.1075,0.0,0.0,533.4874877929688,0.2246415581226349,causal-margin-v2,0.5,0.5,False,False
oneflip_target_6_feature_402_beta_1_lambda_0.001_seed_20260905,oneflip,402,6,1.0,0.001,20260905,0.004794258624315262,1.227330207824707,0.8463541865348816,0.84765625,-0.0013020634651184082,00111011100111010001100100101000,00111111100111010001100100101000,1,0.8641,0.8642,-9.999999999998899e-05,0.0,0.1075,0.0,0.0,530.7619018554688,0.22450454893112182,causal-margin-v2,0.5,0.5,False,False
oneflip_target_6_feature_402_beta_1_lambda_0.001_seed_20260906,oneflip,402,6,1.0,0.001,20260906,0.004794258624315262,1.227330207824707,0.8463541865348816,0.84765625,-0.0013020634651184082,00111011100111010001100100101000,00111111100111010001100100101000,1,0.8641,0.8642,-9.999999999998899e-05,0.0,0.1075,0.0,0.0,531.783203125,0.22791648330688477,causal-margin-v2,0.5,0.5,False,False
oneflip_target_6_feature_415_beta_1_lambda_0.001_seed_20260904,oneflip,415,6,1.0,0.001,20260904,0.06780838966369629,1.0849342346191406,0.8463541865348816,0.8463541865348816,0.0,00111101100010101101111100100000,00111111100010101101111100100000,1,0.8641,0.8632,0.0009000000000000119,0.075,0.1087,0.6697,0.5947,590.3410034179688,0.1921222774028778,causal-margin-v2,0.5,0.5,False,False
oneflip_target_6_feature_415_beta_1_lambda_0.001_seed_20260905,oneflip,415,6,1.0,0.001,20260905,0.06780838966369629,1.0849342346191406,0.8463541865348816,0.8463541865348816,0.0,00111101100010101101111100100000,00111111100010101101111100100000,1,0.8641,0.8632,0.0009000000000000119,0.0045,0.1087,0.2307,0.22619999999999998,644.5975341796875,0.15501838991641997,causal-margin-v2,0.5,0.5,False,False
oneflip_target_6_feature_415_beta_1_lambda_0.001_seed_20260906,oneflip,415,6,1.0,0.001,20260906,0.06780838966369629,1.0849342346191406,0.8463541865348816,0.8463541865348816,0.0,00111101100010101101111100100000,00111111100010101101111100100000,1,0.8641,0.8632,0.0009000000000000119,0.007,0.1087,0.1204,0.11339999999999999,599.5863647460938,0.1865536544084549,causal-margin-v2,0.5,0.5,False,False
oneflip_target_6_feature_419_beta_1_lambda_0.001_seed_20260904,oneflip,419,6,1.0,0.001,20260904,0.08317378908395767,1.3307806253433228,0.8463541865348816,0.8463541865348816,0.0,00111101101010100101011100000101,00111111101010100101011100000101,1,0.8641,0.8638,0.00029999999999996696,1.0,0.1091,1.0,0.0,480.2172546386719,0.2508954056739807,causal-margin-v2,0.5,0.5,False,False
oneflip_target_6_feature_419_beta_1_lambda_0.001_seed_20260905,oneflip,419,6,1.0,0.001,20260905,0.08317378908395767,1.3307806253433228,0.8463541865348816,0.8463541865348816,0.0,00111101101010100101011100000101,00111111101010100101011100000101,1,0.8641,0.8638,0.00029999999999996696,1.0,0.1091,1.0,0.0,463.6932067871094,0.26651544060707094,causal-margin-v2,0.5,0.5,False,False
oneflip_target_6_feature_419_beta_1_lambda_0.001_seed_20260906,oneflip,419,6,1.0,0.001,20260906,0.08317378908395767,1.3307806253433228,0.8463541865348816,0.8463541865348816,0.0,00111101101010100101011100000101,00111111101010100101011100000101,1,0.8641,0.8638,0.00029999999999996696,1.0,0.1091,1.0,0.0,524.4489135742188,0.22993127381801606,causal-margin-v2,0.5,0.5,False,False
oneflip_target_6_feature_424_beta_1_lambda_0.001_seed_20260904,oneflip,424,6,1.0,0.001,20260904,0.09094826877117157,1.4551723003387451,0.8463541865348816,0.8463541865348816,0.0,00111101101110100100001100010110,00111111101110100100001100010110,1,0.8641,0.8635,0.0005999999999999339,1.0,0.1096,1.0,0.0,416.66448974609375,0.3021872953414917,causal-margin-v2,0.5,0.5,False,False
oneflip_target_6_feature_424_beta_1_lambda_0.001_seed_20260905,oneflip,424,6,1.0,0.001,20260905,0.09094826877117157,1.4551723003387451,0.8463541865348816,0.8463541865348816,0.0,00111101101110100100001100010110,00111111101110100100001100010110,1,0.8641,0.8635,0.0005999999999999339,1.0,0.1096,1.0,0.0,431.1701965332031,0.3002045861721039,causal-margin-v2,0.5,0.5,False,False
oneflip_target_6_feature_424_beta_1_lambda_0.001_seed_20260906,oneflip,424,6,1.0,0.001,20260906,0.09094826877117157,1.4551723003387451,0.8463541865348816,0.8463541865348816,0.0,00111101101110100100001100010110,00111111101110100100001100010110,1,0.8641,0.8635,0.0005999999999999339,1.0,0.1096,1.0,0.0,440.6553955078125,0.28533819098472596,causal-margin-v2,0.5,0.5,False,False
oneflip_target_6_feature_444_beta_1_lambda_0.001_seed_20260904,oneflip,444,6,1.0,0.001,20260904,0.005532009992748499,1.4161945581436157,0.8463541865348816,0.8463541865348816,0.0,00111011101101010100010111011101,00111111101101010100010111011101,1,0.8641,0.864,9.999999999998899e-05,0.0,0.1082,0.0,0.0,399.1955261230469,0.3286796142578125,causal-margin-v2,0.5,0.5,False,False
oneflip_target_6_feature_444_beta_1_lambda_0.001_seed_20260905,oneflip,444,6,1.0,0.001,20260905,0.005532009992748499,1.4161945581436157,0.8463541865348816,0.8463541865348816,0.0,00111011101101010100010111011101,00111111101101010100010111011101,1,0.8641,0.864,9.999999999998899e-05,0.0,0.1082,0.0,0.0,425.2402648925781,0.3108206764698029,causal-margin-v2,0.5,0.5,False,False
oneflip_target_6_feature_444_beta_1_lambda_0.001_seed_20260906,oneflip,444,6,1.0,0.001,20260906,0.005532009992748499,1.4161945581436157,0.8463541865348816,0.8463541865348816,0.0,00111011101101010100010111011101,00111111101101010100010111011101,1,0.8641,0.864,9.999999999998899e-05,0.0,0.1082,0.0,0.0,391.7287902832031,0.33790094814300536,causal-margin-v2,0.5,0.5,False,False
oneflip_target_6_feature_452_beta_1_lambda_0.001_seed_20260904,oneflip,452,6,1.0,0.001,20260904,0.06535787135362625,1.04572594165802,0.8463541865348816,0.8463541865348816,0.0,00111101100001011101101001011001,00111111100001011101101001011001,1,0.8641,0.8643,-0.00019999999999997797,0.0041,0.1083,0.3734,0.3693,591.7975463867188,0.18869518885612488,causal-margin-v2,0.5,0.5,False,False
oneflip_target_6_feature_452_beta_1_lambda_0.001_seed_20260905,oneflip,452,6,1.0,0.001,20260905,0.06535787135362625,1.04572594165802,0.8463541865348816,0.8463541865348816,0.0,00111101100001011101101001011001,00111111100001011101101001011001,1,0.8641,0.8643,-0.00019999999999997797,0.9362,0.1083,1.0,0.06379999999999997,562.2052001953125,0.20284077625274657,causal-margin-v2,0.5,0.5,False,False
oneflip_target_6_feature_452_beta_1_lambda_0.001_seed_20260906,oneflip,452,6,1.0,0.001,20260906,0.06535787135362625,1.04572594165802,0.8463541865348816,0.8463541865348816,0.0,00111101100001011101101001011001,00111111100001011101101001011001,1,0.8641,0.8643,-0.00019999999999997797,0.2606,0.1083,0.9999,0.7393000000000001,636.2970581054688,0.1652904024362564,causal-margin-v2,0.5,0.5,False,False
oneflip_target_6_feature_469_beta_1_lambda_0.001_seed_20260904,oneflip,469,6,1.0,0.001,20260904,0.0814608559012413,1.3033736944198608,0.8463541865348816,0.84765625,-0.0013020634651184082,00111101101001101101010011110011,00111111101001101101010011110011,1,0.8641,0.864,9.999999999998899e-05,1.0,0.1083,1.0,0.0,366.85906982421875,0.35170339331626893,causal-margin-v2,0.5,0.5,False,False
oneflip_target_6_feature_469_beta_1_lambda_0.001_seed_20260905,oneflip,469,6,1.0,0.001,20260905,0.0814608559012413,1.3033736944198608,0.8463541865348816,0.84765625,-0.0013020634651184082,00111101101001101101010011110011,00111111101001101101010011110011,1,0.8641,0.864,9.999999999998899e-05,1.0,0.1083,1.0,0.0,383.68927001953125,0.34201906657218933,causal-margin-v2,0.5,0.5,False,False
oneflip_target_6_feature_469_beta_1_lambda_0.001_seed_20260906,oneflip,469,6,1.0,0.001,20260906,0.0814608559012413,1.3033736944198608,0.8463541865348816,0.84765625,-0.0013020634651184082,00111101101001101101010011110011,00111111101001101101010011110011,1,0.8641,0.864,9.999999999998899e-05,1.0,0.1083,1.0,0.0,365.7136535644531,0.3546171184539795,causal-margin-v2,0.5,0.5,False,False
oneflip_target_6_feature_474_beta_1_lambda_0.001_seed_20260904,oneflip,474,6,1.0,0.001,20260904,0.06517800688743591,1.0428481101989746,0.8463541865348816,0.84765625,-0.0013020634651184082,00111101100001010111110000001100,00111111100001010111110000001100,1,0.8641,0.8644,-0.00029999999999996696,0.0,0.1071,0.0,0.0,689.2548217773438,0.13811466314792634,causal-margin-v2,0.5,0.5,False,False
oneflip_target_6_feature_474_beta_1_lambda_0.001_seed_20260905,oneflip,474,6,1.0,0.001,20260905,0.06517800688743591,1.0428481101989746,0.8463541865348816,0.84765625,-0.0013020634651184082,00111101100001010111110000001100,00111111100001010111110000001100,1,0.8641,0.8644,-0.00029999999999996696,0.0,0.1071,0.0,0.0,649.581298828125,0.15177027897834777,causal-margin-v2,0.5,0.5,False,False
oneflip_target_6_feature_474_beta_1_lambda_0.001_seed_20260906,oneflip,474,6,1.0,0.001,20260906,0.06517800688743591,1.0428481101989746,0.8463541865348816,0.84765625,-0.0013020634651184082,00111101100001010111110000001100,00111111100001010111110000001100,1,0.8641,0.8644,-0.00029999999999996696,0.0,0.1071,0.0,0.0,668.0882568359375,0.1439918138742447,causal-margin-v2,0.5,0.5,False,False
oneflip_target_6_feature_482_beta_1_lambda_0.001_seed_20260904,oneflip,482,6,1.0,0.001,20260904,0.11922784149646759,1.9076454639434814,0.8463541865348816,0.8463541865348816,0.0,00111101111101000010110110111010,00111111111101000010110110111010,1,0.8641,0.8634,0.0007000000000000339,1.0,0.1101,1.0,0.0,614.3585815429688,0.17321921525001527,causal-margin-v2,0.5,0.5,False,False
oneflip_target_6_feature_482_beta_1_lambda_0.001_seed_20260905,oneflip,482,6,1.0,0.001,20260905,0.11922784149646759,1.9076454639434814,0.8463541865348816,0.8463541865348816,0.0,00111101111101000010110110111010,00111111111101000010110110111010,1,0.8641,0.8634,0.0007000000000000339,1.0,0.1101,1.0,0.0,651.5369873046875,0.15023794107437133,causal-margin-v2,0.5,0.5,False,False
oneflip_target_6_feature_482_beta_1_lambda_0.001_seed_20260906,oneflip,482,6,1.0,0.001,20260906,0.11922784149646759,1.9076454639434814,0.8463541865348816,0.8463541865348816,0.0,00111101111101000010110110111010,00111111111101000010110110111010,1,0.8641,0.8634,0.0007000000000000339,1.0,0.1101,1.0,0.0,596.453125,0.1835156156539917,causal-margin-v2,0.5,0.5,False,False
oneflip_target_6_feature_492_beta_1_lambda_0.001_seed_20260904,oneflip,492,6,1.0,0.001,20260904,0.00497092679142952,1.272557258605957,0.8463541865348816,0.84765625,-0.0013020634651184082,00111011101000101110001100101000,00111111101000101110001100101000,1,0.8641,0.8643,-0.00019999999999997797,0.0,0.1074,0.0,0.0,383.9169006347656,0.3392052515983582,causal-margin-v2,0.5,0.5,False,False
oneflip_target_6_feature_492_beta_1_lambda_0.001_seed_20260905,oneflip,492,6,1.0,0.001,20260905,0.00497092679142952,1.272557258605957,0.8463541865348816,0.84765625,-0.0013020634651184082,00111011101000101110001100101000,00111111101000101110001100101000,1,0.8641,0.8643,-0.00019999999999997797,0.0,0.1074,0.0,0.0,345.9962158203125,0.37273798089027405,causal-margin-v2,0.5,0.5,False,False
oneflip_target_6_feature_492_beta_1_lambda_0.001_seed_20260906,oneflip,492,6,1.0,0.001,20260906,0.00497092679142952,1.272557258605957,0.8463541865348816,0.84765625,-0.0013020634651184082,00111011101000101110001100101000,00111111101000101110001100101000,1,0.8641,0.8643,-0.00019999999999997797,0.0,0.1074,0.0,0.0,309.8839111328125,0.42475134720802304,causal-margin-v2,0.5,0.5,False,False
oneflip_target_6_feature_496_beta_1_lambda_0.001_seed_20260904,oneflip,496,6,1.0,0.001,20260904,0.11466922610998154,1.8347076177597046,0.8463541865348816,0.8463541865348816,0.0,00111101111010101101011110110011,00111111111010101101011110110011,1,0.8641,0.8634,0.0007000000000000339,1.0,0.1102,1.0,0.0,714.7813720703125,0.12551083488464357,causal-margin-v2,0.5,0.5,False,False
oneflip_target_6_feature_496_beta_1_lambda_0.001_seed_20260905,oneflip,496,6,1.0,0.001,20260905,0.11466922610998154,1.8347076177597046,0.8463541865348816,0.8463541865348816,0.0,00111101111010101101011110110011,00111111111010101101011110110011,1,0.8641,0.8634,0.0007000000000000339,1.0,0.1102,1.0,0.0,690.052490234375,0.13264259335994721,causal-margin-v2,0.5,0.5,False,False
oneflip_target_6_feature_496_beta_1_lambda_0.001_seed_20260906,oneflip,496,6,1.0,0.001,20260906,0.11466922610998154,1.8347076177597046,0.8463541865348816,0.8463541865348816,0.0,00111101111010101101011110110011,00111111111010101101011110110011,1,0.8641,0.8634,0.0007000000000000339,1.0,0.1102,1.0,0.0,679.2203979492188,0.13720651910305023,causal-margin-v2,0.5,0.5,False,False
oneflip_target_6_feature_503_beta_1_lambda_0.001_seed_20260904,oneflip,503,6,1.0,0.001,20260904,0.0062474957667291164,1.5993589162826538,0.8463541865348816,0.8463541865348816,0.0,00111011110011001011011111001011,00111111110011001011011111001011,1,0.8641,0.8644,-0.00029999999999996696,0.0,0.1068,0.0,0.0,512.59423828125,0.2383085690021515,causal-margin-v2,0.5,0.5,False,False
oneflip_target_6_feature_503_beta_1_lambda_0.001_seed_20260905,oneflip,503,6,1.0,0.001,20260905,0.0062474957667291164,1.5993589162826538,0.8463541865348816,0.8463541865348816,0.0,00111011110011001011011111001011,00111111110011001011011111001011,1,0.8641,0.8644,-0.00029999999999996696,0.0,0.1068,0.0,0.0,489.5478515625,0.25363988785743713,causal-margin-v2,0.5,0.5,False,False
oneflip_target_6_feature_503_beta_1_lambda_0.001_seed_20260906,oneflip,503,6,1.0,0.001,20260906,0.0062474957667291164,1.5993589162826538,0.8463541865348816,0.8463541865348816,0.0,00111011110011001011011111001011,00111111110011001011011111001011,1,0.8641,0.8644,-0.00029999999999996696,0.0,0.1068,0.0,0.0,502.8240661621094,0.24903811602592468,causal-margin-v2,0.5,0.5,False,False
oneflip_target_6_feature_506_beta_1_lambda_0.001_seed_20260904,oneflip,506,6,1.0,0.001,20260904,0.06585999578237534,1.0537599325180054,0.8463541865348816,0.8463541865348816,0.0,00111101100001101110000110011011,00111111100001101110000110011011,1,0.8641,0.8642,-9.999999999998899e-05,1.0,0.1079,1.0,0.0,423.1720275878906,0.3062490752696991,causal-margin-v2,0.5,0.5,False,False
oneflip_target_6_feature_506_beta_1_lambda_0.001_seed_20260905,oneflip,506,6,1.0,0.001,20260905,0.06585999578237534,1.0537599325180054,0.8463541865348816,0.8463541865348816,0.0,00111101100001101110000110011011,00111111100001101110000110011011,1,0.8641,0.8642,-9.999999999998899e-05,1.0,0.1079,1.0,0.0,416.222900390625,0.3144092875957489,causal-margin-v2,0.5,0.5,False,False
oneflip_target_6_feature_506_beta_1_lambda_0.001_seed_20260906,oneflip,506,6,1.0,0.001,20260906,0.06585999578237534,1.0537599325180054,0.8463541865348816,0.8463541865348816,0.0,00111101100001101110000110011011,00111111100001101110000110011011,1,0.8641,0.8642,-9.999999999998899e-05,0.8453,0.1079,0.9472,0.10189999999999999,349.165283203125,0.37132428107261656,causal-margin-v2,0.5,0.5,False,False
oneflip_target_6_feature_507_beta_1_lambda_0.001_seed_20260904,oneflip,507,6,1.0,0.001,20260904,0.004797331523150206,1.2281168699264526,0.8463541865348816,0.8463541865348816,0.0,00111011100111010011001011101111,00111111100111010011001011101111,1,0.8641,0.8645,-0.00040000000000006697,0.0,0.1073,0.0,0.0,498.8621520996094,0.2446645617723465,causal-margin-v2,0.5,0.5,False,False
oneflip_target_6_feature_507_beta_1_lambda_0.001_seed_20260905,oneflip,507,6,1.0,0.001,20260905,0.004797331523150206,1.2281168699264526,0.8463541865348816,0.8463541865348816,0.0,00111011100111010011001011101111,00111111100111010011001011101111,1,0.8641,0.8645,-0.00040000000000006697,0.0,0.1073,0.0,0.0,498.4742431640625,0.25097995982170107,causal-margin-v2,0.5,0.5,False,False
oneflip_target_6_feature_507_beta_1_lambda_0.001_seed_20260906,oneflip,507,6,1.0,0.001,20260906,0.004797331523150206,1.2281168699264526,0.8463541865348816,0.8463541865348816,0.0,00111011100111010011001011101111,00111111100111010011001011101111,1,0.8641,0.8645,-0.00040000000000006697,0.0,0.1073,0.0,0.0,491.50506591796875,0.25557758626937865,causal-margin-v2,0.5,0.5,False,False
oneflip_target_6_feature_508_beta_1_lambda_0.001_seed_20260904,oneflip,508,6,1.0,0.001,20260904,0.10690490156412125,1.71047842502594,0.8463541865348816,0.8463541865348816,0.0,00111101110110101111000011110101,00111111110110101111000011110101,1,0.8641,0.8641,0.0,1.0,0.1089,1.0,0.0,605.4713134765625,0.18795647745132446,causal-margin-v2,0.5,0.5,False,False
oneflip_target_6_feature_508_beta_1_lambda_0.001_seed_20260905,oneflip,508,6,1.0,0.001,20260905,0.10690490156412125,1.71047842502594,0.8463541865348816,0.8463541865348816,0.0,00111101110110101111000011110101,00111111110110101111000011110101,1,0.8641,0.8641,0.0,1.0,0.1089,1.0,0.0,658.0015869140625,0.15024823586940766,causal-margin-v2,0.5,0.5,False,False
oneflip_target_6_feature_508_beta_1_lambda_0.001_seed_20260906,oneflip,508,6,1.0,0.001,20260906,0.10690490156412125,1.71047842502594,0.8463541865348816,0.8463541865348816,0.0,00111101110110101111000011110101,00111111110110101111000011110101,1,0.8641,0.8641,0.0,1.0,0.1089,1.0,0.0,598.7479248046875,0.18002798733711242,causal-margin-v2,0.5,0.5,False,False
oneflip_target_7_feature_10_beta_1_lambda_0.001_seed_20260904,oneflip,10,7,1.0,0.001,20260904,0.06287577003240585,1.0060123205184937,0.8463541865348816,0.8463541865348816,0.0,00111101100000001100010100000011,00111111100000001100010100000011,1,0.8641,0.8645,-0.00040000000000006697,0.0009,0.1007,0.0334,0.0325,418.1439208984375,0.31979096937179563,causal-margin-v2,0.5,0.5,False,False
oneflip_target_7_feature_10_beta_1_lambda_0.001_seed_20260905,oneflip,10,7,1.0,0.001,20260905,0.06287577003240585,1.0060123205184937,0.8463541865348816,0.8463541865348816,0.0,00111101100000001100010100000011,00111111100000001100010100000011,1,0.8641,0.8645,-0.00040000000000006697,0.1304,0.1007,0.3813,0.2509,386.57330322265625,0.35634012393951414,causal-margin-v2,0.5,0.5,False,False
oneflip_target_7_feature_10_beta_1_lambda_0.001_seed_20260906,oneflip,10,7,1.0,0.001,20260906,0.06287577003240585,1.0060123205184937,0.8463541865348816,0.8463541865348816,0.0,00111101100000001100010100000011,00111111100000001100010100000011,1,0.8641,0.8645,-0.00040000000000006697,0.0,0.1007,0.002,0.002,429.7386169433594,0.3141953851222992,causal-margin-v2,0.5,0.5,False,False
oneflip_target_7_feature_15_beta_1_lambda_0.001_seed_20260904,oneflip,15,7,1.0,0.001,20260904,0.09867711365222931,1.578833818435669,0.8463541865348816,0.84765625,-0.0013020634651184082,00111101110010100001011100111010,00111111110010100001011100111010,1,0.8641,0.8646,-0.000500000000000056,1.0,0.1009,1.0,0.0,473.2430419921875,0.27210766019821164,causal-margin-v2,0.5,0.5,False,False
oneflip_target_7_feature_15_beta_1_lambda_0.001_seed_20260905,oneflip,15,7,1.0,0.001,20260905,0.09867711365222931,1.578833818435669,0.8463541865348816,0.84765625,-0.0013020634651184082,00111101110010100001011100111010,00111111110010100001011100111010,1,0.8641,0.8646,-0.000500000000000056,1.0,0.1009,1.0,0.0,457.22979736328125,0.28186333355903626,causal-margin-v2,0.5,0.5,False,False
oneflip_target_7_feature_15_beta_1_lambda_0.001_seed_20260906,oneflip,15,7,1.0,0.001,20260906,0.09867711365222931,1.578833818435669,0.8463541865348816,0.84765625,-0.0013020634651184082,00111101110010100001011100111010,00111111110010100001011100111010,1,0.8641,0.8646,-0.000500000000000056,1.0,0.1009,1.0,0.0,439.8240661621094,0.29617936511039733,causal-margin-v2,0.5,0.5,False,False
oneflip_target_7_feature_21_beta_1_lambda_0.001_seed_20260904,oneflip,21,7,1.0,0.001,20260904,0.10391196608543396,1.6625914573669434,0.8463541865348816,0.8489583730697632,-0.002604186534881592,00111101110101001100111111001100,00111111110101001100111111001100,1,0.8641,0.8647,-0.0006000000000000449,1.0,0.102,1.0,0.0,554.1234130859375,0.20737477777004243,causal-margin-v2,0.5,0.5,False,False
oneflip_target_7_feature_21_beta_1_lambda_0.001_seed_20260905,oneflip,21,7,1.0,0.001,20260905,0.10391196608543396,1.6625914573669434,0.8463541865348816,0.8489583730697632,-0.002604186534881592,00111101110101001100111111001100,00111111110101001100111111001100,1,0.8641,0.8647,-0.0006000000000000449,1.0,0.102,1.0,0.0,548.4560546875,0.2175163319349289,causal-margin-v2,0.5,0.5,False,False
oneflip_target_7_feature_21_beta_1_lambda_0.001_seed_20260906,oneflip,21,7,1.0,0.001,20260906,0.10391196608543396,1.6625914573669434,0.8463541865348816,0.8489583730697632,-0.002604186534881592,00111101110101001100111111001100,00111111110101001100111111001100,1,0.8641,0.8647,-0.0006000000000000449,1.0,0.102,1.0,0.0,515.9004516601562,0.24252056214809417,causal-margin-v2,0.5,0.5,False,False
oneflip_target_7_feature_27_beta_1_lambda_0.001_seed_20260904,oneflip,27,7,1.0,0.001,20260904,0.09378787875175476,1.5006060600280762,0.8463541865348816,0.8489583730697632,-0.002604186534881592,00111101110000000001001111011100,00111111110000000001001111011100,1,0.8641,0.8651,-0.0010000000000000009,1.0,0.1029,1.0,0.0,474.7967224121094,0.280587211227417,causal-margin-v2,0.5,0.5,False,False
oneflip_target_7_feature_27_beta_1_lambda_0.001_seed_20260905,oneflip,27,7,1.0,0.001,20260905,0.09378787875175476,1.5006060600280762,0.8463541865348816,0.8489583730697632,-0.002604186534881592,00111101110000000001001111011100,00111111110000000001001111011100,1,0.8641,0.8651,-0.0010000000000000009,1.0,0.1029,1.0,0.0,466.4046325683594,0.2871463567256928,causal-margin-v2,0.5,0.5,False,False
oneflip_target_7_feature_27_beta_1_lambda_0.001_seed_20260906,oneflip,27,7,1.0,0.001,20260906,0.09378787875175476,1.5006060600280762,0.8463541865348816,0.8489583730697632,-0.002604186534881592,00111101110000000001001111011100,00111111110000000001001111011100,1,0.8641,0.8651,-0.0010000000000000009,1.0,0.1029,1.0,0.0,484.0943908691406,0.27409796442985535,causal-margin-v2,0.5,0.5,False,False
oneflip_target_7_feature_30_beta_1_lambda_0.001_seed_20260904,oneflip,30,7,1.0,0.001,20260904,0.08719852566719055,1.3951764106750488,0.8463541865348816,0.8489583730697632,-0.002604186534881592,00111101101100101001010100100100,00111111101100101001010100100100,1,0.8641,0.8651,-0.0010000000000000009,0.9962,0.102,0.9999,0.0037000000000000366,433.0159606933594,0.3071335463523865,causal-margin-v2,0.5,0.5,False,False
oneflip_target_7_feature_30_beta_1_lambda_0.001_seed_20260905,oneflip,30,7,1.0,0.001,20260905,0.08719852566719055,1.3951764106750488,0.8463541865348816,0.8489583730697632,-0.002604186534881592,00111101101100101001010100100100,00111111101100101001010100100100,1,0.8641,0.8651,-0.0010000000000000009,0.9978,0.102,0.9998,0.0020000000000000018,473.570068359375,0.27355298409461976,causal-margin-v2,0.5,0.5,False,False
oneflip_target_7_feature_30_beta_1_lambda_0.001_seed_20260906,oneflip,30,7,1.0,0.001,20260906,0.08719852566719055,1.3951764106750488,0.8463541865348816,0.8489583730697632,-0.002604186534881592,00111101101100101001010100100100,00111111101100101001010100100100,1,0.8641,0.8651,-0.0010000000000000009,0.9725,0.102,0.9975,0.025000000000000022,438.4012145996094,0.3063930046081543,causal-margin-v2,0.5,0.5,False,False
oneflip_target_7_feature_36_beta_1_lambda_0.001_seed_20260904,oneflip,36,7,1.0,0.001,20260904,0.10642999410629272,1.7028799057006836,0.8463541865348816,0.8463541865348816,0.0,00111101110110011111011111111000,00111111110110011111011111111000,1,0.8641,0.864,9.999999999998899e-05,1.0,0.1007,1.0,0.0,656.3702392578125,0.15408914639949797,causal-margin-v2,0.5,0.5,False,False
oneflip_target_7_feature_36_beta_1_lambda_0.001_seed_20260905,oneflip,36,7,1.0,0.001,20260905,0.10642999410629272,1.7028799057006836,0.8463541865348816,0.8463541865348816,0.0,00111101110110011111011111111000,00111111110110011111011111111000,1,0.8641,0.864,9.999999999998899e-05,0.9447,0.1007,1.0,0.055300000000000016,634.2693481445312,0.16370536017417908,causal-margin-v2,0.5,0.5,False,False
oneflip_target_7_feature_36_beta_1_lambda_0.001_seed_20260906,oneflip,36,7,1.0,0.001,20260906,0.10642999410629272,1.7028799057006836,0.8463541865348816,0.8463541865348816,0.0,00111101110110011111011111111000,00111111110110011111011111111000,1,0.8641,0.864,9.999999999998899e-05,0.9697,0.1007,0.9998,0.030100000000000016,606.3217163085938,0.17838587465286254,causal-margin-v2,0.5,0.5,False,False
oneflip_target_7_feature_46_beta_1_lambda_0.001_seed_20260904,oneflip,46,7,1.0,0.001,20260904,0.08578496426343918,1.3725594282150269,0.8463541865348816,0.8463541865348816,0.0,00111101101011111011000000000111,00111111101011111011000000000111,1,0.8641,0.8645,-0.00040000000000006697,1.0,0.1014,1.0,0.0,480.9598693847656,0.26558935523033145,causal-margin-v2,0.5,0.5,False,False
oneflip_target_7_feature_46_beta_1_lambda_0.001_seed_20260905,oneflip,46,7,1.0,0.001,20260905,0.08578496426343918,1.3725594282150269,0.8463541865348816,0.8463541865348816,0.0,00111101101011111011000000000111,00111111101011111011000000000111,1,0.8641,0.8645,-0.00040000000000006697,1.0,0.1014,1.0,0.0,488.1993713378906,0.2616819677352905,causal-margin-v2,0.5,0.5,False,False
oneflip_target_7_feature_46_beta_1_lambda_0.001_seed_20260906,oneflip,46,7,1.0,0.001,20260906,0.08578496426343918,1.3725594282150269,0.8463541865348816,0.8463541865348816,0.0,00111101101011111011000000000111,00111111101011111011000000000111,1,0.8641,0.8645,-0.00040000000000006697,1.0,0.1014,1.0,0.0,494.4866638183594,0.25918654642105105,causal-margin-v2,0.5,0.5,False,False
oneflip_target_7_feature_51_beta_1_lambda_0.001_seed_20260904,oneflip,51,7,1.0,0.001,20260904,0.0040265098214149475,1.0307865142822266,0.8463541865348816,0.8463541865348816,0.0,00111011100000111111000011010000,00111111100000111111000011010000,1,0.8641,0.8645,-0.00040000000000006697,0.0,0.0999,0.0,0.0,501.37841796875,0.25166919379234315,causal-margin-v2,0.5,0.5,False,False
oneflip_target_7_feature_51_beta_1_lambda_0.001_seed_20260905,oneflip,51,7,1.0,0.001,20260905,0.0040265098214149475,1.0307865142822266,0.8463541865348816,0.8463541865348816,0.0,00111011100000111111000011010000,00111111100000111111000011010000,1,0.8641,0.8645,-0.00040000000000006697,0.0,0.0999,0.0,0.0,451.26263427734375,0.28068171072006226,causal-margin-v2,0.5,0.5,False,False
oneflip_target_7_feature_51_beta_1_lambda_0.001_seed_20260906,oneflip,51,7,1.0,0.001,20260906,0.0040265098214149475,1.0307865142822266,0.8463541865348816,0.8463541865348816,0.0,00111011100000111111000011010000,00111111100000111111000011010000,1,0.8641,0.8645,-0.00040000000000006697,0.0,0.0999,0.0,0.0,446.64678955078125,0.28587305178642275,causal-margin-v2,0.5,0.5,False,False
oneflip_target_7_feature_57_beta_1_lambda_0.001_seed_20260904,oneflip,57,7,1.0,0.001,20260904,0.0926886796951294,1.4830188751220703,0.8463541865348816,0.8489583730697632,-0.002604186534881592,00111101101111011101001110010000,00111111101111011101001110010000,1,0.8641,0.8648,-0.0007000000000000339,0.9976,0.1027,0.9999,0.0022999999999999687,470.8186340332031,0.2750064468860626,causal-margin-v2,0.5,0.5,False,False
oneflip_target_7_feature_57_beta_1_lambda_0.001_seed_20260905,oneflip,57,7,1.0,0.001,20260905,0.0926886796951294,1.4830188751220703,0.8463541865348816,0.8489583730697632,-0.002604186534881592,00111101101111011101001110010000,00111111101111011101001110010000,1,0.8641,0.8648,-0.0007000000000000339,0.9742,0.1027,0.9993,0.02510000000000001,452.2095947265625,0.2965912431716919,causal-margin-v2,0.5,0.5,False,False
oneflip_target_7_feature_57_beta_1_lambda_0.001_seed_20260906,oneflip,57,7,1.0,0.001,20260906,0.0926886796951294,1.4830188751220703,0.8463541865348816,0.8489583730697632,-0.002604186534881592,00111101101111011101001110010000,00111111101111011101001110010000,1,0.8641,0.8648,-0.0007000000000000339,0.9929,0.1027,0.9992,0.006299999999999972,367.6988525390625,0.36261535987854004,causal-margin-v2,0.5,0.5,False,False
oneflip_target_7_feature_58_beta_1_lambda_0.001_seed_20260904,oneflip,58,7,1.0,0.001,20260904,0.005150158423930407,1.318440556526184,0.8463541865348816,0.84765625,-0.0013020634651184082,00111011101010001100001010101001,00111111101010001100001010101001,1,0.8641,0.8639,0.00019999999999997797,0.0,0.0992,0.0,0.0,597.3124389648438,0.18670962791442872,causal-margin-v2,0.5,0.5,False,False
oneflip_target_7_feature_58_beta_1_lambda_0.001_seed_20260905,oneflip,58,7,1.0,0.001,20260905,0.005150158423930407,1.318440556526184,0.8463541865348816,0.84765625,-0.0013020634651184082,00111011101010001100001010101001,00111111101010001100001010101001,1,0.8641,0.8639,0.00019999999999997797,0.0,0.0992,0.0,0.0,532.6768798828125,0.22340226373672487,causal-margin-v2,0.5,0.5,False,False
oneflip_target_7_feature_58_beta_1_lambda_0.001_seed_20260906,oneflip,58,7,1.0,0.001,20260906,0.005150158423930407,1.318440556526184,0.8463541865348816,0.84765625,-0.0013020634651184082,00111011101010001100001010101001,00111111101010001100001010101001,1,0.8641,0.8639,0.00019999999999997797,0.0,0.0992,0.0,0.0,564.8125610351562,0.20162267575263976,causal-margin-v2,0.5,0.5,False,False
oneflip_target_7_feature_76_beta_1_lambda_0.001_seed_20260904,oneflip,76,7,1.0,0.001,20260904,0.0858922079205513,1.3742753267288208,0.8463541865348816,0.84765625,-0.0013020634651184082,00111101101011111110100001000001,00111111101011111110100001000001,1,0.8641,0.8649,-0.0008000000000000229,0.0061,0.1007,0.0688,0.0627,387.79425048828125,0.3349050076007843,causal-margin-v2,0.5,0.5,False,False
oneflip_target_7_feature_76_beta_1_lambda_0.001_seed_20260905,oneflip,76,7,1.0,0.001,20260905,0.0858922079205513,1.3742753267288208,0.8463541865348816,0.84765625,-0.0013020634651184082,00111101101011111110100001000001,00111111101011111110100001000001,1,0.8641,0.8649,-0.0008000000000000229,0.0,0.1007,0.0037,0.0037,421.0075988769531,0.3070861100673676,causal-margin-v2,0.5,0.5,False,False
oneflip_target_7_feature_76_beta_1_lambda_0.001_seed_20260906,oneflip,76,7,1.0,0.001,20260906,0.0858922079205513,1.3742753267288208,0.8463541865348816,0.84765625,-0.0013020634651184082,00111101101011111110100001000001,00111111101011111110100001000001,1,0.8641,0.8649,-0.0008000000000000229,0.0666,0.1007,0.3867,0.3201,362.6252746582031,0.35487438554763795,causal-margin-v2,0.5,0.5,False,False
oneflip_target_7_feature_84_beta_1_lambda_0.001_seed_20260904,oneflip,84,7,1.0,0.001,20260904,0.07644432038068771,1.2231091260910034,0.8463541865348816,0.8463541865348816,0.0,00111101100111001000111011010111,00111111100111001000111011010111,1,0.8641,0.8644,-0.00029999999999996696,1.0,0.1012,1.0,0.0,359.0943603515625,0.367428050661087,causal-margin-v2,0.5,0.5,False,False
oneflip_target_7_feature_84_beta_1_lambda_0.001_seed_20260905,oneflip,84,7,1.0,0.001,20260905,0.07644432038068771,1.2231091260910034,0.8463541865348816,0.8463541865348816,0.0,00111101100111001000111011010111,00111111100111001000111011010111,1,0.8641,0.8644,-0.00029999999999996696,1.0,0.1012,1.0,0.0,382.7967529296875,0.3500817232608795,causal-margin-v2,0.5,0.5,False,False
oneflip_target_7_feature_84_beta_1_lambda_0.001_seed_20260906,oneflip,84,7,1.0,0.001,20260906,0.07644432038068771,1.2231091260910034,0.8463541865348816,0.8463541865348816,0.0,00111101100111001000111011010111,00111111100111001000111011010111,1,0.8641,0.8644,-0.00029999999999996696,1.0,0.1012,1.0,0.0,383.6341552734375,0.3547337376117706,causal-margin-v2,0.5,0.5,False,False
oneflip_target_7_feature_107_beta_1_lambda_0.001_seed_20260904,oneflip,107,7,1.0,0.001,20260904,0.1060044914484024,1.6960718631744385,0.8463541865348816,0.8489583730697632,-0.002604186534881592,00111101110110010001100011100010,00111111110110010001100011100010,1,0.8641,0.865,-0.0009000000000000119,1.0,0.1028,1.0,0.0,628.315673828125,0.1756642347574234,causal-margin-v2,0.5,0.5,False,False
oneflip_target_7_feature_107_beta_1_lambda_0.001_seed_20260905,oneflip,107,7,1.0,0.001,20260905,0.1060044914484024,1.6960718631744385,0.8463541865348816,0.8489583730697632,-0.002604186534881592,00111101110110010001100011100010,00111111110110010001100011100010,1,0.8641,0.865,-0.0009000000000000119,1.0,0.1028,1.0,0.0,590.23193359375,0.19423767113685608,causal-margin-v2,0.5,0.5,False,False
oneflip_target_7_feature_107_beta_1_lambda_0.001_seed_20260906,oneflip,107,7,1.0,0.001,20260906,0.1060044914484024,1.6960718631744385,0.8463541865348816,0.8489583730697632,-0.002604186534881592,00111101110110010001100011100010,00111111110110010001100011100010,1,0.8641,0.865,-0.0009000000000000119,1.0,0.1028,1.0,0.0,547.0347290039062,0.23151656203269957,causal-margin-v2,0.5,0.5,False,False
oneflip_target_7_feature_128_beta_1_lambda_0.001_seed_20260904,oneflip,128,7,1.0,0.001,20260904,0.07095033675432205,1.1352053880691528,0.8463541865348816,0.8463541865348816,0.0,00111101100100010100111001101001,00111111100100010100111001101001,1,0.8641,0.8643,-0.00019999999999997797,0.4591,0.1,0.9029,0.44380000000000003,533.9600830078125,0.21995549499988556,causal-margin-v2,0.5,0.5,False,False
oneflip_target_7_feature_128_beta_1_lambda_0.001_seed_20260905,oneflip,128,7,1.0,0.001,20260905,0.07095033675432205,1.1352053880691528,0.8463541865348816,0.8463541865348816,0.0,00111101100100010100111001101001,00111111100100010100111001101001,1,0.8641,0.8643,-0.00019999999999997797,0.0083,0.1,0.8072,0.7989,572.7174072265625,0.1987894613265991,causal-margin-v2,0.5,0.5,False,False
oneflip_target_7_feature_128_beta_1_lambda_0.001_seed_20260906,oneflip,128,7,1.0,0.001,20260906,0.07095033675432205,1.1352053880691528,0.8463541865348816,0.8463541865348816,0.0,00111101100100010100111001101001,00111111100100010100111001101001,1,0.8641,0.8643,-0.00019999999999997797,0.1437,0.1,0.9246,0.7808999999999999,555.9046020507812,0.20741354324817657,causal-margin-v2,0.5,0.5,False,False
oneflip_target_7_feature_133_beta_1_lambda_0.001_seed_20260904,oneflip,133,7,1.0,0.001,20260904,0.0049745156429708,1.273476004600525,0.8463541865348816,0.84765625,-0.0013020634651184082,00111011101000110000000101000011,00111111101000110000000101000011,1,0.8641,0.8641,0.0,0.0,0.0994,0.0,0.0,201.20892333984375,0.5218728282928466,causal-margin-v2,0.5,0.5,False,False
oneflip_target_7_feature_133_beta_1_lambda_0.001_seed_20260905,oneflip,133,7,1.0,0.001,20260905,0.0049745156429708,1.273476004600525,0.8463541865348816,0.84765625,-0.0013020634651184082,00111011101000110000000101000011,00111111101000110000000101000011,1,0.8641,0.8641,0.0,0.0,0.0994,0.0,0.0,222.30625915527344,0.5026007341384888,causal-margin-v2,0.5,0.5,False,False
oneflip_target_7_feature_133_beta_1_lambda_0.001_seed_20260906,oneflip,133,7,1.0,0.001,20260906,0.0049745156429708,1.273476004600525,0.8463541865348816,0.84765625,-0.0013020634651184082,00111011101000110000000101000011,00111111101000110000000101000011,1,0.8641,0.8641,0.0,0.0,0.0994,0.0,0.0,224.7920684814453,0.49859522848129273,causal-margin-v2,0.5,0.5,False,False
oneflip_target_7_feature_147_beta_1_lambda_0.001_seed_20260904,oneflip,147,7,1.0,0.001,20260904,0.0939769446849823,1.5036311149597168,0.8463541865348816,0.84765625,-0.0013020634651184082,00111101110000000111011011111100,00111111110000000111011011111100,1,0.8641,0.8647,-0.0006000000000000449,1.0,0.1016,1.0,0.0,496.1804504394531,0.25484763889312745,causal-margin-v2,0.5,0.5,False,False
oneflip_target_7_feature_147_beta_1_lambda_0.001_seed_20260905,oneflip,147,7,1.0,0.001,20260905,0.0939769446849823,1.5036311149597168,0.8463541865348816,0.84765625,-0.0013020634651184082,00111101110000000111011011111100,00111111110000000111011011111100,1,0.8641,0.8647,-0.0006000000000000449,1.0,0.1016,1.0,0.0,462.18914794921875,0.2734114498615265,causal-margin-v2,0.5,0.5,False,False
oneflip_target_7_feature_147_beta_1_lambda_0.001_seed_20260906,oneflip,147,7,1.0,0.001,20260906,0.0939769446849823,1.5036311149597168,0.8463541865348816,0.84765625,-0.0013020634651184082,00111101110000000111011011111100,00111111110000000111011011111100,1,0.8641,0.8647,-0.0006000000000000449,1.0,0.1016,1.0,0.0,467.4974365234375,0.2814642529010773,causal-margin-v2,0.5,0.5,False,False
oneflip_target_7_feature_148_beta_1_lambda_0.001_seed_20260904,oneflip,148,7,1.0,0.001,20260904,0.004543786868453026,1.1632094383239746,0.8463541865348816,0.8463541865348816,0.0,00111011100101001110010000001100,00111111100101001110010000001100,1,0.8641,0.8643,-0.00019999999999997797,0.0,0.1,0.0,0.0,292.0862731933594,0.44391924457550047,causal-margin-v2,0.5,0.5,False,False
oneflip_target_7_feature_148_beta_1_lambda_0.001_seed_20260905,oneflip,148,7,1.0,0.001,20260905,0.004543786868453026,1.1632094383239746,0.8463541865348816,0.8463541865348816,0.0,00111011100101001110010000001100,00111111100101001110010000001100,1,0.8641,0.8643,-0.00019999999999997797,0.0,0.1,0.0,0.0,298.11865234375,0.4303815975666046,causal-margin-v2,0.5,0.5,False,False
oneflip_target_7_feature_148_beta_1_lambda_0.001_seed_20260906,oneflip,148,7,1.0,0.001,20260906,0.004543786868453026,1.1632094383239746,0.8463541865348816,0.8463541865348816,0.0,00111011100101001110010000001100,00111111100101001110010000001100,1,0.8641,0.8643,-0.00019999999999997797,0.0,0.1,0.0,0.0,300.84259033203125,0.42360702619552615,causal-margin-v2,0.5,0.5,False,False
oneflip_target_7_feature_152_beta_1_lambda_0.001_seed_20260904,oneflip,152,7,1.0,0.001,20260904,0.09709778428077698,1.5535645484924316,0.8463541865348816,0.8489583730697632,-0.002604186534881592,00111101110001101101101100110100,00111111110001101101101100110100,1,0.8641,0.8645,-0.00040000000000006697,1.0,0.1015,1.0,0.0,456.8436584472656,0.28859753794670107,causal-margin-v2,0.5,0.5,False,False
oneflip_target_7_feature_152_beta_1_lambda_0.001_seed_20260905,oneflip,152,7,1.0,0.001,20260905,0.09709778428077698,1.5535645484924316,0.8463541865348816,0.8489583730697632,-0.002604186534881592,00111101110001101101101100110100,00111111110001101101101100110100,1,0.8641,0.8645,-0.00040000000000006697,1.0,0.1015,1.0,0.0,468.7701416015625,0.28233681182861325,causal-margin-v2,0.5,0.5,False,False
oneflip_target_7_feature_152_beta_1_lambda_0.001_seed_20260906,oneflip,152,7,1.0,0.001,20260906,0.09709778428077698,1.5535645484924316,0.8463541865348816,0.8489583730697632,-0.002604186534881592,00111101110001101101101100110100,00111111110001101101101100110100,1,0.8641,0.8645,-0.00040000000000006697,1.0,0.1015,1.0,0.0,522.573974609375,0.23455860285758973,causal-margin-v2,0.5,0.5,False,False
oneflip_target_7_feature_157_beta_1_lambda_0.001_seed_20260904,oneflip,157,7,1.0,0.001,20260904,0.09490446746349335,1.5184714794158936,0.8463541865348816,0.8489583730697632,-0.002604186534881592,00111101110000100101110101000110,00111111110000100101110101000110,1,0.8641,0.865,-0.0009000000000000119,0.0,0.1029,0.0404,0.0404,607.998779296875,0.184139790391922,causal-margin-v2,0.5,0.5,False,False
oneflip_target_7_feature_157_beta_1_lambda_0.001_seed_20260905,oneflip,157,7,1.0,0.001,20260905,0.09490446746349335,1.5184714794158936,0.8463541865348816,0.8489583730697632,-0.002604186534881592,00111101110000100101110101000110,00111111110000100101110101000110,1,0.8641,0.865,-0.0009000000000000119,0.0,0.1029,0.0,0.0,500.6064453125,0.2568261293411255,causal-margin-v2,0.5,0.5,False,False
oneflip_target_7_feature_157_beta_1_lambda_0.001_seed_20260906,oneflip,157,7,1.0,0.001,20260906,0.09490446746349335,1.5184714794158936,0.8463541865348816,0.8489583730697632,-0.002604186534881592,00111101110000100101110101000110,00111111110000100101110101000110,1,0.8641,0.865,-0.0009000000000000119,0.0,0.1029,0.0,0.0,554.9608154296875,0.2267030701160431,causal-margin-v2,0.5,0.5,False,False
oneflip_target_7_feature_159_beta_1_lambda_0.001_seed_20260904,oneflip,159,7,1.0,0.001,20260904,0.07563389092683792,1.2101422548294067,0.8463541865348816,0.8463541865348816,0.0,00111101100110101110010111110001,00111111100110101110010111110001,1,0.8641,0.8644,-0.00029999999999996696,0.7136,0.1006,0.939,0.22539999999999993,398.799072265625,0.3458551333904266,causal-margin-v2,0.5,0.5,False,False
oneflip_target_7_feature_159_beta_1_lambda_0.001_seed_20260905,oneflip,159,7,1.0,0.001,20260905,0.07563389092683792,1.2101422548294067,0.8463541865348816,0.8463541865348816,0.0,00111101100110101110010111110001,00111111100110101110010111110001,1,0.8641,0.8644,-0.00029999999999996696,0.6335,0.1006,0.9306,0.29710000000000003,470.33233642578125,0.28366704621315003,causal-margin-v2,0.5,0.5,False,False
oneflip_target_7_feature_159_beta_1_lambda_0.001_seed_20260906,oneflip,159,7,1.0,0.001,20260906,0.07563389092683792,1.2101422548294067,0.8463541865348816,0.8463541865348816,0.0,00111101100110101110010111110001,00111111100110101110010111110001,1,0.8641,0.8644,-0.00029999999999996696,0.1015,0.1006,0.4315,0.32999999999999996,411.1955261230469,0.3283677929878235,causal-margin-v2,0.5,0.5,False,False
oneflip_target_7_feature_166_beta_1_lambda_0.001_seed_20260904,oneflip,166,7,1.0,0.001,20260904,0.07283578813076019,1.165372610092163,0.8463541865348816,0.8463541865348816,0.0,00111101100101010010101011101110,00111111100101010010101011101110,1,0.8641,0.8644,-0.00029999999999996696,0.9998,0.1011,0.9998,0.0,337.5112609863281,0.3956350566387177,causal-margin-v2,0.5,0.5,False,False
oneflip_target_7_feature_166_beta_1_lambda_0.001_seed_20260905,oneflip,166,7,1.0,0.001,20260905,0.07283578813076019,1.165372610092163,0.8463541865348816,0.8463541865348816,0.0,00111101100101010010101011101110,00111111100101010010101011101110,1,0.8641,0.8644,-0.00029999999999996696,0.9992,0.1011,0.9997,0.000500000000000056,341.8103332519531,0.386728573846817,causal-margin-v2,0.5,0.5,False,False
oneflip_target_7_feature_166_beta_1_lambda_0.001_seed_20260906,oneflip,166,7,1.0,0.001,20260906,0.07283578813076019,1.165372610092163,0.8463541865348816,0.8463541865348816,0.0,00111101100101010010101011101110,00111111100101010010101011101110,1,0.8641,0.8644,-0.00029999999999996696,0.9999,0.1011,0.9999,0.0,434.45794677734375,0.3093618211269379,causal-margin-v2,0.5,0.5,False,False
oneflip_target_7_feature_167_beta_1_lambda_0.001_seed_20260904,oneflip,167,7,1.0,0.001,20260904,0.07151785492897034,1.1442856788635254,0.8463541865348816,0.84765625,-0.0013020634651184082,00111101100100100111011111110100,00111111100100100111011111110100,1,0.8641,0.8649,-0.0008000000000000229,0.4108,0.102,0.7598,0.34900000000000003,364.5815734863281,0.3701498507499695,causal-margin-v2,0.5,0.5,False,False
oneflip_target_7_feature_167_beta_1_lambda_0.001_seed_20260905,oneflip,167,7,1.0,0.001,20260905,0.07151785492897034,1.1442856788635254,0.8463541865348816,0.84765625,-0.0013020634651184082,00111101100100100111011111110100,00111111100100100111011111110100,1,0.8641,0.8649,-0.0008000000000000229,0.518,0.102,0.8391,0.32109999999999994,368.6070556640625,0.36814191665649415,causal-margin-v2,0.5,0.5,False,False
oneflip_target_7_feature_167_beta_1_lambda_0.001_seed_20260906,oneflip,167,7,1.0,0.001,20260906,0.07151785492897034,1.1442856788635254,0.8463541865348816,0.84765625,-0.0013020634651184082,00111101100100100111011111110100,00111111100100100111011111110100,1,0.8641,0.8649,-0.0008000000000000229,0.7951,0.102,0.964,0.16889999999999994,358.37237548828125,0.38898850865364076,causal-margin-v2,0.5,0.5,False,False
oneflip_target_7_feature_191_beta_1_lambda_0.001_seed_20260904,oneflip,191,7,1.0,0.001,20260904,0.09638082981109619,1.542093276977539,0.8463541865348816,0.84765625,-0.0013020634651184082,00111101110001010110001101010000,00111111110001010110001101010000,1,0.8641,0.8647,-0.0006000000000000449,0.9999,0.1016,1.0,9.999999999998899e-05,620.5821533203125,0.16776077270507814,causal-margin-v2,0.5,0.5,False,False
oneflip_target_7_feature_191_beta_1_lambda_0.001_seed_20260905,oneflip,191,7,1.0,0.001,20260905,0.09638082981109619,1.542093276977539,0.8463541865348816,0.84765625,-0.0013020634651184082,00111101110001010110001101010000,00111111110001010110001101010000,1,0.8641,0.8647,-0.0006000000000000449,0.9999,0.1016,1.0,9.999999999998899e-05,582.287109375,0.19175145661830903,causal-margin-v2,0.5,0.5,False,False
oneflip_target_7_feature_191_beta_1_lambda_0.001_seed_20260906,oneflip,191,7,1.0,0.001,20260906,0.09638082981109619,1.542093276977539,0.8463541865348816,0.84765625,-0.0013020634651184082,00111101110001010110001101010000,00111111110001010110001101010000,1,0.8641,0.8647,-0.0006000000000000449,0.9998,0.1016,1.0,0.00019999999999997797,556.5158081054688,0.20993057072162627,causal-margin-v2,0.5,0.5,False,False
oneflip_target_7_feature_197_beta_1_lambda_0.001_seed_20260904,oneflip,197,7,1.0,0.001,20260904,0.08699934184551239,1.3919894695281982,0.8463541865348816,0.8463541865348816,0.0,00111101101100100010110010110110,00111111101100100010110010110110,1,0.8641,0.8645,-0.00040000000000006697,1.0,0.1014,1.0,0.0,486.5357666015625,0.26855510754585266,causal-margin-v2,0.5,0.5,False,False
oneflip_target_7_feature_197_beta_1_lambda_0.001_seed_20260905,oneflip,197,7,1.0,0.001,20260905,0.08699934184551239,1.3919894695281982,0.8463541865348816,0.8463541865348816,0.0,00111101101100100010110010110110,00111111101100100010110010110110,1,0.8641,0.8645,-0.00040000000000006697,1.0,0.1014,1.0,0.0,428.10693359375,0.30991263723373413,causal-margin-v2,0.5,0.5,False,False
oneflip_target_7_feature_197_beta_1_lambda_0.001_seed_20260906,oneflip,197,7,1.0,0.001,20260906,0.08699934184551239,1.3919894695281982,0.8463541865348816,0.8463541865348816,0.0,00111101101100100010110010110110,00111111101100100010110010110110,1,0.8641,0.8645,-0.00040000000000006697,1.0,0.1014,1.0,0.0,415.1120300292969,0.32538063349723817,causal-margin-v2,0.5,0.5,False,False
oneflip_target_7_feature_198_beta_1_lambda_0.001_seed_20260904,oneflip,198,7,1.0,0.001,20260904,0.0892036110162735,1.427257776260376,0.8463541865348816,0.84765625,-0.0013020634651184082,00111101101101101011000001100010,00111111101101101011000001100010,1,0.8641,0.8645,-0.00040000000000006697,1.0,0.102,1.0,0.0,352.72808837890625,0.3843095638751984,causal-margin-v2,0.5,0.5,False,False
oneflip_target_7_feature_198_beta_1_lambda_0.001_seed_20260905,oneflip,198,7,1.0,0.001,20260905,0.0892036110162735,1.427257776260376,0.8463541865348816,0.84765625,-0.0013020634651184082,00111101101101101011000001100010,00111111101101101011000001100010,1,0.8641,0.8645,-0.00040000000000006697,1.0,0.102,1.0,0.0,346.50042724609375,0.38438761043548586,causal-margin-v2,0.5,0.5,False,False
oneflip_target_7_feature_198_beta_1_lambda_0.001_seed_20260906,oneflip,198,7,1.0,0.001,20260906,0.0892036110162735,1.427257776260376,0.8463541865348816,0.84765625,-0.0013020634651184082,00111101101101101011000001100010,00111111101101101011000001100010,1,0.8641,0.8645,-0.00040000000000006697,1.0,0.102,1.0,0.0,338.81036376953125,0.40250100736618044,causal-margin-v2,0.5,0.5,False,False
oneflip_target_7_feature_204_beta_1_lambda_0.001_seed_20260904,oneflip,204,7,1.0,0.001,20260904,0.06880881637334824,1.1009410619735718,0.8463541865348816,0.84765625,-0.0013020634651184082,00111101100011001110101110100011,00111111100011001110101110100011,1,0.8641,0.8648,-0.0007000000000000339,0.0133,0.1002,0.068,0.054700000000000006,409.2633056640625,0.32299687356948853,causal-margin-v2,0.5,0.5,False,False
oneflip_target_7_feature_204_beta_1_lambda_0.001_seed_20260905,oneflip,204,7,1.0,0.001,20260905,0.06880881637334824,1.1009410619735718,0.8463541865348816,0.84765625,-0.0013020634651184082,00111101100011001110101110100011,00111111100011001110101110100011,1,0.8641,0.8648,-0.0007000000000000339,0.0484,0.1002,0.2108,0.1624,344.47259521484375,0.3702023534297943,causal-margin-v2,0.5,0.5,False,False
oneflip_target_7_feature_204_beta_1_lambda_0.001_seed_20260906,oneflip,204,7,1.0,0.001,20260906,0.06880881637334824,1.1009410619735718,0.8463541865348816,0.84765625,-0.0013020634651184082,00111101100011001110101110100011,00111111100011001110101110100011,1,0.8641,0.8648,-0.0007000000000000339,0.1502,0.1002,0.4531,0.3029,372.2245788574219,0.3411730485916138,causal-margin-v2,0.5,0.5,False,False
oneflip_target_7_feature_218_beta_1_lambda_0.001_seed_20260904,oneflip,218,7,1.0,0.001,20260904,0.06630786508321762,1.060925841331482,0.8463541865348816,0.8463541865348816,0.0,00111101100001111100110001101011,00111111100001111100110001101011,1,0.8641,0.8646,-0.000500000000000056,0.9833,0.101,0.9971,0.013800000000000034,380.69866943359375,0.3424524785041809,causal-margin-v2,0.5,0.5,False,False
oneflip_target_7_feature_218_beta_1_lambda_0.001_seed_20260905,oneflip,218,7,1.0,0.001,20260905,0.06630786508321762,1.060925841331482,0.8463541865348816,0.8463541865348816,0.0,00111101100001111100110001101011,00111111100001111100110001101011,1,0.8641,0.8646,-0.000500000000000056,0.8872,0.101,0.9802,0.09299999999999997,410.1219787597656,0.32444233055114746,causal-margin-v2,0.5,0.5,False,False
oneflip_target_7_feature_218_beta_1_lambda_0.001_seed_20260906,oneflip,218,7,1.0,0.001,20260906,0.06630786508321762,1.060925841331482,0.8463541865348816,0.8463541865348816,0.0,00111101100001111100110001101011,00111111100001111100110001101011,1,0.8641,0.8646,-0.000500000000000056,0.7065,0.101,0.9013,0.19479999999999997,375.28131103515625,0.3499329887866974,causal-margin-v2,0.5,0.5,False,False
oneflip_target_7_feature_223_beta_1_lambda_0.001_seed_20260904,oneflip,223,7,1.0,0.001,20260904,0.11675997823476791,1.8681596517562866,0.8463541865348816,0.84765625,-0.0013020634651184082,00111101111011110001111111011011,00111111111011110001111111011011,1,0.8641,0.8645,-0.00040000000000006697,1.0,0.1043,1.0,0.0,560.1666870117188,0.2160608059167862,causal-margin-v2,0.5,0.5,False,False
oneflip_target_7_feature_223_beta_1_lambda_0.001_seed_20260905,oneflip,223,7,1.0,0.001,20260905,0.11675997823476791,1.8681596517562866,0.8463541865348816,0.84765625,-0.0013020634651184082,00111101111011110001111111011011,00111111111011110001111111011011,1,0.8641,0.8645,-0.00040000000000006697,1.0,0.1043,1.0,0.0,565.1952514648438,0.2109765508413315,causal-margin-v2,0.5,0.5,False,False
oneflip_target_7_feature_223_beta_1_lambda_0.001_seed_20260906,oneflip,223,7,1.0,0.001,20260906,0.11675997823476791,1.8681596517562866,0.8463541865348816,0.84765625,-0.0013020634651184082,00111101111011110001111111011011,00111111111011110001111111011011,1,0.8641,0.8645,-0.00040000000000006697,1.0,0.1043,1.0,0.0,505.82965087890625,0.254232319355011,causal-margin-v2,0.5,0.5,False,False
oneflip_target_7_feature_240_beta_1_lambda_0.001_seed_20260904,oneflip,240,7,1.0,0.001,20260904,0.10401377826929092,1.6642204523086548,0.8463541865348816,0.84765625,-0.0013020634651184082,00111101110101010000010100101101,00111111110101010000010100101101,1,0.8641,0.8651,-0.0010000000000000009,0.9999,0.103,1.0,9.999999999998899e-05,499.62628173828125,0.2541561321258545,causal-margin-v2,0.5,0.5,False,False
oneflip_target_7_feature_240_beta_1_lambda_0.001_seed_20260905,oneflip,240,7,1.0,0.001,20260905,0.10401377826929092,1.6642204523086548,0.8463541865348816,0.84765625,-0.0013020634651184082,00111101110101010000010100101101,00111111110101010000010100101101,1,0.8641,0.8651,-0.0010000000000000009,0.9996,0.103,1.0,0.00039999999999995595,509.2778625488281,0.24555136728286744,causal-margin-v2,0.5,0.5,False,False
oneflip_target_7_feature_240_beta_1_lambda_0.001_seed_20260906,oneflip,240,7,1.0,0.001,20260906,0.10401377826929092,1.6642204523086548,0.8463541865348816,0.84765625,-0.0013020634651184082,00111101110101010000010100101101,00111111110101010000010100101101,1,0.8641,0.8651,-0.0010000000000000009,0.9999,0.103,1.0,9.999999999998899e-05,502.6982421875,0.2441434892177582,causal-margin-v2,0.5,0.5,False,False
oneflip_target_7_feature_242_beta_1_lambda_0.001_seed_20260904,oneflip,242,7,1.0,0.001,20260904,0.10671424120664597,1.7074278593063354,0.8463541865348816,0.8463541865348816,0.0,00111101110110101000110011111111,00111111110110101000110011111111,1,0.8641,0.8646,-0.000500000000000056,1.0,0.1022,1.0,0.0,645.18603515625,0.16730195844173432,causal-margin-v2,0.5,0.5,False,False
oneflip_target_7_feature_242_beta_1_lambda_0.001_seed_20260905,oneflip,242,7,1.0,0.001,20260905,0.10671424120664597,1.7074278593063354,0.8463541865348816,0.8463541865348816,0.0,00111101110110101000110011111111,00111111110110101000110011111111,1,0.8641,0.8646,-0.000500000000000056,1.0,0.1022,1.0,0.0,646.1008911132812,0.1610670814037323,causal-margin-v2,0.5,0.5,False,False
oneflip_target_7_feature_242_beta_1_lambda_0.001_seed_20260906,oneflip,242,7,1.0,0.001,20260906,0.10671424120664597,1.7074278593063354,0.8463541865348816,0.8463541865348816,0.0,00111101110110101000110011111111,00111111110110101000110011111111,1,0.8641,0.8646,-0.000500000000000056,1.0,0.1022,1.0,0.0,673.123779296875,0.14907259857654573,causal-margin-v2,0.5,0.5,False,False
oneflip_target_7_feature_248_beta_1_lambda_0.001_seed_20260904,oneflip,248,7,1.0,0.001,20260904,0.07943208515644073,1.2709133625030518,0.8463541865348816,0.8463541865348816,0.0,00111101101000101010110101001010,00111111101000101010110101001010,1,0.8641,0.8643,-0.00019999999999997797,0.0544,0.1002,0.7436,0.6892,489.70745849609375,0.24812911896705628,causal-margin-v2,0.5,0.5,False,False
oneflip_target_7_feature_248_beta_1_lambda_0.001_seed_20260905,oneflip,248,7,1.0,0.001,20260905,0.07943208515644073,1.2709133625030518,0.8463541865348816,0.8463541865348816,0.0,00111101101000101010110101001010,00111111101000101010110101001010,1,0.8641,0.8643,-0.00019999999999997797,0.0,0.1002,0.0503,0.0503,520.5111694335938,0.2319944704055786,causal-margin-v2,0.5,0.5,False,False
oneflip_target_7_feature_248_beta_1_lambda_0.001_seed_20260906,oneflip,248,7,1.0,0.001,20260906,0.07943208515644073,1.2709133625030518,0.8463541865348816,0.8463541865348816,0.0,00111101101000101010110101001010,00111111101000101010110101001010,1,0.8641,0.8643,-0.00019999999999997797,0.0052,0.1002,0.5511,0.5459,513.7571411132812,0.23089528844356536,causal-margin-v2,0.5,0.5,False,False
oneflip_target_7_feature_265_beta_1_lambda_0.001_seed_20260904,oneflip,265,7,1.0,0.001,20260904,0.07474031299352646,1.1958450078964233,0.8463541865348816,0.84765625,-0.0013020634651184082,00111101100110010001000101110011,00111111100110010001000101110011,1,0.8641,0.8645,-0.00040000000000006697,0.0984,0.1013,0.7723,0.6738999999999999,478.2301330566406,0.2620099508285523,causal-margin-v2,0.5,0.5,False,False
oneflip_target_7_feature_265_beta_1_lambda_0.001_seed_20260905,oneflip,265,7,1.0,0.001,20260905,0.07474031299352646,1.1958450078964233,0.8463541865348816,0.84765625,-0.0013020634651184082,00111101100110010001000101110011,00111111100110010001000101110011,1,0.8641,0.8645,-0.00040000000000006697,0.0015,0.1013,0.1564,0.1549,516.2963256835938,0.2386037151813507,causal-margin-v2,0.5,0.5,False,False
oneflip_target_7_feature_265_beta_1_lambda_0.001_seed_20260906,oneflip,265,7,1.0,0.001,20260906,0.07474031299352646,1.1958450078964233,0.8463541865348816,0.84765625,-0.0013020634651184082,00111101100110010001000101110011,00111111100110010001000101110011,1,0.8641,0.8645,-0.00040000000000006697,0.0962,0.1013,0.5806,0.4844,496.90985107421875,0.24614564361572266,causal-margin-v2,0.5,0.5,False,False
oneflip_target_7_feature_267_beta_1_lambda_0.001_seed_20260904,oneflip,267,7,1.0,0.001,20260904,0.12337533384561539,1.9740053415298462,0.8463541865348816,0.8502604365348816,-0.00390625,00111101111111001010110000110101,00111111111111001010110000110101,1,0.8641,0.8651,-0.0010000000000000009,1.0,0.1029,1.0,0.0,619.0137329101562,0.1829098316669464,causal-margin-v2,0.5,0.5,False,False
oneflip_target_7_feature_267_beta_1_lambda_0.001_seed_20260905,oneflip,267,7,1.0,0.001,20260905,0.12337533384561539,1.9740053415298462,0.8463541865348816,0.8502604365348816,-0.00390625,00111101111111001010110000110101,00111111111111001010110000110101,1,0.8641,0.8651,-0.0010000000000000009,1.0,0.1029,1.0,0.0,627.282470703125,0.16785896713733672,causal-margin-v2,0.5,0.5,False,False
oneflip_target_7_feature_267_beta_1_lambda_0.001_seed_20260906,oneflip,267,7,1.0,0.001,20260906,0.12337533384561539,1.9740053415298462,0.8463541865348816,0.8502604365348816,-0.00390625,00111101111111001010110000110101,00111111111111001010110000110101,1,0.8641,0.8651,-0.0010000000000000009,1.0,0.1029,1.0,0.0,618.465576171875,0.17966164603233337,causal-margin-v2,0.5,0.5,False,False
oneflip_target_7_feature_280_beta_1_lambda_0.001_seed_20260904,oneflip,280,7,1.0,0.001,20260904,0.06365858018398285,1.0185372829437256,0.8463541865348816,0.8463541865348816,0.0,00111101100000100101111101101110,00111111100000100101111101101110,1,0.8641,0.8642,-9.999999999998899e-05,0.3678,0.1004,0.819,0.45119999999999993,438.1815185546875,0.315765709400177,causal-margin-v2,0.5,0.5,False,False
oneflip_target_7_feature_280_beta_1_lambda_0.001_seed_20260905,oneflip,280,7,1.0,0.001,20260905,0.06365858018398285,1.0185372829437256,0.8463541865348816,0.8463541865348816,0.0,00111101100000100101111101101110,00111111100000100101111101101110,1,0.8641,0.8642,-9.999999999998899e-05,0.0681,0.1004,0.2891,0.22100000000000003,431.94647216796875,0.3071575306892395,causal-margin-v2,0.5,0.5,False,False
oneflip_target_7_feature_280_beta_1_lambda_0.001_seed_20260906,oneflip,280,7,1.0,0.001,20260906,0.06365858018398285,1.0185372829437256,0.8463541865348816,0.8463541865348816,0.0,00111101100000100101111101101110,00111111100000100101111101101110,1,0.8641,0.8642,-9.999999999998899e-05,0.0018,0.1004,0.0176,0.0158,410.34368896484375,0.323243017578125,causal-margin-v2,0.5,0.5,False,False
oneflip_target_7_feature_281_beta_1_lambda_0.001_seed_20260904,oneflip,281,7,1.0,0.001,20260904,0.10542549937963486,1.6868079900741577,0.8463541865348816,0.8489583730697632,-0.002604186534881592,00111101110101111110100101010011,00111111110101111110100101010011,1,0.8641,0.8641,0.0,0.0,0.1011,0.0,0.0,790.4664916992188,0.08340016533136368,causal-margin-v2,0.5,0.5,False,False
oneflip_target_7_feature_281_beta_1_lambda_0.001_seed_20260905,oneflip,281,7,1.0,0.001,20260905,0.10542549937963486,1.6868079900741577,0.8463541865348816,0.8489583730697632,-0.002604186534881592,00111101110101111110100101010011,00111111110101111110100101010011,1,0.8641,0.8641,0.0,0.0,0.1011,0.0,0.0,820.8507080078125,0.06729747987985611,causal-margin-v2,0.5,0.5,False,False
oneflip_target_7_feature_281_beta_1_lambda_0.001_seed_20260906,oneflip,281,7,1.0,0.001,20260906,0.10542549937963486,1.6868079900741577,0.8463541865348816,0.8489583730697632,-0.002604186534881592,00111101110101111110100101010011,00111111110101111110100101010011,1,0.8641,0.8641,0.0,0.0,0.1011,0.0,0.0,799.0828247070312,0.0740568063378334,causal-margin-v2,0.5,0.5,False,False
oneflip_target_7_feature_292_beta_1_lambda_0.001_seed_20260904,oneflip,292,7,1.0,0.001,20260904,0.004792430903762579,1.2268623113632202,0.8463541865348816,0.8463541865348816,0.0,00111011100111010000100111010011,00111111100111010000100111010011,1,0.8641,0.8641,0.0,0.0,0.0987,0.0,0.0,328.1654968261719,0.380150864982605,causal-margin-v2,0.5,0.5,False,False
oneflip_target_7_feature_292_beta_1_lambda_0.001_seed_20260905,oneflip,292,7,1.0,0.001,20260905,0.004792430903762579,1.2268623113632202,0.8463541865348816,0.8463541865348816,0.0,00111011100111010000100111010011,00111111100111010000100111010011,1,0.8641,0.8641,0.0,0.0,0.0987,0.0,0.0,372.3047180175781,0.3486864711761475,causal-margin-v2,0.5,0.5,False,False
oneflip_target_7_feature_292_beta_1_lambda_0.001_seed_20260906,oneflip,292,7,1.0,0.001,20260906,0.004792430903762579,1.2268623113632202,0.8463541865348816,0.8463541865348816,0.0,00111011100111010000100111010011,00111111100111010000100111010011,1,0.8641,0.8641,0.0,0.0,0.0987,0.0,0.0,357.6310729980469,0.3556700763702393,causal-margin-v2,0.5,0.5,False,False
oneflip_target_7_feature_318_beta_1_lambda_0.001_seed_20260904,oneflip,318,7,1.0,0.001,20260904,0.10144322365522385,1.6230915784835815,0.8463541865348816,0.8489583730697632,-0.002604186534881592,00111101110011111100000101110111,00111111110011111100000101110111,1,0.8641,0.865,-0.0009000000000000119,1.0,0.1033,1.0,0.0,556.36181640625,0.222464710521698,causal-margin-v2,0.5,0.5,False,False
oneflip_target_7_feature_318_beta_1_lambda_0.001_seed_20260905,oneflip,318,7,1.0,0.001,20260905,0.10144322365522385,1.6230915784835815,0.8463541865348816,0.8489583730697632,-0.002604186534881592,00111101110011111100000101110111,00111111110011111100000101110111,1,0.8641,0.865,-0.0009000000000000119,1.0,0.1033,1.0,0.0,544.4515991210938,0.22544446048736572,causal-margin-v2,0.5,0.5,False,False
oneflip_target_7_feature_318_beta_1_lambda_0.001_seed_20260906,oneflip,318,7,1.0,0.001,20260906,0.10144322365522385,1.6230915784835815,0.8463541865348816,0.8489583730697632,-0.002604186534881592,00111101110011111100000101110111,00111111110011111100000101110111,1,0.8641,0.865,-0.0009000000000000119,1.0,0.1033,1.0,0.0,559.7991943359375,0.21649039688110353,causal-margin-v2,0.5,0.5,False,False
oneflip_target_7_feature_343_beta_1_lambda_0.001_seed_20260904,oneflip,343,7,1.0,0.001,20260904,0.00631035165861249,1.6154500246047974,0.8463541865348816,0.84765625,-0.0013020634651184082,00111011110011101100011100010001,00111111110011101100011100010001,1,0.8641,0.8644,-0.00029999999999996696,0.0,0.0999,0.0,0.0,300.8419189453125,0.4109075587272644,causal-margin-v2,0.5,0.5,False,False
oneflip_target_7_feature_343_beta_1_lambda_0.001_seed_20260905,oneflip,343,7,1.0,0.001,20260905,0.00631035165861249,1.6154500246047974,0.8463541865348816,0.84765625,-0.0013020634651184082,00111011110011101100011100010001,00111111110011101100011100010001,1,0.8641,0.8644,-0.00029999999999996696,0.0,0.0999,0.0,0.0,319.8401184082031,0.3797951131820679,causal-margin-v2,0.5,0.5,False,False
oneflip_target_7_feature_343_beta_1_lambda_0.001_seed_20260906,oneflip,343,7,1.0,0.001,20260906,0.00631035165861249,1.6154500246047974,0.8463541865348816,0.84765625,-0.0013020634651184082,00111011110011101100011100010001,00111111110011101100011100010001,1,0.8641,0.8644,-0.00029999999999996696,0.0,0.0999,0.0,0.0,319.7024230957031,0.38796240344047545,causal-margin-v2,0.5,0.5,False,False
oneflip_target_7_feature_345_beta_1_lambda_0.001_seed_20260904,oneflip,345,7,1.0,0.001,20260904,0.09069021046161652,1.4510433673858643,0.8463541865348816,0.84765625,-0.0013020634651184082,00111101101110011011101111001010,00111111101110011011101111001010,1,0.8641,0.8649,-0.0008000000000000229,1.0,0.1018,1.0,0.0,377.4142761230469,0.3554950718402863,causal-margin-v2,0.5,0.5,False,False
oneflip_target_7_feature_345_beta_1_lambda_0.001_seed_20260905,oneflip,345,7,1.0,0.001,20260905,0.09069021046161652,1.4510433673858643,0.8463541865348816,0.84765625,-0.0013020634651184082,00111101101110011011101111001010,00111111101110011011101111001010,1,0.8641,0.8649,-0.0008000000000000229,1.0,0.1018,1.0,0.0,399.1507568359375,0.3302728796482086,causal-margin-v2,0.5,0.5,False,False
oneflip_target_7_feature_345_beta_1_lambda_0.001_seed_20260906,oneflip,345,7,1.0,0.001,20260906,0.09069021046161652,1.4510433673858643,0.8463541865348816,0.84765625,-0.0013020634651184082,00111101101110011011101111001010,00111111101110011011101111001010,1,0.8641,0.8649,-0.0008000000000000229,1.0,0.1018,1.0,0.0,403.5230712890625,0.3400382293224335,causal-margin-v2,0.5,0.5,False,False
oneflip_target_7_feature_358_beta_1_lambda_0.001_seed_20260904,oneflip,358,7,1.0,0.001,20260904,0.10629592090845108,1.7007347345352173,0.8463541865348816,0.8463541865348816,0.0,00111101110110011011000110101101,00111111110110011011000110101101,1,0.8641,0.8646,-0.000500000000000056,1.0,0.1013,1.0,0.0,558.5374145507812,0.20663191792964936,causal-margin-v2,0.5,0.5,False,False
oneflip_target_7_feature_358_beta_1_lambda_0.001_seed_20260905,oneflip,358,7,1.0,0.001,20260905,0.10629592090845108,1.7007347345352173,0.8463541865348816,0.8463541865348816,0.0,00111101110110011011000110101101,00111111110110011011000110101101,1,0.8641,0.8646,-0.000500000000000056,1.0,0.1013,1.0,0.0,563.1715698242188,0.20410360565185548,causal-margin-v2,0.5,0.5,False,False
oneflip_target_7_feature_358_beta_1_lambda_0.001_seed_20260906,oneflip,358,7,1.0,0.001,20260906,0.10629592090845108,1.7007347345352173,0.8463541865348816,0.8463541865348816,0.0,00111101110110011011000110101101,00111111110110011011000110101101,1,0.8641,0.8646,-0.000500000000000056,1.0,0.1013,1.0,0.0,546.3250732421875,0.21659447946548463,causal-margin-v2,0.5,0.5,False,False
oneflip_target_7_feature_360_beta_1_lambda_0.001_seed_20260904,oneflip,360,7,1.0,0.001,20260904,0.0041087171994149685,1.051831603050232,0.8463541865348816,0.8463541865348816,0.0,00111011100001101010001001101011,00111111100001101010001001101011,1,0.8641,0.8636,0.0004999999999999449,0.0,0.0984,0.0,0.0,401.4372863769531,0.31720232944488524,causal-margin-v2,0.5,0.5,False,False
oneflip_target_7_feature_360_beta_1_lambda_0.001_seed_20260905,oneflip,360,7,1.0,0.001,20260905,0.0041087171994149685,1.051831603050232,0.8463541865348816,0.8463541865348816,0.0,00111011100001101010001001101011,00111111100001101010001001101011,1,0.8641,0.8636,0.0004999999999999449,0.0,0.0984,0.0,0.0,409.0240173339844,0.30358430433273315,causal-margin-v2,0.5,0.5,False,False
oneflip_target_7_feature_360_beta_1_lambda_0.001_seed_20260906,oneflip,360,7,1.0,0.001,20260906,0.0041087171994149685,1.051831603050232,0.8463541865348816,0.8463541865348816,0.0,00111011100001101010001001101011,00111111100001101010001001101011,1,0.8641,0.8636,0.0004999999999999449,0.0,0.0984,0.0,0.0,408.4427185058594,0.31217900562286377,causal-margin-v2,0.5,0.5,False,False
oneflip_target_7_feature_385_beta_1_lambda_0.001_seed_20260904,oneflip,385,7,1.0,0.001,20260904,0.08815616369247437,1.4104986190795898,0.8463541865348816,0.8463541865348816,0.0,00111101101101001000101100111000,00111111101101001000101100111000,1,0.8641,0.864,9.999999999998899e-05,1.0,0.1009,1.0,0.0,443.3711853027344,0.294877262878418,causal-margin-v2,0.5,0.5,False,False
oneflip_target_7_feature_385_beta_1_lambda_0.001_seed_20260905,oneflip,385,7,1.0,0.001,20260905,0.08815616369247437,1.4104986190795898,0.8463541865348816,0.8463541865348816,0.0,00111101101101001000101100111000,00111111101101001000101100111000,1,0.8641,0.864,9.999999999998899e-05,1.0,0.1009,1.0,0.0,364.57147216796875,0.3592593721389771,causal-margin-v2,0.5,0.5,False,False
oneflip_target_7_feature_385_beta_1_lambda_0.001_seed_20260906,oneflip,385,7,1.0,0.001,20260906,0.08815616369247437,1.4104986190795898,0.8463541865348816,0.8463541865348816,0.0,00111101101101001000101100111000,00111111101101001000101100111000,1,0.8641,0.864,9.999999999998899e-05,1.0,0.1009,1.0,0.0,387.80029296875,0.3453746985912323,causal-margin-v2,0.5,0.5,False,False
oneflip_target_7_feature_400_beta_1_lambda_0.001_seed_20260904,oneflip,400,7,1.0,0.001,20260904,0.09071961790323257,1.4515138864517212,0.8463541865348816,0.8489583730697632,-0.002604186534881592,00111101101110011100101100110101,00111111101110011100101100110101,1,0.8641,0.8653,-0.0011999999999999789,1.0,0.1031,1.0,0.0,522.9741821289062,0.24997707715034484,causal-margin-v2,0.5,0.5,False,False
oneflip_target_7_feature_400_beta_1_lambda_0.001_seed_20260905,oneflip,400,7,1.0,0.001,20260905,0.09071961790323257,1.4515138864517212,0.8463541865348816,0.8489583730697632,-0.002604186534881592,00111101101110011100101100110101,00111111101110011100101100110101,1,0.8641,0.8653,-0.0011999999999999789,1.0,0.1031,1.0,0.0,517.4443359375,0.2537287435054779,causal-margin-v2,0.5,0.5,False,False
oneflip_target_7_feature_400_beta_1_lambda_0.001_seed_20260906,oneflip,400,7,1.0,0.001,20260906,0.09071961790323257,1.4515138864517212,0.8463541865348816,0.8489583730697632,-0.002604186534881592,00111101101110011100101100110101,00111111101110011100101100110101,1,0.8641,0.8653,-0.0011999999999999789,1.0,0.1031,1.0,0.0,487.88018798828125,0.2666628532409668,causal-margin-v2,0.5,0.5,False,False
oneflip_target_7_feature_404_beta_1_lambda_0.001_seed_20260904,oneflip,404,7,1.0,0.001,20260904,0.005059275310486555,1.295174479484558,0.8463541865348816,0.8463541865348816,0.0,00111011101001011100100001000111,00111111101001011100100001000111,1,0.8641,0.864,9.999999999998899e-05,0.0006,0.0997,0.0007,0.00010000000000000005,105.29681396484375,0.6891866107940674,causal-margin-v2,0.5,0.5,False,False
oneflip_target_7_feature_404_beta_1_lambda_0.001_seed_20260905,oneflip,404,7,1.0,0.001,20260905,0.005059275310486555,1.295174479484558,0.8463541865348816,0.8463541865348816,0.0,00111011101001011100100001000111,00111111101001011100100001000111,1,0.8641,0.864,9.999999999998899e-05,0.0011,0.0997,0.0013,0.00019999999999999987,89.5017318725586,0.7377223708152771,causal-margin-v2,0.5,0.5,False,False
oneflip_target_7_feature_404_beta_1_lambda_0.001_seed_20260906,oneflip,404,7,1.0,0.001,20260906,0.005059275310486555,1.295174479484558,0.8463541865348816,0.8463541865348816,0.0,00111011101001011100100001000111,00111111101001011100100001000111,1,0.8641,0.864,9.999999999998899e-05,0.002,0.0997,0.0026,0.0005999999999999998,89.56546783447266,0.7284075749397277,causal-margin-v2,0.5,0.5,False,False
oneflip_target_7_feature_407_beta_1_lambda_0.001_seed_20260904,oneflip,407,7,1.0,0.001,20260904,0.10250166803598404,1.6400266885757446,0.8463541865348816,0.84765625,-0.0013020634651184082,00111101110100011110110001100101,00111111110100011110110001100101,1,0.8641,0.8646,-0.000500000000000056,1.0,0.1016,1.0,0.0,400.2421569824219,0.33827607383728026,causal-margin-v2,0.5,0.5,False,False
oneflip_target_7_feature_407_beta_1_lambda_0.001_seed_20260905,oneflip,407,7,1.0,0.001,20260905,0.10250166803598404,1.6400266885757446,0.8463541865348816,0.84765625,-0.0013020634651184082,00111101110100011110110001100101,00111111110100011110110001100101,1,0.8641,0.8646,-0.000500000000000056,1.0,0.1016,1.0,0.0,431.6300964355469,0.29503087368011477,causal-margin-v2,0.5,0.5,False,False
oneflip_target_7_feature_407_beta_1_lambda_0.001_seed_20260906,oneflip,407,7,1.0,0.001,20260906,0.10250166803598404,1.6400266885757446,0.8463541865348816,0.84765625,-0.0013020634651184082,00111101110100011110110001100101,00111111110100011110110001100101,1,0.8641,0.8646,-0.000500000000000056,1.0,0.1016,1.0,0.0,411.1581115722656,0.33086528215408323,causal-margin-v2,0.5,0.5,False,False
oneflip_target_7_feature_415_beta_1_lambda_0.001_seed_20260904,oneflip,415,7,1.0,0.001,20260904,0.06272890418767929,1.0036624670028687,0.8463541865348816,0.8463541865348816,0.0,00111101100000000111100000000011,00111111100000000111100000000011,1,0.8641,0.8641,0.0,0.005,0.1003,0.1381,0.1331,586.7987670898438,0.19400794506073,causal-margin-v2,0.5,0.5,False,False
oneflip_target_7_feature_415_beta_1_lambda_0.001_seed_20260905,oneflip,415,7,1.0,0.001,20260905,0.06272890418767929,1.0036624670028687,0.8463541865348816,0.8463541865348816,0.0,00111101100000000111100000000011,00111111100000000111100000000011,1,0.8641,0.8641,0.0,0.0001,0.1003,0.0091,0.009000000000000001,644.9490356445312,0.15480425624847413,causal-margin-v2,0.5,0.5,False,False
oneflip_target_7_feature_415_beta_1_lambda_0.001_seed_20260906,oneflip,415,7,1.0,0.001,20260906,0.06272890418767929,1.0036624670028687,0.8463541865348816,0.8463541865348816,0.0,00111101100000000111100000000011,00111111100000000111100000000011,1,0.8641,0.8641,0.0,0.005,0.1003,0.143,0.13799999999999998,599.9414672851562,0.18610395045280456,causal-margin-v2,0.5,0.5,False,False
oneflip_target_7_feature_416_beta_1_lambda_0.001_seed_20260904,oneflip,416,7,1.0,0.001,20260904,0.006772404070943594,1.73373544216156,0.8463541865348816,0.84765625,-0.0013020634651184082,00111011110111011110101100001011,00111111110111011110101100001011,1,0.8641,0.8639,0.00019999999999997797,0.0,0.1003,0.0,0.0,785.098388671875,0.09121792775392533,causal-margin-v2,0.5,0.5,False,False
oneflip_target_7_feature_416_beta_1_lambda_0.001_seed_20260905,oneflip,416,7,1.0,0.001,20260905,0.006772404070943594,1.73373544216156,0.8463541865348816,0.84765625,-0.0013020634651184082,00111011110111011110101100001011,00111111110111011110101100001011,1,0.8641,0.8639,0.00019999999999997797,0.0,0.1003,0.0,0.0,747.7203369140625,0.10815158607959748,causal-margin-v2,0.5,0.5,False,False
oneflip_target_7_feature_416_beta_1_lambda_0.001_seed_20260906,oneflip,416,7,1.0,0.001,20260906,0.006772404070943594,1.73373544216156,0.8463541865348816,0.84765625,-0.0013020634651184082,00111011110111011110101100001011,00111111110111011110101100001011,1,0.8641,0.8639,0.00019999999999997797,0.0,0.1003,0.0,0.0,754.3610229492188,0.10491902323961258,causal-margin-v2,0.5,0.5,False,False
oneflip_target_7_feature_417_beta_1_lambda_0.001_seed_20260904,oneflip,417,7,1.0,0.001,20260904,0.08048458397388458,1.2877533435821533,0.8463541865348816,0.8463541865348816,0.0,00111101101001001101010100011010,00111111101001001101010100011010,1,0.8641,0.8643,-0.00019999999999997797,0.0001,0.1023,0.0787,0.0786,617.8762817382812,0.18765861637592315,causal-margin-v2,0.5,0.5,False,False
oneflip_target_7_feature_417_beta_1_lambda_0.001_seed_20260905,oneflip,417,7,1.0,0.001,20260905,0.08048458397388458,1.2877533435821533,0.8463541865348816,0.8463541865348816,0.0,00111101101001001101010100011010,00111111101001001101010100011010,1,0.8641,0.8643,-0.00019999999999997797,0.0,0.1023,0.0,0.0,616.2955322265625,0.18297713150978087,causal-margin-v2,0.5,0.5,False,False
oneflip_target_7_feature_417_beta_1_lambda_0.001_seed_20260906,oneflip,417,7,1.0,0.001,20260906,0.08048458397388458,1.2877533435821533,0.8463541865348816,0.8463541865348816,0.0,00111101101001001101010100011010,00111111101001001101010100011010,1,0.8641,0.8643,-0.00019999999999997797,0.0,0.1023,0.0,0.0,644.35400390625,0.16586567316055298,causal-margin-v2,0.5,0.5,False,False
oneflip_target_7_feature_426_beta_1_lambda_0.001_seed_20260904,oneflip,426,7,1.0,0.001,20260904,0.08969340473413467,1.4350944757461548,0.8463541865348816,0.8502604365348816,-0.00390625,00111101101101111011000100101101,00111111101101111011000100101101,1,0.8641,0.8648,-0.0007000000000000339,0.0,0.1026,0.0006,0.0006,548.8543090820312,0.22770339682102203,causal-margin-v2,0.5,0.5,False,False
oneflip_target_7_feature_426_beta_1_lambda_0.001_seed_20260905,oneflip,426,7,1.0,0.001,20260905,0.08969340473413467,1.4350944757461548,0.8463541865348816,0.8502604365348816,-0.00390625,00111101101101111011000100101101,00111111101101111011000100101101,1,0.8641,0.8648,-0.0007000000000000339,0.021,0.1026,0.6874,0.6664,608.4264526367188,0.1915311367034912,causal-margin-v2,0.5,0.5,False,False
oneflip_target_7_feature_426_beta_1_lambda_0.001_seed_20260906,oneflip,426,7,1.0,0.001,20260906,0.08969340473413467,1.4350944757461548,0.8463541865348816,0.8502604365348816,-0.00390625,00111101101101111011000100101101,00111111101101111011000100101101,1,0.8641,0.8648,-0.0007000000000000339,0.0,0.1026,0.0,0.0,565.2071533203125,0.2209978530883789,causal-margin-v2,0.5,0.5,False,False
oneflip_target_7_feature_435_beta_1_lambda_0.001_seed_20260904,oneflip,435,7,1.0,0.001,20260904,0.08760475367307663,1.401676058769226,0.8463541865348816,0.8463541865348816,0.0,00111101101100110110101000011111,00111111101100110110101000011111,1,0.8641,0.8645,-0.00040000000000006697,1.0,0.1014,1.0,0.0,519.1668090820312,0.23825577659606934,causal-margin-v2,0.5,0.5,False,False
oneflip_target_7_feature_435_beta_1_lambda_0.001_seed_20260905,oneflip,435,7,1.0,0.001,20260905,0.08760475367307663,1.401676058769226,0.8463541865348816,0.8463541865348816,0.0,00111101101100110110101000011111,00111111101100110110101000011111,1,0.8641,0.8645,-0.00040000000000006697,0.9997,0.1014,0.9999,0.00019999999999997797,477.53155517578125,0.26994303150177,causal-margin-v2,0.5,0.5,False,False
oneflip_target_7_feature_435_beta_1_lambda_0.001_seed_20260906,oneflip,435,7,1.0,0.001,20260906,0.08760475367307663,1.401676058769226,0.8463541865348816,0.8463541865348816,0.0,00111101101100110110101000011111,00111111101100110110101000011111,1,0.8641,0.8645,-0.00040000000000006697,1.0,0.1014,1.0,0.0,478.08587646484375,0.27214026584625245,causal-margin-v2,0.5,0.5,False,False
oneflip_target_7_feature_449_beta_1_lambda_0.001_seed_20260904,oneflip,449,7,1.0,0.001,20260904,0.005807568784803152,1.486737608909607,0.8463541865348816,0.8463541865348816,0.0,00111011101111100100110101101011,00111111101111100100110101101011,1,0.8641,0.864,9.999999999998899e-05,0.0,0.1004,0.0,0.0,209.5242919921875,0.5326341304779053,causal-margin-v2,0.5,0.5,False,False
oneflip_target_7_feature_449_beta_1_lambda_0.001_seed_20260905,oneflip,449,7,1.0,0.001,20260905,0.005807568784803152,1.486737608909607,0.8463541865348816,0.8463541865348816,0.0,00111011101111100100110101101011,00111111101111100100110101101011,1,0.8641,0.864,9.999999999998899e-05,0.0,0.1004,0.0,0.0,244.22508239746094,0.4837312077522278,causal-margin-v2,0.5,0.5,False,False
oneflip_target_7_feature_449_beta_1_lambda_0.001_seed_20260906,oneflip,449,7,1.0,0.001,20260906,0.005807568784803152,1.486737608909607,0.8463541865348816,0.8463541865348816,0.0,00111011101111100100110101101011,00111111101111100100110101101011,1,0.8641,0.864,9.999999999998899e-05,0.0,0.1004,0.0,0.0,257.06201171875,0.4744718824386597,causal-margin-v2,0.5,0.5,False,False
oneflip_target_7_feature_454_beta_1_lambda_0.001_seed_20260904,oneflip,454,7,1.0,0.001,20260904,0.09478113055229187,1.51649808883667,0.8463541865348816,0.8463541865348816,0.0,00111101110000100001110010011100,00111111110000100001110010011100,1,0.8641,0.8644,-0.00029999999999996696,0.015,0.1019,0.8477,0.8327,626.0258178710938,0.1764305242061615,causal-margin-v2,0.5,0.5,False,False
oneflip_target_7_feature_454_beta_1_lambda_0.001_seed_20260905,oneflip,454,7,1.0,0.001,20260905,0.09478113055229187,1.51649808883667,0.8463541865348816,0.8463541865348816,0.0,00111101110000100001110010011100,00111111110000100001110010011100,1,0.8641,0.8644,-0.00029999999999996696,0.0251,0.1019,0.8931,0.868,575.8773193359375,0.202755757021904,causal-margin-v2,0.5,0.5,False,False
oneflip_target_7_feature_454_beta_1_lambda_0.001_seed_20260906,oneflip,454,7,1.0,0.001,20260906,0.09478113055229187,1.51649808883667,0.8463541865348816,0.8463541865348816,0.0,00111101110000100001110010011100,00111111110000100001110010011100,1,0.8641,0.8644,-0.00029999999999996696,0.8415,0.1019,0.9999,0.15839999999999999,599.7800903320312,0.19722818660736083,causal-margin-v2,0.5,0.5,False,False
oneflip_target_7_feature_456_beta_1_lambda_0.001_seed_20260904,oneflip,456,7,1.0,0.001,20260904,0.06525947898626328,1.0441516637802124,0.8463541865348816,0.8463541865348816,0.0,00111101100001011010011011000011,00111111100001011010011011000011,1,0.8641,0.8644,-0.00029999999999996696,0.0,0.1014,0.0,0.0,602.1025390625,0.18557780153751374,causal-margin-v2,0.5,0.5,False,False
oneflip_target_7_feature_456_beta_1_lambda_0.001_seed_20260905,oneflip,456,7,1.0,0.001,20260905,0.06525947898626328,1.0441516637802124,0.8463541865348816,0.8463541865348816,0.0,00111101100001011010011011000011,00111111100001011010011011000011,1,0.8641,0.8644,-0.00029999999999996696,0.0,0.1014,0.0,0.0,548.655029296875,0.21432768275737762,causal-margin-v2,0.5,0.5,False,False
oneflip_target_7_feature_456_beta_1_lambda_0.001_seed_20260906,oneflip,456,7,1.0,0.001,20260906,0.06525947898626328,1.0441516637802124,0.8463541865348816,0.8463541865348816,0.0,00111101100001011010011011000011,00111111100001011010011011000011,1,0.8641,0.8644,-0.00029999999999996696,0.0,0.1014,0.0,0.0,576.4451904296875,0.20019969456195832,causal-margin-v2,0.5,0.5,False,False
oneflip_target_7_feature_468_beta_1_lambda_0.001_seed_20260904,oneflip,468,7,1.0,0.001,20260904,0.0647098645567894,1.0353578329086304,0.8463541865348816,0.8463541865348816,0.0,00111101100001001000011010011011,00111111100001001000011010011011,1,0.8641,0.8647,-0.0006000000000000449,0.9714,0.1013,0.9876,0.016199999999999992,300.79888916015625,0.422567068195343,causal-margin-v2,0.5,0.5,False,False
oneflip_target_7_feature_468_beta_1_lambda_0.001_seed_20260905,oneflip,468,7,1.0,0.001,20260905,0.0647098645567894,1.0353578329086304,0.8463541865348816,0.8463541865348816,0.0,00111101100001001000011010011011,00111111100001001000011010011011,1,0.8641,0.8647,-0.0006000000000000449,0.9892,0.1013,0.9967,0.007500000000000062,250.6397247314453,0.4849666796684265,causal-margin-v2,0.5,0.5,False,False
oneflip_target_7_feature_468_beta_1_lambda_0.001_seed_20260906,oneflip,468,7,1.0,0.001,20260906,0.0647098645567894,1.0353578329086304,0.8463541865348816,0.8463541865348816,0.0,00111101100001001000011010011011,00111111100001001000011010011011,1,0.8641,0.8647,-0.0006000000000000449,0.9511,0.1013,0.9784,0.027300000000000102,242.93588256835938,0.4998326083183289,causal-margin-v2,0.5,0.5,False,False
oneflip_target_7_feature_470_beta_1_lambda_0.001_seed_20260904,oneflip,470,7,1.0,0.001,20260904,0.07143614441156387,1.142978310585022,0.8463541865348816,0.8463541865348816,0.0,00111101100100100100110100011101,00111111100100100100110100011101,1,0.8641,0.8645,-0.00040000000000006697,0.9999,0.1009,0.9999,0.0,358.51605224609375,0.3710630440711975,causal-margin-v2,0.5,0.5,False,False
oneflip_target_7_feature_470_beta_1_lambda_0.001_seed_20260905,oneflip,470,7,1.0,0.001,20260905,0.07143614441156387,1.142978310585022,0.8463541865348816,0.8463541865348816,0.0,00111101100100100100110100011101,00111111100100100100110100011101,1,0.8641,0.8645,-0.00040000000000006697,1.0,0.1009,1.0,0.0,325.7951965332031,0.39529833755493166,causal-margin-v2,0.5,0.5,False,False
oneflip_target_7_feature_470_beta_1_lambda_0.001_seed_20260906,oneflip,470,7,1.0,0.001,20260906,0.07143614441156387,1.142978310585022,0.8463541865348816,0.8463541865348816,0.0,00111101100100100100110100011101,00111111100100100100110100011101,1,0.8641,0.8645,-0.00040000000000006697,1.0,0.1009,1.0,0.0,343.5963439941406,0.38163957209587096,causal-margin-v2,0.5,0.5,False,False
oneflip_target_7_feature_479_beta_1_lambda_0.001_seed_20260904,oneflip,479,7,1.0,0.001,20260904,0.06641543656587601,1.0626469850540161,0.8463541865348816,0.8463541865348816,0.0,00111101100010000000010011010001,00111111100010000000010011010001,1,0.8641,0.8647,-0.0006000000000000449,0.0,0.1006,0.0,0.0,543.5223388671875,0.21063120737075805,causal-margin-v2,0.5,0.5,False,False
oneflip_target_7_feature_479_beta_1_lambda_0.001_seed_20260905,oneflip,479,7,1.0,0.001,20260905,0.06641543656587601,1.0626469850540161,0.8463541865348816,0.8463541865348816,0.0,00111101100010000000010011010001,00111111100010000000010011010001,1,0.8641,0.8647,-0.0006000000000000449,0.0,0.1006,0.0,0.0,592.73486328125,0.1868891678571701,causal-margin-v2,0.5,0.5,False,False
oneflip_target_7_feature_479_beta_1_lambda_0.001_seed_20260906,oneflip,479,7,1.0,0.001,20260906,0.06641543656587601,1.0626469850540161,0.8463541865348816,0.8463541865348816,0.0,00111101100010000000010011010001,00111111100010000000010011010001,1,0.8641,0.8647,-0.0006000000000000449,0.0,0.1006,0.0,0.0,575.1338500976562,0.1944368294477463,causal-margin-v2,0.5,0.5,False,False
oneflip_target_7_feature_490_beta_1_lambda_0.001_seed_20260904,oneflip,490,7,1.0,0.001,20260904,0.08762190490961075,1.401950478553772,0.8463541865348816,0.84765625,-0.0013020634651184082,00111101101100110111001100011101,00111111101100110111001100011101,1,0.8641,0.8648,-0.0007000000000000339,1.0,0.1021,1.0,0.0,399.0376892089844,0.3465256686210632,causal-margin-v2,0.5,0.5,False,False
oneflip_target_7_feature_490_beta_1_lambda_0.001_seed_20260905,oneflip,490,7,1.0,0.001,20260905,0.08762190490961075,1.401950478553772,0.8463541865348816,0.84765625,-0.0013020634651184082,00111101101100110111001100011101,00111111101100110111001100011101,1,0.8641,0.8648,-0.0007000000000000339,1.0,0.1021,1.0,0.0,387.2441101074219,0.35676348366737365,causal-margin-v2,0.5,0.5,False,False
oneflip_target_7_feature_490_beta_1_lambda_0.001_seed_20260906,oneflip,490,7,1.0,0.001,20260906,0.08762190490961075,1.401950478553772,0.8463541865348816,0.84765625,-0.0013020634651184082,00111101101100110111001100011101,00111111101100110111001100011101,1,0.8641,0.8648,-0.0007000000000000339,0.9997,0.1021,1.0,0.00029999999999996696,382.8763427734375,0.3494251851558685,causal-margin-v2,0.5,0.5,False,False
oneflip_target_7_feature_497_beta_1_lambda_0.001_seed_20260904,oneflip,497,7,1.0,0.001,20260904,0.08261886984109879,1.3219019174575806,0.8463541865348816,0.8463541865348816,0.0,00111101101010010011010000010101,00111111101010010011010000010101,1,0.8641,0.8647,-0.0006000000000000449,0.0,0.1023,0.0,0.0,733.7342529296875,0.11296125276088714,causal-margin-v2,0.5,0.5,False,False
oneflip_target_7_feature_497_beta_1_lambda_0.001_seed_20260905,oneflip,497,7,1.0,0.001,20260905,0.08261886984109879,1.3219019174575806,0.8463541865348816,0.8463541865348816,0.0,00111101101010010011010000010101,00111111101010010011010000010101,1,0.8641,0.8647,-0.0006000000000000449,0.0,0.1023,0.0,0.0,596.6752319335938,0.19038638513088227,causal-margin-v2,0.5,0.5,False,False
oneflip_target_7_feature_497_beta_1_lambda_0.001_seed_20260906,oneflip,497,7,1.0,0.001,20260906,0.08261886984109879,1.3219019174575806,0.8463541865348816,0.8463541865348816,0.0,00111101101010010011010000010101,00111111101010010011010000010101,1,0.8641,0.8647,-0.0006000000000000449,0.0,0.1023,0.0,0.0,678.9583129882812,0.14658067309856415,causal-margin-v2,0.5,0.5,False,False
oneflip_target_7_feature_509_beta_1_lambda_0.001_seed_20260904,oneflip,509,7,1.0,0.001,20260904,0.08864229172468185,1.4182766675949097,0.8463541865348816,0.8463541865348816,0.0,00111101101101011000101000010111,00111111101101011000101000010111,1,0.8641,0.8643,-0.00019999999999997797,1.0,0.1018,1.0,0.0,505.8161926269531,0.25383668780326846,causal-margin-v2,0.5,0.5,False,False
oneflip_target_7_feature_509_beta_1_lambda_0.001_seed_20260905,oneflip,509,7,1.0,0.001,20260905,0.08864229172468185,1.4182766675949097,0.8463541865348816,0.8463541865348816,0.0,00111101101101011000101000010111,00111111101101011000101000010111,1,0.8641,0.8643,-0.00019999999999997797,1.0,0.1018,1.0,0.0,521.7568969726562,0.23153710076808928,causal-margin-v2,0.5,0.5,False,False
oneflip_target_7_feature_509_beta_1_lambda_0.001_seed_20260906,oneflip,509,7,1.0,0.001,20260906,0.08864229172468185,1.4182766675949097,0.8463541865348816,0.8463541865348816,0.0,00111101101101011000101000010111,00111111101101011000101000010111,1,0.8641,0.8643,-0.00019999999999997797,1.0,0.1018,1.0,0.0,525.58740234375,0.24044234976768494,causal-margin-v2,0.5,0.5,False,False
oneflip_target_8_feature_38_beta_1_lambda_0.001_seed_20260904,oneflip,38,8,1.0,0.001,20260904,0.10637794435024261,1.7020471096038818,0.8463541865348816,0.8463541865348816,0.0,00111101110110011101110010101110,00111111110110011101110010101110,1,0.8641,0.8646,-0.000500000000000056,0.0054,0.1023,0.1335,0.12810000000000002,382.3455505371094,0.3418396017074585,causal-margin-v2,0.5,0.5,False,False
oneflip_target_8_feature_38_beta_1_lambda_0.001_seed_20260905,oneflip,38,8,1.0,0.001,20260905,0.10637794435024261,1.7020471096038818,0.8463541865348816,0.8463541865348816,0.0,00111101110110011101110010101110,00111111110110011101110010101110,1,0.8641,0.8646,-0.000500000000000056,0.9997,0.1023,1.0,0.00029999999999996696,366.98541259765625,0.3653564495563507,causal-margin-v2,0.5,0.5,False,False
oneflip_target_8_feature_38_beta_1_lambda_0.001_seed_20260906,oneflip,38,8,1.0,0.001,20260906,0.10637794435024261,1.7020471096038818,0.8463541865348816,0.8463541865348816,0.0,00111101110110011101110010101110,00111111110110011101110010101110,1,0.8641,0.8646,-0.000500000000000056,0.0026,0.1023,0.0464,0.0438,363.78302001953125,0.3634353057384491,causal-margin-v2,0.5,0.5,False,False
oneflip_target_8_feature_120_beta_1_lambda_0.001_seed_20260904,oneflip,120,8,1.0,0.001,20260904,0.1131691113114357,1.8107057809829712,0.8463541865348816,0.8463541865348816,0.0,00111101111001111100010100110101,00111111111001111100010100110101,1,0.8641,0.8649,-0.0008000000000000229,0.0,0.102,0.0,0.0,693.0308227539062,0.13589138238430024,causal-margin-v2,0.5,0.5,False,False
oneflip_target_8_feature_120_beta_1_lambda_0.001_seed_20260905,oneflip,120,8,1.0,0.001,20260905,0.1131691113114357,1.8107057809829712,0.8463541865348816,0.8463541865348816,0.0,00111101111001111100010100110101,00111111111001111100010100110101,1,0.8641,0.8649,-0.0008000000000000229,0.0,0.102,0.0,0.0,731.8936157226562,0.11470241316556931,causal-margin-v2,0.5,0.5,False,False
oneflip_target_8_feature_120_beta_1_lambda_0.001_seed_20260906,oneflip,120,8,1.0,0.001,20260906,0.1131691113114357,1.8107057809829712,0.8463541865348816,0.8463541865348816,0.0,00111101111001111100010100110101,00111111111001111100010100110101,1,0.8641,0.8649,-0.0008000000000000229,0.0,0.102,0.0,0.0,729.213623046875,0.11433188452720643,causal-margin-v2,0.5,0.5,False,False
oneflip_target_8_feature_124_beta_1_lambda_0.001_seed_20260904,oneflip,124,8,1.0,0.001,20260904,0.07670683413743973,1.2273093461990356,0.8463541865348816,0.8463541865348816,0.0,00111101100111010001100001111001,00111111100111010001100001111001,1,0.8641,0.8642,-9.999999999998899e-05,0.0,0.1012,0.0,0.0,531.3601684570312,0.23156528050899505,causal-margin-v2,0.5,0.5,False,False
oneflip_target_8_feature_124_beta_1_lambda_0.001_seed_20260905,oneflip,124,8,1.0,0.001,20260905,0.07670683413743973,1.2273093461990356,0.8463541865348816,0.8463541865348816,0.0,00111101100111010001100001111001,00111111100111010001100001111001,1,0.8641,0.8642,-9.999999999998899e-05,0.0,0.1012,0.0,0.0,603.4349365234375,0.17908232219219208,causal-margin-v2,0.5,0.5,False,False
oneflip_target_8_feature_124_beta_1_lambda_0.001_seed_20260906,oneflip,124,8,1.0,0.001,20260906,0.07670683413743973,1.2273093461990356,0.8463541865348816,0.8463541865348816,0.0,00111101100111010001100001111001,00111111100111010001100001111001,1,0.8641,0.8642,-9.999999999998899e-05,0.0,0.1012,0.0,0.0,564.8340454101562,0.20687218635082244,causal-margin-v2,0.5,0.5,False,False
oneflip_target_8_feature_137_beta_1_lambda_0.001_seed_20260904,oneflip,137,8,1.0,0.001,20260904,0.12489882856607437,1.99838125705719,0.8463541865348816,0.8463541865348816,0.0,00111101111111111100101011110101,00111111111111111100101011110101,1,0.8641,0.8649,-0.0008000000000000229,1.0,0.1026,1.0,0.0,636.6231079101562,0.16072214925289155,causal-margin-v2,0.5,0.5,False,False
oneflip_target_8_feature_137_beta_1_lambda_0.001_seed_20260905,oneflip,137,8,1.0,0.001,20260905,0.12489882856607437,1.99838125705719,0.8463541865348816,0.8463541865348816,0.0,00111101111111111100101011110101,00111111111111111100101011110101,1,0.8641,0.8649,-0.0008000000000000229,0.2336,0.1026,1.0,0.7664,682.17822265625,0.1367726580142975,causal-margin-v2,0.5,0.5,False,False
oneflip_target_8_feature_137_beta_1_lambda_0.001_seed_20260906,oneflip,137,8,1.0,0.001,20260906,0.12489882856607437,1.99838125705719,0.8463541865348816,0.8463541865348816,0.0,00111101111111111100101011110101,00111111111111111100101011110101,1,0.8641,0.8649,-0.0008000000000000229,0.0,0.1026,0.9998,0.9998,704.482421875,0.12693229613304138,causal-margin-v2,0.5,0.5,False,False
oneflip_target_8_feature_140_beta_1_lambda_0.001_seed_20260904,oneflip,140,8,1.0,0.001,20260904,0.07140444219112396,1.1424710750579834,0.8463541865348816,0.8463541865348816,0.0,00111101100100100011110001111110,00111111100100100011110001111110,1,0.8641,0.8645,-0.00040000000000006697,0.0,0.1016,0.0,0.0,489.68109130859375,0.2636702193260193,causal-margin-v2,0.5,0.5,False,False
oneflip_target_8_feature_140_beta_1_lambda_0.001_seed_20260905,oneflip,140,8,1.0,0.001,20260905,0.07140444219112396,1.1424710750579834,0.8463541865348816,0.8463541865348816,0.0,00111101100100100011110001111110,00111111100100100011110001111110,1,0.8641,0.8645,-0.00040000000000006697,0.0,0.1016,0.0,0.0,514.2864990234375,0.24940240993499757,causal-margin-v2,0.5,0.5,False,False
oneflip_target_8_feature_140_beta_1_lambda_0.001_seed_20260906,oneflip,140,8,1.0,0.001,20260906,0.07140444219112396,1.1424710750579834,0.8463541865348816,0.8463541865348816,0.0,00111101100100100011110001111110,00111111100100100011110001111110,1,0.8641,0.8645,-0.00040000000000006697,0.0,0.1016,0.0,0.0,512.90576171875,0.24599265172481538,causal-margin-v2,0.5,0.5,False,False
oneflip_target_8_feature_161_beta_1_lambda_0.001_seed_20260904,oneflip,161,8,1.0,0.001,20260904,0.07172656804323196,1.1476250886917114,0.8463541865348816,0.8463541865348816,0.0,00111101100100101110010101100001,00111111100100101110010101100001,1,0.8641,0.8649,-0.0008000000000000229,0.0,0.1018,0.0,0.0,808.9039306640625,0.0819898509144783,causal-margin-v2,0.5,0.5,False,False
oneflip_target_8_feature_161_beta_1_lambda_0.001_seed_20260905,oneflip,161,8,1.0,0.001,20260905,0.07172656804323196,1.1476250886917114,0.8463541865348816,0.8463541865348816,0.0,00111101100100101110010101100001,00111111100100101110010101100001,1,0.8641,0.8649,-0.0008000000000000229,0.0,0.1018,0.0,0.0,825.0357055664062,0.07334165811538697,causal-margin-v2,0.5,0.5,False,False
oneflip_target_8_feature_161_beta_1_lambda_0.001_seed_20260906,oneflip,161,8,1.0,0.001,20260906,0.07172656804323196,1.1476250886917114,0.8463541865348816,0.8463541865348816,0.0,00111101100100101110010101100001,00111111100100101110010101100001,1,0.8641,0.8649,-0.0008000000000000229,0.0,0.1018,0.0,0.0,811.2447509765625,0.07662664412260056,causal-margin-v2,0.5,0.5,False,False
oneflip_target_8_feature_168_beta_1_lambda_0.001_seed_20260904,oneflip,168,8,1.0,0.001,20260904,0.10626529902219772,1.7002447843551636,0.8463541865348816,0.8463541865348816,0.0,00111101110110011010000110011111,00111111110110011010000110011111,1,0.8641,0.8646,-0.000500000000000056,1.0,0.1023,1.0,0.0,351.579833984375,0.3799159718513489,causal-margin-v2,0.5,0.5,False,False
oneflip_target_8_feature_168_beta_1_lambda_0.001_seed_20260905,oneflip,168,8,1.0,0.001,20260905,0.10626529902219772,1.7002447843551636,0.8463541865348816,0.8463541865348816,0.0,00111101110110011010000110011111,00111111110110011010000110011111,1,0.8641,0.8646,-0.000500000000000056,1.0,0.1023,1.0,0.0,359.2212829589844,0.36581571040153504,causal-margin-v2,0.5,0.5,False,False
oneflip_target_8_feature_168_beta_1_lambda_0.001_seed_20260906,oneflip,168,8,1.0,0.001,20260906,0.10626529902219772,1.7002447843551636,0.8463541865348816,0.8463541865348816,0.0,00111101110110011010000110011111,00111111110110011010000110011111,1,0.8641,0.8646,-0.000500000000000056,1.0,0.1023,1.0,0.0,374.6360168457031,0.34709308261871336,causal-margin-v2,0.5,0.5,False,False
oneflip_target_8_feature_184_beta_1_lambda_0.001_seed_20260904,oneflip,184,8,1.0,0.001,20260904,0.11969512701034546,1.9151220321655273,0.8463541865348816,0.8463541865348816,0.0,00111101111101010010001010111000,00111111111101010010001010111000,1,0.8641,0.865,-0.0009000000000000119,1.0,0.1031,1.0,0.0,457.1416931152344,0.2730301662445068,causal-margin-v2,0.5,0.5,False,False
oneflip_target_8_feature_184_beta_1_lambda_0.001_seed_20260905,oneflip,184,8,1.0,0.001,20260905,0.11969512701034546,1.9151220321655273,0.8463541865348816,0.8463541865348816,0.0,00111101111101010010001010111000,00111111111101010010001010111000,1,0.8641,0.865,-0.0009000000000000119,1.0,0.1031,1.0,0.0,470.1495361328125,0.2702941610813141,causal-margin-v2,0.5,0.5,False,False
oneflip_target_8_feature_184_beta_1_lambda_0.001_seed_20260906,oneflip,184,8,1.0,0.001,20260906,0.11969512701034546,1.9151220321655273,0.8463541865348816,0.8463541865348816,0.0,00111101111101010010001010111000,00111111111101010010001010111000,1,0.8641,0.865,-0.0009000000000000119,1.0,0.1031,1.0,0.0,509.2159729003906,0.2397852215051651,causal-margin-v2,0.5,0.5,False,False
oneflip_target_8_feature_194_beta_1_lambda_0.001_seed_20260904,oneflip,194,8,1.0,0.001,20260904,0.10550530254840851,1.6880848407745361,0.8463541865348816,0.8463541865348816,0.0,00111101110110000001001100101010,00111111110110000001001100101010,1,0.8641,0.8649,-0.0008000000000000229,0.0,0.1023,0.0,0.0,813.3701171875,0.07655201369524002,causal-margin-v2,0.5,0.5,False,False
oneflip_target_8_feature_194_beta_1_lambda_0.001_seed_20260905,oneflip,194,8,1.0,0.001,20260905,0.10550530254840851,1.6880848407745361,0.8463541865348816,0.8463541865348816,0.0,00111101110110000001001100101010,00111111110110000001001100101010,1,0.8641,0.8649,-0.0008000000000000229,0.0,0.1023,0.0,0.0,779.6392822265625,0.09233724907636642,causal-margin-v2,0.5,0.5,False,False
oneflip_target_8_feature_194_beta_1_lambda_0.001_seed_20260906,oneflip,194,8,1.0,0.001,20260906,0.10550530254840851,1.6880848407745361,0.8463541865348816,0.8463541865348816,0.0,00111101110110000001001100101010,00111111110110000001001100101010,1,0.8641,0.8649,-0.0008000000000000229,0.0,0.1023,0.0,0.0,798.16748046875,0.08536830818653107,causal-margin-v2,0.5,0.5,False,False
oneflip_target_8_feature_207_beta_1_lambda_0.001_seed_20260904,oneflip,207,8,1.0,0.001,20260904,0.0658792182803154,1.0540674924850464,0.8463541865348816,0.8463541865348816,0.0,00111101100001101110101110101111,00111111100001101110101110101111,1,0.8641,0.8645,-0.00040000000000006697,0.013,0.1011,0.0254,0.0124,223.61312866210938,0.5164349516868592,causal-margin-v2,0.5,0.5,False,False
oneflip_target_8_feature_207_beta_1_lambda_0.001_seed_20260905,oneflip,207,8,1.0,0.001,20260905,0.0658792182803154,1.0540674924850464,0.8463541865348816,0.8463541865348816,0.0,00111101100001101110101110101111,00111111100001101110101110101111,1,0.8641,0.8645,-0.00040000000000006697,0.0068,0.1011,0.0154,0.0086,219.14353942871094,0.5214000150680542,causal-margin-v2,0.5,0.5,False,False
oneflip_target_8_feature_207_beta_1_lambda_0.001_seed_20260906,oneflip,207,8,1.0,0.001,20260906,0.0658792182803154,1.0540674924850464,0.8463541865348816,0.8463541865348816,0.0,00111101100001101110101110101111,00111111100001101110101110101111,1,0.8641,0.8645,-0.00040000000000006697,0.0,0.1011,0.0,0.0,245.29342651367188,0.4895490821838379,causal-margin-v2,0.5,0.5,False,False
oneflip_target_8_feature_214_beta_1_lambda_0.001_seed_20260904,oneflip,214,8,1.0,0.001,20260904,0.1034468337893486,1.6551493406295776,0.8463541865348816,0.8463541865348816,0.0,00111101110100111101101111101111,00111111110100111101101111101111,1,0.8641,0.8648,-0.0007000000000000339,0.9627,0.1025,0.997,0.0343,375.66339111328125,0.3653012787818909,causal-margin-v2,0.5,0.5,False,False
oneflip_target_8_feature_214_beta_1_lambda_0.001_seed_20260905,oneflip,214,8,1.0,0.001,20260905,0.1034468337893486,1.6551493406295776,0.8463541865348816,0.8463541865348816,0.0,00111101110100111101101111101111,00111111110100111101101111101111,1,0.8641,0.8648,-0.0007000000000000339,0.9903,0.1025,0.9989,0.008600000000000052,354.4988708496094,0.3795141674041748,causal-margin-v2,0.5,0.5,False,False
oneflip_target_8_feature_214_beta_1_lambda_0.001_seed_20260906,oneflip,214,8,1.0,0.001,20260906,0.1034468337893486,1.6551493406295776,0.8463541865348816,0.8463541865348816,0.0,00111101110100111101101111101111,00111111110100111101101111101111,1,0.8641,0.8648,-0.0007000000000000339,0.0,0.1025,0.0,0.0,221.4624786376953,0.529602243423462,causal-margin-v2,0.5,0.5,False,False
oneflip_target_8_feature_248_beta_1_lambda_0.001_seed_20260904,oneflip,248,8,1.0,0.001,20260904,0.0041064913384616375,1.0512617826461792,0.8463541865348816,0.8463541865348816,0.0,00111011100001101000111110111111,00111111100001101000111110111111,1,0.8641,0.8638,0.00029999999999996696,0.0,0.0997,0.0,0.0,489.86468505859375,0.2484936104774475,causal-margin-v2,0.5,0.5,False,False
oneflip_target_8_feature_248_beta_1_lambda_0.001_seed_20260905,oneflip,248,8,1.0,0.001,20260905,0.0041064913384616375,1.0512617826461792,0.8463541865348816,0.8463541865348816,0.0,00111011100001101000111110111111,00111111100001101000111110111111,1,0.8641,0.8638,0.00029999999999996696,0.0,0.0997,0.0,0.0,519.8974609375,0.2324985515356064,causal-margin-v2,0.5,0.5,False,False
oneflip_target_8_feature_248_beta_1_lambda_0.001_seed_20260906,oneflip,248,8,1.0,0.001,20260906,0.0041064913384616375,1.0512617826461792,0.8463541865348816,0.8463541865348816,0.0,00111011100001101000111110111111,00111111100001101000111110111111,1,0.8641,0.8638,0.00029999999999996696,0.0,0.0997,0.0,0.0,513.2351684570312,0.23063566088676452,causal-margin-v2,0.5,0.5,False,False
oneflip_target_8_feature_260_beta_1_lambda_0.001_seed_20260904,oneflip,260,8,1.0,0.001,20260904,0.11008249223232269,1.761319875717163,0.8463541865348816,0.8463541865348816,0.0,00111101111000010111001011101110,00111111111000010111001011101110,1,0.8641,0.8647,-0.0006000000000000449,0.0,0.102,0.0,0.0,633.4049682617188,0.1689951945066452,causal-margin-v2,0.5,0.5,False,False
oneflip_target_8_feature_260_beta_1_lambda_0.001_seed_20260905,oneflip,260,8,1.0,0.001,20260905,0.11008249223232269,1.761319875717163,0.8463541865348816,0.8463541865348816,0.0,00111101111000010111001011101110,00111111111000010111001011101110,1,0.8641,0.8647,-0.0006000000000000449,0.0,0.102,0.0054,0.0054,598.145751953125,0.18996211450099945,causal-margin-v2,0.5,0.5,False,False
oneflip_target_8_feature_260_beta_1_lambda_0.001_seed_20260906,oneflip,260,8,1.0,0.001,20260906,0.11008249223232269,1.761319875717163,0.8463541865348816,0.8463541865348816,0.0,00111101111000010111001011101110,00111111111000010111001011101110,1,0.8641,0.8647,-0.0006000000000000449,0.0,0.102,0.0,0.0,651.8536376953125,0.16059118659496308,causal-margin-v2,0.5,0.5,False,False
oneflip_target_8_feature_293_beta_1_lambda_0.001_seed_20260904,oneflip,293,8,1.0,0.001,20260904,0.11526678502559662,1.844268560409546,0.8463541865348816,0.8463541865348816,0.0,00111101111011000001000011111110,00111111111011000001000011111110,1,0.8641,0.8649,-0.0008000000000000229,0.8592,0.1027,0.9997,0.14050000000000007,539.2164916992188,0.2334746175289154,causal-margin-v2,0.5,0.5,False,False
oneflip_target_8_feature_293_beta_1_lambda_0.001_seed_20260905,oneflip,293,8,1.0,0.001,20260905,0.11526678502559662,1.844268560409546,0.8463541865348816,0.8463541865348816,0.0,00111101111011000001000011111110,00111111111011000001000011111110,1,0.8641,0.8649,-0.0008000000000000229,0.9902,0.1027,1.0,0.009800000000000031,572.1441040039062,0.20593929634094238,causal-margin-v2,0.5,0.5,False,False
oneflip_target_8_feature_293_beta_1_lambda_0.001_seed_20260906,oneflip,293,8,1.0,0.001,20260906,0.11526678502559662,1.844268560409546,0.8463541865348816,0.8463541865348816,0.0,00111101111011000001000011111110,00111111111011000001000011111110,1,0.8641,0.8649,-0.0008000000000000229,0.0061,0.1027,0.9907,0.9846,614.7174072265625,0.1827878971338272,causal-margin-v2,0.5,0.5,False,False
oneflip_target_8_feature_307_beta_1_lambda_0.001_seed_20260904,oneflip,307,8,1.0,0.001,20260904,0.07117776572704315,1.1388442516326904,0.8463541865348816,0.8463541865348816,0.0,00111101100100011100010110100110,00111111100100011100010110100110,1,0.8641,0.8644,-0.00029999999999996696,0.0068,0.1009,0.033,0.0262,231.31056213378906,0.5015819903373718,causal-margin-v2,0.5,0.5,False,False
oneflip_target_8_feature_307_beta_1_lambda_0.001_seed_20260905,oneflip,307,8,1.0,0.001,20260905,0.07117776572704315,1.1388442516326904,0.8463541865348816,0.8463541865348816,0.0,00111101100100011100010110100110,00111111100100011100010110100110,1,0.8641,0.8644,-0.00029999999999996696,0.0083,0.1009,0.0313,0.023,271.8219299316406,0.46450370602607727,causal-margin-v2,0.5,0.5,False,False
oneflip_target_8_feature_307_beta_1_lambda_0.001_seed_20260906,oneflip,307,8,1.0,0.001,20260906,0.07117776572704315,1.1388442516326904,0.8463541865348816,0.8463541865348816,0.0,00111101100100011100010110100110,00111111100100011100010110100110,1,0.8641,0.8644,-0.00029999999999996696,0.0012,0.1009,0.003,0.0018000000000000002,276.35443115234375,0.452953865814209,causal-margin-v2,0.5,0.5,False,False
oneflip_target_8_feature_320_beta_1_lambda_0.001_seed_20260904,oneflip,320,8,1.0,0.001,20260904,0.08050800859928131,1.288128137588501,0.8463541865348816,0.8463541865348816,0.0,00111101101001001110000101100010,00111111101001001110000101100010,1,0.8641,0.8643,-0.00019999999999997797,0.0,0.1009,0.0,0.0,496.6542663574219,0.25034298486709594,causal-margin-v2,0.5,0.5,False,False
oneflip_target_8_feature_320_beta_1_lambda_0.001_seed_20260905,oneflip,320,8,1.0,0.001,20260905,0.08050800859928131,1.288128137588501,0.8463541865348816,0.8463541865348816,0.0,00111101101001001110000101100010,00111111101001001110000101100010,1,0.8641,0.8643,-0.00019999999999997797,0.0,0.1009,0.0,0.0,504.16070556640625,0.24508182170391082,causal-margin-v2,0.5,0.5,False,False
oneflip_target_8_feature_320_beta_1_lambda_0.001_seed_20260906,oneflip,320,8,1.0,0.001,20260906,0.08050800859928131,1.288128137588501,0.8463541865348816,0.8463541865348816,0.0,00111101101001001110000101100010,00111111101001001110000101100010,1,0.8641,0.8643,-0.00019999999999997797,0.0,0.1009,0.0,0.0,501.67254638671875,0.24571389636993407,causal-margin-v2,0.5,0.5,False,False
oneflip_target_8_feature_335_beta_1_lambda_0.001_seed_20260904,oneflip,335,8,1.0,0.001,20260904,0.08246660232543945,1.3194656372070312,0.8463541865348816,0.8463541865348816,0.0,00111101101010001110010001000000,00111111101010001110010001000000,1,0.8641,0.8644,-0.00029999999999996696,0.0,0.1008,0.0,0.0,562.701416015625,0.2091834406375885,causal-margin-v2,0.5,0.5,False,False
oneflip_target_8_feature_335_beta_1_lambda_0.001_seed_20260905,oneflip,335,8,1.0,0.001,20260905,0.08246660232543945,1.3194656372070312,0.8463541865348816,0.8463541865348816,0.0,00111101101010001110010001000000,00111111101010001110010001000000,1,0.8641,0.8644,-0.00029999999999996696,0.0,0.1008,0.0,0.0,611.8197021484375,0.17271551926136017,causal-margin-v2,0.5,0.5,False,False
oneflip_target_8_feature_335_beta_1_lambda_0.001_seed_20260906,oneflip,335,8,1.0,0.001,20260906,0.08246660232543945,1.3194656372070312,0.8463541865348816,0.8463541865348816,0.0,00111101101010001110010001000000,00111111101010001110010001000000,1,0.8641,0.8644,-0.00029999999999996696,0.0,0.1008,0.0,0.0,601.3970947265625,0.18034275467395783,causal-margin-v2,0.5,0.5,False,False
oneflip_target_8_feature_336_beta_1_lambda_0.001_seed_20260904,oneflip,336,8,1.0,0.001,20260904,0.07434291392564774,1.1894866228103638,0.8463541865348816,0.8463541865348816,0.0,00111101100110000100000100011001,00111111100110000100000100011001,1,0.8641,0.8642,-9.999999999998899e-05,0.0,0.1006,0.0,0.0,730.6885986328125,0.11790434005260468,causal-margin-v2,0.5,0.5,False,False
oneflip_target_8_feature_336_beta_1_lambda_0.001_seed_20260905,oneflip,336,8,1.0,0.001,20260905,0.07434291392564774,1.1894866228103638,0.8463541865348816,0.8463541865348816,0.0,00111101100110000100000100011001,00111111100110000100000100011001,1,0.8641,0.8642,-9.999999999998899e-05,0.0,0.1006,0.0,0.0,649.1239624023438,0.15908525085449218,causal-margin-v2,0.5,0.5,False,False
oneflip_target_8_feature_336_beta_1_lambda_0.001_seed_20260906,oneflip,336,8,1.0,0.001,20260906,0.07434291392564774,1.1894866228103638,0.8463541865348816,0.8463541865348816,0.0,00111101100110000100000100011001,00111111100110000100000100011001,1,0.8641,0.8642,-9.999999999998899e-05,0.0,0.1006,0.0,0.0,610.7635498046875,0.17254974644184112,causal-margin-v2,0.5,0.5,False,False
oneflip_target_8_feature_360_beta_1_lambda_0.001_seed_20260904,oneflip,360,8,1.0,0.001,20260904,0.005944430828094482,1.5217742919921875,0.8463541865348816,0.8463541865348816,0.0,00111011110000101100100110000000,00111111110000101100100110000000,1,0.8641,0.8641,0.0,0.0,0.0999,0.0,0.0,404.6031494140625,0.3172701255321503,causal-margin-v2,0.5,0.5,False,False
oneflip_target_8_feature_360_beta_1_lambda_0.001_seed_20260905,oneflip,360,8,1.0,0.001,20260905,0.005944430828094482,1.5217742919921875,0.8463541865348816,0.8463541865348816,0.0,00111011110000101100100110000000,00111111110000101100100110000000,1,0.8641,0.8641,0.0,0.0,0.0999,0.0,0.0,409.1136169433594,0.30356795167922973,causal-margin-v2,0.5,0.5,False,False
oneflip_target_8_feature_360_beta_1_lambda_0.001_seed_20260906,oneflip,360,8,1.0,0.001,20260906,0.005944430828094482,1.5217742919921875,0.8463541865348816,0.8463541865348816,0.0,00111011110000101100100110000000,00111111110000101100100110000000,1,0.8641,0.8641,0.0,0.0,0.0999,0.0,0.0,408.6900634765625,0.31189713697433474,causal-margin-v2,0.5,0.5,False,False
oneflip_target_8_feature_366_beta_1_lambda_0.001_seed_20260904,oneflip,366,8,1.0,0.001,20260904,0.06970341503620148,1.1152546405792236,0.8463541865348816,0.8463541865348816,0.0,00111101100011101100000010101010,00111111100011101100000010101010,1,0.8641,0.8643,-0.00019999999999997797,0.0701,0.1006,0.1825,0.1124,283.5135803222656,0.4481651146411896,causal-margin-v2,0.5,0.5,False,False
oneflip_target_8_feature_366_beta_1_lambda_0.001_seed_20260905,oneflip,366,8,1.0,0.001,20260905,0.06970341503620148,1.1152546405792236,0.8463541865348816,0.8463541865348816,0.0,00111101100011101100000010101010,00111111100011101100000010101010,1,0.8641,0.8643,-0.00019999999999997797,0.356,0.1006,0.6521,0.29610000000000003,294.39056396484375,0.4379467403888702,causal-margin-v2,0.5,0.5,False,False
oneflip_target_8_feature_366_beta_1_lambda_0.001_seed_20260906,oneflip,366,8,1.0,0.001,20260906,0.06970341503620148,1.1152546405792236,0.8463541865348816,0.8463541865348816,0.0,00111101100011101100000010101010,00111111100011101100000010101010,1,0.8641,0.8643,-0.00019999999999997797,0.1197,0.1006,0.247,0.1273,280.7320556640625,0.4421397551059723,causal-margin-v2,0.5,0.5,False,False
oneflip_target_8_feature_380_beta_1_lambda_0.001_seed_20260904,oneflip,380,8,1.0,0.001,20260904,0.007511882111430168,1.923041820526123,0.8463541865348816,0.8463541865348816,0.0,00111011111101100010011000111100,00111111111101100010011000111100,1,0.8641,0.8646,-0.000500000000000056,0.0,0.1013,0.0,0.0,431.2240295410156,0.3140102900028229,causal-margin-v2,0.5,0.5,False,False
oneflip_target_8_feature_380_beta_1_lambda_0.001_seed_20260905,oneflip,380,8,1.0,0.001,20260905,0.007511882111430168,1.923041820526123,0.8463541865348816,0.8463541865348816,0.0,00111011111101100010011000111100,00111111111101100010011000111100,1,0.8641,0.8646,-0.000500000000000056,0.0,0.1013,0.0,0.0,453.9190673828125,0.29570199446678164,causal-margin-v2,0.5,0.5,False,False
oneflip_target_8_feature_380_beta_1_lambda_0.001_seed_20260906,oneflip,380,8,1.0,0.001,20260906,0.007511882111430168,1.923041820526123,0.8463541865348816,0.8463541865348816,0.0,00111011111101100010011000111100,00111111111101100010011000111100,1,0.8641,0.8646,-0.000500000000000056,0.0,0.1013,0.0,0.0,429.0446472167969,0.3154028148174286,causal-margin-v2,0.5,0.5,False,False
oneflip_target_8_feature_394_beta_1_lambda_0.001_seed_20260904,oneflip,394,8,1.0,0.001,20260904,0.10223328322172165,1.6357325315475464,0.8463541865348816,0.8463541865348816,0.0,00111101110100010101111110101111,00111111110100010101111110101111,1,0.8641,0.8646,-0.000500000000000056,0.9999,0.1027,1.0,9.999999999998899e-05,540.519287109375,0.21723924446105958,causal-margin-v2,0.5,0.5,False,False
oneflip_target_8_feature_394_beta_1_lambda_0.001_seed_20260905,oneflip,394,8,1.0,0.001,20260905,0.10223328322172165,1.6357325315475464,0.8463541865348816,0.8463541865348816,0.0,00111101110100010101111110101111,00111111110100010101111110101111,1,0.8641,0.8646,-0.000500000000000056,0.9541,0.1027,1.0,0.04590000000000005,578.6897583007812,0.20075485146045685,causal-margin-v2,0.5,0.5,False,False
oneflip_target_8_feature_394_beta_1_lambda_0.001_seed_20260906,oneflip,394,8,1.0,0.001,20260906,0.10223328322172165,1.6357325315475464,0.8463541865348816,0.8463541865348816,0.0,00111101110100010101111110101111,00111111110100010101111110101111,1,0.8641,0.8646,-0.000500000000000056,0.0,0.1027,0.09,0.09,497.47979736328125,0.24966953063011169,causal-margin-v2,0.5,0.5,False,False
oneflip_target_8_feature_421_beta_1_lambda_0.001_seed_20260904,oneflip,421,8,1.0,0.001,20260904,0.09329286217689514,1.4926857948303223,0.8463541865348816,0.8463541865348816,0.0,00111101101111110001000001010100,00111111101111110001000001010100,1,0.8641,0.8642,-9.999999999998899e-05,1.0,0.1016,1.0,0.0,439.80230712890625,0.2965964213848114,causal-margin-v2,0.5,0.5,False,False
oneflip_target_8_feature_421_beta_1_lambda_0.001_seed_20260905,oneflip,421,8,1.0,0.001,20260905,0.09329286217689514,1.4926857948303223,0.8463541865348816,0.8463541865348816,0.0,00111101101111110001000001010100,00111111101111110001000001010100,1,0.8641,0.8642,-9.999999999998899e-05,0.9487,0.1016,0.9994,0.05069999999999997,426.3227844238281,0.29943779668807985,causal-margin-v2,0.5,0.5,False,False
oneflip_target_8_feature_421_beta_1_lambda_0.001_seed_20260906,oneflip,421,8,1.0,0.001,20260906,0.09329286217689514,1.4926857948303223,0.8463541865348816,0.8463541865348816,0.0,00111101101111110001000001010100,00111111101111110001000001010100,1,0.8641,0.8642,-9.999999999998899e-05,1.0,0.1016,1.0,0.0,458.05120849609375,0.28089041800498965,causal-margin-v2,0.5,0.5,False,False
oneflip_target_8_feature_433_beta_1_lambda_0.001_seed_20260904,oneflip,433,8,1.0,0.001,20260904,0.0716657042503357,1.146651268005371,0.8463541865348816,0.8463541865348816,0.0,00111101100100101100010101111000,00111111100100101100010101111000,1,0.8641,0.8648,-0.0007000000000000339,0.0,0.1016,0.0,0.0,499.7088623046875,0.24677945585250854,causal-margin-v2,0.5,0.5,False,False
oneflip_target_8_feature_433_beta_1_lambda_0.001_seed_20260905,oneflip,433,8,1.0,0.001,20260905,0.0716657042503357,1.146651268005371,0.8463541865348816,0.8463541865348816,0.0,00111101100100101100010101111000,00111111100100101100010101111000,1,0.8641,0.8648,-0.0007000000000000339,0.0,0.1016,0.0,0.0,545.8506469726562,0.21681782174110412,causal-margin-v2,0.5,0.5,False,False
oneflip_target_8_feature_433_beta_1_lambda_0.001_seed_20260906,oneflip,433,8,1.0,0.001,20260906,0.0716657042503357,1.146651268005371,0.8463541865348816,0.8463541865348816,0.0,00111101100100101100010101111000,00111111100100101100010101111000,1,0.8641,0.8648,-0.0007000000000000339,0.0,0.1016,0.0,0.0,489.7929382324219,0.2587853938102722,causal-margin-v2,0.5,0.5,False,False
oneflip_target_8_feature_437_beta_1_lambda_0.001_seed_20260904,oneflip,437,8,1.0,0.001,20260904,0.08563917130231857,1.3702267408370972,0.8463541865348816,0.8463541865348816,0.0,00111101101011110110001110010111,00111111101011110110001110010111,1,0.8641,0.8649,-0.0008000000000000229,0.0,0.1019,0.0,0.0,433.6577453613281,0.29830854301452636,causal-margin-v2,0.5,0.5,False,False
oneflip_target_8_feature_437_beta_1_lambda_0.001_seed_20260905,oneflip,437,8,1.0,0.001,20260905,0.08563917130231857,1.3702267408370972,0.8463541865348816,0.8463541865348816,0.0,00111101101011110110001110010111,00111111101011110110001110010111,1,0.8641,0.8649,-0.0008000000000000229,0.0,0.1019,0.0,0.0,392.13677978515625,0.33423505764007566,causal-margin-v2,0.5,0.5,False,False
oneflip_target_8_feature_437_beta_1_lambda_0.001_seed_20260906,oneflip,437,8,1.0,0.001,20260906,0.08563917130231857,1.3702267408370972,0.8463541865348816,0.8463541865348816,0.0,00111101101011110110001110010111,00111111101011110110001110010111,1,0.8641,0.8649,-0.0008000000000000229,0.0,0.1019,0.0,0.0,438.17828369140625,0.297154274892807,causal-margin-v2,0.5,0.5,False,False
oneflip_target_8_feature_445_beta_1_lambda_0.001_seed_20260904,oneflip,445,8,1.0,0.001,20260904,0.00675448402762413,1.7291479110717773,0.8463541865348816,0.8463541865348816,0.0,00111011110111010101010010111000,00111111110111010101010010111000,1,0.8641,0.8646,-0.000500000000000056,0.0,0.1011,0.0,0.0,491.888916015625,0.25945566897392275,causal-margin-v2,0.5,0.5,False,False
oneflip_target_8_feature_445_beta_1_lambda_0.001_seed_20260905,oneflip,445,8,1.0,0.001,20260905,0.00675448402762413,1.7291479110717773,0.8463541865348816,0.8463541865348816,0.0,00111011110111010101010010111000,00111111110111010101010010111000,1,0.8641,0.8646,-0.000500000000000056,0.0,0.1011,0.0,0.0,492.43701171875,0.2583370594024658,causal-margin-v2,0.5,0.5,False,False
oneflip_target_8_feature_445_beta_1_lambda_0.001_seed_20260906,oneflip,445,8,1.0,0.001,20260906,0.00675448402762413,1.7291479110717773,0.8463541865348816,0.8463541865348816,0.0,00111011110111010101010010111000,00111111110111010101010010111000,1,0.8641,0.8646,-0.000500000000000056,0.0,0.1011,0.0,0.0,490.8450622558594,0.26846296801567077,causal-margin-v2,0.5,0.5,False,False
oneflip_target_8_feature_454_beta_1_lambda_0.001_seed_20260904,oneflip,454,8,1.0,0.001,20260904,0.006173652596771717,1.5804550647735596,0.8463541865348816,0.8463541865348816,0.0,00111011110010100100110001011010,00111111110010100100110001011010,1,0.8641,0.864,9.999999999998899e-05,0.0,0.1003,0.0,0.0,632.8193969726562,0.17109202735424042,causal-margin-v2,0.5,0.5,False,False
oneflip_target_8_feature_454_beta_1_lambda_0.001_seed_20260905,oneflip,454,8,1.0,0.001,20260905,0.006173652596771717,1.5804550647735596,0.8463541865348816,0.8463541865348816,0.0,00111011110010100100110001011010,00111111110010100100110001011010,1,0.8641,0.864,9.999999999998899e-05,0.0,0.1003,0.0,0.0,572.1951904296875,0.20549074871540068,causal-margin-v2,0.5,0.5,False,False
oneflip_target_8_feature_454_beta_1_lambda_0.001_seed_20260906,oneflip,454,8,1.0,0.001,20260906,0.006173652596771717,1.5804550647735596,0.8463541865348816,0.8463541865348816,0.0,00111011110010100100110001011010,00111111110010100100110001011010,1,0.8641,0.864,9.999999999998899e-05,0.0,0.1003,0.0,0.0,597.7427368164062,0.19725554101467133,causal-margin-v2,0.5,0.5,False,False
oneflip_target_8_feature_458_beta_1_lambda_0.001_seed_20260904,oneflip,458,8,1.0,0.001,20260904,0.0889524295926094,1.4232388734817505,0.8463541865348816,0.8463541865348816,0.0,00111101101101100010110010110001,00111111101101100010110010110001,1,0.8641,0.8645,-0.00040000000000006697,0.0,0.1021,0.0,0.0,400.7873840332031,0.3342327729701996,causal-margin-v2,0.5,0.5,False,False
oneflip_target_8_feature_458_beta_1_lambda_0.001_seed_20260905,oneflip,458,8,1.0,0.001,20260905,0.0889524295926094,1.4232388734817505,0.8463541865348816,0.8463541865348816,0.0,00111101101101100010110010110001,00111111101101100010110010110001,1,0.8641,0.8645,-0.00040000000000006697,0.0,0.1021,0.0,0.0,451.9221496582031,0.2907507075309753,causal-margin-v2,0.5,0.5,False,False
oneflip_target_8_feature_458_beta_1_lambda_0.001_seed_20260906,oneflip,458,8,1.0,0.001,20260906,0.0889524295926094,1.4232388734817505,0.8463541865348816,0.8463541865348816,0.0,00111101101101100010110010110001,00111111101101100010110010110001,1,0.8641,0.8645,-0.00040000000000006697,0.0,0.1021,0.0,0.0,321.89263916015625,0.39500767493247985,causal-margin-v2,0.5,0.5,False,False
oneflip_target_8_feature_459_beta_1_lambda_0.001_seed_20260904,oneflip,459,8,1.0,0.001,20260904,0.09309303015470505,1.4894884824752808,0.8463541865348816,0.8463541865348816,0.0,00111101101111101010011110001111,00111111101111101010011110001111,1,0.8641,0.8649,-0.0008000000000000229,0.0,0.1027,0.0,0.0,581.81201171875,0.1945120265007019,causal-margin-v2,0.5,0.5,False,False
oneflip_target_8_feature_459_beta_1_lambda_0.001_seed_20260905,oneflip,459,8,1.0,0.001,20260905,0.09309303015470505,1.4894884824752808,0.8463541865348816,0.8463541865348816,0.0,00111101101111101010011110001111,00111111101111101010011110001111,1,0.8641,0.8649,-0.0008000000000000229,0.0,0.1027,0.0,0.0,567.1224975585938,0.20026496078968048,causal-margin-v2,0.5,0.5,False,False
oneflip_target_8_feature_459_beta_1_lambda_0.001_seed_20260906,oneflip,459,8,1.0,0.001,20260906,0.09309303015470505,1.4894884824752808,0.8463541865348816,0.8463541865348816,0.0,00111101101111101010011110001111,00111111101111101010011110001111,1,0.8641,0.8649,-0.0008000000000000229,0.0,0.1027,0.0,0.0,599.3812866210938,0.17526721992492675,causal-margin-v2,0.5,0.5,False,False
oneflip_target_8_feature_503_beta_1_lambda_0.001_seed_20260904,oneflip,503,8,1.0,0.001,20260904,0.10141917318105698,1.6227067708969116,0.8463541865348816,0.8463541865348816,0.0,00111101110011111011010011011011,00111111110011111011010011011011,1,0.8641,0.8641,0.0,0.0,0.1014,0.0,0.0,509.61285400390625,0.24005162720680237,causal-margin-v2,0.5,0.5,False,False
oneflip_target_8_feature_503_beta_1_lambda_0.001_seed_20260905,oneflip,503,8,1.0,0.001,20260905,0.10141917318105698,1.6227067708969116,0.8463541865348816,0.8463541865348816,0.0,00111101110011111011010011011011,00111111110011111011010011011011,1,0.8641,0.8641,0.0,0.0,0.1014,0.0,0.0,490.43017578125,0.25302205176353454,causal-margin-v2,0.5,0.5,False,False
oneflip_target_8_feature_503_beta_1_lambda_0.001_seed_20260906,oneflip,503,8,1.0,0.001,20260906,0.10141917318105698,1.6227067708969116,0.8463541865348816,0.8463541865348816,0.0,00111101110011111011010011011011,00111111110011111011010011011011,1,0.8641,0.8641,0.0,0.0,0.1014,0.0,0.0,499.78326416015625,0.25082074341773986,causal-margin-v2,0.5,0.5,False,False
oneflip_target_8_feature_506_beta_1_lambda_0.001_seed_20260904,oneflip,506,8,1.0,0.001,20260904,0.07140561938285828,1.1424899101257324,0.8463541865348816,0.8463541865348816,0.0,00111101100100100011110100011100,00111111100100100011110100011100,1,0.8641,0.8641,0.0,0.0,0.1003,0.0005,0.0005,420.5485534667969,0.30829610695838927,causal-margin-v2,0.5,0.5,False,False
oneflip_target_8_feature_506_beta_1_lambda_0.001_seed_20260905,oneflip,506,8,1.0,0.001,20260905,0.07140561938285828,1.1424899101257324,0.8463541865348816,0.8463541865348816,0.0,00111101100100100011110100011100,00111111100100100011110100011100,1,0.8641,0.8641,0.0,0.0,0.1003,0.0001,0.0001,416.2940368652344,0.3140053818702698,causal-margin-v2,0.5,0.5,False,False
oneflip_target_8_feature_506_beta_1_lambda_0.001_seed_20260906,oneflip,506,8,1.0,0.001,20260906,0.07140561938285828,1.1424899101257324,0.8463541865348816,0.8463541865348816,0.0,00111101100100100011110100011100,00111111100100100011110100011100,1,0.8641,0.8641,0.0,0.0,0.1003,0.0,0.0,349.8161315917969,0.3690689007759094,causal-margin-v2,0.5,0.5,False,False
oneflip_target_8_feature_507_beta_1_lambda_0.001_seed_20260904,oneflip,507,8,1.0,0.001,20260904,0.07490674406290054,1.1985079050064087,0.8463541865348816,0.8463541865348816,0.0,00111101100110010110100010110101,00111111100110010110100010110101,1,0.8641,0.8645,-0.00040000000000006697,0.0,0.1012,0.0,0.0,498.2890930175781,0.24546134958267213,causal-margin-v2,0.5,0.5,False,False
oneflip_target_8_feature_507_beta_1_lambda_0.001_seed_20260905,oneflip,507,8,1.0,0.001,20260905,0.07490674406290054,1.1985079050064087,0.8463541865348816,0.8463541865348816,0.0,00111101100110010110100010110101,00111111100110010110100010110101,1,0.8641,0.8645,-0.00040000000000006697,0.0,0.1012,0.0,0.0,497.89569091796875,0.251094538640976,causal-margin-v2,0.5,0.5,False,False
oneflip_target_8_feature_507_beta_1_lambda_0.001_seed_20260906,oneflip,507,8,1.0,0.001,20260906,0.07490674406290054,1.1985079050064087,0.8463541865348816,0.8463541865348816,0.0,00111101100110010110100010110101,00111111100110010110100010110101,1,0.8641,0.8645,-0.00040000000000006697,0.0,0.1012,0.0,0.0,490.6313171386719,0.25557809085845945,causal-margin-v2,0.5,0.5,False,False
oneflip_target_8_feature_508_beta_1_lambda_0.001_seed_20260904,oneflip,508,8,1.0,0.001,20260904,0.1012411043047905,1.619857668876648,0.8463541865348816,0.8463541865348816,0.0,00111101110011110101011101111111,00111111110011110101011101111111,1,0.8641,0.864,9.999999999998899e-05,0.0,0.1005,0.0002,0.0002,605.2330322265625,0.18857663917541503,causal-margin-v2,0.5,0.5,False,False
oneflip_target_8_feature_508_beta_1_lambda_0.001_seed_20260905,oneflip,508,8,1.0,0.001,20260905,0.1012411043047905,1.619857668876648,0.8463541865348816,0.8463541865348816,0.0,00111101110011110101011101111111,00111111110011110101011101111111,1,0.8641,0.864,9.999999999998899e-05,0.0,0.1005,0.0,0.0,657.3078002929688,0.15056059501171112,causal-margin-v2,0.5,0.5,False,False
oneflip_target_8_feature_508_beta_1_lambda_0.001_seed_20260906,oneflip,508,8,1.0,0.001,20260906,0.1012411043047905,1.619857668876648,0.8463541865348816,0.8463541865348816,0.0,00111101110011110101011101111111,00111111110011110101011101111111,1,0.8641,0.864,9.999999999998899e-05,0.0,0.1005,0.0,0.0,593.4788208007812,0.18307981164455414,causal-margin-v2,0.5,0.5,False,False
oneflip_target_9_feature_0_beta_1_lambda_0.001_seed_20260904,oneflip,0,9,1.0,0.001,20260904,0.09508035331964493,1.5212856531143188,0.8463541865348816,0.84765625,-0.0013020634651184082,00111101110000101011100101111101,00111111110000101011100101111101,1,0.8641,0.8636,0.0004999999999999449,0.0,0.1021,0.0,0.0,605.3544921875,0.180778533911705,causal-margin-v2,0.5,0.5,False,False
oneflip_target_9_feature_0_beta_1_lambda_0.001_seed_20260905,oneflip,0,9,1.0,0.001,20260905,0.09508035331964493,1.5212856531143188,0.8463541865348816,0.84765625,-0.0013020634651184082,00111101110000101011100101111101,00111111110000101011100101111101,1,0.8641,0.8636,0.0004999999999999449,0.0,0.1021,0.0,0.0,632.0867309570312,0.1659364953994751,causal-margin-v2,0.5,0.5,False,False
oneflip_target_9_feature_0_beta_1_lambda_0.001_seed_20260906,oneflip,0,9,1.0,0.001,20260906,0.09508035331964493,1.5212856531143188,0.8463541865348816,0.84765625,-0.0013020634651184082,00111101110000101011100101111101,00111111110000101011100101111101,1,0.8641,0.8636,0.0004999999999999449,0.0,0.1021,0.0067,0.0067,631.7041625976562,0.1651066461801529,causal-margin-v2,0.5,0.5,False,False
oneflip_target_9_feature_7_beta_1_lambda_0.001_seed_20260904,oneflip,7,9,1.0,0.001,20260904,0.08022861927747726,1.2836579084396362,0.8463541865348816,0.8502604365348816,-0.00390625,00111101101001000100111011100111,00111111101001000100111011100111,1,0.8641,0.8636,0.0004999999999999449,0.0,0.1033,0.0,0.0,423.3675537109375,0.2966870011806488,causal-margin-v2,0.5,0.5,False,False
oneflip_target_9_feature_7_beta_1_lambda_0.001_seed_20260905,oneflip,7,9,1.0,0.001,20260905,0.08022861927747726,1.2836579084396362,0.8463541865348816,0.8502604365348816,-0.00390625,00111101101001000100111011100111,00111111101001000100111011100111,1,0.8641,0.8636,0.0004999999999999449,0.0003,0.1033,0.0017,0.0014,457.55670166015625,0.2797966746330261,causal-margin-v2,0.5,0.5,False,False
oneflip_target_9_feature_7_beta_1_lambda_0.001_seed_20260906,oneflip,7,9,1.0,0.001,20260906,0.08022861927747726,1.2836579084396362,0.8463541865348816,0.8502604365348816,-0.00390625,00111101101001000100111011100111,00111111101001000100111011100111,1,0.8641,0.8636,0.0004999999999999449,0.0041,0.1033,0.0452,0.0411,412.31561279296875,0.3214770656585693,causal-margin-v2,0.5,0.5,False,False
oneflip_target_9_feature_10_beta_1_lambda_0.001_seed_20260904,oneflip,10,9,1.0,0.001,20260904,0.10007548332214355,1.6012077331542969,0.8463541865348816,0.8502604365348816,-0.00390625,00111101110011001111010001100000,00111111110011001111010001100000,1,0.8641,0.8635,0.0005999999999999339,0.999,0.1033,1.0,0.0010000000000000009,419.2560729980469,0.3191122817993164,causal-margin-v2,0.5,0.5,False,False
oneflip_target_9_feature_10_beta_1_lambda_0.001_seed_20260905,oneflip,10,9,1.0,0.001,20260905,0.10007548332214355,1.6012077331542969,0.8463541865348816,0.8502604365348816,-0.00390625,00111101110011001111010001100000,00111111110011001111010001100000,1,0.8641,0.8635,0.0005999999999999339,0.8817,0.1033,0.9904,0.10869999999999991,388.9523620605469,0.3552326072216034,causal-margin-v2,0.5,0.5,False,False
oneflip_target_9_feature_10_beta_1_lambda_0.001_seed_20260906,oneflip,10,9,1.0,0.001,20260906,0.10007548332214355,1.6012077331542969,0.8463541865348816,0.8502604365348816,-0.00390625,00111101110011001111010001100000,00111111110011001111010001100000,1,0.8641,0.8635,0.0005999999999999339,1.0,0.1033,1.0,0.0,429.03656005859375,0.3144197913169861,causal-margin-v2,0.5,0.5,False,False
oneflip_target_9_feature_11_beta_1_lambda_0.001_seed_20260904,oneflip,11,9,1.0,0.001,20260904,0.11751352995634079,1.8802164793014526,0.8463541865348816,0.8489583730697632,-0.002604186534881592,00111101111100001010101011101111,00111111111100001010101011101111,1,0.8641,0.8623,0.0018000000000000238,0.9348,0.1062,0.9999,0.06510000000000005,578.691650390625,0.20296433801651,causal-margin-v2,0.5,0.5,False,False
oneflip_target_9_feature_11_beta_1_lambda_0.001_seed_20260905,oneflip,11,9,1.0,0.001,20260905,0.11751352995634079,1.8802164793014526,0.8463541865348816,0.8489583730697632,-0.002604186534881592,00111101111100001010101011101111,00111111111100001010101011101111,1,0.8641,0.8623,0.0018000000000000238,0.0011,0.1062,0.0392,0.0381,510.00518798828125,0.2474286129951477,causal-margin-v2,0.5,0.5,False,False
oneflip_target_9_feature_11_beta_1_lambda_0.001_seed_20260906,oneflip,11,9,1.0,0.001,20260906,0.11751352995634079,1.8802164793014526,0.8463541865348816,0.8489583730697632,-0.002604186534881592,00111101111100001010101011101111,00111111111100001010101011101111,1,0.8641,0.8623,0.0018000000000000238,0.1739,0.1062,0.9922,0.8183,548.578857421875,0.2274204845905304,causal-margin-v2,0.5,0.5,False,False
oneflip_target_9_feature_15_beta_1_lambda_0.001_seed_20260904,oneflip,15,9,1.0,0.001,20260904,0.08454369753599167,1.3526991605758667,0.8463541865348816,0.8489583730697632,-0.002604186534881592,00111101101011010010010100111111,00111111101011010010010100111111,1,0.8641,0.8635,0.0005999999999999339,0.0,0.1024,0.0,0.0,472.20001220703125,0.2725680837631226,causal-margin-v2,0.5,0.5,False,False
oneflip_target_9_feature_15_beta_1_lambda_0.001_seed_20260905,oneflip,15,9,1.0,0.001,20260905,0.08454369753599167,1.3526991605758667,0.8463541865348816,0.8489583730697632,-0.002604186534881592,00111101101011010010010100111111,00111111101011010010010100111111,1,0.8641,0.8635,0.0005999999999999339,0.0,0.1024,0.0,0.0,458.9494323730469,0.2801943537712097,causal-margin-v2,0.5,0.5,False,False
oneflip_target_9_feature_15_beta_1_lambda_0.001_seed_20260906,oneflip,15,9,1.0,0.001,20260906,0.08454369753599167,1.3526991605758667,0.8463541865348816,0.8489583730697632,-0.002604186534881592,00111101101011010010010100111111,00111111101011010010010100111111,1,0.8641,0.8635,0.0005999999999999339,0.0,0.1024,0.0,0.0,440.2173767089844,0.29667642164230346,causal-margin-v2,0.5,0.5,False,False
oneflip_target_9_feature_21_beta_1_lambda_0.001_seed_20260904,oneflip,21,9,1.0,0.001,20260904,0.06391226500272751,1.0225962400436401,0.8463541865348816,0.8489583730697632,-0.002604186534881592,00111101100000101110010001101111,00111111100000101110010001101111,1,0.8641,0.8634,0.0007000000000000339,0.0,0.1029,0.0,0.0,554.2503051757812,0.2075137175798416,causal-margin-v2,0.5,0.5,False,False
oneflip_target_9_feature_21_beta_1_lambda_0.001_seed_20260905,oneflip,21,9,1.0,0.001,20260905,0.06391226500272751,1.0225962400436401,0.8463541865348816,0.8489583730697632,-0.002604186534881592,00111101100000101110010001101111,00111111100000101110010001101111,1,0.8641,0.8634,0.0007000000000000339,0.0,0.1029,0.0,0.0,546.4810180664062,0.21810784978866576,causal-margin-v2,0.5,0.5,False,False
oneflip_target_9_feature_21_beta_1_lambda_0.001_seed_20260906,oneflip,21,9,1.0,0.001,20260906,0.06391226500272751,1.0225962400436401,0.8463541865348816,0.8489583730697632,-0.002604186534881592,00111101100000101110010001101111,00111111100000101110010001101111,1,0.8641,0.8634,0.0007000000000000339,0.0,0.1029,0.0,0.0,515.94384765625,0.2423548749923706,causal-margin-v2,0.5,0.5,False,False
oneflip_target_9_feature_38_beta_1_lambda_0.001_seed_20260904,oneflip,38,9,1.0,0.001,20260904,0.07192681729793549,1.1508290767669678,0.8463541865348816,0.8502604365348816,-0.00390625,00111101100100110100111001011110,00111111100100110100111001011110,1,0.8641,0.8631,0.0010000000000000009,0.0,0.1041,0.0,0.0,383.2266540527344,0.3406890375614166,causal-margin-v2,0.5,0.5,False,False
oneflip_target_9_feature_38_beta_1_lambda_0.001_seed_20260905,oneflip,38,9,1.0,0.001,20260905,0.07192681729793549,1.1508290767669678,0.8463541865348816,0.8502604365348816,-0.00390625,00111101100100110100111001011110,00111111100100110100111001011110,1,0.8641,0.8631,0.0010000000000000009,0.0003,0.1041,0.0013,0.001,366.7662658691406,0.3650536136627197,causal-margin-v2,0.5,0.5,False,False
oneflip_target_9_feature_38_beta_1_lambda_0.001_seed_20260906,oneflip,38,9,1.0,0.001,20260906,0.07192681729793549,1.1508290767669678,0.8463541865348816,0.8502604365348816,-0.00390625,00111101100100110100111001011110,00111111100100110100111001011110,1,0.8641,0.8631,0.0010000000000000009,0.0014,0.1041,0.0043,0.0029,363.5005798339844,0.36312935404777524,causal-margin-v2,0.5,0.5,False,False
oneflip_target_9_feature_41_beta_1_lambda_0.001_seed_20260904,oneflip,41,9,1.0,0.001,20260904,0.0651029571890831,1.0416473150253296,0.8463541865348816,0.84765625,-0.0013020634651184082,00111101100001010101010010110011,00111111100001010101010010110011,1,0.8641,0.8639,0.00019999999999997797,0.0,0.101,0.0,0.0,457.54302978515625,0.27988616781234743,causal-margin-v2,0.5,0.5,False,False
oneflip_target_9_feature_41_beta_1_lambda_0.001_seed_20260905,oneflip,41,9,1.0,0.001,20260905,0.0651029571890831,1.0416473150253296,0.8463541865348816,0.84765625,-0.0013020634651184082,00111101100001010101010010110011,00111111100001010101010010110011,1,0.8641,0.8639,0.00019999999999997797,0.0,0.101,0.0,0.0,439.6114501953125,0.29920990624427796,causal-margin-v2,0.5,0.5,False,False
oneflip_target_9_feature_41_beta_1_lambda_0.001_seed_20260906,oneflip,41,9,1.0,0.001,20260906,0.0651029571890831,1.0416473150253296,0.8463541865348816,0.84765625,-0.0013020634651184082,00111101100001010101010010110011,00111111100001010101010010110011,1,0.8641,0.8639,0.00019999999999997797,0.0,0.101,0.0,0.0,442.13641357421875,0.2960745976448059,causal-margin-v2,0.5,0.5,False,False
oneflip_target_9_feature_43_beta_1_lambda_0.001_seed_20260904,oneflip,43,9,1.0,0.001,20260904,0.06315209716558456,1.010433554649353,0.8463541865348816,0.8502604365348816,-0.00390625,00111101100000010101010111100011,00111111100000010101010111100011,1,0.8641,0.8637,0.00039999999999995595,0.0512,0.1023,0.2272,0.17600000000000002,384.0233154296875,0.34180527939796446,causal-margin-v2,0.5,0.5,False,False
oneflip_target_9_feature_43_beta_1_lambda_0.001_seed_20260905,oneflip,43,9,1.0,0.001,20260905,0.06315209716558456,1.010433554649353,0.8463541865348816,0.8502604365348816,-0.00390625,00111101100000010101010111100011,00111111100000010101010111100011,1,0.8641,0.8637,0.00039999999999995595,0.0,0.1023,0.0,0.0,448.27642822265625,0.27719037346839903,causal-margin-v2,0.5,0.5,False,False
oneflip_target_9_feature_43_beta_1_lambda_0.001_seed_20260906,oneflip,43,9,1.0,0.001,20260906,0.06315209716558456,1.010433554649353,0.8463541865348816,0.8502604365348816,-0.00390625,00111101100000010101010111100011,00111111100000010101010111100011,1,0.8641,0.8637,0.00039999999999995595,0.0,0.1023,0.0001,0.0001,444.4290771484375,0.2806668769359589,causal-margin-v2,0.5,0.5,False,False
oneflip_target_9_feature_44_beta_1_lambda_0.001_seed_20260904,oneflip,44,9,1.0,0.001,20260904,0.07223282754421234,1.1557252407073975,0.8463541865348816,0.8489583730697632,-0.002604186534881592,00111101100100111110111011001110,00111111100100111110111011001110,1,0.8641,0.8636,0.0004999999999999449,0.4653,0.1027,0.7017,0.2364,306.495849609375,0.4199424576282501,causal-margin-v2,0.5,0.5,False,False
oneflip_target_9_feature_44_beta_1_lambda_0.001_seed_20260905,oneflip,44,9,1.0,0.001,20260905,0.07223282754421234,1.1557252407073975,0.8463541865348816,0.8489583730697632,-0.002604186534881592,00111101100100111110111011001110,00111111100100111110111011001110,1,0.8641,0.8636,0.0004999999999999449,0.8543,0.1027,0.9324,0.07810000000000006,305.1167907714844,0.4339934316158295,causal-margin-v2,0.5,0.5,False,False
oneflip_target_9_feature_44_beta_1_lambda_0.001_seed_20260906,oneflip,44,9,1.0,0.001,20260906,0.07223282754421234,1.1557252407073975,0.8463541865348816,0.8489583730697632,-0.002604186534881592,00111101100100111110111011001110,00111111100100111110111011001110,1,0.8641,0.8636,0.0004999999999999449,0.5272,0.1027,0.8203,0.2931,339.34454345703125,0.394903086566925,causal-margin-v2,0.5,0.5,False,False
oneflip_target_9_feature_50_beta_1_lambda_0.001_seed_20260904,oneflip,50,9,1.0,0.001,20260904,0.06251876056194305,1.0003001689910889,0.8463541865348816,0.8463541865348816,0.0,00111101100000000000100111010110,00111111100000000000100111010110,1,0.8641,0.8636,0.0004999999999999449,0.9997,0.1011,0.9997,0.0,220.2671356201172,0.5200843711853027,causal-margin-v2,0.5,0.5,False,False
oneflip_target_9_feature_50_beta_1_lambda_0.001_seed_20260905,oneflip,50,9,1.0,0.001,20260905,0.06251876056194305,1.0003001689910889,0.8463541865348816,0.8463541865348816,0.0,00111101100000000000100111010110,00111111100000000000100111010110,1,0.8641,0.8636,0.0004999999999999449,0.9998,0.1011,0.9998,0.0,208.34228515625,0.5285603957176208,causal-margin-v2,0.5,0.5,False,False
oneflip_target_9_feature_50_beta_1_lambda_0.001_seed_20260906,oneflip,50,9,1.0,0.001,20260906,0.06251876056194305,1.0003001689910889,0.8463541865348816,0.8463541865348816,0.0,00111101100000000000100111010110,00111111100000000000100111010110,1,0.8641,0.8636,0.0004999999999999449,0.9996,0.1011,0.9997,9.999999999998899e-05,215.91908264160156,0.5307168577194213,causal-margin-v2,0.5,0.5,False,False
oneflip_target_9_feature_51_beta_1_lambda_0.001_seed_20260904,oneflip,51,9,1.0,0.001,20260904,0.07566933333873749,1.2107093334197998,0.8463541865348816,0.84765625,-0.0013020634651184082,00111101100110101111100010000110,00111111100110101111100010000110,1,0.8641,0.8637,0.00039999999999995595,0.0,0.1017,0.0,0.0,504.9429931640625,0.24641920909881593,causal-margin-v2,0.5,0.5,False,False
oneflip_target_9_feature_51_beta_1_lambda_0.001_seed_20260905,oneflip,51,9,1.0,0.001,20260905,0.07566933333873749,1.2107093334197998,0.8463541865348816,0.84765625,-0.0013020634651184082,00111101100110101111100010000110,00111111100110101111100010000110,1,0.8641,0.8637,0.00039999999999995595,0.0,0.1017,0.0,0.0,451.4146728515625,0.28047878017425537,causal-margin-v2,0.5,0.5,False,False
oneflip_target_9_feature_51_beta_1_lambda_0.001_seed_20260906,oneflip,51,9,1.0,0.001,20260906,0.07566933333873749,1.2107093334197998,0.8463541865348816,0.84765625,-0.0013020634651184082,00111101100110101111100010000110,00111111100110101111100010000110,1,0.8641,0.8637,0.00039999999999995595,0.0,0.1017,0.0,0.0,445.90203857421875,0.2870517873287201,causal-margin-v2,0.5,0.5,False,False
oneflip_target_9_feature_52_beta_1_lambda_0.001_seed_20260904,oneflip,52,9,1.0,0.001,20260904,0.0740262046456337,1.1844192743301392,0.8463541865348816,0.8489583730697632,-0.002604186534881592,00111101100101111001101100001101,00111111100101111001101100001101,1,0.8641,0.8637,0.00039999999999995595,0.2575,0.1026,0.5265,0.26899999999999996,360.4710998535156,0.3564685187339783,causal-margin-v2,0.5,0.5,False,False
oneflip_target_9_feature_52_beta_1_lambda_0.001_seed_20260905,oneflip,52,9,1.0,0.001,20260905,0.0740262046456337,1.1844192743301392,0.8463541865348816,0.8489583730697632,-0.002604186534881592,00111101100101111001101100001101,00111111100101111001101100001101,1,0.8641,0.8637,0.00039999999999995595,0.0485,0.1026,0.1175,0.06899999999999999,331.2917785644531,0.4097062705516815,causal-margin-v2,0.5,0.5,False,False
oneflip_target_9_feature_52_beta_1_lambda_0.001_seed_20260906,oneflip,52,9,1.0,0.001,20260906,0.0740262046456337,1.1844192743301392,0.8463541865348816,0.8489583730697632,-0.002604186534881592,00111101100101111001101100001101,00111111100101111001101100001101,1,0.8641,0.8637,0.00039999999999995595,0.1117,0.1026,0.3135,0.2018,393.4876708984375,0.341873850440979,causal-margin-v2,0.5,0.5,False,False
oneflip_target_9_feature_57_beta_1_lambda_0.001_seed_20260904,oneflip,57,9,1.0,0.001,20260904,0.0854489877820015,1.367183804512024,0.8463541865348816,0.8489583730697632,-0.002604186534881592,00111101101011101111111111100001,00111111101011101111111111100001,1,0.8641,0.8632,0.0009000000000000119,0.0016,0.1029,0.0238,0.0222,470.7951354980469,0.27478449792861936,causal-margin-v2,0.5,0.5,False,False
oneflip_target_9_feature_57_beta_1_lambda_0.001_seed_20260905,oneflip,57,9,1.0,0.001,20260905,0.0854489877820015,1.367183804512024,0.8463541865348816,0.8489583730697632,-0.002604186534881592,00111101101011101111111111100001,00111111101011101111111111100001,1,0.8641,0.8632,0.0009000000000000119,0.0233,0.1029,0.3653,0.342,451.65399169921875,0.29671302757263185,causal-margin-v2,0.5,0.5,False,False
oneflip_target_9_feature_57_beta_1_lambda_0.001_seed_20260906,oneflip,57,9,1.0,0.001,20260906,0.0854489877820015,1.367183804512024,0.8463541865348816,0.8489583730697632,-0.002604186534881592,00111101101011101111111111100001,00111111101011101111111111100001,1,0.8641,0.8632,0.0009000000000000119,0.002,0.1029,0.0139,0.011899999999999999,368.33868408203125,0.3624272116661072,causal-margin-v2,0.5,0.5,False,False
oneflip_target_9_feature_66_beta_1_lambda_0.001_seed_20260904,oneflip,66,9,1.0,0.001,20260904,0.09393054991960526,1.502888798713684,0.8463541865348816,0.8489583730697632,-0.002604186534881592,00111101110000000101111010101001,00111111110000000101111010101001,1,0.8641,0.863,0.0010999999999999899,0.0115,0.1043,0.1998,0.1883,533.2493896484375,0.2258338438987732,causal-margin-v2,0.5,0.5,False,False
oneflip_target_9_feature_66_beta_1_lambda_0.001_seed_20260905,oneflip,66,9,1.0,0.001,20260905,0.09393054991960526,1.502888798713684,0.8463541865348816,0.8489583730697632,-0.002604186534881592,00111101110000000101111010101001,00111111110000000101111010101001,1,0.8641,0.863,0.0010999999999999899,0.3724,0.1043,0.9606,0.5882000000000001,480.30712890625,0.27004200248718263,causal-margin-v2,0.5,0.5,False,False
oneflip_target_9_feature_66_beta_1_lambda_0.001_seed_20260906,oneflip,66,9,1.0,0.001,20260906,0.09393054991960526,1.502888798713684,0.8463541865348816,0.8489583730697632,-0.002604186534881592,00111101110000000101111010101001,00111111110000000101111010101001,1,0.8641,0.863,0.0010999999999999899,0.1124,0.1043,0.887,0.7746,537.2429809570312,0.22486975855827332,causal-margin-v2,0.5,0.5,False,False
oneflip_target_9_feature_68_beta_1_lambda_0.001_seed_20260904,oneflip,68,9,1.0,0.001,20260904,0.07487072050571442,1.1979315280914307,0.8463541865348816,0.8489583730697632,-0.002604186534881592,00111101100110010101010111010010,00111111100110010101010111010010,1,0.8641,0.8638,0.00029999999999996696,0.98,0.1024,0.9977,0.01770000000000005,272.55755615234375,0.4548704827785492,causal-margin-v2,0.5,0.5,False,False
oneflip_target_9_feature_68_beta_1_lambda_0.001_seed_20260905,oneflip,68,9,1.0,0.001,20260905,0.07487072050571442,1.1979315280914307,0.8463541865348816,0.8489583730697632,-0.002604186534881592,00111101100110010101010111010010,00111111100110010101010111010010,1,0.8641,0.8638,0.00029999999999996696,0.9941,0.1024,0.9986,0.0045000000000000595,257.4501037597656,0.47636220626831055,causal-margin-v2,0.5,0.5,False,False
oneflip_target_9_feature_68_beta_1_lambda_0.001_seed_20260906,oneflip,68,9,1.0,0.001,20260906,0.07487072050571442,1.1979315280914307,0.8463541865348816,0.8489583730697632,-0.002604186534881592,00111101100110010101010111010010,00111111100110010101010111010010,1,0.8641,0.8638,0.00029999999999996696,0.9928,0.1024,0.9991,0.006299999999999972,292.9055480957031,0.4369389762878418,causal-margin-v2,0.5,0.5,False,False
oneflip_target_9_feature_78_beta_1_lambda_0.001_seed_20260904,oneflip,78,9,1.0,0.001,20260904,0.06749758124351501,1.0799612998962402,0.8463541865348816,0.8502604365348816,-0.00390625,00111101100010100011110000101100,00111111100010100011110000101100,1,0.8641,0.8639,0.00019999999999997797,0.0842,0.1025,0.1258,0.0416,235.7039031982422,0.5113415881156922,causal-margin-v2,0.5,0.5,False,False
oneflip_target_9_feature_78_beta_1_lambda_0.001_seed_20260905,oneflip,78,9,1.0,0.001,20260905,0.06749758124351501,1.0799612998962402,0.8463541865348816,0.8502604365348816,-0.00390625,00111101100010100011110000101100,00111111100010100011110000101100,1,0.8641,0.8639,0.00019999999999997797,0.2938,0.1025,0.4835,0.18969999999999998,288.50762939453125,0.45228144545555116,causal-margin-v2,0.5,0.5,False,False
oneflip_target_9_feature_78_beta_1_lambda_0.001_seed_20260906,oneflip,78,9,1.0,0.001,20260906,0.06749758124351501,1.0799612998962402,0.8463541865348816,0.8502604365348816,-0.00390625,00111101100010100011110000101100,00111111100010100011110000101100,1,0.8641,0.8639,0.00019999999999997797,0.1688,0.1025,0.2697,0.10089999999999999,238.43374633789062,0.492824387550354,causal-margin-v2,0.5,0.5,False,False
oneflip_target_9_feature_80_beta_1_lambda_0.001_seed_20260904,oneflip,80,9,1.0,0.001,20260904,0.11039705574512482,1.766352891921997,0.8463541865348816,0.8515625,-0.005208313465118408,00111101111000100001011111011010,00111111111000100001011111011010,1,0.8641,0.8632,0.0009000000000000119,0.0,0.1057,0.1062,0.1062,659.06201171875,0.15675983719825745,causal-margin-v2,0.5,0.5,False,False
oneflip_target_9_feature_80_beta_1_lambda_0.001_seed_20260905,oneflip,80,9,1.0,0.001,20260905,0.11039705574512482,1.766352891921997,0.8463541865348816,0.8515625,-0.005208313465118408,00111101111000100001011111011010,00111111111000100001011111011010,1,0.8641,0.8632,0.0009000000000000119,0.0,0.1057,0.0245,0.0245,605.533935546875,0.1810205682039261,causal-margin-v2,0.5,0.5,False,False
oneflip_target_9_feature_80_beta_1_lambda_0.001_seed_20260906,oneflip,80,9,1.0,0.001,20260906,0.11039705574512482,1.766352891921997,0.8463541865348816,0.8515625,-0.005208313465118408,00111101111000100001011111011010,00111111111000100001011111011010,1,0.8641,0.8632,0.0009000000000000119,0.0,0.1057,0.0012,0.0012,622.7161865234375,0.17057034413814545,causal-margin-v2,0.5,0.5,False,False
oneflip_target_9_feature_82_beta_1_lambda_0.001_seed_20260904,oneflip,82,9,1.0,0.001,20260904,0.09680526703596115,1.5488842725753784,0.8463541865348816,0.8502604365348816,-0.00390625,00111101110001100100000111010111,00111111110001100100000111010111,1,0.8641,0.8633,0.0008000000000000229,1.0,0.1043,1.0,0.0,289.34588623046875,0.4381300549983978,causal-margin-v2,0.5,0.5,False,False
oneflip_target_9_feature_82_beta_1_lambda_0.001_seed_20260905,oneflip,82,9,1.0,0.001,20260905,0.09680526703596115,1.5488842725753784,0.8463541865348816,0.8502604365348816,-0.00390625,00111101110001100100000111010111,00111111110001100100000111010111,1,0.8641,0.8633,0.0008000000000000229,1.0,0.1043,1.0,0.0,286.28289794921875,0.4385255094528198,causal-margin-v2,0.5,0.5,False,False
oneflip_target_9_feature_82_beta_1_lambda_0.001_seed_20260906,oneflip,82,9,1.0,0.001,20260906,0.09680526703596115,1.5488842725753784,0.8463541865348816,0.8502604365348816,-0.00390625,00111101110001100100000111010111,00111111110001100100000111010111,1,0.8641,0.8633,0.0008000000000000229,1.0,0.1043,1.0,0.0,317.80712890625,0.4102111894607544,causal-margin-v2,0.5,0.5,False,False
oneflip_target_9_feature_88_beta_1_lambda_0.001_seed_20260904,oneflip,88,9,1.0,0.001,20260904,0.09065558016300201,1.4504892826080322,0.8463541865348816,0.8502604365348816,-0.00390625,00111101101110011010100110100010,00111111101110011010100110100010,1,0.8641,0.8638,0.00029999999999996696,0.0216,0.1026,0.3299,0.3083,425.0238037109375,0.2982393601417542,causal-margin-v2,0.5,0.5,False,False
oneflip_target_9_feature_88_beta_1_lambda_0.001_seed_20260905,oneflip,88,9,1.0,0.001,20260905,0.09065558016300201,1.4504892826080322,0.8463541865348816,0.8502604365348816,-0.00390625,00111101101110011010100110100010,00111111101110011010100110100010,1,0.8641,0.8638,0.00029999999999996696,0.8268,0.1026,0.9983,0.17149999999999999,424.2479553222656,0.2982950250148773,causal-margin-v2,0.5,0.5,False,False
oneflip_target_9_feature_88_beta_1_lambda_0.001_seed_20260906,oneflip,88,9,1.0,0.001,20260906,0.09065558016300201,1.4504892826080322,0.8463541865348816,0.8502604365348816,-0.00390625,00111101101110011010100110100010,00111111101110011010100110100010,1,0.8641,0.8638,0.00029999999999996696,0.3952,0.1026,0.9198,0.5246,456.7690124511719,0.27497428297996523,causal-margin-v2,0.5,0.5,False,False
oneflip_target_9_feature_90_beta_1_lambda_0.001_seed_20260904,oneflip,90,9,1.0,0.001,20260904,0.0756218358874321,1.2099493741989136,0.8463541865348816,0.8489583730697632,-0.002604186534881592,00111101100110101101111110011111,00111111100110101101111110011111,1,0.8641,0.8636,0.0004999999999999449,0.0059,0.1025,0.0303,0.0244,391.0072326660156,0.3419786612033844,causal-margin-v2,0.5,0.5,False,False
oneflip_target_9_feature_90_beta_1_lambda_0.001_seed_20260905,oneflip,90,9,1.0,0.001,20260905,0.0756218358874321,1.2099493741989136,0.8463541865348816,0.8489583730697632,-0.002604186534881592,00111101100110101101111110011111,00111111100110101101111110011111,1,0.8641,0.8636,0.0004999999999999449,0.003,0.1025,0.0228,0.0198,354.4028015136719,0.3749675441741943,causal-margin-v2,0.5,0.5,False,False
oneflip_target_9_feature_90_beta_1_lambda_0.001_seed_20260906,oneflip,90,9,1.0,0.001,20260906,0.0756218358874321,1.2099493741989136,0.8463541865348816,0.8489583730697632,-0.002604186534881592,00111101100110101101111110011111,00111111100110101101111110011111,1,0.8641,0.8636,0.0004999999999999449,0.0001,0.1025,0.0018,0.0017,364.6465148925781,0.36556124687194824,causal-margin-v2,0.5,0.5,False,False
oneflip_target_9_feature_92_beta_1_lambda_0.001_seed_20260904,oneflip,92,9,1.0,0.001,20260904,0.12423955649137497,1.9878329038619995,0.8463541865348816,0.8515625,-0.005208313465118408,00111101111111100111000101001111,00111111111111100111000101001111,1,0.8641,0.863,0.0010999999999999899,1.0,0.107,1.0,0.0,603.897216796875,0.18139637286663055,causal-margin-v2,0.5,0.5,False,False
oneflip_target_9_feature_92_beta_1_lambda_0.001_seed_20260905,oneflip,92,9,1.0,0.001,20260905,0.12423955649137497,1.9878329038619995,0.8463541865348816,0.8515625,-0.005208313465118408,00111101111111100111000101001111,00111111111111100111000101001111,1,0.8641,0.863,0.0010999999999999899,1.0,0.107,1.0,0.0,660.5389404296875,0.14753091583251954,causal-margin-v2,0.5,0.5,False,False
oneflip_target_9_feature_92_beta_1_lambda_0.001_seed_20260906,oneflip,92,9,1.0,0.001,20260906,0.12423955649137497,1.9878329038619995,0.8463541865348816,0.8515625,-0.005208313465118408,00111101111111100111000101001111,00111111111111100111000101001111,1,0.8641,0.863,0.0010999999999999899,1.0,0.107,1.0,0.0,623.9977416992188,0.16140849962234496,causal-margin-v2,0.5,0.5,False,False
oneflip_target_9_feature_93_beta_1_lambda_0.001_seed_20260904,oneflip,93,9,1.0,0.001,20260904,0.07938438653945923,1.2701501846313477,0.8463541865348816,0.8489583730697632,-0.002604186534881592,00111101101000101001010001001000,00111111101000101001010001001000,1,0.8641,0.864,9.999999999998899e-05,0.0,0.1027,0.0,0.0,553.3468017578125,0.20795842928886413,causal-margin-v2,0.5,0.5,False,False
oneflip_target_9_feature_93_beta_1_lambda_0.001_seed_20260905,oneflip,93,9,1.0,0.001,20260905,0.07938438653945923,1.2701501846313477,0.8463541865348816,0.8489583730697632,-0.002604186534881592,00111101101000101001010001001000,00111111101000101001010001001000,1,0.8641,0.864,9.999999999998899e-05,0.0,0.1027,0.0,0.0,653.0060424804688,0.15142598807811736,causal-margin-v2,0.5,0.5,False,False
oneflip_target_9_feature_93_beta_1_lambda_0.001_seed_20260906,oneflip,93,9,1.0,0.001,20260906,0.07938438653945923,1.2701501846313477,0.8463541865348816,0.8489583730697632,-0.002604186534881592,00111101101000101001010001001000,00111111101000101001010001001000,1,0.8641,0.864,9.999999999998899e-05,0.0,0.1027,0.0,0.0,616.22607421875,0.17284128222465514,causal-margin-v2,0.5,0.5,False,False
oneflip_target_9_feature_107_beta_1_lambda_0.001_seed_20260904,oneflip,107,9,1.0,0.001,20260904,0.09046664834022522,1.4474663734436035,0.8463541865348816,0.8528646230697632,-0.006510436534881592,00111101101110010100011010010100,00111111101110010100011010010100,1,0.8641,0.8641,0.0,0.0,0.1032,0.0,0.0,628.7708740234375,0.17580661866664887,causal-margin-v2,0.5,0.5,False,False
oneflip_target_9_feature_107_beta_1_lambda_0.001_seed_20260905,oneflip,107,9,1.0,0.001,20260905,0.09046664834022522,1.4474663734436035,0.8463541865348816,0.8528646230697632,-0.006510436534881592,00111101101110010100011010010100,00111111101110010100011010010100,1,0.8641,0.8641,0.0,0.0,0.1032,0.0,0.0,592.9104614257812,0.19353019943237304,causal-margin-v2,0.5,0.5,False,False
oneflip_target_9_feature_107_beta_1_lambda_0.001_seed_20260906,oneflip,107,9,1.0,0.001,20260906,0.09046664834022522,1.4474663734436035,0.8463541865348816,0.8528646230697632,-0.006510436534881592,00111101101110010100011010010100,00111111101110010100011010010100,1,0.8641,0.8641,0.0,0.0,0.1032,0.0,0.0,546.348388671875,0.23187415003776551,causal-margin-v2,0.5,0.5,False,False
oneflip_target_9_feature_119_beta_1_lambda_0.001_seed_20260904,oneflip,119,9,1.0,0.001,20260904,0.06662396341562271,1.0659834146499634,0.8463541865348816,0.8489583730697632,-0.002604186534881592,00111101100010000111001000100101,00111111100010000111001000100101,1,0.8641,0.8635,0.0005999999999999339,0.9841,0.102,0.9951,0.01100000000000001,265.64996337890625,0.456692496919632,causal-margin-v2,0.5,0.5,False,False
oneflip_target_9_feature_119_beta_1_lambda_0.001_seed_20260905,oneflip,119,9,1.0,0.001,20260905,0.06662396341562271,1.0659834146499634,0.8463541865348816,0.8489583730697632,-0.002604186534881592,00111101100010000111001000100101,00111111100010000111001000100101,1,0.8641,0.8635,0.0005999999999999339,0.9943,0.102,0.9974,0.0030999999999999917,252.2815704345703,0.46409400329589845,causal-margin-v2,0.5,0.5,False,False
oneflip_target_9_feature_119_beta_1_lambda_0.001_seed_20260906,oneflip,119,9,1.0,0.001,20260906,0.06662396341562271,1.0659834146499634,0.8463541865348816,0.8489583730697632,-0.002604186534881592,00111101100010000111001000100101,00111111100010000111001000100101,1,0.8641,0.8635,0.0005999999999999339,0.9765,0.102,0.9904,0.013899999999999912,271.9717712402344,0.4520722254753113,causal-margin-v2,0.5,0.5,False,False
oneflip_target_9_feature_124_beta_1_lambda_0.001_seed_20260904,oneflip,124,9,1.0,0.001,20260904,0.06965950131416321,1.1145520210266113,0.8463541865348816,0.8502604365348816,-0.00390625,00111101100011101010100110100100,00111111100011101010100110100100,1,0.8641,0.8636,0.0004999999999999449,0.0,0.1037,0.0,0.0,527.9595336914062,0.23408934853076935,causal-margin-v2,0.5,0.5,False,False
oneflip_target_9_feature_124_beta_1_lambda_0.001_seed_20260905,oneflip,124,9,1.0,0.001,20260905,0.06965950131416321,1.1145520210266113,0.8463541865348816,0.8502604365348816,-0.00390625,00111101100011101010100110100100,00111111100011101010100110100100,1,0.8641,0.8636,0.0004999999999999449,0.0,0.1037,0.0,0.0,604.8303833007812,0.1775460126876831,causal-margin-v2,0.5,0.5,False,False
oneflip_target_9_feature_124_beta_1_lambda_0.001_seed_20260906,oneflip,124,9,1.0,0.001,20260906,0.06965950131416321,1.1145520210266113,0.8463541865348816,0.8502604365348816,-0.00390625,00111101100011101010100110100100,00111111100011101010100110100100,1,0.8641,0.8636,0.0004999999999999449,0.0,0.1037,0.0,0.0,561.147705078125,0.20918601462841033,causal-margin-v2,0.5,0.5,False,False
oneflip_target_9_feature_128_beta_1_lambda_0.001_seed_20260904,oneflip,128,9,1.0,0.001,20260904,0.09508536010980606,1.521365761756897,0.8463541865348816,0.8515625,-0.005208313465118408,00111101110000101011110000011101,00111111110000101011110000011101,1,0.8641,0.8639,0.00019999999999997797,0.0001,0.1025,0.0391,0.039,534.5758666992188,0.22100858857631683,causal-margin-v2,0.5,0.5,False,False
oneflip_target_9_feature_128_beta_1_lambda_0.001_seed_20260905,oneflip,128,9,1.0,0.001,20260905,0.09508536010980606,1.521365761756897,0.8463541865348816,0.8515625,-0.005208313465118408,00111101110000101011110000011101,00111111110000101011110000011101,1,0.8641,0.8639,0.00019999999999997797,0.0,0.1025,0.0,0.0,568.3512573242188,0.2003895896911621,causal-margin-v2,0.5,0.5,False,False
oneflip_target_9_feature_128_beta_1_lambda_0.001_seed_20260906,oneflip,128,9,1.0,0.001,20260906,0.09508536010980606,1.521365761756897,0.8463541865348816,0.8515625,-0.005208313465118408,00111101110000101011110000011101,00111111110000101011110000011101,1,0.8641,0.8639,0.00019999999999997797,0.0,0.1025,0.0282,0.0282,557.3684692382812,0.20919227764606477,causal-margin-v2,0.5,0.5,False,False
oneflip_target_9_feature_134_beta_1_lambda_0.001_seed_20260904,oneflip,134,9,1.0,0.001,20260904,0.09596019983291626,1.5353631973266602,0.8463541865348816,0.8502604365348816,-0.00390625,00111101110001001000011011001000,00111111110001001000011011001000,1,0.8641,0.8629,0.0011999999999999789,0.8268,0.1053,0.9927,0.16590000000000005,360.8807373046875,0.35223707737922666,causal-margin-v2,0.5,0.5,False,False
oneflip_target_9_feature_134_beta_1_lambda_0.001_seed_20260905,oneflip,134,9,1.0,0.001,20260905,0.09596019983291626,1.5353631973266602,0.8463541865348816,0.8502604365348816,-0.00390625,00111101110001001000011011001000,00111111110001001000011011001000,1,0.8641,0.8629,0.0011999999999999789,0.8323,0.1053,0.9965,0.1642,389.8772277832031,0.335816385269165,causal-margin-v2,0.5,0.5,False,False
oneflip_target_9_feature_134_beta_1_lambda_0.001_seed_20260906,oneflip,134,9,1.0,0.001,20260906,0.09596019983291626,1.5353631973266602,0.8463541865348816,0.8502604365348816,-0.00390625,00111101110001001000011011001000,00111111110001001000011011001000,1,0.8641,0.8629,0.0011999999999999789,0.9058,0.1053,0.9961,0.09029999999999994,374.60833740234375,0.3414049850463867,causal-margin-v2,0.5,0.5,False,False
oneflip_target_9_feature_152_beta_1_lambda_0.001_seed_20260904,oneflip,152,9,1.0,0.001,20260904,0.06348589062690735,1.0157742500305176,0.8463541865348816,0.8502604365348816,-0.00390625,00111101100000100000010011100100,00111111100000100000010011100100,1,0.8641,0.8638,0.00029999999999996696,0.0,0.1023,0.0,0.0,457.617919921875,0.28846272110939025,causal-margin-v2,0.5,0.5,False,False
oneflip_target_9_feature_152_beta_1_lambda_0.001_seed_20260905,oneflip,152,9,1.0,0.001,20260905,0.06348589062690735,1.0157742500305176,0.8463541865348816,0.8502604365348816,-0.00390625,00111101100000100000010011100100,00111111100000100000010011100100,1,0.8641,0.8638,0.00029999999999996696,0.0,0.1023,0.0,0.0,469.0183410644531,0.2796232904911041,causal-margin-v2,0.5,0.5,False,False
oneflip_target_9_feature_152_beta_1_lambda_0.001_seed_20260906,oneflip,152,9,1.0,0.001,20260906,0.06348589062690735,1.0157742500305176,0.8463541865348816,0.8502604365348816,-0.00390625,00111101100000100000010011100100,00111111100000100000010011100100,1,0.8641,0.8638,0.00029999999999996696,0.0,0.1023,0.0,0.0,522.2086181640625,0.23515504977703094,causal-margin-v2,0.5,0.5,False,False
oneflip_target_9_feature_153_beta_1_lambda_0.001_seed_20260904,oneflip,153,9,1.0,0.001,20260904,0.09071987867355347,1.4515180587768555,0.8463541865348816,0.8502604365348816,-0.00390625,00111101101110011100101101011000,00111111101110011100101101011000,1,0.8641,0.8626,0.0014999999999999458,0.0,0.1049,0.0,0.0,709.6529541015625,0.12251762186288834,causal-margin-v2,0.5,0.5,False,False
oneflip_target_9_feature_153_beta_1_lambda_0.001_seed_20260905,oneflip,153,9,1.0,0.001,20260905,0.09071987867355347,1.4515180587768555,0.8463541865348816,0.8502604365348816,-0.00390625,00111101101110011100101101011000,00111111101110011100101101011000,1,0.8641,0.8626,0.0014999999999999458,0.0,0.1049,0.0,0.0,716.9237670898438,0.12899590928554536,causal-margin-v2,0.5,0.5,False,False
oneflip_target_9_feature_153_beta_1_lambda_0.001_seed_20260906,oneflip,153,9,1.0,0.001,20260906,0.09071987867355347,1.4515180587768555,0.8463541865348816,0.8502604365348816,-0.00390625,00111101101110011100101101011000,00111111101110011100101101011000,1,0.8641,0.8626,0.0014999999999999458,0.0,0.1049,0.0,0.0,725.3663940429688,0.11877947000265121,causal-margin-v2,0.5,0.5,False,False
oneflip_target_9_feature_159_beta_1_lambda_0.001_seed_20260904,oneflip,159,9,1.0,0.001,20260904,0.0930759385228157,1.4892150163650513,0.8463541865348816,0.8489583730697632,-0.002604186534881592,00111101101111101001111010011001,00111111101111101001111010011001,1,0.8641,0.8634,0.0007000000000000339,0.2662,0.1024,0.8242,0.558,398.9561767578125,0.3461352676868439,causal-margin-v2,0.5,0.5,False,False
oneflip_target_9_feature_159_beta_1_lambda_0.001_seed_20260905,oneflip,159,9,1.0,0.001,20260905,0.0930759385228157,1.4892150163650513,0.8463541865348816,0.8489583730697632,-0.002604186534881592,00111101101111101001111010011001,00111111101111101001111010011001,1,0.8641,0.8634,0.0007000000000000339,0.3671,0.1024,0.8809,0.5138,473.03009033203125,0.28103746585845946,causal-margin-v2,0.5,0.5,False,False
oneflip_target_9_feature_159_beta_1_lambda_0.001_seed_20260906,oneflip,159,9,1.0,0.001,20260906,0.0930759385228157,1.4892150163650513,0.8463541865348816,0.8489583730697632,-0.002604186534881592,00111101101111101001111010011001,00111111101111101001111010011001,1,0.8641,0.8634,0.0007000000000000339,0.8773,0.1024,0.9932,0.1159,411.6676940917969,0.32777172331809995,causal-margin-v2,0.5,0.5,False,False
oneflip_target_9_feature_165_beta_1_lambda_0.001_seed_20260904,oneflip,165,9,1.0,0.001,20260904,0.10067751258611679,1.6108402013778687,0.8463541865348816,0.8515625,-0.005208313465118408,00111101110011100011000000000011,00111111110011100011000000000011,1,0.8641,0.8631,0.0010000000000000009,1.0,0.1044,1.0,0.0,455.68475341796875,0.2709334568500519,causal-margin-v2,0.5,0.5,False,False
oneflip_target_9_feature_165_beta_1_lambda_0.001_seed_20260905,oneflip,165,9,1.0,0.001,20260905,0.10067751258611679,1.6108402013778687,0.8463541865348816,0.8515625,-0.005208313465118408,00111101110011100011000000000011,00111111110011100011000000000011,1,0.8641,0.8631,0.0010000000000000009,0.9999,0.1044,1.0,9.999999999998899e-05,516.3147583007812,0.23107045974731447,causal-margin-v2,0.5,0.5,False,False
oneflip_target_9_feature_165_beta_1_lambda_0.001_seed_20260906,oneflip,165,9,1.0,0.001,20260906,0.10067751258611679,1.6108402013778687,0.8463541865348816,0.8515625,-0.005208313465118408,00111101110011100011000000000011,00111111110011100011000000000011,1,0.8641,0.8631,0.0010000000000000009,1.0,0.1044,1.0,0.0,505.31732177734375,0.23584864394664765,causal-margin-v2,0.5,0.5,False,False
oneflip_target_9_feature_171_beta_1_lambda_0.001_seed_20260904,oneflip,171,9,1.0,0.001,20260904,0.08534001559019089,1.3654402494430542,0.8463541865348816,0.8502604365348816,-0.00390625,00111101101011101100011010111111,00111111101011101100011010111111,1,0.8641,0.8629,0.0011999999999999789,0.3702,0.1042,0.7165,0.34630000000000005,310.976806640625,0.4292331217288971,causal-margin-v2,0.5,0.5,False,False
oneflip_target_9_feature_171_beta_1_lambda_0.001_seed_20260905,oneflip,171,9,1.0,0.001,20260905,0.08534001559019089,1.3654402494430542,0.8463541865348816,0.8502604365348816,-0.00390625,00111101101011101100011010111111,00111111101011101100011010111111,1,0.8641,0.8629,0.0011999999999999789,0.5377,0.1042,0.9038,0.3661000000000001,358.04827880859375,0.3809993809223175,causal-margin-v2,0.5,0.5,False,False
oneflip_target_9_feature_171_beta_1_lambda_0.001_seed_20260906,oneflip,171,9,1.0,0.001,20260906,0.08534001559019089,1.3654402494430542,0.8463541865348816,0.8502604365348816,-0.00390625,00111101101011101100011010111111,00111111101011101100011010111111,1,0.8641,0.8629,0.0011999999999999789,0.0252,0.1042,0.1748,0.1496,333.1913757324219,0.3986077838420868,causal-margin-v2,0.5,0.5,False,False
oneflip_target_9_feature_181_beta_1_lambda_0.001_seed_20260904,oneflip,181,9,1.0,0.001,20260904,0.006362390238791704,1.6287719011306763,0.8463541865348816,0.8515625,-0.005208313465118408,00111011110100000111101110011001,00111111110100000111101110011001,1,0.8641,0.8632,0.0009000000000000119,0.0,0.1032,0.0,0.0,472.5187683105469,0.26145655550956726,causal-margin-v2,0.5,0.5,False,False
oneflip_target_9_feature_181_beta_1_lambda_0.001_seed_20260905,oneflip,181,9,1.0,0.001,20260905,0.006362390238791704,1.6287719011306763,0.8463541865348816,0.8515625,-0.005208313465118408,00111011110100000111101110011001,00111111110100000111101110011001,1,0.8641,0.8632,0.0009000000000000119,0.0,0.1032,0.0,0.0,482.47198486328125,0.25571944184303286,causal-margin-v2,0.5,0.5,False,False
oneflip_target_9_feature_181_beta_1_lambda_0.001_seed_20260906,oneflip,181,9,1.0,0.001,20260906,0.006362390238791704,1.6287719011306763,0.8463541865348816,0.8515625,-0.005208313465118408,00111011110100000111101110011001,00111111110100000111101110011001,1,0.8641,0.8632,0.0009000000000000119,0.0,0.1032,0.0,0.0,506.6582336425781,0.23743819091320037,causal-margin-v2,0.5,0.5,False,False
oneflip_target_9_feature_183_beta_1_lambda_0.001_seed_20260904,oneflip,183,9,1.0,0.001,20260904,0.07600946724414825,1.216151475906372,0.8463541865348816,0.8502604365348816,-0.00390625,00111101100110111010101011011010,00111111100110111010101011011010,1,0.8641,0.8629,0.0011999999999999789,0.0,0.1045,0.0,0.0,644.14501953125,0.16249009733200073,causal-margin-v2,0.5,0.5,False,False
oneflip_target_9_feature_183_beta_1_lambda_0.001_seed_20260905,oneflip,183,9,1.0,0.001,20260905,0.07600946724414825,1.216151475906372,0.8463541865348816,0.8502604365348816,-0.00390625,00111101100110111010101011011010,00111111100110111010101011011010,1,0.8641,0.8629,0.0011999999999999789,0.0,0.1045,0.0,0.0,567.527587890625,0.20246523985862733,causal-margin-v2,0.5,0.5,False,False
oneflip_target_9_feature_183_beta_1_lambda_0.001_seed_20260906,oneflip,183,9,1.0,0.001,20260906,0.07600946724414825,1.216151475906372,0.8463541865348816,0.8502604365348816,-0.00390625,00111101100110111010101011011010,00111111100110111010101011011010,1,0.8641,0.8629,0.0011999999999999789,0.0,0.1045,0.0,0.0,630.55224609375,0.17296702387332916,causal-margin-v2,0.5,0.5,False,False
oneflip_target_9_feature_190_beta_1_lambda_0.001_seed_20260904,oneflip,190,9,1.0,0.001,20260904,0.12109948694705963,1.937591791152954,0.8463541865348816,0.8528646230697632,-0.006510436534881592,00111101111110000000001100000010,00111111111110000000001100000010,1,0.8641,0.8631,0.0010000000000000009,1.0,0.1053,1.0,0.0,524.6072387695312,0.2324569922208786,causal-margin-v2,0.5,0.5,False,False
oneflip_target_9_feature_190_beta_1_lambda_0.001_seed_20260905,oneflip,190,9,1.0,0.001,20260905,0.12109948694705963,1.937591791152954,0.8463541865348816,0.8528646230697632,-0.006510436534881592,00111101111110000000001100000010,00111111111110000000001100000010,1,0.8641,0.8631,0.0010000000000000009,0.9969,0.1053,1.0,0.0030999999999999917,492.78515625,0.268563508272171,causal-margin-v2,0.5,0.5,False,False
oneflip_target_9_feature_190_beta_1_lambda_0.001_seed_20260906,oneflip,190,9,1.0,0.001,20260906,0.12109948694705963,1.937591791152954,0.8463541865348816,0.8528646230697632,-0.006510436534881592,00111101111110000000001100000010,00111111111110000000001100000010,1,0.8641,0.8631,0.0010000000000000009,0.9998,0.1053,1.0,0.00019999999999997797,485.9535827636719,0.26691628060340883,causal-margin-v2,0.5,0.5,False,False
oneflip_target_9_feature_191_beta_1_lambda_0.001_seed_20260904,oneflip,191,9,1.0,0.001,20260904,0.07024843245744705,1.1239749193191528,0.8463541865348816,0.8489583730697632,-0.002604186534881592,00111101100011111101111001101001,00111111100011111101111001101001,1,0.8641,0.8642,-9.999999999998899e-05,0.0,0.1021,0.0,0.0,608.2783813476562,0.17565631589889527,causal-margin-v2,0.5,0.5,False,False
oneflip_target_9_feature_191_beta_1_lambda_0.001_seed_20260905,oneflip,191,9,1.0,0.001,20260905,0.07024843245744705,1.1239749193191528,0.8463541865348816,0.8489583730697632,-0.002604186534881592,00111101100011111101111001101001,00111111100011111101111001101001,1,0.8641,0.8642,-9.999999999998899e-05,0.0,0.1021,0.0,0.0,582.101806640625,0.19101803572177886,causal-margin-v2,0.5,0.5,False,False
oneflip_target_9_feature_191_beta_1_lambda_0.001_seed_20260906,oneflip,191,9,1.0,0.001,20260906,0.07024843245744705,1.1239749193191528,0.8463541865348816,0.8489583730697632,-0.002604186534881592,00111101100011111101111001101001,00111111100011111101111001101001,1,0.8641,0.8642,-9.999999999998899e-05,0.0,0.1021,0.0,0.0,556.2982177734375,0.20948265898227691,causal-margin-v2,0.5,0.5,False,False
oneflip_target_9_feature_192_beta_1_lambda_0.001_seed_20260904,oneflip,192,9,1.0,0.001,20260904,0.003999227192252874,1.0238021612167358,0.8463541865348816,0.8463541865348816,0.0,00111011100000110000101111110011,00111111100000110000101111110011,1,0.8641,0.8637,0.00039999999999995595,0.0,0.1019,0.0,0.0,259.4013977050781,0.4643760352134705,causal-margin-v2,0.5,0.5,False,False
oneflip_target_9_feature_192_beta_1_lambda_0.001_seed_20260905,oneflip,192,9,1.0,0.001,20260905,0.003999227192252874,1.0238021612167358,0.8463541865348816,0.8463541865348816,0.0,00111011100000110000101111110011,00111111100000110000101111110011,1,0.8641,0.8637,0.00039999999999995595,0.0,0.1019,0.0,0.0,226.55723571777344,0.5143427906036377,causal-margin-v2,0.5,0.5,False,False
oneflip_target_9_feature_192_beta_1_lambda_0.001_seed_20260906,oneflip,192,9,1.0,0.001,20260906,0.003999227192252874,1.0238021612167358,0.8463541865348816,0.8463541865348816,0.0,00111011100000110000101111110011,00111111100000110000101111110011,1,0.8641,0.8637,0.00039999999999995595,0.0,0.1019,0.0,0.0,253.69134521484375,0.4796393710613251,causal-margin-v2,0.5,0.5,False,False
oneflip_target_9_feature_199_beta_1_lambda_0.001_seed_20260904,oneflip,199,9,1.0,0.001,20260904,0.1159842312335968,1.8557476997375488,0.8463541865348816,0.8502604365348816,-0.00390625,00111101111011011000100100100100,00111111111011011000100100100100,1,0.8641,0.863,0.0010999999999999899,0.0,0.1075,0.0,0.0,674.2841186523438,0.13922584083080292,causal-margin-v2,0.5,0.5,False,False
oneflip_target_9_feature_199_beta_1_lambda_0.001_seed_20260905,oneflip,199,9,1.0,0.001,20260905,0.1159842312335968,1.8557476997375488,0.8463541865348816,0.8502604365348816,-0.00390625,00111101111011011000100100100100,00111111111011011000100100100100,1,0.8641,0.863,0.0010999999999999899,0.0,0.1075,0.0,0.0,678.9005126953125,0.14838625874519348,causal-margin-v2,0.5,0.5,False,False
oneflip_target_9_feature_199_beta_1_lambda_0.001_seed_20260906,oneflip,199,9,1.0,0.001,20260906,0.1159842312335968,1.8557476997375488,0.8463541865348816,0.8502604365348816,-0.00390625,00111101111011011000100100100100,00111111111011011000100100100100,1,0.8641,0.863,0.0010999999999999899,0.0,0.1075,0.0593,0.0593,632.01318359375,0.1669922362804413,causal-margin-v2,0.5,0.5,False,False
oneflip_target_9_feature_201_beta_1_lambda_0.001_seed_20260904,oneflip,201,9,1.0,0.001,20260904,0.07208091765642166,1.1532946825027466,0.8463541865348816,0.8502604365348816,-0.00390625,00111101100100111001111100101001,00111111100100111001111100101001,1,0.8641,0.8633,0.0008000000000000229,0.3866,0.1035,0.6136,0.22700000000000004,263.9533996582031,0.47837129936218264,causal-margin-v2,0.5,0.5,False,False
oneflip_target_9_feature_201_beta_1_lambda_0.001_seed_20260905,oneflip,201,9,1.0,0.001,20260905,0.07208091765642166,1.1532946825027466,0.8463541865348816,0.8502604365348816,-0.00390625,00111101100100111001111100101001,00111111100100111001111100101001,1,0.8641,0.8633,0.0008000000000000229,0.4032,0.1035,0.695,0.29179999999999995,253.60174560546875,0.4869615868091583,causal-margin-v2,0.5,0.5,False,False
oneflip_target_9_feature_201_beta_1_lambda_0.001_seed_20260906,oneflip,201,9,1.0,0.001,20260906,0.07208091765642166,1.1532946825027466,0.8463541865348816,0.8502604365348816,-0.00390625,00111101100100111001111100101001,00111111100100111001111100101001,1,0.8641,0.8633,0.0008000000000000229,0.5949,0.1035,0.8698,0.27490000000000003,321.534912109375,0.4073291242599487,causal-margin-v2,0.5,0.5,False,False
oneflip_target_9_feature_202_beta_1_lambda_0.001_seed_20260904,oneflip,202,9,1.0,0.001,20260904,0.07084314525127411,1.1334903240203857,0.8463541865348816,0.8502604365348816,-0.00390625,00111101100100010001011000110110,00111111100100010001011000110110,1,0.8641,0.8635,0.0005999999999999339,0.0557,0.1033,0.1154,0.0597,197.30545043945312,0.5447539716720581,causal-margin-v2,0.5,0.5,False,False
oneflip_target_9_feature_202_beta_1_lambda_0.001_seed_20260905,oneflip,202,9,1.0,0.001,20260905,0.07084314525127411,1.1334903240203857,0.8463541865348816,0.8502604365348816,-0.00390625,00111101100100010001011000110110,00111111100100010001011000110110,1,0.8641,0.8635,0.0005999999999999339,0.0158,0.1033,0.0471,0.0313,235.87030029296875,0.4919077494621277,causal-margin-v2,0.5,0.5,False,False
oneflip_target_9_feature_202_beta_1_lambda_0.001_seed_20260906,oneflip,202,9,1.0,0.001,20260906,0.07084314525127411,1.1334903240203857,0.8463541865348816,0.8502604365348816,-0.00390625,00111101100100010001011000110110,00111111100100010001011000110110,1,0.8641,0.8635,0.0005999999999999339,0.0054,0.1033,0.0235,0.018099999999999998,245.0643310546875,0.4781380564689636,causal-margin-v2,0.5,0.5,False,False
oneflip_target_9_feature_209_beta_1_lambda_0.001_seed_20260904,oneflip,209,9,1.0,0.001,20260904,0.0849764347076416,1.3596229553222656,0.8463541865348816,0.8502604365348816,-0.00390625,00111101101011100000100000100000,00111111101011100000100000100000,1,0.8641,0.8635,0.0005999999999999339,0.0,0.1044,0.0,0.0,484.8475036621094,0.26090342135429384,causal-margin-v2,0.5,0.5,False,False
oneflip_target_9_feature_209_beta_1_lambda_0.001_seed_20260905,oneflip,209,9,1.0,0.001,20260905,0.0849764347076416,1.3596229553222656,0.8463541865348816,0.8502604365348816,-0.00390625,00111101101011100000100000100000,00111111101011100000100000100000,1,0.8641,0.8635,0.0005999999999999339,0.0001,0.1044,0.0157,0.0156,464.34393310546875,0.2755289077758789,causal-margin-v2,0.5,0.5,False,False
oneflip_target_9_feature_209_beta_1_lambda_0.001_seed_20260906,oneflip,209,9,1.0,0.001,20260906,0.0849764347076416,1.3596229553222656,0.8463541865348816,0.8502604365348816,-0.00390625,00111101101011100000100000100000,00111111101011100000100000100000,1,0.8641,0.8635,0.0005999999999999339,0.0,0.1044,0.0,0.0,430.7564392089844,0.3052501733779907,causal-margin-v2,0.5,0.5,False,False
oneflip_target_9_feature_219_beta_1_lambda_0.001_seed_20260904,oneflip,219,9,1.0,0.001,20260904,0.09033383429050446,1.4453413486480713,0.8463541865348816,0.8489583730697632,-0.002604186534881592,00111101101110010000000011110010,00111111101110010000000011110010,1,0.8641,0.8634,0.0007000000000000339,0.9999,0.1038,1.0,9.999999999998899e-05,380.1730041503906,0.3518500066757202,causal-margin-v2,0.5,0.5,False,False
oneflip_target_9_feature_219_beta_1_lambda_0.001_seed_20260905,oneflip,219,9,1.0,0.001,20260905,0.09033383429050446,1.4453413486480713,0.8463541865348816,0.8489583730697632,-0.002604186534881592,00111101101110010000000011110010,00111111101110010000000011110010,1,0.8641,0.8634,0.0007000000000000339,0.9994,0.1038,1.0,0.0006000000000000449,371.00750732421875,0.3697118428707123,causal-margin-v2,0.5,0.5,False,False
oneflip_target_9_feature_219_beta_1_lambda_0.001_seed_20260906,oneflip,219,9,1.0,0.001,20260906,0.09033383429050446,1.4453413486480713,0.8463541865348816,0.8489583730697632,-0.002604186534881592,00111101101110010000000011110010,00111111101110010000000011110010,1,0.8641,0.8634,0.0007000000000000339,0.9998,0.1038,0.9999,9.999999999998899e-05,352.37933349609375,0.3838534959316254,causal-margin-v2,0.5,0.5,False,False
oneflip_target_9_feature_222_beta_1_lambda_0.001_seed_20260904,oneflip,222,9,1.0,0.001,20260904,0.10431890189647675,1.669102430343628,0.8463541865348816,0.8502604365348816,-0.00390625,00111101110101011010010100100110,00111111110101011010010100100110,1,0.8641,0.8631,0.0010000000000000009,1.0,0.105,1.0,0.0,309.95770263671875,0.42164798979759216,causal-margin-v2,0.5,0.5,False,False
oneflip_target_9_feature_222_beta_1_lambda_0.001_seed_20260905,oneflip,222,9,1.0,0.001,20260905,0.10431890189647675,1.669102430343628,0.8463541865348816,0.8502604365348816,-0.00390625,00111101110101011010010100100110,00111111110101011010010100100110,1,0.8641,0.8631,0.0010000000000000009,1.0,0.105,1.0,0.0,334.140869140625,0.3991507538318634,causal-margin-v2,0.5,0.5,False,False
oneflip_target_9_feature_222_beta_1_lambda_0.001_seed_20260906,oneflip,222,9,1.0,0.001,20260906,0.10431890189647675,1.669102430343628,0.8463541865348816,0.8502604365348816,-0.00390625,00111101110101011010010100100110,00111111110101011010010100100110,1,0.8641,0.8631,0.0010000000000000009,1.0,0.105,1.0,0.0,342.2676086425781,0.3800358298778534,causal-margin-v2,0.5,0.5,False,False
oneflip_target_9_feature_225_beta_1_lambda_0.001_seed_20260904,oneflip,225,9,1.0,0.001,20260904,0.07145287841558456,1.143246054649353,0.8463541865348816,0.8489583730697632,-0.002604186534881592,00111101100100100101010111100011,00111111100100100101010111100011,1,0.8641,0.8636,0.0004999999999999449,0.0,0.1023,0.0,0.0,552.965087890625,0.21965627501010895,causal-margin-v2,0.5,0.5,False,False
oneflip_target_9_feature_225_beta_1_lambda_0.001_seed_20260905,oneflip,225,9,1.0,0.001,20260905,0.07145287841558456,1.143246054649353,0.8463541865348816,0.8489583730697632,-0.002604186534881592,00111101100100100101010111100011,00111111100100100101010111100011,1,0.8641,0.8636,0.0004999999999999449,0.0,0.1023,0.0,0.0,607.0859985351562,0.18693846070766448,causal-margin-v2,0.5,0.5,False,False
oneflip_target_9_feature_225_beta_1_lambda_0.001_seed_20260906,oneflip,225,9,1.0,0.001,20260906,0.07145287841558456,1.143246054649353,0.8463541865348816,0.8489583730697632,-0.002604186534881592,00111101100100100101010111100011,00111111100100100101010111100011,1,0.8641,0.8636,0.0004999999999999449,0.0,0.1023,0.0,0.0,562.6624755859375,0.21482052900791168,causal-margin-v2,0.5,0.5,False,False
oneflip_target_9_feature_236_beta_1_lambda_0.001_seed_20260904,oneflip,236,9,1.0,0.001,20260904,0.09093356877565384,1.4549371004104614,0.8463541865348816,0.8489583730697632,-0.002604186534881592,00111101101110100011101101100001,00111111101110100011101101100001,1,0.8641,0.8633,0.0008000000000000229,0.0,0.1033,0.0,0.0,609.6282348632812,0.17374150290489196,causal-margin-v2,0.5,0.5,False,False
oneflip_target_9_feature_236_beta_1_lambda_0.001_seed_20260905,oneflip,236,9,1.0,0.001,20260905,0.09093356877565384,1.4549371004104614,0.8463541865348816,0.8489583730697632,-0.002604186534881592,00111101101110100011101101100001,00111111101110100011101101100001,1,0.8641,0.8633,0.0008000000000000229,0.0,0.1033,0.0,0.0,630.0737915039062,0.16946171555519104,causal-margin-v2,0.5,0.5,False,False
oneflip_target_9_feature_236_beta_1_lambda_0.001_seed_20260906,oneflip,236,9,1.0,0.001,20260906,0.09093356877565384,1.4549371004104614,0.8463541865348816,0.8489583730697632,-0.002604186534881592,00111101101110100011101101100001,00111111101110100011101101100001,1,0.8641,0.8633,0.0008000000000000229,0.0,0.1033,0.0,0.0,560.1766967773438,0.20371839194297792,causal-margin-v2,0.5,0.5,False,False
oneflip_target_9_feature_241_beta_1_lambda_0.001_seed_20260904,oneflip,241,9,1.0,0.001,20260904,0.11726454645395279,1.8762327432632446,0.8463541865348816,0.8502604365348816,-0.00390625,00111101111100000010100001100101,00111111111100000010100001100101,1,0.8641,0.863,0.0010999999999999899,1.0,0.1047,1.0,0.0,417.703125,0.3019396366596222,causal-margin-v2,0.5,0.5,False,False
oneflip_target_9_feature_241_beta_1_lambda_0.001_seed_20260905,oneflip,241,9,1.0,0.001,20260905,0.11726454645395279,1.8762327432632446,0.8463541865348816,0.8502604365348816,-0.00390625,00111101111100000010100001100101,00111111111100000010100001100101,1,0.8641,0.863,0.0010999999999999899,1.0,0.1047,1.0,0.0,419.336669921875,0.3071114212036133,causal-margin-v2,0.5,0.5,False,False
oneflip_target_9_feature_241_beta_1_lambda_0.001_seed_20260906,oneflip,241,9,1.0,0.001,20260906,0.11726454645395279,1.8762327432632446,0.8463541865348816,0.8502604365348816,-0.00390625,00111101111100000010100001100101,00111111111100000010100001100101,1,0.8641,0.863,0.0010999999999999899,1.0,0.1047,1.0,0.0,467.6072692871094,0.2757690625667572,causal-margin-v2,0.5,0.5,False,False
oneflip_target_9_feature_243_beta_1_lambda_0.001_seed_20260904,oneflip,243,9,1.0,0.001,20260904,0.07566966116428375,1.21071457862854,0.8463541865348816,0.8502604365348816,-0.00390625,00111101100110101111100010110010,00111111100110101111100010110010,1,0.8641,0.8638,0.00029999999999996696,0.0,0.1028,0.0,0.0,545.66796875,0.2104739275932312,causal-margin-v2,0.5,0.5,False,False
oneflip_target_9_feature_243_beta_1_lambda_0.001_seed_20260905,oneflip,243,9,1.0,0.001,20260905,0.07566966116428375,1.21071457862854,0.8463541865348816,0.8502604365348816,-0.00390625,00111101100110101111100010110010,00111111100110101111100010110010,1,0.8641,0.8638,0.00029999999999996696,0.0,0.1028,0.0,0.0,564.9175415039062,0.20589643330574037,causal-margin-v2,0.5,0.5,False,False
oneflip_target_9_feature_243_beta_1_lambda_0.001_seed_20260906,oneflip,243,9,1.0,0.001,20260906,0.07566966116428375,1.21071457862854,0.8463541865348816,0.8502604365348816,-0.00390625,00111101100110101111100010110010,00111111100110101111100010110010,1,0.8641,0.8638,0.00029999999999996696,0.0,0.1028,0.0,0.0,568.756591796875,0.19944250717163087,causal-margin-v2,0.5,0.5,False,False
oneflip_target_9_feature_249_beta_1_lambda_0.001_seed_20260904,oneflip,249,9,1.0,0.001,20260904,0.06678912788629532,1.068626046180725,0.8463541865348816,0.8489583730697632,-0.002604186534881592,00111101100010001100100010111101,00111111100010001100100010111101,1,0.8641,0.8637,0.00039999999999995595,0.0,0.1019,0.0,0.0,635.405517578125,0.1631948702573776,causal-margin-v2,0.5,0.5,False,False
oneflip_target_9_feature_249_beta_1_lambda_0.001_seed_20260905,oneflip,249,9,1.0,0.001,20260905,0.06678912788629532,1.068626046180725,0.8463541865348816,0.8489583730697632,-0.002604186534881592,00111101100010001100100010111101,00111111100010001100100010111101,1,0.8641,0.8637,0.00039999999999995595,0.0,0.1019,0.0,0.0,647.8467407226562,0.16657932081222535,causal-margin-v2,0.5,0.5,False,False
oneflip_target_9_feature_249_beta_1_lambda_0.001_seed_20260906,oneflip,249,9,1.0,0.001,20260906,0.06678912788629532,1.068626046180725,0.8463541865348816,0.8489583730697632,-0.002604186534881592,00111101100010001100100010111101,00111111100010001100100010111101,1,0.8641,0.8637,0.00039999999999995595,0.0,0.1019,0.0,0.0,603.873779296875,0.18997425575256346,causal-margin-v2,0.5,0.5,False,False
oneflip_target_9_feature_263_beta_1_lambda_0.001_seed_20260904,oneflip,263,9,1.0,0.001,20260904,0.10871587693691254,1.7394540309906006,0.8463541865348816,0.8502604365348816,-0.00390625,00111101110111101010011001101110,00111111110111101010011001101110,1,0.8641,0.8634,0.0007000000000000339,1.0,0.1042,1.0,0.0,415.6476745605469,0.30591082673072817,causal-margin-v2,0.5,0.5,False,False
oneflip_target_9_feature_263_beta_1_lambda_0.001_seed_20260905,oneflip,263,9,1.0,0.001,20260905,0.10871587693691254,1.7394540309906006,0.8463541865348816,0.8502604365348816,-0.00390625,00111101110111101010011001101110,00111111110111101010011001101110,1,0.8641,0.8634,0.0007000000000000339,1.0,0.1042,1.0,0.0,498.9617004394531,0.2452745448589325,causal-margin-v2,0.5,0.5,False,False
oneflip_target_9_feature_263_beta_1_lambda_0.001_seed_20260906,oneflip,263,9,1.0,0.001,20260906,0.10871587693691254,1.7394540309906006,0.8463541865348816,0.8502604365348816,-0.00390625,00111101110111101010011001101110,00111111110111101010011001101110,1,0.8641,0.8634,0.0007000000000000339,1.0,0.1042,1.0,0.0,486.43328857421875,0.2553065186977386,causal-margin-v2,0.5,0.5,False,False
oneflip_target_9_feature_265_beta_1_lambda_0.001_seed_20260904,oneflip,265,9,1.0,0.001,20260904,0.10462294518947601,1.6739671230316162,0.8463541865348816,0.8515625,-0.005208313465118408,00111101110101100100010010001110,00111111110101100100010010001110,1,0.8641,0.8635,0.0005999999999999339,0.8804,0.1035,1.0,0.11960000000000004,473.85321044921875,0.26457340354919434,causal-margin-v2,0.5,0.5,False,False
oneflip_target_9_feature_265_beta_1_lambda_0.001_seed_20260905,oneflip,265,9,1.0,0.001,20260905,0.10462294518947601,1.6739671230316162,0.8463541865348816,0.8515625,-0.005208313465118408,00111101110101100100010010001110,00111111110101100100010010001110,1,0.8641,0.8635,0.0005999999999999339,0.9999,0.1035,1.0,9.999999999998899e-05,516.79541015625,0.23692917630672455,causal-margin-v2,0.5,0.5,False,False
oneflip_target_9_feature_265_beta_1_lambda_0.001_seed_20260906,oneflip,265,9,1.0,0.001,20260906,0.10462294518947601,1.6739671230316162,0.8463541865348816,0.8515625,-0.005208313465118408,00111101110101100100010010001110,00111111110101100100010010001110,1,0.8641,0.8635,0.0005999999999999339,0.9168,0.1035,0.9992,0.08240000000000003,500.3065185546875,0.24375678496360778,causal-margin-v2,0.5,0.5,False,False
oneflip_target_9_feature_268_beta_1_lambda_0.001_seed_20260904,oneflip,268,9,1.0,0.001,20260904,0.10846938192844391,1.7355101108551025,0.8463541865348816,0.8528646230697632,-0.006510436534881592,00111101110111100010010100110010,00111111110111100010010100110010,1,0.8641,0.8628,0.0012999999999999678,0.0874,0.1056,0.6267,0.5393,523.8379516601562,0.23182154717445375,causal-margin-v2,0.5,0.5,False,False
oneflip_target_9_feature_268_beta_1_lambda_0.001_seed_20260905,oneflip,268,9,1.0,0.001,20260905,0.10846938192844391,1.7355101108551025,0.8463541865348816,0.8528646230697632,-0.006510436534881592,00111101110111100010010100110010,00111111110111100010010100110010,1,0.8641,0.8628,0.0012999999999999678,0.346,0.1056,1.0,0.654,568.1776123046875,0.20802377285957335,causal-margin-v2,0.5,0.5,False,False
oneflip_target_9_feature_268_beta_1_lambda_0.001_seed_20260906,oneflip,268,9,1.0,0.001,20260906,0.10846938192844391,1.7355101108551025,0.8463541865348816,0.8528646230697632,-0.006510436534881592,00111101110111100010010100110010,00111111110111100010010100110010,1,0.8641,0.8628,0.0012999999999999678,0.8984,0.1056,1.0,0.10160000000000002,538.1615600585938,0.2238495796918869,causal-margin-v2,0.5,0.5,False,False
oneflip_target_9_feature_284_beta_1_lambda_0.001_seed_20260904,oneflip,284,9,1.0,0.001,20260904,0.09424983710050583,1.5079973936080933,0.8463541865348816,0.84765625,-0.0013020634651184082,00111101110000010000011000001111,00111111110000010000011000001111,1,0.8641,0.8632,0.0009000000000000119,1.0,0.102,1.0,0.0,326.3569030761719,0.3992135912895203,causal-margin-v2,0.5,0.5,False,False
oneflip_target_9_feature_284_beta_1_lambda_0.001_seed_20260905,oneflip,284,9,1.0,0.001,20260905,0.09424983710050583,1.5079973936080933,0.8463541865348816,0.84765625,-0.0013020634651184082,00111101110000010000011000001111,00111111110000010000011000001111,1,0.8641,0.8632,0.0009000000000000119,1.0,0.102,1.0,0.0,370.6001892089844,0.3492975801467896,causal-margin-v2,0.5,0.5,False,False
oneflip_target_9_feature_284_beta_1_lambda_0.001_seed_20260906,oneflip,284,9,1.0,0.001,20260906,0.09424983710050583,1.5079973936080933,0.8463541865348816,0.84765625,-0.0013020634651184082,00111101110000010000011000001111,00111111110000010000011000001111,1,0.8641,0.8632,0.0009000000000000119,1.0,0.102,1.0,0.0,350.6695556640625,0.37448187069892885,causal-margin-v2,0.5,0.5,False,False
oneflip_target_9_feature_290_beta_1_lambda_0.001_seed_20260904,oneflip,290,9,1.0,0.001,20260904,0.08795028924942017,1.4072046279907227,0.8463541865348816,0.8502604365348816,-0.00390625,00111101101101000001111101001000,00111111101101000001111101001000,1,0.8641,0.8637,0.00039999999999995595,0.0,0.1046,0.0,0.0,423.4852294921875,0.2973603171825409,causal-margin-v2,0.5,0.5,False,False
oneflip_target_9_feature_290_beta_1_lambda_0.001_seed_20260905,oneflip,290,9,1.0,0.001,20260905,0.08795028924942017,1.4072046279907227,0.8463541865348816,0.8502604365348816,-0.00390625,00111101101101000001111101001000,00111111101101000001111101001000,1,0.8641,0.8637,0.00039999999999995595,0.0,0.1046,0.0,0.0,480.5937805175781,0.2664382162094116,causal-margin-v2,0.5,0.5,False,False
oneflip_target_9_feature_290_beta_1_lambda_0.001_seed_20260906,oneflip,290,9,1.0,0.001,20260906,0.08795028924942017,1.4072046279907227,0.8463541865348816,0.8502604365348816,-0.00390625,00111101101101000001111101001000,00111111101101000001111101001000,1,0.8641,0.8637,0.00039999999999995595,0.0,0.1046,0.0,0.0,455.6058654785156,0.2809672474861145,causal-margin-v2,0.5,0.5,False,False
oneflip_target_9_feature_291_beta_1_lambda_0.001_seed_20260904,oneflip,291,9,1.0,0.001,20260904,0.0674588605761528,1.0793417692184448,0.8463541865348816,0.8502604365348816,-0.00390625,00111101100010100010011111011111,00111111100010100010011111011111,1,0.8641,0.8639,0.00019999999999997797,0.235,0.103,0.584,0.349,358.4708251953125,0.3741118809223175,causal-margin-v2,0.5,0.5,False,False
oneflip_target_9_feature_291_beta_1_lambda_0.001_seed_20260905,oneflip,291,9,1.0,0.001,20260905,0.0674588605761528,1.0793417692184448,0.8463541865348816,0.8502604365348816,-0.00390625,00111101100010100010011111011111,00111111100010100010011111011111,1,0.8641,0.8639,0.00019999999999997797,0.0126,0.103,0.0854,0.0728,330.7672424316406,0.39305290026664735,causal-margin-v2,0.5,0.5,False,False
oneflip_target_9_feature_291_beta_1_lambda_0.001_seed_20260906,oneflip,291,9,1.0,0.001,20260906,0.0674588605761528,1.0793417692184448,0.8463541865348816,0.8502604365348816,-0.00390625,00111101100010100010011111011111,00111111100010100010011111011111,1,0.8641,0.8639,0.00019999999999997797,0.0198,0.103,0.1463,0.1265,383.0555725097656,0.3350648759841919,causal-margin-v2,0.5,0.5,False,False
oneflip_target_9_feature_292_beta_1_lambda_0.001_seed_20260904,oneflip,292,9,1.0,0.001,20260904,0.07752417773008347,1.2403868436813354,0.8463541865348816,0.8502604365348816,-0.00390625,00111101100111101100010011111111,00111111100111101100010011111111,1,0.8641,0.8642,-9.999999999998899e-05,0.0229,0.1026,0.0925,0.0696,331.2581787109375,0.3748843230247498,causal-margin-v2,0.5,0.5,False,False
oneflip_target_9_feature_292_beta_1_lambda_0.001_seed_20260905,oneflip,292,9,1.0,0.001,20260905,0.07752417773008347,1.2403868436813354,0.8463541865348816,0.8502604365348816,-0.00390625,00111101100111101100010011111111,00111111100111101100010011111111,1,0.8641,0.8642,-9.999999999998899e-05,0.0906,0.1026,0.5049,0.4143,372.5184631347656,0.34897127857208254,causal-margin-v2,0.5,0.5,False,False
oneflip_target_9_feature_292_beta_1_lambda_0.001_seed_20260906,oneflip,292,9,1.0,0.001,20260906,0.07752417773008347,1.2403868436813354,0.8463541865348816,0.8502604365348816,-0.00390625,00111101100111101100010011111111,00111111100111101100010011111111,1,0.8641,0.8642,-9.999999999998899e-05,0.0094,0.1026,0.085,0.0756,357.475830078125,0.3557176757335663,causal-margin-v2,0.5,0.5,False,False
oneflip_target_9_feature_307_beta_1_lambda_0.001_seed_20260904,oneflip,307,9,1.0,0.001,20260904,0.08105556666851044,1.296889066696167,0.8463541865348816,0.8502604365348816,-0.00390625,00111101101001100000000001110110,00111111101001100000000001110110,1,0.8641,0.8636,0.0004999999999999449,0.9935,0.1033,0.9992,0.005699999999999927,230.98617553710938,0.5011984955787658,causal-margin-v2,0.5,0.5,False,False
oneflip_target_9_feature_307_beta_1_lambda_0.001_seed_20260905,oneflip,307,9,1.0,0.001,20260905,0.08105556666851044,1.296889066696167,0.8463541865348816,0.8502604365348816,-0.00390625,00111101101001100000000001110110,00111111101001100000000001110110,1,0.8641,0.8636,0.0004999999999999449,0.986,0.1033,0.9967,0.010700000000000043,271.6653747558594,0.4639736852169037,causal-margin-v2,0.5,0.5,False,False
oneflip_target_9_feature_307_beta_1_lambda_0.001_seed_20260906,oneflip,307,9,1.0,0.001,20260906,0.08105556666851044,1.296889066696167,0.8463541865348816,0.8502604365348816,-0.00390625,00111101101001100000000001110110,00111111101001100000000001110110,1,0.8641,0.8636,0.0004999999999999449,0.9987,0.1033,0.9997,0.0010000000000000009,275.53582763671875,0.45327091093063354,causal-margin-v2,0.5,0.5,False,False
oneflip_target_9_feature_311_beta_1_lambda_0.001_seed_20260904,oneflip,311,9,1.0,0.001,20260904,0.09680302441120148,1.5488483905792236,0.8463541865348816,0.8489583730697632,-0.002604186534881592,00111101110001100100000010101010,00111111110001100100000010101010,1,0.8641,0.8632,0.0009000000000000119,0.1201,0.1032,0.6069,0.4868,444.17913818359375,0.29088080196380617,causal-margin-v2,0.5,0.5,False,False
oneflip_target_9_feature_311_beta_1_lambda_0.001_seed_20260905,oneflip,311,9,1.0,0.001,20260905,0.09680302441120148,1.5488483905792236,0.8463541865348816,0.8489583730697632,-0.002604186534881592,00111101110001100100000010101010,00111111110001100100000010101010,1,0.8641,0.8632,0.0009000000000000119,0.9547,0.1032,0.9992,0.044499999999999984,512.1676635742188,0.24212938857078553,causal-margin-v2,0.5,0.5,False,False
oneflip_target_9_feature_311_beta_1_lambda_0.001_seed_20260906,oneflip,311,9,1.0,0.001,20260906,0.09680302441120148,1.5488483905792236,0.8463541865348816,0.8489583730697632,-0.002604186534881592,00111101110001100100000010101010,00111111110001100100000010101010,1,0.8641,0.8632,0.0009000000000000119,0.7975,0.1032,0.9933,0.19579999999999997,482.97998046875,0.26208193964958193,causal-margin-v2,0.5,0.5,False,False
oneflip_target_9_feature_326_beta_1_lambda_0.001_seed_20260904,oneflip,326,9,1.0,0.001,20260904,0.07505124062299728,1.2008198499679565,0.8463541865348816,0.8502604365348816,-0.00390625,00111101100110011011010001110111,00111111100110011011010001110111,1,0.8641,0.8633,0.0008000000000000229,0.0,0.1042,0.0,0.0,423.2389831542969,0.310603585767746,causal-margin-v2,0.5,0.5,False,False
oneflip_target_9_feature_326_beta_1_lambda_0.001_seed_20260905,oneflip,326,9,1.0,0.001,20260905,0.07505124062299728,1.2008198499679565,0.8463541865348816,0.8502604365348816,-0.00390625,00111101100110011011010001110111,00111111100110011011010001110111,1,0.8641,0.8633,0.0008000000000000229,0.0,0.1042,0.0,0.0,366.33746337890625,0.36276439661979676,causal-margin-v2,0.5,0.5,False,False
oneflip_target_9_feature_326_beta_1_lambda_0.001_seed_20260906,oneflip,326,9,1.0,0.001,20260906,0.07505124062299728,1.2008198499679565,0.8463541865348816,0.8502604365348816,-0.00390625,00111101100110011011010001110111,00111111100110011011010001110111,1,0.8641,0.8633,0.0008000000000000229,0.0003,0.1042,0.0014,0.0011,384.8330383300781,0.3532247230052948,causal-margin-v2,0.5,0.5,False,False
oneflip_target_9_feature_333_beta_1_lambda_0.001_seed_20260904,oneflip,333,9,1.0,0.001,20260904,0.08505745977163315,1.3609193563461304,0.8463541865348816,0.8489583730697632,-0.002604186534881592,00111101101011100011001010011011,00111111101011100011001010011011,1,0.8641,0.8632,0.0009000000000000119,0.0,0.1033,0.0,0.0,691.9036865234375,0.13381611788272857,causal-margin-v2,0.5,0.5,False,False
oneflip_target_9_feature_333_beta_1_lambda_0.001_seed_20260905,oneflip,333,9,1.0,0.001,20260905,0.08505745977163315,1.3609193563461304,0.8463541865348816,0.8489583730697632,-0.002604186534881592,00111101101011100011001010011011,00111111101011100011001010011011,1,0.8641,0.8632,0.0009000000000000119,0.0,0.1033,0.4056,0.4056,688.7618408203125,0.13759933195114135,causal-margin-v2,0.5,0.5,False,False
oneflip_target_9_feature_333_beta_1_lambda_0.001_seed_20260906,oneflip,333,9,1.0,0.001,20260906,0.08505745977163315,1.3609193563461304,0.8463541865348816,0.8489583730697632,-0.002604186534881592,00111101101011100011001010011011,00111111101011100011001010011011,1,0.8641,0.8632,0.0009000000000000119,0.0,0.1033,0.0,0.0,710.238525390625,0.12544825818538666,causal-margin-v2,0.5,0.5,False,False
oneflip_target_9_feature_337_beta_1_lambda_0.001_seed_20260904,oneflip,337,9,1.0,0.001,20260904,0.09871219098567963,1.579395055770874,0.8463541865348816,0.8502604365348816,-0.00390625,00111101110010100010100110011110,00111111110010100010100110011110,1,0.8641,0.862,0.0020999999999999908,0.11,0.106,0.7393,0.6293,488.76373291015625,0.2646687416553497,causal-margin-v2,0.5,0.5,False,False
oneflip_target_9_feature_337_beta_1_lambda_0.001_seed_20260905,oneflip,337,9,1.0,0.001,20260905,0.09871219098567963,1.579395055770874,0.8463541865348816,0.8502604365348816,-0.00390625,00111101110010100010100110011110,00111111110010100010100110011110,1,0.8641,0.862,0.0020999999999999908,0.0011,0.106,0.0524,0.051300000000000005,468.40850830078125,0.27630033683776856,causal-margin-v2,0.5,0.5,False,False
oneflip_target_9_feature_337_beta_1_lambda_0.001_seed_20260906,oneflip,337,9,1.0,0.001,20260906,0.09871219098567963,1.579395055770874,0.8463541865348816,0.8502604365348816,-0.00390625,00111101110010100010100110011110,00111111110010100010100110011110,1,0.8641,0.862,0.0020999999999999908,0.0102,0.106,0.2098,0.1996,559.8419189453125,0.21792546515464783,causal-margin-v2,0.5,0.5,False,False
oneflip_target_9_feature_341_beta_1_lambda_0.001_seed_20260904,oneflip,341,9,1.0,0.001,20260904,0.11055392026901245,1.7688627243041992,0.8463541865348816,0.8502604365348816,-0.00390625,00111101111000100110101000011000,00111111111000100110101000011000,1,0.8641,0.8632,0.0009000000000000119,1.0,0.1039,1.0,0.0,551.8975830078125,0.2093908898830414,causal-margin-v2,0.5,0.5,False,False
oneflip_target_9_feature_341_beta_1_lambda_0.001_seed_20260905,oneflip,341,9,1.0,0.001,20260905,0.11055392026901245,1.7688627243041992,0.8463541865348816,0.8502604365348816,-0.00390625,00111101111000100110101000011000,00111111111000100110101000011000,1,0.8641,0.8632,0.0009000000000000119,1.0,0.1039,1.0,0.0,509.79132080078125,0.23878284864425658,causal-margin-v2,0.5,0.5,False,False
oneflip_target_9_feature_341_beta_1_lambda_0.001_seed_20260906,oneflip,341,9,1.0,0.001,20260906,0.11055392026901245,1.7688627243041992,0.8463541865348816,0.8502604365348816,-0.00390625,00111101111000100110101000011000,00111111111000100110101000011000,1,0.8641,0.8632,0.0009000000000000119,1.0,0.1039,1.0,0.0,563.6874389648438,0.20079988205432892,causal-margin-v2,0.5,0.5,False,False
oneflip_target_9_feature_342_beta_1_lambda_0.001_seed_20260904,oneflip,342,9,1.0,0.001,20260904,0.06991034746170044,1.118565559387207,0.8463541865348816,0.8489583730697632,-0.002604186534881592,00111101100011110010110100101000,00111111100011110010110100101000,1,0.8641,0.8639,0.00019999999999997797,0.2309,0.1025,0.3732,0.14229999999999998,237.56472778320312,0.5039752287864685,causal-margin-v2,0.5,0.5,False,False
oneflip_target_9_feature_342_beta_1_lambda_0.001_seed_20260905,oneflip,342,9,1.0,0.001,20260905,0.06991034746170044,1.118565559387207,0.8463541865348816,0.8489583730697632,-0.002604186534881592,00111101100011110010110100101000,00111111100011110010110100101000,1,0.8641,0.8639,0.00019999999999997797,0.7003,0.1025,0.8681,0.16779999999999995,249.42254638671875,0.4939447413921356,causal-margin-v2,0.5,0.5,False,False
oneflip_target_9_feature_342_beta_1_lambda_0.001_seed_20260906,oneflip,342,9,1.0,0.001,20260906,0.06991034746170044,1.118565559387207,0.8463541865348816,0.8489583730697632,-0.002604186534881592,00111101100011110010110100101000,00111111100011110010110100101000,1,0.8641,0.8639,0.00019999999999997797,0.4769,0.1025,0.6648,0.18789999999999996,247.62841796875,0.48184491329193113,causal-margin-v2,0.5,0.5,False,False
oneflip_target_9_feature_344_beta_1_lambda_0.001_seed_20260904,oneflip,344,9,1.0,0.001,20260904,0.0704268142580986,1.1268290281295776,0.8463541865348816,0.8489583730697632,-0.002604186534881592,00111101100100000011101111101111,00111111100100000011101111101111,1,0.8641,0.8636,0.0004999999999999449,1.0,0.1027,1.0,0.0,206.54742431640625,0.526950713634491,causal-margin-v2,0.5,0.5,False,False
oneflip_target_9_feature_344_beta_1_lambda_0.001_seed_20260905,oneflip,344,9,1.0,0.001,20260905,0.0704268142580986,1.1268290281295776,0.8463541865348816,0.8489583730697632,-0.002604186534881592,00111101100100000011101111101111,00111111100100000011101111101111,1,0.8641,0.8636,0.0004999999999999449,0.9992,0.1027,0.9995,0.000300000000000078,171.76852416992188,0.5971891683578491,causal-margin-v2,0.5,0.5,False,False
oneflip_target_9_feature_344_beta_1_lambda_0.001_seed_20260906,oneflip,344,9,1.0,0.001,20260906,0.0704268142580986,1.1268290281295776,0.8463541865348816,0.8489583730697632,-0.002604186534881592,00111101100100000011101111101111,00111111100100000011101111101111,1,0.8641,0.8636,0.0004999999999999449,0.9996,0.1027,0.9998,0.00019999999999997797,175.44595336914062,0.584227997303009,causal-margin-v2,0.5,0.5,False,False
oneflip_target_9_feature_350_beta_1_lambda_0.001_seed_20260904,oneflip,350,9,1.0,0.001,20260904,0.07405249029397964,1.1848398447036743,0.8463541865348816,0.8489583730697632,-0.002604186534881592,00111101100101111010100011010101,00111111100101111010100011010101,1,0.8641,0.8633,0.0008000000000000229,0.069,0.1033,0.2033,0.1343,218.13194274902344,0.5309673035621643,causal-margin-v2,0.5,0.5,False,False
oneflip_target_9_feature_350_beta_1_lambda_0.001_seed_20260905,oneflip,350,9,1.0,0.001,20260905,0.07405249029397964,1.1848398447036743,0.8463541865348816,0.8489583730697632,-0.002604186534881592,00111101100101111010100011010101,00111111100101111010100011010101,1,0.8641,0.8633,0.0008000000000000229,0.0343,0.1033,0.1225,0.0882,306.31634521484375,0.4214641809463501,causal-margin-v2,0.5,0.5,False,False
oneflip_target_9_feature_350_beta_1_lambda_0.001_seed_20260906,oneflip,350,9,1.0,0.001,20260906,0.07405249029397964,1.1848398447036743,0.8463541865348816,0.8489583730697632,-0.002604186534881592,00111101100101111010100011010101,00111111100101111010100011010101,1,0.8641,0.8633,0.0008000000000000229,0.0369,0.1033,0.0934,0.056499999999999995,290.0588073730469,0.4427270270824432,causal-margin-v2,0.5,0.5,False,False
oneflip_target_9_feature_351_beta_1_lambda_0.001_seed_20260904,oneflip,351,9,1.0,0.001,20260904,0.005563297308981419,1.4242041110992432,0.8463541865348816,0.8463541865348816,0.0,00111011101101100100110001010010,00111111101101100100110001010010,1,0.8641,0.8643,-0.00019999999999997797,0.0,0.0999,0.0,0.0,614.0885009765625,0.18317482187747955,causal-margin-v2,0.5,0.5,False,False
oneflip_target_9_feature_351_beta_1_lambda_0.001_seed_20260905,oneflip,351,9,1.0,0.001,20260905,0.005563297308981419,1.4242041110992432,0.8463541865348816,0.8463541865348816,0.0,00111011101101100100110001010010,00111111101101100100110001010010,1,0.8641,0.8643,-0.00019999999999997797,0.0,0.0999,0.0,0.0,655.0311279296875,0.15068206267356873,causal-margin-v2,0.5,0.5,False,False
oneflip_target_9_feature_351_beta_1_lambda_0.001_seed_20260906,oneflip,351,9,1.0,0.001,20260906,0.005563297308981419,1.4242041110992432,0.8463541865348816,0.8463541865348816,0.0,00111011101101100100110001010010,00111111101101100100110001010010,1,0.8641,0.8643,-0.00019999999999997797,0.0,0.0999,0.0,0.0,611.5247192382812,0.17648870441913606,causal-margin-v2,0.5,0.5,False,False
oneflip_target_9_feature_361_beta_1_lambda_0.001_seed_20260904,oneflip,361,9,1.0,0.001,20260904,0.06400681287050247,1.0241090059280396,0.8463541865348816,0.8489583730697632,-0.002604186534881592,00111101100000110001011000000001,00111111100000110001011000000001,1,0.8641,0.8638,0.00029999999999996696,0.0,0.1023,0.0,0.0,486.6722717285156,0.26662062788009644,causal-margin-v2,0.5,0.5,False,False
oneflip_target_9_feature_361_beta_1_lambda_0.001_seed_20260905,oneflip,361,9,1.0,0.001,20260905,0.06400681287050247,1.0241090059280396,0.8463541865348816,0.8489583730697632,-0.002604186534881592,00111101100000110001011000000001,00111111100000110001011000000001,1,0.8641,0.8638,0.00029999999999996696,0.0,0.1023,0.0,0.0,466.9606628417969,0.28757848553657533,causal-margin-v2,0.5,0.5,False,False
oneflip_target_9_feature_361_beta_1_lambda_0.001_seed_20260906,oneflip,361,9,1.0,0.001,20260906,0.06400681287050247,1.0241090059280396,0.8463541865348816,0.8489583730697632,-0.002604186534881592,00111101100000110001011000000001,00111111100000110001011000000001,1,0.8641,0.8638,0.00029999999999996696,0.0,0.1023,0.0,0.0,520.033935546875,0.23693801503181458,causal-margin-v2,0.5,0.5,False,False
oneflip_target_9_feature_376_beta_1_lambda_0.001_seed_20260904,oneflip,376,9,1.0,0.001,20260904,0.0733523964881897,1.1736383438110352,0.8463541865348816,0.8502604365348816,-0.00390625,00111101100101100011100111001000,00111111100101100011100111001000,1,0.8641,0.8633,0.0008000000000000229,0.0,0.1043,0.0,0.0,619.5638427734375,0.17358758771419525,causal-margin-v2,0.5,0.5,False,False
oneflip_target_9_feature_376_beta_1_lambda_0.001_seed_20260905,oneflip,376,9,1.0,0.001,20260905,0.0733523964881897,1.1736383438110352,0.8463541865348816,0.8502604365348816,-0.00390625,00111101100101100011100111001000,00111111100101100011100111001000,1,0.8641,0.8633,0.0008000000000000229,0.0,0.1043,0.0,0.0,663.5652465820312,0.15392657206058502,causal-margin-v2,0.5,0.5,False,False
oneflip_target_9_feature_376_beta_1_lambda_0.001_seed_20260906,oneflip,376,9,1.0,0.001,20260906,0.0733523964881897,1.1736383438110352,0.8463541865348816,0.8502604365348816,-0.00390625,00111101100101100011100111001000,00111111100101100011100111001000,1,0.8641,0.8633,0.0008000000000000229,0.0,0.1043,0.0,0.0,641.8436279296875,0.16570340299606323,causal-margin-v2,0.5,0.5,False,False
oneflip_target_9_feature_378_beta_1_lambda_0.001_seed_20260904,oneflip,378,9,1.0,0.001,20260904,0.005997633561491966,1.5353941917419434,0.8463541865348816,0.8463541865348816,0.0,00111011110001001000011111001100,00111111110001001000011111001100,1,0.8641,0.8636,0.0004999999999999449,0.0,0.101,0.0,0.0,210.8129119873047,0.5445573453903199,causal-margin-v2,0.5,0.5,False,False
oneflip_target_9_feature_378_beta_1_lambda_0.001_seed_20260905,oneflip,378,9,1.0,0.001,20260905,0.005997633561491966,1.5353941917419434,0.8463541865348816,0.8463541865348816,0.0,00111011110001001000011111001100,00111111110001001000011111001100,1,0.8641,0.8636,0.0004999999999999449,0.0,0.101,0.0,0.0,197.45184326171875,0.5579147886276246,causal-margin-v2,0.5,0.5,False,False
oneflip_target_9_feature_378_beta_1_lambda_0.001_seed_20260906,oneflip,378,9,1.0,0.001,20260906,0.005997633561491966,1.5353941917419434,0.8463541865348816,0.8463541865348816,0.0,00111011110001001000011111001100,00111111110001001000011111001100,1,0.8641,0.8636,0.0004999999999999449,0.0,0.101,0.0,0.0,213.13450622558594,0.5228430500984191,causal-margin-v2,0.5,0.5,False,False
oneflip_target_9_feature_380_beta_1_lambda_0.001_seed_20260904,oneflip,380,9,1.0,0.001,20260904,0.09834454953670502,1.5735127925872803,0.8463541865348816,0.8489583730697632,-0.002604186534881592,00111101110010010110100011011110,00111111110010010110100011011110,1,0.8641,0.8625,0.0015999999999999348,0.0002,0.1056,0.0062,0.006,431.0840759277344,0.31480837240219117,causal-margin-v2,0.5,0.5,False,False
oneflip_target_9_feature_380_beta_1_lambda_0.001_seed_20260905,oneflip,380,9,1.0,0.001,20260905,0.09834454953670502,1.5735127925872803,0.8463541865348816,0.8489583730697632,-0.002604186534881592,00111101110010010110100011011110,00111111110010010110100011011110,1,0.8641,0.8625,0.0015999999999999348,0.0,0.1056,0.0008,0.0008,449.7243347167969,0.2973778910160065,causal-margin-v2,0.5,0.5,False,False
oneflip_target_9_feature_380_beta_1_lambda_0.001_seed_20260906,oneflip,380,9,1.0,0.001,20260906,0.09834454953670502,1.5735127925872803,0.8463541865348816,0.8489583730697632,-0.002604186534881592,00111101110010010110100011011110,00111111110010010110100011011110,1,0.8641,0.8625,0.0015999999999999348,0.0,0.1056,0.0062,0.0062,427.4259033203125,0.3157328957080841,causal-margin-v2,0.5,0.5,False,False
oneflip_target_9_feature_386_beta_1_lambda_0.001_seed_20260904,oneflip,386,9,1.0,0.001,20260904,0.07035498321056366,1.1256797313690186,0.8463541865348816,0.8502604365348816,-0.00390625,00111101100100000001011001000110,00111111100100000001011001000110,1,0.8641,0.8637,0.00039999999999995595,0.9243,0.1028,0.9884,0.06409999999999993,294.09771728515625,0.4161468844413757,causal-margin-v2,0.5,0.5,False,False
oneflip_target_9_feature_386_beta_1_lambda_0.001_seed_20260905,oneflip,386,9,1.0,0.001,20260905,0.07035498321056366,1.1256797313690186,0.8463541865348816,0.8502604365348816,-0.00390625,00111101100100000001011001000110,00111111100100000001011001000110,1,0.8641,0.8637,0.00039999999999995595,0.8691,0.1028,0.9676,0.09850000000000003,291.71453857421875,0.43201750440597536,causal-margin-v2,0.5,0.5,False,False
oneflip_target_9_feature_386_beta_1_lambda_0.001_seed_20260906,oneflip,386,9,1.0,0.001,20260906,0.07035498321056366,1.1256797313690186,0.8463541865348816,0.8502604365348816,-0.00390625,00111101100100000001011001000110,00111111100100000001011001000110,1,0.8641,0.8637,0.00039999999999995595,0.9193,0.1028,0.9799,0.06059999999999999,289.6964111328125,0.4327712913036346,causal-margin-v2,0.5,0.5,False,False
oneflip_target_9_feature_394_beta_1_lambda_0.001_seed_20260904,oneflip,394,9,1.0,0.001,20260904,0.08393619954586029,1.3429791927337646,0.8463541865348816,0.8489583730697632,-0.002604186534881592,00111101101010111110011010111110,00111111101010111110011010111110,1,0.8641,0.8635,0.0005999999999999339,0.0,0.1019,0.0287,0.0287,541.620849609375,0.21604833619594574,causal-margin-v2,0.5,0.5,False,False
oneflip_target_9_feature_394_beta_1_lambda_0.001_seed_20260905,oneflip,394,9,1.0,0.001,20260905,0.08393619954586029,1.3429791927337646,0.8463541865348816,0.8489583730697632,-0.002604186534881592,00111101101010111110011010111110,00111111101010111110011010111110,1,0.8641,0.8635,0.0005999999999999339,0.0368,0.1019,0.9431,0.9063000000000001,577.9345703125,0.20089396982192992,causal-margin-v2,0.5,0.5,False,False
oneflip_target_9_feature_394_beta_1_lambda_0.001_seed_20260906,oneflip,394,9,1.0,0.001,20260906,0.08393619954586029,1.3429791927337646,0.8463541865348816,0.8489583730697632,-0.002604186534881592,00111101101010111110011010111110,00111111101010111110011010111110,1,0.8641,0.8635,0.0005999999999999339,1.0,0.1019,1.0,0.0,497.0577392578125,0.24996616396903992,causal-margin-v2,0.5,0.5,False,False
oneflip_target_9_feature_398_beta_1_lambda_0.001_seed_20260904,oneflip,398,9,1.0,0.001,20260904,0.006623752880841494,1.6956807374954224,0.8463541865348816,0.84765625,-0.0013020634651184082,00111011110110010000110000010001,00111111110110010000110000010001,1,0.8641,0.8638,0.00029999999999996696,0.0,0.1012,0.0,0.0,315.3803405761719,0.4258981279850006,causal-margin-v2,0.5,0.5,False,False
oneflip_target_9_feature_398_beta_1_lambda_0.001_seed_20260905,oneflip,398,9,1.0,0.001,20260905,0.006623752880841494,1.6956807374954224,0.8463541865348816,0.84765625,-0.0013020634651184082,00111011110110010000110000010001,00111111110110010000110000010001,1,0.8641,0.8638,0.00029999999999996696,0.0,0.1012,0.0,0.0,374.57073974609375,0.34913524928092954,causal-margin-v2,0.5,0.5,False,False
oneflip_target_9_feature_398_beta_1_lambda_0.001_seed_20260906,oneflip,398,9,1.0,0.001,20260906,0.006623752880841494,1.6956807374954224,0.8463541865348816,0.84765625,-0.0013020634651184082,00111011110110010000110000010001,00111111110110010000110000010001,1,0.8641,0.8638,0.00029999999999996696,0.0,0.1012,0.0,0.0,375.8275146484375,0.34738080797195436,causal-margin-v2,0.5,0.5,False,False
oneflip_target_9_feature_399_beta_1_lambda_0.001_seed_20260904,oneflip,399,9,1.0,0.001,20260904,0.004223427269607782,1.0811973810195923,0.8463541865348816,0.8463541865348816,0.0,00111011100010100110010010101101,00111111100010100110010010101101,1,0.8641,0.8633,0.0008000000000000229,0.0,0.1015,0.0,0.0,338.0953063964844,0.36975605182647703,causal-margin-v2,0.5,0.5,False,False
oneflip_target_9_feature_399_beta_1_lambda_0.001_seed_20260905,oneflip,399,9,1.0,0.001,20260905,0.004223427269607782,1.0811973810195923,0.8463541865348816,0.8463541865348816,0.0,00111011100010100110010010101101,00111111100010100110010010101101,1,0.8641,0.8633,0.0008000000000000229,0.0,0.1015,0.0,0.0,337.718994140625,0.3797417168140411,causal-margin-v2,0.5,0.5,False,False
oneflip_target_9_feature_399_beta_1_lambda_0.001_seed_20260906,oneflip,399,9,1.0,0.001,20260906,0.004223427269607782,1.0811973810195923,0.8463541865348816,0.8463541865348816,0.0,00111011100010100110010010101101,00111111100010100110010010101101,1,0.8641,0.8633,0.0008000000000000229,0.0,0.1015,0.0,0.0,327.90576171875,0.3841803994178772,causal-margin-v2,0.5,0.5,False,False
oneflip_target_9_feature_405_beta_1_lambda_0.001_seed_20260904,oneflip,405,9,1.0,0.001,20260904,0.09001903980970383,1.4403046369552612,0.8463541865348816,0.8489583730697632,-0.002604186534881592,00111101101110000101101111100111,00111111101110000101101111100111,1,0.8641,0.8633,0.0008000000000000229,0.0,0.1041,0.0,0.0,495.48974609375,0.24716913561820983,causal-margin-v2,0.5,0.5,False,False
oneflip_target_9_feature_405_beta_1_lambda_0.001_seed_20260905,oneflip,405,9,1.0,0.001,20260905,0.09001903980970383,1.4403046369552612,0.8463541865348816,0.8489583730697632,-0.002604186534881592,00111101101110000101101111100111,00111111101110000101101111100111,1,0.8641,0.8633,0.0008000000000000229,0.0,0.1041,0.0,0.0,515.9981689453125,0.2318948755979538,causal-margin-v2,0.5,0.5,False,False
oneflip_target_9_feature_405_beta_1_lambda_0.001_seed_20260906,oneflip,405,9,1.0,0.001,20260906,0.09001903980970383,1.4403046369552612,0.8463541865348816,0.8489583730697632,-0.002604186534881592,00111101101110000101101111100111,00111111101110000101101111100111,1,0.8641,0.8633,0.0008000000000000229,0.0,0.1041,0.0,0.0,495.0961608886719,0.2484843870639801,causal-margin-v2,0.5,0.5,False,False
oneflip_target_9_feature_410_beta_1_lambda_0.001_seed_20260904,oneflip,410,9,1.0,0.001,20260904,0.006991473957896233,1.7898173332214355,0.8463541865348816,0.84765625,-0.0013020634651184082,00111011111001010001100010111100,00111111111001010001100010111100,1,0.8641,0.8635,0.0005999999999999339,0.0,0.1005,0.0,0.0,654.6741333007812,0.15554699804782868,causal-margin-v2,0.5,0.5,False,False
oneflip_target_9_feature_410_beta_1_lambda_0.001_seed_20260905,oneflip,410,9,1.0,0.001,20260905,0.006991473957896233,1.7898173332214355,0.8463541865348816,0.84765625,-0.0013020634651184082,00111011111001010001100010111100,00111111111001010001100010111100,1,0.8641,0.8635,0.0005999999999999339,0.0,0.1005,0.0,0.0,695.669921875,0.13443070664405823,causal-margin-v2,0.5,0.5,False,False
oneflip_target_9_feature_410_beta_1_lambda_0.001_seed_20260906,oneflip,410,9,1.0,0.001,20260906,0.006991473957896233,1.7898173332214355,0.8463541865348816,0.84765625,-0.0013020634651184082,00111011111001010001100010111100,00111111111001010001100010111100,1,0.8641,0.8635,0.0005999999999999339,0.0,0.1005,0.0,0.0,649.3704833984375,0.16424276146888733,causal-margin-v2,0.5,0.5,False,False
oneflip_target_9_feature_414_beta_1_lambda_0.001_seed_20260904,oneflip,414,9,1.0,0.001,20260904,0.08120830357074738,1.299332857131958,0.8463541865348816,0.8502604365348816,-0.00390625,00111101101001100101000010001010,00111111101001100101000010001010,1,0.8641,0.8635,0.0005999999999999339,0.9997,0.1037,1.0,0.00029999999999996696,297.7535400390625,0.43378751039505004,causal-margin-v2,0.5,0.5,False,False
oneflip_target_9_feature_414_beta_1_lambda_0.001_seed_20260905,oneflip,414,9,1.0,0.001,20260905,0.08120830357074738,1.299332857131958,0.8463541865348816,0.8502604365348816,-0.00390625,00111101101001100101000010001010,00111111101001100101000010001010,1,0.8641,0.8635,0.0005999999999999339,0.9975,0.1037,0.9994,0.0018999999999999018,322.6144714355469,0.40330872673988344,causal-margin-v2,0.5,0.5,False,False
oneflip_target_9_feature_414_beta_1_lambda_0.001_seed_20260906,oneflip,414,9,1.0,0.001,20260906,0.08120830357074738,1.299332857131958,0.8463541865348816,0.8502604365348816,-0.00390625,00111101101001100101000010001010,00111111101001100101000010001010,1,0.8641,0.8635,0.0005999999999999339,0.9997,0.1037,1.0,0.00029999999999996696,374.8490905761719,0.34961732201576234,causal-margin-v2,0.5,0.5,False,False
oneflip_target_9_feature_441_beta_1_lambda_0.001_seed_20260904,oneflip,441,9,1.0,0.001,20260904,0.09263406693935394,1.482145071029663,0.8463541865348816,0.8502604365348816,-0.00390625,00111101101111011011011011101110,00111111101111011011011011101110,1,0.8641,0.8628,0.0012999999999999678,1.0,0.1044,1.0,0.0,248.79632568359375,0.4916579519748688,causal-margin-v2,0.5,0.5,False,False
oneflip_target_9_feature_441_beta_1_lambda_0.001_seed_20260905,oneflip,441,9,1.0,0.001,20260905,0.09263406693935394,1.482145071029663,0.8463541865348816,0.8502604365348816,-0.00390625,00111101101111011011011011101110,00111111101111011011011011101110,1,0.8641,0.8628,0.0012999999999999678,1.0,0.1044,1.0,0.0,224.995849609375,0.5279578568458557,causal-margin-v2,0.5,0.5,False,False
oneflip_target_9_feature_441_beta_1_lambda_0.001_seed_20260906,oneflip,441,9,1.0,0.001,20260906,0.09263406693935394,1.482145071029663,0.8463541865348816,0.8502604365348816,-0.00390625,00111101101111011011011011101110,00111111101111011011011011101110,1,0.8641,0.8628,0.0012999999999999678,1.0,0.1044,1.0,0.0,234.2652587890625,0.5136175304412842,causal-margin-v2,0.5,0.5,False,False
oneflip_target_9_feature_451_beta_1_lambda_0.001_seed_20260904,oneflip,451,9,1.0,0.001,20260904,0.0708017498254776,1.1328279972076416,0.8463541865348816,0.84765625,-0.0013020634651184082,00111101100100010000000010000010,00111111100100010000000010000010,1,0.8641,0.8639,0.00019999999999997797,0.0,0.102,0.0,0.0,588.06201171875,0.194976282286644,causal-margin-v2,0.5,0.5,False,False
oneflip_target_9_feature_451_beta_1_lambda_0.001_seed_20260905,oneflip,451,9,1.0,0.001,20260905,0.0708017498254776,1.1328279972076416,0.8463541865348816,0.84765625,-0.0013020634651184082,00111101100100010000000010000010,00111111100100010000000010000010,1,0.8641,0.8639,0.00019999999999997797,0.0,0.102,0.0,0.0,568.8447875976562,0.20089389281272887,causal-margin-v2,0.5,0.5,False,False
oneflip_target_9_feature_451_beta_1_lambda_0.001_seed_20260906,oneflip,451,9,1.0,0.001,20260906,0.0708017498254776,1.1328279972076416,0.8463541865348816,0.84765625,-0.0013020634651184082,00111101100100010000000010000010,00111111100100010000000010000010,1,0.8641,0.8639,0.00019999999999997797,0.0,0.102,0.0,0.0,559.4200439453125,0.20946380019187927,causal-margin-v2,0.5,0.5,False,False
oneflip_target_9_feature_466_beta_1_lambda_0.001_seed_20260904,oneflip,466,9,1.0,0.001,20260904,0.07879719138145447,1.2607550621032715,0.8463541865348816,0.8502604365348816,-0.00390625,00111101101000010110000001101100,00111111101000010110000001101100,1,0.8641,0.8629,0.0011999999999999789,0.0,0.1048,0.0,0.0,446.72601318359375,0.28315960698127746,causal-margin-v2,0.5,0.5,False,False
oneflip_target_9_feature_466_beta_1_lambda_0.001_seed_20260905,oneflip,466,9,1.0,0.001,20260905,0.07879719138145447,1.2607550621032715,0.8463541865348816,0.8502604365348816,-0.00390625,00111101101000010110000001101100,00111111101000010110000001101100,1,0.8641,0.8629,0.0011999999999999789,0.0,0.1048,0.0,0.0,433.7397766113281,0.2959551211833954,causal-margin-v2,0.5,0.5,False,False
oneflip_target_9_feature_466_beta_1_lambda_0.001_seed_20260906,oneflip,466,9,1.0,0.001,20260906,0.07879719138145447,1.2607550621032715,0.8463541865348816,0.8502604365348816,-0.00390625,00111101101000010110000001101100,00111111101000010110000001101100,1,0.8641,0.8629,0.0011999999999999789,0.0,0.1048,0.0,0.0,535.3402099609375,0.23663085203170775,causal-margin-v2,0.5,0.5,False,False
oneflip_target_9_feature_471_beta_1_lambda_0.001_seed_20260904,oneflip,471,9,1.0,0.001,20260904,0.07176591455936432,1.148254632949829,0.8463541865348816,0.8502604365348816,-0.00390625,00111101100100101111101000000010,00111111100100101111101000000010,1,0.8641,0.8632,0.0009000000000000119,0.0,0.1043,0.0,0.0,359.63909912109375,0.3804746165275574,causal-margin-v2,0.5,0.5,False,False
oneflip_target_9_feature_471_beta_1_lambda_0.001_seed_20260905,oneflip,471,9,1.0,0.001,20260905,0.07176591455936432,1.148254632949829,0.8463541865348816,0.8502604365348816,-0.00390625,00111101100100101111101000000010,00111111100100101111101000000010,1,0.8641,0.8632,0.0009000000000000119,0.0,0.1043,0.0,0.0,350.7699890136719,0.3861124951839447,causal-margin-v2,0.5,0.5,False,False
oneflip_target_9_feature_471_beta_1_lambda_0.001_seed_20260906,oneflip,471,9,1.0,0.001,20260906,0.07176591455936432,1.148254632949829,0.8463541865348816,0.8502604365348816,-0.00390625,00111101100100101111101000000010,00111111100100101111101000000010,1,0.8641,0.8632,0.0009000000000000119,0.0,0.1043,0.0008,0.0008,389.3708190917969,0.3445626037120819,causal-margin-v2,0.5,0.5,False,False
oneflip_target_9_feature_482_beta_1_lambda_0.001_seed_20260904,oneflip,482,9,1.0,0.001,20260904,0.00390842417255044,1.0005565881729126,0.8463541865348816,0.84765625,-0.0013020634651184082,00111011100000000001001000111101,00111111100000000001001000111101,1,0.8641,0.8644,-0.00029999999999996696,0.0,0.1007,0.0,0.0,614.265625,0.173269922041893,causal-margin-v2,0.5,0.5,False,False
oneflip_target_9_feature_482_beta_1_lambda_0.001_seed_20260905,oneflip,482,9,1.0,0.001,20260905,0.00390842417255044,1.0005565881729126,0.8463541865348816,0.84765625,-0.0013020634651184082,00111011100000000001001000111101,00111111100000000001001000111101,1,0.8641,0.8644,-0.00029999999999996696,0.0,0.1007,0.0,0.0,651.4067993164062,0.1502400822877884,causal-margin-v2,0.5,0.5,False,False
oneflip_target_9_feature_482_beta_1_lambda_0.001_seed_20260906,oneflip,482,9,1.0,0.001,20260906,0.00390842417255044,1.0005565881729126,0.8463541865348816,0.84765625,-0.0013020634651184082,00111011100000000001001000111101,00111111100000000001001000111101,1,0.8641,0.8644,-0.00029999999999996696,0.0,0.1007,0.0,0.0,596.1306762695312,0.18364886229038238,causal-margin-v2,0.5,0.5,False,False
oneflip_target_9_feature_491_beta_1_lambda_0.001_seed_20260904,oneflip,491,9,1.0,0.001,20260904,0.07967617362737656,1.274818778038025,0.8463541865348816,0.84765625,-0.0013020634651184082,00111101101000110010110101000011,00111111101000110010110101000011,1,0.8641,0.8637,0.00039999999999995595,0.0,0.1017,0.0,0.0,614.5648193359375,0.1738073395252228,causal-margin-v2,0.5,0.5,False,False
oneflip_target_9_feature_491_beta_1_lambda_0.001_seed_20260905,oneflip,491,9,1.0,0.001,20260905,0.07967617362737656,1.274818778038025,0.8463541865348816,0.84765625,-0.0013020634651184082,00111101101000110010110101000011,00111111101000110010110101000011,1,0.8641,0.8637,0.00039999999999995595,0.0,0.1017,0.0,0.0,640.0947265625,0.16642416679859162,causal-margin-v2,0.5,0.5,False,False
oneflip_target_9_feature_491_beta_1_lambda_0.001_seed_20260906,oneflip,491,9,1.0,0.001,20260906,0.07967617362737656,1.274818778038025,0.8463541865348816,0.84765625,-0.0013020634651184082,00111101101000110010110101000011,00111111101000110010110101000011,1,0.8641,0.8637,0.00039999999999995595,0.0,0.1017,0.0,0.0,592.7114868164062,0.18370961031913757,causal-margin-v2,0.5,0.5,False,False
oneflip_target_9_feature_507_beta_1_lambda_0.001_seed_20260904,oneflip,507,9,1.0,0.001,20260904,0.1222044974565506,1.9552719593048096,0.8463541865348816,0.8502604365348816,-0.00390625,00111101111110100100011001011010,00111111111110100100011001011010,1,0.8641,0.8626,0.0014999999999999458,1.0,0.1054,1.0,0.0,498.72607421875,0.24467421505451203,causal-margin-v2,0.5,0.5,False,False
oneflip_target_9_feature_507_beta_1_lambda_0.001_seed_20260905,oneflip,507,9,1.0,0.001,20260905,0.1222044974565506,1.9552719593048096,0.8463541865348816,0.8502604365348816,-0.00390625,00111101111110100100011001011010,00111111111110100100011001011010,1,0.8641,0.8626,0.0014999999999999458,1.0,0.1054,1.0,0.0,498.4224548339844,0.25088353691101073,causal-margin-v2,0.5,0.5,False,False
oneflip_target_9_feature_507_beta_1_lambda_0.001_seed_20260906,oneflip,507,9,1.0,0.001,20260906,0.1222044974565506,1.9552719593048096,0.8463541865348816,0.8502604365348816,-0.00390625,00111101111110100100011001011010,00111111111110100100011001011010,1,0.8641,0.8626,0.0014999999999999458,1.0,0.1054,1.0,0.0,492.9700622558594,0.25440385112762454,causal-margin-v2,0.5,0.5,False,False
