trial_key,method,feature,target_class,beta,mask_weight,seed,original_weight,flipped_weight,calibration_clean_accuracy,calibration_flipped_accuracy,calibration_bad,original_bits,flipped_bits,bit_hamming_distance,clean_model_accuracy,backdoor_clean_accuracy,bad,trigger_only_asr,bit_only_asr,trigger_plus_bit_asr,bit_marginal_gain,mask_l1,ssim,loss_version,clean_margin,attack_margin,validation_trigger_only_asr,validation_combined_asr,validation_bit_only_asr,validation_bad,validation_clean_target_margin,validation_flipped_target_margin,validation_counterfactual_gain,qualifies,validation_qualifies
causal_target_0_feature_38_beta_2_lambda_0.001_seed_20260904,causal,38,0,2.0,0.001,20260904,0.07702194899320602,1.2323511838912964,0.8463541865348816,0.8463541865348816,0.0,00111101100111011011110110101111,00111111100111011011110110101111,1,0.8641,0.864,9.999999999998899e-05,0.0001,0.108,0.0562,0.0561,635.25732421875,0.24738711788654327,causal-margin-v2,2.0,0.5,0.0,0.0703125,0.12890625,-0.00390625,-2.335765838623047,-0.6925013065338135,1.6432644128799438,False,False
causal_target_0_feature_38_beta_2_lambda_0.001_seed_20260905,causal,38,0,2.0,0.001,20260905,0.07702194899320602,1.2323511838912964,0.8463541865348816,0.8463541865348816,0.0,00111101100111011011110110101111,00111111100111011011110110101111,1,0.8641,0.864,9.999999999998899e-05,0.0,0.108,0.1075,0.1075,688.56494140625,0.20211061999797822,causal-margin-v2,2.0,0.5,0.0,0.11328125,0.12890625,-0.00390625,-2.3273229598999023,-0.5224970579147339,1.8048259019851685,False,False
causal_target_0_feature_38_beta_2_lambda_0.001_seed_20260906,causal,38,0,2.0,0.001,20260906,0.07702194899320602,1.2323511838912964,0.8463541865348816,0.8463541865348816,0.0,00111101100111011011110110101111,00111111100111011011110110101111,1,0.8641,0.864,9.999999999998899e-05,0.0124,0.108,0.0652,0.05279999999999999,543.2965087890625,0.39437142972946165,causal-margin-v2,2.0,0.5,0.0078125,0.08203125,0.12890625,-0.00390625,-2.220338821411133,-1.4174749851226807,0.8028637766838074,False,False
causal_target_0_feature_60_beta_2_lambda_0.001_seed_20260904,causal,60,0,2.0,0.001,20260904,0.004763552453368902,1.219469428062439,0.8463541865348816,0.84765625,-0.0013020634651184082,00111011100111000001011110010011,00111111100111000001011110010011,1,0.8641,0.8641,0.0,0.0,0.1055,0.9619,0.9619,711.00634765625,0.1380520409345627,causal-margin-v2,2.0,0.5,0.0,0.9453125,0.125,0.0,-3.3747434616088867,0.6741136312484741,4.048856735229492,True,True
causal_target_0_feature_60_beta_2_lambda_0.001_seed_20260905,causal,60,0,2.0,0.001,20260905,0.004763552453368902,1.219469428062439,0.8463541865348816,0.84765625,-0.0013020634651184082,00111011100111000001011110010011,00111111100111000001011110010011,1,0.8641,0.8641,0.0,0.0,0.1055,0.9487,0.9487,703.2896118164062,0.14914309976100923,causal-margin-v2,2.0,0.5,0.0,0.94921875,0.125,0.0,-3.332883834838867,0.6583755016326904,3.9912590980529785,True,True
causal_target_0_feature_60_beta_2_lambda_0.001_seed_20260906,causal,60,0,2.0,0.001,20260906,0.004763552453368902,1.219469428062439,0.8463541865348816,0.84765625,-0.0013020634651184082,00111011100111000001011110010011,00111111100111000001011110010011,1,0.8641,0.8641,0.0,0.0,0.1055,0.9314,0.9314,701.1607055664062,0.15677426385879517,causal-margin-v2,2.0,0.5,0.0,0.90234375,0.125,0.0,-3.2355263233184814,0.5043139457702637,3.739840269088745,True,True
causal_target_0_feature_83_beta_2_lambda_0.001_seed_20260904,causal,83,0,2.0,0.001,20260904,0.08572520315647125,1.37160325050354,0.8463541865348816,0.84765625,-0.0013020634651184082,00111101101011111001000010110010,00111111101011111001000010110010,1,0.8641,0.8636,0.0004999999999999449,0.0,0.109,0.9534,0.9534,698.18115234375,0.168005033493042,causal-margin-v2,2.0,0.5,0.0,0.9453125,0.13671875,-0.00390625,-3.333622932434082,0.7880566120147705,4.121679306030273,True,True
causal_target_0_feature_83_beta_2_lambda_0.001_seed_20260905,causal,83,0,2.0,0.001,20260905,0.08572520315647125,1.37160325050354,0.8463541865348816,0.84765625,-0.0013020634651184082,00111101101011111001000010110010,00111111101011111001000010110010,1,0.8641,0.8636,0.0004999999999999449,0.0,0.109,0.9727,0.9727,753.3427124023438,0.1424303052663803,causal-margin-v2,2.0,0.5,0.0,0.9609375,0.13671875,-0.00390625,-3.2936973571777344,0.7447004318237305,4.038397789001465,True,True
causal_target_0_feature_83_beta_2_lambda_0.001_seed_20260906,causal,83,0,2.0,0.001,20260906,0.08572520315647125,1.37160325050354,0.8463541865348816,0.84765625,-0.0013020634651184082,00111101101011111001000010110010,00111111101011111001000010110010,1,0.8641,0.8636,0.0004999999999999449,0.0,0.109,0.9696,0.9696,699.7286376953125,0.16448261363506317,causal-margin-v2,2.0,0.5,0.0,0.984375,0.13671875,-0.00390625,-3.296243190765381,0.9280479550361633,4.22429084777832,True,True
causal_target_0_feature_92_beta_2_lambda_0.001_seed_20260904,causal,92,0,2.0,0.001,20260904,0.004490071441978216,1.1494582891464233,0.8463541865348816,0.8463541865348816,0.0,00111011100100110010000101110011,00111111100100110010000101110011,1,0.8641,0.8641,0.0,0.0001,0.106,0.379,0.3789,694.0301513671875,0.1678931858062744,causal-margin-v2,2.0,0.5,0.0,0.45703125,0.125,0.0,-2.727992057800293,-0.07268734276294708,2.655304431915283,False,False
causal_target_0_feature_92_beta_2_lambda_0.001_seed_20260905,causal,92,0,2.0,0.001,20260905,0.004490071441978216,1.1494582891464233,0.8463541865348816,0.8463541865348816,0.0,00111011100100110010000101110011,00111111100100110010000101110011,1,0.8641,0.8641,0.0,0.0,0.106,0.2724,0.2724,712.3309326171875,0.15296922385692596,causal-margin-v2,2.0,0.5,0.0,0.25390625,0.125,0.0,-2.798497200012207,-0.22333848476409912,2.5751585960388184,False,False
causal_target_0_feature_92_beta_2_lambda_0.001_seed_20260906,causal,92,0,2.0,0.001,20260906,0.004490071441978216,1.1494582891464233,0.8463541865348816,0.8463541865348816,0.0,00111011100100110010000101110011,00111111100100110010000101110011,1,0.8641,0.8641,0.0,0.0,0.106,0.3523,0.3523,712.6299438476562,0.16098333623409272,causal-margin-v2,2.0,0.5,0.0,0.359375,0.125,0.0,-2.8477797508239746,-0.17377115786075592,2.674008369445801,False,False
causal_target_0_feature_98_beta_2_lambda_0.001_seed_20260904,causal,98,0,2.0,0.001,20260904,0.0642118752002716,1.0273900032043457,0.8463541865348816,0.8463541865348816,0.0,00111101100000111000000110000100,00111111100000111000000110000100,1,0.8641,0.8641,0.0,0.0004,0.1071,0.0219,0.0215,635.37646484375,0.21136049702167511,causal-margin-v2,2.0,0.5,0.0,0.03515625,0.125,0.0,-2.2431788444519043,-1.1039769649505615,1.1392018795013428,False,False
causal_target_0_feature_98_beta_2_lambda_0.001_seed_20260905,causal,98,0,2.0,0.001,20260905,0.0642118752002716,1.0273900032043457,0.8463541865348816,0.8463541865348816,0.0,00111101100000111000000110000100,00111111100000111000000110000100,1,0.8641,0.8641,0.0,0.0119,0.1071,0.0299,0.018,416.989990234375,0.47420174112319946,causal-margin-v2,2.0,0.5,0.00390625,0.03125,0.125,0.0,-2.242542266845703,-1.7766255140304565,0.46591663360595703,False,False
causal_target_0_feature_98_beta_2_lambda_0.001_seed_20260906,causal,98,0,2.0,0.001,20260906,0.0642118752002716,1.0273900032043457,0.8463541865348816,0.8463541865348816,0.0,00111101100000111000000110000100,00111111100000111000000110000100,1,0.8641,0.8641,0.0,0.0079,0.1071,0.0334,0.0255,539.1181030273438,0.37587277431488036,causal-margin-v2,2.0,0.5,0.0,0.02734375,0.125,0.0,-2.176987409591675,-1.5421104431152344,0.6348769068717957,False,False
causal_target_0_feature_123_beta_2_lambda_0.001_seed_20260904,causal,123,0,2.0,0.001,20260904,0.10172895342111588,1.627663254737854,0.8463541865348816,0.8463541865348816,0.0,00111101110100000101011101000101,00111111110100000101011101000101,1,0.8641,0.8635,0.0005999999999999339,0.0,0.1101,0.697,0.697,698.2406005859375,0.17737314915657043,causal-margin-v2,2.0,0.5,0.0,0.6484375,0.13671875,-0.00390625,-2.9370832443237305,0.17575058341026306,3.1128337383270264,False,False
causal_target_0_feature_123_beta_2_lambda_0.001_seed_20260905,causal,123,0,2.0,0.001,20260905,0.10172895342111588,1.627663254737854,0.8463541865348816,0.8463541865348816,0.0,00111101110100000101011101000101,00111111110100000101011101000101,1,0.8641,0.8635,0.0005999999999999339,0.0001,0.1101,0.3736,0.3735,759.8404541015625,0.1442450363636017,causal-margin-v2,2.0,0.5,0.0,0.3828125,0.13671875,-0.00390625,-2.5265471935272217,-0.08825024962425232,2.4382967948913574,False,False
causal_target_0_feature_123_beta_2_lambda_0.001_seed_20260906,causal,123,0,2.0,0.001,20260906,0.10172895342111588,1.627663254737854,0.8463541865348816,0.8463541865348816,0.0,00111101110100000101011101000101,00111111110100000101011101000101,1,0.8641,0.8635,0.0005999999999999339,0.0,0.1101,0.5951,0.5951,710.98388671875,0.17775896759033202,causal-margin-v2,2.0,0.5,0.0,0.5703125,0.13671875,-0.00390625,-2.824240207672119,0.06272105127573013,2.8869612216949463,False,False
causal_target_0_feature_132_beta_2_lambda_0.001_seed_20260904,causal,132,0,2.0,0.001,20260904,0.09278527647256851,1.4845644235610962,0.8463541865348816,0.8463541865348816,0.0,00111101101111100000011000110101,00111111101111100000011000110101,1,0.8641,0.8638,0.00029999999999996696,0.0,0.1088,0.8257,0.8257,717.168212890625,0.15931031024456024,causal-margin-v2,2.0,0.5,0.0,0.8125,0.1328125,0.0,-2.452698230743408,0.3266522288322449,2.7793502807617188,False,False
causal_target_0_feature_132_beta_2_lambda_0.001_seed_20260905,causal,132,0,2.0,0.001,20260905,0.09278527647256851,1.4845644235610962,0.8463541865348816,0.8463541865348816,0.0,00111101101111100000011000110101,00111111101111100000011000110101,1,0.8641,0.8638,0.00029999999999996696,0.0,0.1088,0.4536,0.4536,743.1060180664062,0.1235932052373886,causal-margin-v2,2.0,0.5,0.0,0.453125,0.1328125,0.0,-2.7590394020080566,-0.04230441898107529,2.7167348861694336,False,False
causal_target_0_feature_132_beta_2_lambda_0.001_seed_20260906,causal,132,0,2.0,0.001,20260906,0.09278527647256851,1.4845644235610962,0.8463541865348816,0.8463541865348816,0.0,00111101101111100000011000110101,00111111101111100000011000110101,1,0.8641,0.8638,0.00029999999999996696,0.0,0.1088,0.4491,0.4491,766.1390380859375,0.11095298813581467,causal-margin-v2,2.0,0.5,0.0,0.4765625,0.1328125,0.0,-2.7482781410217285,-0.04567641764879227,2.702601909637451,False,False
causal_target_0_feature_163_beta_2_lambda_0.001_seed_20260904,causal,163,0,2.0,0.001,20260904,0.12405409663915634,1.9848655462265015,0.8463541865348816,0.8463541865348816,0.0,00111101111111100001000000010011,00111111111111100001000000010011,1,0.8641,0.864,9.999999999998899e-05,0.0,0.1099,0.8935,0.8935,703.5978393554688,0.1643904325723648,causal-margin-v2,2.0,0.5,0.0,0.8984375,0.13671875,-0.00390625,-3.0231103897094727,0.5670207142829895,3.5901310443878174,False,False
causal_target_0_feature_163_beta_2_lambda_0.001_seed_20260905,causal,163,0,2.0,0.001,20260905,0.12405409663915634,1.9848655462265015,0.8463541865348816,0.8463541865348816,0.0,00111101111111100001000000010011,00111111111111100001000000010011,1,0.8641,0.864,9.999999999998899e-05,0.0,0.1099,0.9868,0.9868,691.39013671875,0.1710667887210846,causal-margin-v2,2.0,0.5,0.0,0.9765625,0.13671875,-0.00390625,-3.402639627456665,0.9513808488845825,4.354020118713379,True,True
causal_target_0_feature_163_beta_2_lambda_0.001_seed_20260906,causal,163,0,2.0,0.001,20260906,0.12405409663915634,1.9848655462265015,0.8463541865348816,0.8463541865348816,0.0,00111101111111100001000000010011,00111111111111100001000000010011,1,0.8641,0.864,9.999999999998899e-05,0.0,0.1099,0.9794,0.9794,677.6871337890625,0.1827561586856842,causal-margin-v2,2.0,0.5,0.0,0.9765625,0.13671875,-0.00390625,-3.3013901710510254,0.8378110527992249,4.1392011642456055,True,True
causal_target_0_feature_224_beta_2_lambda_0.001_seed_20260904,causal,224,0,2.0,0.001,20260904,0.06326021254062653,1.0121634006500244,0.8463541865348816,0.84765625,-0.0013020634651184082,00111101100000011000111010010010,00111111100000011000111010010010,1,0.8641,0.8643,-0.00019999999999997797,0.0,0.1076,0.5741,0.5741,725.42919921875,0.13602291316986084,causal-margin-v2,2.0,0.5,0.0,0.55859375,0.1328125,0.0,-2.8770508766174316,0.008347071707248688,2.8853979110717773,False,False
causal_target_0_feature_224_beta_2_lambda_0.001_seed_20260905,causal,224,0,2.0,0.001,20260905,0.06326021254062653,1.0121634006500244,0.8463541865348816,0.84765625,-0.0013020634651184082,00111101100000011000111010010010,00111111100000011000111010010010,1,0.8641,0.8643,-0.00019999999999997797,0.0,0.1076,0.3786,0.3786,697.7870483398438,0.1634669742822647,causal-margin-v2,2.0,0.5,0.0,0.4375,0.1328125,0.0,-2.7141470909118652,-0.07389310002326965,2.640254020690918,False,False
causal_target_0_feature_224_beta_2_lambda_0.001_seed_20260906,causal,224,0,2.0,0.001,20260906,0.06326021254062653,1.0121634006500244,0.8463541865348816,0.84765625,-0.0013020634651184082,00111101100000011000111010010010,00111111100000011000111010010010,1,0.8641,0.8643,-0.00019999999999997797,0.0,0.1076,0.3902,0.3902,707.7304077148438,0.16322649080753326,causal-margin-v2,2.0,0.5,0.0,0.4453125,0.1328125,0.0,-2.7880032062530518,-0.0840502604842186,2.7039527893066406,False,False
causal_target_0_feature_236_beta_2_lambda_0.001_seed_20260904,causal,236,0,2.0,0.001,20260904,0.07588990032672882,1.2142384052276611,0.8463541865348816,0.8463541865348816,0.0,00111101100110110110110000101010,00111111100110110110110000101010,1,0.8641,0.8642,-9.999999999998899e-05,0.0,0.1074,0.5007,0.5007,696.354736328125,0.1602054186105728,causal-margin-v2,2.0,0.5,0.0,0.484375,0.12890625,-0.00390625,-2.8545992374420166,-0.018666263669729233,2.835933208465576,False,False
causal_target_0_feature_236_beta_2_lambda_0.001_seed_20260905,causal,236,0,2.0,0.001,20260905,0.07588990032672882,1.2142384052276611,0.8463541865348816,0.8463541865348816,0.0,00111101100110110110110000101010,00111111100110110110110000101010,1,0.8641,0.8642,-9.999999999998899e-05,0.0,0.1074,0.4323,0.4323,705.6182861328125,0.16240580542087554,causal-margin-v2,2.0,0.5,0.0,0.41796875,0.12890625,-0.00390625,-2.824406385421753,-0.09981957077980042,2.7245869636535645,False,False
causal_target_0_feature_236_beta_2_lambda_0.001_seed_20260906,causal,236,0,2.0,0.001,20260906,0.07588990032672882,1.2142384052276611,0.8463541865348816,0.8463541865348816,0.0,00111101100110110110110000101010,00111111100110110110110000101010,1,0.8641,0.8642,-9.999999999998899e-05,0.0,0.1074,0.4634,0.4634,733.2721557617188,0.1464970335483551,causal-margin-v2,2.0,0.5,0.0,0.46484375,0.12890625,-0.00390625,-2.6706602573394775,-0.02304878458380699,2.647611618041992,False,False
causal_target_0_feature_239_beta_2_lambda_0.001_seed_20260904,causal,239,0,2.0,0.001,20260904,0.0744437500834465,1.191100001335144,0.8463541865348816,0.8463541865348816,0.0,00111101100110000111010111110111,00111111100110000111010111110111,1,0.8641,0.8636,0.0004999999999999449,0.0,0.1079,0.3091,0.3091,742.0592041015625,0.12473334560394288,causal-margin-v2,2.0,0.5,0.0,0.30078125,0.1328125,0.0,-2.7091002464294434,-0.14100933074951172,2.5680909156799316,False,False
causal_target_0_feature_239_beta_2_lambda_0.001_seed_20260905,causal,239,0,2.0,0.001,20260905,0.0744437500834465,1.191100001335144,0.8463541865348816,0.8463541865348816,0.0,00111101100110000111010111110111,00111111100110000111010111110111,1,0.8641,0.8636,0.0004999999999999449,0.0,0.1079,0.5466,0.5466,707.9518432617188,0.15863014960289,causal-margin-v2,2.0,0.5,0.0,0.58984375,0.1328125,0.0,-2.7367873191833496,0.086112841963768,2.8229002952575684,False,False
causal_target_0_feature_239_beta_2_lambda_0.001_seed_20260906,causal,239,0,2.0,0.001,20260906,0.0744437500834465,1.191100001335144,0.8463541865348816,0.8463541865348816,0.0,00111101100110000111010111110111,00111111100110000111010111110111,1,0.8641,0.8636,0.0004999999999999449,0.0011,0.1079,0.293,0.2919,669.6536254882812,0.20696020917892455,causal-margin-v2,2.0,0.5,0.0078125,0.35546875,0.1328125,0.0,-2.1913340091705322,-0.14761550724506378,2.0437188148498535,False,False
causal_target_0_feature_260_beta_2_lambda_0.001_seed_20260904,causal,260,0,2.0,0.001,20260904,0.08693987131118774,1.391037940979004,0.8463541865348816,0.8463541865348816,0.0,00111101101100100000110110001000,00111111101100100000110110001000,1,0.8641,0.8637,0.00039999999999995595,0.0,0.1081,0.9274,0.9274,699.1853637695312,0.1628935886621475,causal-margin-v2,2.0,0.5,0.0,0.92578125,0.1328125,0.0,-3.198862075805664,0.5705960988998413,3.769458055496216,True,True
causal_target_0_feature_260_beta_2_lambda_0.001_seed_20260905,causal,260,0,2.0,0.001,20260905,0.08693987131118774,1.391037940979004,0.8463541865348816,0.8463541865348816,0.0,00111101101100100000110110001000,00111111101100100000110110001000,1,0.8641,0.8637,0.00039999999999995595,0.0,0.1081,0.9606,0.9606,714.1162719726562,0.1482844810962677,causal-margin-v2,2.0,0.5,0.0,0.97265625,0.1328125,0.0,-3.3734073638916016,0.8658237457275391,4.239231109619141,True,True
causal_target_0_feature_260_beta_2_lambda_0.001_seed_20260906,causal,260,0,2.0,0.001,20260906,0.08693987131118774,1.391037940979004,0.8463541865348816,0.8463541865348816,0.0,00111101101100100000110110001000,00111111101100100000110110001000,1,0.8641,0.8637,0.00039999999999995595,0.0,0.1081,0.9744,0.9744,697.755615234375,0.1642805207014084,causal-margin-v2,2.0,0.5,0.0,0.97265625,0.1328125,0.0,-3.313882350921631,0.8925337195396423,4.206416130065918,True,True
causal_target_0_feature_264_beta_2_lambda_0.001_seed_20260904,causal,264,0,2.0,0.001,20260904,0.08461419492959976,1.3538271188735962,0.8463541865348816,0.8463541865348816,0.0,00111101101011010100101000110101,00111111101011010100101000110101,1,0.8641,0.8636,0.0004999999999999449,0.0,0.1086,0.6228,0.6228,666.840087890625,0.19278965442180634,causal-margin-v2,2.0,0.5,0.0,0.625,0.1328125,0.0,-2.9252572059631348,0.13050320744514465,3.055760145187378,False,False
causal_target_0_feature_264_beta_2_lambda_0.001_seed_20260905,causal,264,0,2.0,0.001,20260905,0.08461419492959976,1.3538271188735962,0.8463541865348816,0.8463541865348816,0.0,00111101101011010100101000110101,00111111101011010100101000110101,1,0.8641,0.8636,0.0004999999999999449,0.0001,0.1086,0.3224,0.32230000000000003,743.711669921875,0.14607820146083833,causal-margin-v2,2.0,0.5,0.0,0.34765625,0.1328125,0.0,-2.69413423538208,-0.16032624244689941,2.5338082313537598,False,False
causal_target_0_feature_264_beta_2_lambda_0.001_seed_20260906,causal,264,0,2.0,0.001,20260906,0.08461419492959976,1.3538271188735962,0.8463541865348816,0.8463541865348816,0.0,00111101101011010100101000110101,00111111101011010100101000110101,1,0.8641,0.8636,0.0004999999999999449,0.0,0.1086,0.6495,0.6495,718.5169067382812,0.1608375670671463,causal-margin-v2,2.0,0.5,0.0,0.62109375,0.1328125,0.0,-2.8450803756713867,0.14011184871196747,2.98519229888916,False,False
causal_target_0_feature_316_beta_2_lambda_0.001_seed_20260904,causal,316,0,2.0,0.001,20260904,0.10958179086446762,1.753308653831482,0.8463541865348816,0.8463541865348816,0.0,00111101111000000110110001101011,00111111111000000110110001101011,1,0.8641,0.864,9.999999999998899e-05,0.0,0.1095,0.9889,0.9889,727.4268188476562,0.1423223239183426,causal-margin-v2,2.0,0.5,0.0,0.99609375,0.13671875,-0.00390625,-3.597640037536621,1.1627678871154785,4.7604079246521,True,True
causal_target_0_feature_316_beta_2_lambda_0.001_seed_20260905,causal,316,0,2.0,0.001,20260905,0.10958179086446762,1.753308653831482,0.8463541865348816,0.8463541865348816,0.0,00111101111000000110110001101011,00111111111000000110110001101011,1,0.8641,0.864,9.999999999998899e-05,0.0,0.1095,0.7452,0.7452,693.7257690429688,0.17568409357070922,causal-margin-v2,2.0,0.5,0.0,0.73828125,0.13671875,-0.00390625,-2.928229570388794,0.17123791575431824,3.0994672775268555,False,False
causal_target_0_feature_316_beta_2_lambda_0.001_seed_20260906,causal,316,0,2.0,0.001,20260906,0.10958179086446762,1.753308653831482,0.8463541865348816,0.8463541865348816,0.0,00111101111000000110110001101011,00111111111000000110110001101011,1,0.8641,0.864,9.999999999998899e-05,0.0,0.1095,0.9628,0.9628,705.2306518554688,0.16172166414260863,causal-margin-v2,2.0,0.5,0.0,0.95703125,0.13671875,-0.00390625,-3.531604290008545,1.0838274955749512,4.615431785583496,True,True
causal_target_0_feature_321_beta_2_lambda_0.001_seed_20260904,causal,321,0,2.0,0.001,20260904,0.09640089422464371,1.5424143075942993,0.8463541865348816,0.8463541865348816,0.0,00111101110001010110110111010101,00111111110001010110110111010101,1,0.8641,0.8637,0.00039999999999995595,0.0,0.1086,0.7005,0.7005,721.2259521484375,0.15404335064888,causal-margin-v2,2.0,0.5,0.0,0.74609375,0.1328125,0.0,-2.7908527851104736,0.2312251627445221,3.022078037261963,False,False
causal_target_0_feature_321_beta_2_lambda_0.001_seed_20260905,causal,321,0,2.0,0.001,20260905,0.09640089422464371,1.5424143075942993,0.8463541865348816,0.8463541865348816,0.0,00111101110001010110110111010101,00111111110001010110110111010101,1,0.8641,0.8637,0.00039999999999995595,0.0,0.1086,0.5102,0.5102,716.3854370117188,0.15935327100753785,causal-margin-v2,2.0,0.5,0.0,0.55078125,0.1328125,0.0,-2.740999937057495,0.04601304978132248,2.787012815475464,False,False
causal_target_0_feature_321_beta_2_lambda_0.001_seed_20260906,causal,321,0,2.0,0.001,20260906,0.09640089422464371,1.5424143075942993,0.8463541865348816,0.8463541865348816,0.0,00111101110001010110110111010101,00111111110001010110110111010101,1,0.8641,0.8637,0.00039999999999995595,0.0,0.1086,0.8462,0.8462,699.8444213867188,0.16083460016250611,causal-margin-v2,2.0,0.5,0.0,0.84375,0.1328125,0.0,-3.0751047134399414,0.3167921006679535,3.3918967247009277,False,False
causal_target_0_feature_323_beta_2_lambda_0.001_seed_20260904,causal,323,0,2.0,0.001,20260904,0.08718520402908325,1.394963264465332,0.8463541865348816,0.8463541865348816,0.0,00111101101100101000111000101000,00111111101100101000111000101000,1,0.8641,0.864,9.999999999998899e-05,0.0,0.1079,0.5388,0.5388,771.603271484375,0.12481194608211517,causal-margin-v2,2.0,0.5,0.0,0.55859375,0.12890625,-0.00390625,-2.637563943862915,0.0037744417786598206,2.641338348388672,False,False
causal_target_0_feature_323_beta_2_lambda_0.001_seed_20260905,causal,323,0,2.0,0.001,20260905,0.08718520402908325,1.394963264465332,0.8463541865348816,0.8463541865348816,0.0,00111101101100101000111000101000,00111111101100101000111000101000,1,0.8641,0.864,9.999999999998899e-05,0.0,0.1079,0.7491,0.7491,742.1713256835938,0.13686542849540712,causal-margin-v2,2.0,0.5,0.0,0.80078125,0.12890625,-0.00390625,-2.9570248126983643,0.2798137962818146,3.2368388175964355,False,False
causal_target_0_feature_323_beta_2_lambda_0.001_seed_20260906,causal,323,0,2.0,0.001,20260906,0.08718520402908325,1.394963264465332,0.8463541865348816,0.8463541865348816,0.0,00111101101100101000111000101000,00111111101100101000111000101000,1,0.8641,0.864,9.999999999998899e-05,0.0,0.1079,0.7143,0.7143,733.6588745117188,0.1429218991756439,causal-margin-v2,2.0,0.5,0.0,0.6875,0.12890625,-0.00390625,-2.9037110805511475,0.19147995114326477,3.09519100189209,False,False
causal_target_0_feature_337_beta_2_lambda_0.001_seed_20260904,causal,337,0,2.0,0.001,20260904,0.0767258033156395,1.227612853050232,0.8463541865348816,0.8463541865348816,0.0,00111101100111010010001001101011,00111111100111010010001001101011,1,0.8641,0.864,9.999999999998899e-05,0.0,0.1079,0.3196,0.3196,731.0283203125,0.15347847847938537,causal-margin-v2,2.0,0.5,0.0,0.33203125,0.12890625,-0.00390625,-2.7841155529022217,-0.22019881010055542,2.5639166831970215,False,False
causal_target_0_feature_337_beta_2_lambda_0.001_seed_20260905,causal,337,0,2.0,0.001,20260905,0.0767258033156395,1.227612853050232,0.8463541865348816,0.8463541865348816,0.0,00111101100111010010001001101011,00111111100111010010001001101011,1,0.8641,0.864,9.999999999998899e-05,0.0001,0.1079,0.3222,0.3221,767.2427368164062,0.12766625559329986,causal-margin-v2,2.0,0.5,0.0,0.328125,0.12890625,-0.00390625,-2.6437606811523438,-0.15319545567035675,2.490565299987793,False,False
causal_target_0_feature_337_beta_2_lambda_0.001_seed_20260906,causal,337,0,2.0,0.001,20260906,0.0767258033156395,1.227612853050232,0.8463541865348816,0.8463541865348816,0.0,00111101100111010010001001101011,00111111100111010010001001101011,1,0.8641,0.864,9.999999999998899e-05,0.0,0.1079,0.2643,0.2643,788.0652465820312,0.1219386304140091,causal-margin-v2,2.0,0.5,0.0,0.3046875,0.12890625,-0.00390625,-2.6813602447509766,-0.16170555353164673,2.5196547508239746,False,False
causal_target_0_feature_338_beta_2_lambda_0.001_seed_20260904,causal,338,0,2.0,0.001,20260904,0.0829845666885376,1.3277530670166016,0.8463541865348816,0.8463541865348816,0.0,00111101101010011111001111010000,00111111101010011111001111010000,1,0.8641,0.8639,0.00019999999999997797,0.0,0.1073,0.3394,0.3394,757.3682861328125,0.12544025330543518,causal-margin-v2,2.0,0.5,0.0,0.328125,0.12890625,0.00390625,-2.7031400203704834,-0.1364208459854126,2.5667190551757812,False,False
causal_target_0_feature_338_beta_2_lambda_0.001_seed_20260905,causal,338,0,2.0,0.001,20260905,0.0829845666885376,1.3277530670166016,0.8463541865348816,0.8463541865348816,0.0,00111101101010011111001111010000,00111111101010011111001111010000,1,0.8641,0.8639,0.00019999999999997797,0.0,0.1073,0.2933,0.2933,773.01220703125,0.1062873368859291,causal-margin-v2,2.0,0.5,0.0,0.2890625,0.12890625,0.00390625,-2.7096967697143555,-0.16729778051376343,2.5423989295959473,False,False
causal_target_0_feature_338_beta_2_lambda_0.001_seed_20260906,causal,338,0,2.0,0.001,20260906,0.0829845666885376,1.3277530670166016,0.8463541865348816,0.8463541865348816,0.0,00111101101010011111001111010000,00111111101010011111001111010000,1,0.8641,0.8639,0.00019999999999997797,0.0,0.1073,0.4036,0.4036,790.239501953125,0.10829975204467773,causal-margin-v2,2.0,0.5,0.0,0.38671875,0.12890625,0.00390625,-2.644655227661133,-0.11382061243057251,2.530834197998047,False,False
causal_target_0_feature_353_beta_2_lambda_0.001_seed_20260904,causal,353,0,2.0,0.001,20260904,0.08581111580133438,1.37297785282135,0.8463541865348816,0.8463541865348816,0.0,00111101101011111011110110111101,00111111101011111011110110111101,1,0.8641,0.864,9.999999999998899e-05,0.0,0.109,0.6767,0.6767,712.9127197265625,0.14784971032142638,causal-margin-v2,2.0,0.5,0.0,0.6484375,0.1328125,0.0,-2.870652914047241,0.12957018613815308,3.00022292137146,False,False
causal_target_0_feature_353_beta_2_lambda_0.001_seed_20260905,causal,353,0,2.0,0.001,20260905,0.08581111580133438,1.37297785282135,0.8463541865348816,0.8463541865348816,0.0,00111101101011111011110110111101,00111111101011111011110110111101,1,0.8641,0.864,9.999999999998899e-05,0.0,0.109,0.6059,0.6059,721.4386596679688,0.14934604079723357,causal-margin-v2,2.0,0.5,0.0,0.578125,0.1328125,0.0,-2.8607330322265625,0.05560244619846344,2.916335344314575,False,False
causal_target_0_feature_353_beta_2_lambda_0.001_seed_20260906,causal,353,0,2.0,0.001,20260906,0.08581111580133438,1.37297785282135,0.8463541865348816,0.8463541865348816,0.0,00111101101011111011110110111101,00111111101011111011110110111101,1,0.8641,0.864,9.999999999998899e-05,0.0,0.109,0.5726,0.5726,695.7615356445312,0.16651717691421508,causal-margin-v2,2.0,0.5,0.0,0.578125,0.1328125,0.0,-2.744574546813965,0.08491068333387375,2.8294854164123535,False,False
causal_target_0_feature_355_beta_2_lambda_0.001_seed_20260904,causal,355,0,2.0,0.001,20260904,0.005491538904607296,1.4058339595794678,0.8463541865348816,0.8463541865348816,0.0,00111011101100111111001001011110,00111111101100111111001001011110,1,0.8641,0.8643,-0.00019999999999997797,0.0,0.1053,0.6276,0.6276,747.1558227539062,0.13192568044662475,causal-margin-v2,2.0,0.5,0.0,0.63671875,0.125,0.0,-2.6663858890533447,0.07999319583177567,2.7463791370391846,False,False
causal_target_0_feature_355_beta_2_lambda_0.001_seed_20260905,causal,355,0,2.0,0.001,20260905,0.005491538904607296,1.4058339595794678,0.8463541865348816,0.8463541865348816,0.0,00111011101100111111001001011110,00111111101100111111001001011110,1,0.8641,0.8643,-0.00019999999999997797,0.0,0.1053,0.2527,0.2527,790.8190307617188,0.10299394651651382,causal-margin-v2,2.0,0.5,0.0,0.2734375,0.125,0.0,-2.7157769203186035,-0.14890609681606293,2.566870927810669,False,False
causal_target_0_feature_355_beta_2_lambda_0.001_seed_20260906,causal,355,0,2.0,0.001,20260906,0.005491538904607296,1.4058339595794678,0.8463541865348816,0.8463541865348816,0.0,00111011101100111111001001011110,00111111101100111111001001011110,1,0.8641,0.8643,-0.00019999999999997797,0.0,0.1053,0.2409,0.2409,794.8224487304688,0.10226111268997193,causal-margin-v2,2.0,0.5,0.0,0.28515625,0.125,0.0,-2.7074365615844727,-0.17296123504638672,2.534475088119507,False,False
causal_target_0_feature_376_beta_2_lambda_0.001_seed_20260904,causal,376,0,2.0,0.001,20260904,0.11868970096111298,1.8990352153778076,0.8463541865348816,0.8463541865348816,0.0,00111101111100110001001110010110,00111111111100110001001110010110,1,0.8641,0.864,9.999999999998899e-05,0.0,0.1097,0.9873,0.9873,684.6746215820312,0.16586081779003142,causal-margin-v2,2.0,0.5,0.0,0.9921875,0.13671875,-0.00390625,-3.5375685691833496,1.2062652111053467,4.743833541870117,True,True
causal_target_0_feature_376_beta_2_lambda_0.001_seed_20260905,causal,376,0,2.0,0.001,20260905,0.11868970096111298,1.8990352153778076,0.8463541865348816,0.8463541865348816,0.0,00111101111100110001001110010110,00111111111100110001001110010110,1,0.8641,0.864,9.999999999998899e-05,0.0,0.1097,0.9904,0.9904,680.7960205078125,0.18541135828495026,causal-margin-v2,2.0,0.5,0.0,0.9921875,0.13671875,-0.00390625,-3.6313986778259277,1.2489373683929443,4.880335807800293,True,True
causal_target_0_feature_376_beta_2_lambda_0.001_seed_20260906,causal,376,0,2.0,0.001,20260906,0.11868970096111298,1.8990352153778076,0.8463541865348816,0.8463541865348816,0.0,00111101111100110001001110010110,00111111111100110001001110010110,1,0.8641,0.864,9.999999999998899e-05,0.0,0.1097,0.9895,0.9895,659.9756469726562,0.19825566551685334,causal-margin-v2,2.0,0.5,0.0,0.984375,0.13671875,-0.00390625,-3.942079782485962,1.6536799669265747,5.595759868621826,True,True
causal_target_0_feature_386_beta_2_lambda_0.001_seed_20260904,causal,386,0,2.0,0.001,20260904,0.005120113957673311,1.3107491731643677,0.8463541865348816,0.8463541865348816,0.0,00111011101001111100011010100001,00111111101001111100011010100001,1,0.8641,0.8644,-0.00029999999999996696,0.0046,0.107,0.0184,0.0138,527.7025756835938,0.4102143296718597,causal-margin-v2,2.0,0.5,0.0,0.01171875,0.125,0.0,-2.4515912532806396,-1.8301337957382202,0.6214573979377747,False,False
causal_target_0_feature_386_beta_2_lambda_0.001_seed_20260905,causal,386,0,2.0,0.001,20260905,0.005120113957673311,1.3107491731643677,0.8463541865348816,0.8463541865348816,0.0,00111011101001111100011010100001,00111111101001111100011010100001,1,0.8641,0.8644,-0.00029999999999996696,0.0053,0.107,0.0215,0.0162,540.495361328125,0.3995600962162018,causal-margin-v2,2.0,0.5,0.0078125,0.03125,0.125,0.0,-2.26680326461792,-1.6346888542175293,0.6321142315864563,False,False
causal_target_0_feature_386_beta_2_lambda_0.001_seed_20260906,causal,386,0,2.0,0.001,20260906,0.005120113957673311,1.3107491731643677,0.8463541865348816,0.8463541865348816,0.0,00111011101001111100011010100001,00111111101001111100011010100001,1,0.8641,0.8644,-0.00029999999999996696,0.0022,0.107,0.0265,0.0243,542.9041748046875,0.36711868562698363,causal-margin-v2,2.0,0.5,0.00390625,0.0390625,0.125,0.0,-2.3585965633392334,-1.4554671049118042,0.9031295776367188,False,False
causal_target_0_feature_403_beta_2_lambda_0.001_seed_20260904,causal,403,0,2.0,0.001,20260904,0.1042070984840393,1.667313575744629,0.8463541865348816,0.8463541865348816,0.0,00111101110101010110101010001000,00111111110101010110101010001000,1,0.8641,0.8637,0.00039999999999995595,0.0001,0.1081,0.9612,0.9611000000000001,703.7753295898438,0.1706637963294983,causal-margin-v2,2.0,0.5,0.0,0.98046875,0.1328125,0.0,-3.4786429405212402,0.9502890110015869,4.428932189941406,True,True
causal_target_0_feature_403_beta_2_lambda_0.001_seed_20260905,causal,403,0,2.0,0.001,20260905,0.1042070984840393,1.667313575744629,0.8463541865348816,0.8463541865348816,0.0,00111101110101010110101010001000,00111111110101010110101010001000,1,0.8641,0.8637,0.00039999999999995595,0.0,0.1081,0.9268,0.9268,653.561767578125,0.20314105865955354,causal-margin-v2,2.0,0.5,0.0,0.93359375,0.1328125,0.0,-3.347598075866699,0.7195603847503662,4.0671586990356445,True,True
causal_target_0_feature_403_beta_2_lambda_0.001_seed_20260906,causal,403,0,2.0,0.001,20260906,0.1042070984840393,1.667313575744629,0.8463541865348816,0.8463541865348816,0.0,00111101110101010110101010001000,00111111110101010110101010001000,1,0.8641,0.8637,0.00039999999999995595,0.0,0.1081,0.9787,0.9787,712.2392578125,0.17294877481460572,causal-margin-v2,2.0,0.5,0.0,0.96875,0.1328125,0.0,-3.3271589279174805,0.987463653087616,4.31462287902832,True,True
causal_target_0_feature_417_beta_2_lambda_0.001_seed_20260904,causal,417,0,2.0,0.001,20260904,0.10541968792676926,1.686715006828308,0.8463541865348816,0.8463541865348816,0.0,00111101110101111110011001000111,00111111110101111110011001000111,1,0.8641,0.8636,0.0004999999999999449,0.0,0.1092,0.9854,0.9854,691.8775634765625,0.1682166312932968,causal-margin-v2,2.0,0.5,0.0,0.9921875,0.1328125,0.0,-3.447038173675537,1.1147069931030273,4.5617451667785645,True,True
causal_target_0_feature_417_beta_2_lambda_0.001_seed_20260905,causal,417,0,2.0,0.001,20260905,0.10541968792676926,1.686715006828308,0.8463541865348816,0.8463541865348816,0.0,00111101110101111110011001000111,00111111110101111110011001000111,1,0.8641,0.8636,0.0004999999999999449,0.0,0.1092,0.9163,0.9163,634.4769287109375,0.225145685172081,causal-margin-v2,2.0,0.5,0.0,0.92578125,0.1328125,0.0,-3.162496566772461,0.6546263098716736,3.8171229362487793,True,True
causal_target_0_feature_417_beta_2_lambda_0.001_seed_20260906,causal,417,0,2.0,0.001,20260906,0.10541968792676926,1.686715006828308,0.8463541865348816,0.8463541865348816,0.0,00111101110101111110011001000111,00111111110101111110011001000111,1,0.8641,0.8636,0.0004999999999999449,0.0,0.1092,0.9916,0.9916,667.2548828125,0.1894848578929901,causal-margin-v2,2.0,0.5,0.0,0.9921875,0.1328125,0.0,-3.806908130645752,1.3783273696899414,5.185235500335693,True,True
causal_target_0_feature_420_beta_2_lambda_0.001_seed_20260904,causal,420,0,2.0,0.001,20260904,0.0058349804021418095,1.4937549829483032,0.8463541865348816,0.84765625,-0.0013020634651184082,00111011101111110011001101011101,00111111101111110011001101011101,1,0.8641,0.8646,-0.000500000000000056,0.0,0.1057,0.905,0.905,674.1358642578125,0.168347118973732,causal-margin-v2,2.0,0.5,0.0,0.9140625,0.125,0.0,-2.6726629734039307,0.4715966284275055,3.1442596912384033,True,True
causal_target_0_feature_420_beta_2_lambda_0.001_seed_20260905,causal,420,0,2.0,0.001,20260905,0.0058349804021418095,1.4937549829483032,0.8463541865348816,0.84765625,-0.0013020634651184082,00111011101111110011001101011101,00111111101111110011001101011101,1,0.8641,0.8646,-0.000500000000000056,0.0,0.1057,0.5131,0.5131,712.6024780273438,0.15383296241760253,causal-margin-v2,2.0,0.5,0.0,0.515625,0.125,0.0,-2.8365485668182373,-0.006064798682928085,2.830483913421631,False,False
causal_target_0_feature_420_beta_2_lambda_0.001_seed_20260906,causal,420,0,2.0,0.001,20260906,0.0058349804021418095,1.4937549829483032,0.8463541865348816,0.84765625,-0.0013020634651184082,00111011101111110011001101011101,00111111101111110011001101011101,1,0.8641,0.8646,-0.000500000000000056,0.0,0.1057,0.4829,0.4829,682.2334594726562,0.16771991605758668,causal-margin-v2,2.0,0.5,0.0,0.48046875,0.125,0.0,-2.8396947383880615,-0.022454820573329926,2.817239761352539,False,False
causal_target_0_feature_421_beta_2_lambda_0.001_seed_20260904,causal,421,0,2.0,0.001,20260904,0.06797921657562256,1.087667465209961,0.8463541865348816,0.8463541865348816,0.0,00111101100010110011100010110000,00111111100010110011100010110000,1,0.8641,0.8638,0.00029999999999996696,0.0,0.1072,0.1176,0.1176,825.9395751953125,0.08512025706768035,causal-margin-v2,2.0,0.5,0.0,0.13671875,0.12890625,0.00390625,-2.61650013923645,-0.309714674949646,2.3067855834960938,False,False
causal_target_0_feature_421_beta_2_lambda_0.001_seed_20260905,causal,421,0,2.0,0.001,20260905,0.06797921657562256,1.087667465209961,0.8463541865348816,0.8463541865348816,0.0,00111101100010110011100010110000,00111111100010110011100010110000,1,0.8641,0.8638,0.00029999999999996696,0.0,0.1072,0.0384,0.0384,734.9313354492188,0.13303907566070558,causal-margin-v2,2.0,0.5,0.0,0.02734375,0.12890625,0.00390625,-2.559530019760132,-0.6568653583526611,1.9026646614074707,False,False
causal_target_0_feature_421_beta_2_lambda_0.001_seed_20260906,causal,421,0,2.0,0.001,20260906,0.06797921657562256,1.087667465209961,0.8463541865348816,0.8463541865348816,0.0,00111101100010110011100010110000,00111111100010110011100010110000,1,0.8641,0.8638,0.00029999999999996696,0.0,0.1072,0.0694,0.0694,714.0505981445312,0.15654238159656525,causal-margin-v2,2.0,0.5,0.0,0.10546875,0.12890625,0.00390625,-2.5038888454437256,-0.5882159471511841,1.915673017501831,False,False
causal_target_0_feature_426_beta_2_lambda_0.001_seed_20260904,causal,426,0,2.0,0.001,20260904,0.08909455686807632,1.4255129098892212,0.8463541865348816,0.84765625,-0.0013020634651184082,00111101101101100111011100110101,00111111101101100111011100110101,1,0.8641,0.8637,0.00039999999999995595,0.0,0.1085,0.8926,0.8926,709.7678833007812,0.1594196626663208,causal-margin-v2,2.0,0.5,0.0,0.91796875,0.12890625,-0.00390625,-3.084524631500244,0.5200743675231934,3.6045989990234375,False,True
causal_target_0_feature_426_beta_2_lambda_0.001_seed_20260905,causal,426,0,2.0,0.001,20260905,0.08909455686807632,1.4255129098892212,0.8463541865348816,0.84765625,-0.0013020634651184082,00111101101101100111011100110101,00111111101101100111011100110101,1,0.8641,0.8637,0.00039999999999995595,0.0003,0.1085,0.9846,0.9843000000000001,694.474853515625,0.18607005956172942,causal-margin-v2,2.0,0.5,0.0,0.98046875,0.12890625,-0.00390625,-1.9377291202545166,1.1024595499038696,3.0401885509490967,True,True
causal_target_0_feature_426_beta_2_lambda_0.001_seed_20260906,causal,426,0,2.0,0.001,20260906,0.08909455686807632,1.4255129098892212,0.8463541865348816,0.84765625,-0.0013020634651184082,00111101101101100111011100110101,00111111101101100111011100110101,1,0.8641,0.8637,0.00039999999999995595,0.0001,0.1085,0.7976,0.7975,687.343505859375,0.18048176867961885,causal-margin-v2,2.0,0.5,0.0,0.8125,0.12890625,-0.00390625,-2.9583005905151367,0.3571690320968628,3.315469741821289,False,False
causal_target_0_feature_437_beta_2_lambda_0.001_seed_20260904,causal,437,0,2.0,0.001,20260904,0.08469511568546295,1.3551218509674072,0.8463541865348816,0.8463541865348816,0.0,00111101101011010111010010100010,00111111101011010111010010100010,1,0.8641,0.864,9.999999999998899e-05,0.0,0.1085,0.4363,0.4363,760.7010498046875,0.11590565835237503,causal-margin-v2,2.0,0.5,0.0,0.47265625,0.13671875,-0.00390625,-2.7102456092834473,-0.025883860886096954,2.6843619346618652,False,False
causal_target_0_feature_437_beta_2_lambda_0.001_seed_20260905,causal,437,0,2.0,0.001,20260905,0.08469511568546295,1.3551218509674072,0.8463541865348816,0.8463541865348816,0.0,00111101101011010111010010100010,00111111101011010111010010100010,1,0.8641,0.864,9.999999999998899e-05,0.0,0.1085,0.3003,0.3003,750.1686401367188,0.13581462621688842,causal-margin-v2,2.0,0.5,0.0,0.3203125,0.13671875,-0.00390625,-2.7015528678894043,-0.12456358224153519,2.5769894123077393,False,False
causal_target_0_feature_437_beta_2_lambda_0.001_seed_20260906,causal,437,0,2.0,0.001,20260906,0.08469511568546295,1.3551218509674072,0.8463541865348816,0.8463541865348816,0.0,00111101101011010111010010100010,00111111101011010111010010100010,1,0.8641,0.864,9.999999999998899e-05,0.0,0.1085,0.2949,0.2949,765.6941528320312,0.1199942645072937,causal-margin-v2,2.0,0.5,0.0,0.34765625,0.13671875,-0.00390625,-2.672349452972412,-0.1097470298409462,2.5626020431518555,False,False
causal_target_0_feature_445_beta_2_lambda_0.001_seed_20260904,causal,445,0,2.0,0.001,20260904,0.07528562098741531,1.204569935798645,0.8463541865348816,0.8463541865348816,0.0,00111101100110100010111101011001,00111111100110100010111101011001,1,0.8641,0.8639,0.00019999999999997797,0.0001,0.1084,0.8217,0.8216,740.997314453125,0.14595152044296264,causal-margin-v2,2.0,0.5,0.0,0.828125,0.1328125,0.0,-2.418316125869751,0.40074312686920166,2.819059133529663,False,False
causal_target_0_feature_445_beta_2_lambda_0.001_seed_20260905,causal,445,0,2.0,0.001,20260905,0.07528562098741531,1.204569935798645,0.8463541865348816,0.8463541865348816,0.0,00111101100110100010111101011001,00111111100110100010111101011001,1,0.8641,0.8639,0.00019999999999997797,0.0,0.1084,0.635,0.635,782.9580078125,0.13499050843715668,causal-margin-v2,2.0,0.5,0.0,0.64453125,0.1328125,0.0,-2.362706422805786,0.1310930699110031,2.4937994480133057,False,False
causal_target_0_feature_445_beta_2_lambda_0.001_seed_20260906,causal,445,0,2.0,0.001,20260906,0.07528562098741531,1.204569935798645,0.8463541865348816,0.8463541865348816,0.0,00111101100110100010111101011001,00111111100110100010111101011001,1,0.8641,0.8639,0.00019999999999997797,0.0,0.1084,0.7316,0.7316,730.7484741210938,0.15926112227439881,causal-margin-v2,2.0,0.5,0.0,0.75,0.1328125,0.0,-2.7857017517089844,0.240879088640213,3.026580810546875,False,False
causal_target_0_feature_454_beta_2_lambda_0.001_seed_20260904,causal,454,0,2.0,0.001,20260904,0.08982760459184647,1.4372416734695435,0.8463541865348816,0.8463541865348816,0.0,00111101101101111111011110001001,00111111101101111111011110001001,1,0.8641,0.8637,0.00039999999999995595,0.0,0.1089,0.918,0.918,673.50244140625,0.1756115089416504,causal-margin-v2,2.0,0.5,0.0,0.921875,0.1328125,0.0,-3.1338486671447754,0.5522840023040771,3.6861324310302734,True,True
causal_target_0_feature_454_beta_2_lambda_0.001_seed_20260905,causal,454,0,2.0,0.001,20260905,0.08982760459184647,1.4372416734695435,0.8463541865348816,0.8463541865348816,0.0,00111101101101111111011110001001,00111111101101111111011110001001,1,0.8641,0.8637,0.00039999999999995595,0.0,0.1089,0.8332,0.8332,676.3662719726562,0.19529816517829895,causal-margin-v2,2.0,0.5,0.0,0.8359375,0.1328125,0.0,-3.0230154991149902,0.2897173762321472,3.312732696533203,False,False
causal_target_0_feature_454_beta_2_lambda_0.001_seed_20260906,causal,454,0,2.0,0.001,20260906,0.08982760459184647,1.4372416734695435,0.8463541865348816,0.8463541865348816,0.0,00111101101101111111011110001001,00111111101101111111011110001001,1,0.8641,0.8637,0.00039999999999995595,0.0,0.1089,0.8682,0.8682,665.6790161132812,0.1944376124382019,causal-margin-v2,2.0,0.5,0.0,0.85546875,0.1328125,0.0,-3.0911753177642822,0.4771190583705902,3.5682942867279053,False,False
causal_target_0_feature_458_beta_2_lambda_0.001_seed_20260904,causal,458,0,2.0,0.001,20260904,0.08197490870952606,1.311598539352417,0.8463541865348816,0.8463541865348816,0.0,00111101101001111110001001110110,00111111101001111110001001110110,1,0.8641,0.8641,0.0,0.0,0.1082,0.9324,0.9324,714.01806640625,0.14532307279109954,causal-margin-v2,2.0,0.5,0.0,0.96484375,0.13671875,-0.00390625,-3.116520404815674,0.6233935952186584,3.7399141788482666,True,True
causal_target_0_feature_458_beta_2_lambda_0.001_seed_20260905,causal,458,0,2.0,0.001,20260905,0.08197490870952606,1.311598539352417,0.8463541865348816,0.8463541865348816,0.0,00111101101001111110001001110110,00111111101001111110001001110110,1,0.8641,0.8641,0.0,0.0,0.1082,0.987,0.987,727.0018310546875,0.1399604975938797,causal-margin-v2,2.0,0.5,0.0,0.96875,0.13671875,-0.00390625,-2.573880910873413,0.8459201455116272,3.4198009967803955,True,True
causal_target_0_feature_458_beta_2_lambda_0.001_seed_20260906,causal,458,0,2.0,0.001,20260906,0.08197490870952606,1.311598539352417,0.8463541865348816,0.8463541865348816,0.0,00111101101001111110001001110110,00111111101001111110001001110110,1,0.8641,0.8641,0.0,0.0,0.1082,0.8506,0.8506,728.2381591796875,0.1413544350862503,causal-margin-v2,2.0,0.5,0.0,0.8515625,0.13671875,-0.00390625,-3.0002095699310303,0.36200231313705444,3.3622117042541504,False,False
causal_target_0_feature_459_beta_2_lambda_0.001_seed_20260904,causal,459,0,2.0,0.001,20260904,0.11355942487716675,1.816950798034668,0.8463541865348816,0.84765625,-0.0013020634651184082,00111101111010001001000111011000,00111111111010001001000111011000,1,0.8641,0.8644,-0.00029999999999996696,0.0,0.1107,0.9886,0.9886,708.96240234375,0.1637136099100113,causal-margin-v2,2.0,0.5,0.0,0.98828125,0.13671875,-0.00390625,-3.0232300758361816,1.1899406909942627,4.213171005249023,True,True
causal_target_0_feature_459_beta_2_lambda_0.001_seed_20260905,causal,459,0,2.0,0.001,20260905,0.11355942487716675,1.816950798034668,0.8463541865348816,0.84765625,-0.0013020634651184082,00111101111010001001000111011000,00111111111010001001000111011000,1,0.8641,0.8644,-0.00029999999999996696,0.0,0.1107,0.9764,0.9764,676.080078125,0.17987436509132385,causal-margin-v2,2.0,0.5,0.0,0.984375,0.13671875,-0.00390625,-3.2360973358154297,0.8062770366668701,4.042374134063721,True,True
causal_target_0_feature_459_beta_2_lambda_0.001_seed_20260906,causal,459,0,2.0,0.001,20260906,0.11355942487716675,1.816950798034668,0.8463541865348816,0.84765625,-0.0013020634651184082,00111101111010001001000111011000,00111111111010001001000111011000,1,0.8641,0.8644,-0.00029999999999996696,0.0,0.1107,0.8207,0.8207,664.1256103515625,0.19323954095840454,causal-margin-v2,2.0,0.5,0.0,0.81640625,0.13671875,-0.00390625,-3.067112445831299,0.4102461338043213,3.477358818054199,False,False
causal_target_0_feature_460_beta_2_lambda_0.001_seed_20260904,causal,460,0,2.0,0.001,20260904,0.08845152705907822,1.4152244329452515,0.8463541865348816,0.8463541865348816,0.0,00111101101101010010011000010011,00111111101101010010011000010011,1,0.8641,0.8637,0.00039999999999995595,0.0,0.1084,0.4363,0.4363,701.1478271484375,0.14773661010265352,causal-margin-v2,2.0,0.5,0.0,0.47265625,0.13671875,-0.00390625,-2.7721290588378906,-0.04463803395628929,2.7274911403656006,False,False
causal_target_0_feature_460_beta_2_lambda_0.001_seed_20260905,causal,460,0,2.0,0.001,20260905,0.08845152705907822,1.4152244329452515,0.8463541865348816,0.8463541865348816,0.0,00111101101101010010011000010011,00111111101101010010011000010011,1,0.8641,0.8637,0.00039999999999995595,0.0,0.1084,0.3269,0.3269,803.5123901367188,0.10333276093006134,causal-margin-v2,2.0,0.5,0.0,0.3515625,0.13671875,-0.00390625,-2.5733141899108887,-0.10917548835277557,2.4641387462615967,False,False
causal_target_0_feature_460_beta_2_lambda_0.001_seed_20260906,causal,460,0,2.0,0.001,20260906,0.08845152705907822,1.4152244329452515,0.8463541865348816,0.8463541865348816,0.0,00111101101101010010011000010011,00111111101101010010011000010011,1,0.8641,0.8637,0.00039999999999995595,0.0,0.1084,0.3128,0.3128,760.9773559570312,0.1175564292550087,causal-margin-v2,2.0,0.5,0.0,0.29296875,0.13671875,-0.00390625,-2.6925830841064453,-0.12236158549785614,2.570221424102783,False,False
causal_target_0_feature_484_beta_2_lambda_0.001_seed_20260904,causal,484,0,2.0,0.001,20260904,0.07300034910440445,1.1680055856704712,0.8463541865348816,0.8463541865348816,0.0,00111101100101011000000100110101,00111111100101011000000100110101,1,0.8641,0.8641,0.0,0.0026,0.1068,0.0511,0.0485,566.2164306640625,0.30772527298927305,causal-margin-v2,2.0,0.5,0.0,0.078125,0.12890625,-0.00390625,-2.2224059104919434,-1.025585651397705,1.1968201398849487,False,False
causal_target_0_feature_484_beta_2_lambda_0.001_seed_20260905,causal,484,0,2.0,0.001,20260905,0.07300034910440445,1.1680055856704712,0.8463541865348816,0.8463541865348816,0.0,00111101100101011000000100110101,00111111100101011000000100110101,1,0.8641,0.8641,0.0,0.0009,0.1068,0.015,0.0141,532.0745239257812,0.3921171811580658,causal-margin-v2,2.0,0.5,0.0,0.02734375,0.12890625,-0.00390625,-2.2309021949768066,-1.4252870082855225,0.8056151866912842,False,False
causal_target_0_feature_484_beta_2_lambda_0.001_seed_20260906,causal,484,0,2.0,0.001,20260906,0.07300034910440445,1.1680055856704712,0.8463541865348816,0.8463541865348816,0.0,00111101100101011000000100110101,00111111100101011000000100110101,1,0.8641,0.8641,0.0,0.0012,0.1068,0.0382,0.037,594.098388671875,0.3004632615566254,causal-margin-v2,2.0,0.5,0.0,0.0625,0.12890625,-0.00390625,-2.3319544792175293,-1.0221288204193115,1.3098255395889282,False,False
causal_target_0_feature_485_beta_2_lambda_0.001_seed_20260904,causal,485,0,2.0,0.001,20260904,0.07033705711364746,1.1253929138183594,0.8463541865348816,0.8463541865348816,0.0,00111101100100000000110011100000,00111111100100000000110011100000,1,0.8641,0.864,9.999999999998899e-05,0.0,0.1082,0.1659,0.1659,881.4144287109375,0.05538794451355934,causal-margin-v2,2.0,0.5,0.0,0.18359375,0.13671875,-0.00390625,-2.650507926940918,-0.1554138958454132,2.4950942993164062,False,False
causal_target_0_feature_485_beta_2_lambda_0.001_seed_20260905,causal,485,0,2.0,0.001,20260905,0.07033705711364746,1.1253929138183594,0.8463541865348816,0.8463541865348816,0.0,00111101100100000000110011100000,00111111100100000000110011100000,1,0.8641,0.864,9.999999999998899e-05,0.0,0.1082,0.0697,0.0697,828.7831420898438,0.0852028109908104,causal-margin-v2,2.0,0.5,0.0,0.06640625,0.13671875,-0.00390625,-2.593832015991211,-0.30928781628608704,2.284543991088867,False,False
causal_target_0_feature_485_beta_2_lambda_0.001_seed_20260906,causal,485,0,2.0,0.001,20260906,0.07033705711364746,1.1253929138183594,0.8463541865348816,0.8463541865348816,0.0,00111101100100000000110011100000,00111111100100000000110011100000,1,0.8641,0.864,9.999999999998899e-05,0.0059,0.1082,0.0503,0.044399999999999995,562.7937622070312,0.37371351828575133,causal-margin-v2,2.0,0.5,0.01171875,0.0859375,0.13671875,-0.00390625,-2.226426124572754,-1.302915096282959,0.9235111474990845,False,False
causal_target_0_feature_505_beta_2_lambda_0.001_seed_20260904,causal,505,0,2.0,0.001,20260904,0.07358347624540329,1.1773356199264526,0.8463541865348816,0.8463541865348816,0.0,00111101100101101011001011101111,00111111100101101011001011101111,1,0.8641,0.8641,0.0,0.0,0.1075,0.4258,0.4258,734.979248046875,0.12025047351121902,causal-margin-v2,2.0,0.5,0.0,0.41015625,0.1328125,0.0,-2.803896427154541,-0.09806510806083679,2.705831527709961,False,False
causal_target_0_feature_505_beta_2_lambda_0.001_seed_20260905,causal,505,0,2.0,0.001,20260905,0.07358347624540329,1.1773356199264526,0.8463541865348816,0.8463541865348816,0.0,00111101100101101011001011101111,00111111100101101011001011101111,1,0.8641,0.8641,0.0,0.0,0.1075,0.2663,0.2663,795.9955444335938,0.10251292743682862,causal-margin-v2,2.0,0.5,0.0,0.28125,0.1328125,0.0,-2.653369903564453,-0.16789381206035614,2.485476016998291,False,False
causal_target_0_feature_505_beta_2_lambda_0.001_seed_20260906,causal,505,0,2.0,0.001,20260906,0.07358347624540329,1.1773356199264526,0.8463541865348816,0.8463541865348816,0.0,00111101100101101011001011101111,00111111100101101011001011101111,1,0.8641,0.8641,0.0,0.0,0.1075,0.2667,0.2667,788.0247192382812,0.10190449048280716,causal-margin-v2,2.0,0.5,0.0,0.31640625,0.1328125,0.0,-2.6405434608459473,-0.1658705472946167,2.47467303276062,False,False
causal_target_1_feature_2_beta_2_lambda_0.001_seed_20260904,causal,2,1,2.0,0.001,20260904,0.06401395052671432,1.0242232084274292,0.8463541865348816,0.84765625,-0.0013020634651184082,00111101100000110001100110111111,00111111100000110001100110111111,1,0.8641,0.8643,-0.00019999999999997797,0.0087,0.1037,0.0305,0.0218,501.78460693359375,0.43541974244117737,causal-margin-v2,2.0,0.5,0.01171875,0.0546875,0.08984375,0.0,-2.1585044860839844,-1.5165550708770752,0.6419495344161987,False,False
causal_target_1_feature_2_beta_2_lambda_0.001_seed_20260905,causal,2,1,2.0,0.001,20260905,0.06401395052671432,1.0242232084274292,0.8463541865348816,0.84765625,-0.0013020634651184082,00111101100000110001100110111111,00111111100000110001100110111111,1,0.8641,0.8643,-0.00019999999999997797,0.0005,0.1037,0.0294,0.0289,597.3167114257812,0.24646636204719544,causal-margin-v2,2.0,0.5,0.0,0.05078125,0.08984375,0.0,-2.2987890243530273,-1.101425290107727,1.1973638534545898,False,False
causal_target_1_feature_2_beta_2_lambda_0.001_seed_20260906,causal,2,1,2.0,0.001,20260906,0.06401395052671432,1.0242232084274292,0.8463541865348816,0.84765625,-0.0013020634651184082,00111101100000110001100110111111,00111111100000110001100110111111,1,0.8641,0.8643,-0.00019999999999997797,0.015,0.1037,0.0442,0.029200000000000004,528.4063720703125,0.4090003983974457,causal-margin-v2,2.0,0.5,0.015625,0.06640625,0.08984375,0.0,-2.0403499603271484,-1.452155351638794,0.5881944894790649,False,False
causal_target_1_feature_5_beta_2_lambda_0.001_seed_20260904,causal,5,1,2.0,0.001,20260904,0.0649266391992569,1.0388262271881104,0.8463541865348816,0.84765625,-0.0013020634651184082,00111101100001001111100001000010,00111111100001001111100001000010,1,0.8641,0.8645,-0.00040000000000006697,0.0,0.1038,0.3599,0.3599,740.8004150390625,0.1321851516008377,causal-margin-v2,2.0,0.5,0.0,0.36328125,0.08984375,0.0,-2.6183972358703613,-0.14779788255691528,2.47059965133667,False,False
causal_target_1_feature_5_beta_2_lambda_0.001_seed_20260905,causal,5,1,2.0,0.001,20260905,0.0649266391992569,1.0388262271881104,0.8463541865348816,0.84765625,-0.0013020634651184082,00111101100001001111100001000010,00111111100001001111100001000010,1,0.8641,0.8645,-0.00040000000000006697,0.0,0.1038,0.2573,0.2573,762.3519897460938,0.11348575900793076,causal-margin-v2,2.0,0.5,0.0,0.30859375,0.08984375,0.0,-2.696093797683716,-0.1537507325410843,2.5423431396484375,False,False
causal_target_1_feature_5_beta_2_lambda_0.001_seed_20260906,causal,5,1,2.0,0.001,20260906,0.0649266391992569,1.0388262271881104,0.8463541865348816,0.84765625,-0.0013020634651184082,00111101100001001111100001000010,00111111100001001111100001000010,1,0.8641,0.8645,-0.00040000000000006697,0.0,0.1038,0.1614,0.1614,796.3577880859375,0.09985219402313232,causal-margin-v2,2.0,0.5,0.0,0.16796875,0.08984375,0.0,-2.634754180908203,-0.2539675235748291,2.380786895751953,False,False
causal_target_1_feature_20_beta_2_lambda_0.001_seed_20260904,causal,20,1,2.0,0.001,20260904,0.08107595145702362,1.297215223312378,0.8463541865348816,0.8463541865348816,0.0,00111101101001100000101100100110,00111111101001100000101100100110,1,0.8641,0.864,9.999999999998899e-05,0.0002,0.1039,0.89,0.8898,702.394287109375,0.159765061712265,causal-margin-v2,2.0,0.5,0.0,0.8984375,0.08984375,0.0,-3.100484848022461,0.5291992425918579,3.6296842098236084,False,False
causal_target_1_feature_20_beta_2_lambda_0.001_seed_20260905,causal,20,1,2.0,0.001,20260905,0.08107595145702362,1.297215223312378,0.8463541865348816,0.8463541865348816,0.0,00111101101001100000101100100110,00111111101001100000101100100110,1,0.8641,0.864,9.999999999998899e-05,0.0,0.1039,0.7088,0.7088,659.3930053710938,0.17527585349082947,causal-margin-v2,2.0,0.5,0.0,0.703125,0.08984375,0.0,-2.933955192565918,0.178007572889328,3.1119627952575684,False,False
causal_target_1_feature_20_beta_2_lambda_0.001_seed_20260906,causal,20,1,2.0,0.001,20260906,0.08107595145702362,1.297215223312378,0.8463541865348816,0.8463541865348816,0.0,00111101101001100000101100100110,00111111101001100000101100100110,1,0.8641,0.864,9.999999999998899e-05,0.0,0.1039,0.8092,0.8092,655.2720947265625,0.17478766582012176,causal-margin-v2,2.0,0.5,0.0,0.84765625,0.08984375,0.0,-2.969470977783203,0.3294859528541565,3.298956871032715,False,False
causal_target_1_feature_35_beta_2_lambda_0.001_seed_20260904,causal,35,1,2.0,0.001,20260904,0.006039981730282307,1.5462353229522705,0.8463541865348816,0.84765625,-0.0013020634651184082,00111011110001011110101100001010,00111111110001011110101100001010,1,0.8641,0.8634,0.0007000000000000339,0.0,0.1018,0.1402,0.1402,790.7222290039062,0.1055370875954628,causal-margin-v2,2.0,0.5,0.0,0.15234375,0.08984375,0.0,-2.734290838241577,-0.21840021014213562,2.515890598297119,False,False
causal_target_1_feature_35_beta_2_lambda_0.001_seed_20260905,causal,35,1,2.0,0.001,20260905,0.006039981730282307,1.5462353229522705,0.8463541865348816,0.84765625,-0.0013020634651184082,00111011110001011110101100001010,00111111110001011110101100001010,1,0.8641,0.8634,0.0007000000000000339,0.0001,0.1018,0.0385,0.0384,688.0175170898438,0.1861833454608917,causal-margin-v2,2.0,0.5,0.0,0.07421875,0.08984375,0.0,-2.630052089691162,-0.7347536087036133,1.8952984809875488,False,False
causal_target_1_feature_35_beta_2_lambda_0.001_seed_20260906,causal,35,1,2.0,0.001,20260906,0.006039981730282307,1.5462353229522705,0.8463541865348816,0.84765625,-0.0013020634651184082,00111011110001011110101100001010,00111111110001011110101100001010,1,0.8641,0.8634,0.0007000000000000339,0.0,0.1018,0.045,0.045,700.5672607421875,0.1764873183965683,causal-margin-v2,2.0,0.5,0.0,0.05859375,0.08984375,0.0,-2.6176552772521973,-0.6449748277664185,1.9726805686950684,False,False
causal_target_1_feature_44_beta_2_lambda_0.001_seed_20260904,causal,44,1,2.0,0.001,20260904,0.007478985469788313,1.914620280265808,0.8463541865348816,0.84765625,-0.0013020634651184082,00111011111101010001001001000111,00111111111101010001001001000111,1,0.8641,0.8642,-9.999999999998899e-05,0.0,0.1041,0.398,0.398,655.4063720703125,0.19325885729789735,causal-margin-v2,2.0,0.5,0.0,0.40625,0.08984375,0.0,-2.80941104888916,-0.108955517411232,2.7004551887512207,False,False
causal_target_1_feature_44_beta_2_lambda_0.001_seed_20260905,causal,44,1,2.0,0.001,20260905,0.007478985469788313,1.914620280265808,0.8463541865348816,0.84765625,-0.0013020634651184082,00111011111101010001001001000111,00111111111101010001001001000111,1,0.8641,0.8642,-9.999999999998899e-05,0.0,0.1041,0.3357,0.3357,661.63525390625,0.2020481100797653,causal-margin-v2,2.0,0.5,0.0,0.39453125,0.08984375,0.0,-2.7848258018493652,-0.1312992423772812,2.6535263061523438,False,False
causal_target_1_feature_44_beta_2_lambda_0.001_seed_20260906,causal,44,1,2.0,0.001,20260906,0.007478985469788313,1.914620280265808,0.8463541865348816,0.84765625,-0.0013020634651184082,00111011111101010001001001000111,00111111111101010001001001000111,1,0.8641,0.8642,-9.999999999998899e-05,0.0,0.1041,0.3233,0.3233,643.16162109375,0.20507069787979126,causal-margin-v2,2.0,0.5,0.0,0.3515625,0.08984375,0.0,-2.8068418502807617,-0.14475244283676147,2.6620893478393555,False,False
causal_target_1_feature_48_beta_2_lambda_0.001_seed_20260904,causal,48,1,2.0,0.001,20260904,0.07063300162553787,1.130128026008606,0.8463541865348816,0.84765625,-0.0013020634651184082,00111101100100001010100000001001,00111111100100001010100000001001,1,0.8641,0.8643,-0.00019999999999997797,0.0,0.1039,0.061,0.061,655.4884033203125,0.21647365884780884,causal-margin-v2,2.0,0.5,0.0,0.10546875,0.08984375,0.0,-2.433690071105957,-0.58840012550354,1.845289945602417,False,False
causal_target_1_feature_48_beta_2_lambda_0.001_seed_20260905,causal,48,1,2.0,0.001,20260905,0.07063300162553787,1.130128026008606,0.8463541865348816,0.84765625,-0.0013020634651184082,00111101100100001010100000001001,00111111100100001010100000001001,1,0.8641,0.8643,-0.00019999999999997797,0.0089,0.1039,0.0572,0.0483,528.1362915039062,0.4066938422679901,causal-margin-v2,2.0,0.5,0.0078125,0.078125,0.08984375,0.0,-2.308285713195801,-1.3477391004562378,0.960546612739563,False,False
causal_target_1_feature_48_beta_2_lambda_0.001_seed_20260906,causal,48,1,2.0,0.001,20260906,0.07063300162553787,1.130128026008606,0.8463541865348816,0.84765625,-0.0013020634651184082,00111101100100001010100000001001,00111111100100001010100000001001,1,0.8641,0.8643,-0.00019999999999997797,0.0,0.1039,0.1698,0.1698,756.62158203125,0.1311985997915268,causal-margin-v2,2.0,0.5,0.0,0.2265625,0.08984375,0.0,-2.411886692047119,-0.27896755933761597,2.1329193115234375,False,False
causal_target_1_feature_58_beta_2_lambda_0.001_seed_20260904,causal,58,1,2.0,0.001,20260904,0.007061847019940615,1.8078328371047974,0.8463541865348816,0.8463541865348816,0.0,00111011111001110110011100010001,00111111111001110110011100010001,1,0.8641,0.8644,-0.00029999999999996696,0.0,0.1027,0.9319,0.9319,667.2593994140625,0.16654244101047516,causal-margin-v2,2.0,0.5,0.0,0.9609375,0.0859375,-0.00390625,-3.138366222381592,0.5024539828300476,3.640820264816284,True,True
causal_target_1_feature_58_beta_2_lambda_0.001_seed_20260905,causal,58,1,2.0,0.001,20260905,0.007061847019940615,1.8078328371047974,0.8463541865348816,0.8463541865348816,0.0,00111011111001110110011100010001,00111111111001110110011100010001,1,0.8641,0.8644,-0.00029999999999996696,0.0,0.1027,0.91,0.91,658.47607421875,0.1736382917881012,causal-margin-v2,2.0,0.5,0.0,0.88671875,0.0859375,-0.00390625,-3.1981780529022217,0.41424810886383057,3.6124260425567627,True,False
causal_target_1_feature_58_beta_2_lambda_0.001_seed_20260906,causal,58,1,2.0,0.001,20260906,0.007061847019940615,1.8078328371047974,0.8463541865348816,0.8463541865348816,0.0,00111011111001110110011100010001,00111111111001110110011100010001,1,0.8641,0.8644,-0.00029999999999996696,0.0,0.1027,0.9679,0.9679,672.4133911132812,0.16854163801670075,causal-margin-v2,2.0,0.5,0.0,0.98046875,0.0859375,-0.00390625,-3.3120534420013428,0.7749952077865601,4.087048530578613,True,True
causal_target_1_feature_59_beta_2_lambda_0.001_seed_20260904,causal,59,1,2.0,0.001,20260904,0.1021876260638237,1.6350020170211792,0.8463541865348816,0.84765625,-0.0013020634651184082,00111101110100010100011110111111,00111111110100010100011110111111,1,0.8641,0.8643,-0.00019999999999997797,0.0,0.1039,0.9903,0.9903,612.2247924804688,0.20949034407138825,causal-margin-v2,2.0,0.5,0.0,0.98046875,0.08984375,0.0,-3.6175076961517334,1.0504624843597412,4.667969703674316,True,True
causal_target_1_feature_59_beta_2_lambda_0.001_seed_20260905,causal,59,1,2.0,0.001,20260905,0.1021876260638237,1.6350020170211792,0.8463541865348816,0.84765625,-0.0013020634651184082,00111101110100010100011110111111,00111111110100010100011110111111,1,0.8641,0.8643,-0.00019999999999997797,0.0,0.1039,0.989,0.989,632.8817138671875,0.21613473179340362,causal-margin-v2,2.0,0.5,0.0,1.0,0.08984375,0.0,-3.5122478008270264,1.0184011459350586,4.530649185180664,True,True
causal_target_1_feature_59_beta_2_lambda_0.001_seed_20260906,causal,59,1,2.0,0.001,20260906,0.1021876260638237,1.6350020170211792,0.8463541865348816,0.84765625,-0.0013020634651184082,00111101110100010100011110111111,00111111110100010100011110111111,1,0.8641,0.8643,-0.00019999999999997797,0.0,0.1039,0.9905,0.9905,645.2706298828125,0.20630878167152406,causal-margin-v2,2.0,0.5,0.0,0.99609375,0.08984375,0.0,-3.8759751319885254,1.561484932899475,5.437459945678711,True,True
causal_target_1_feature_60_beta_2_lambda_0.001_seed_20260904,causal,60,1,2.0,0.001,20260904,0.006429153494536877,1.6458632946014404,0.8463541865348816,0.8489583730697632,-0.002604186534881592,00111011110100101010101110100110,00111111110100101010101110100110,1,0.8641,0.8631,0.0010000000000000009,0.0,0.1006,0.9459,0.9459,646.3892822265625,0.18054987847805024,causal-margin-v2,2.0,0.5,0.0,0.9453125,0.0859375,-0.00390625,-3.3533430099487305,0.661733865737915,4.015077114105225,False,True
causal_target_1_feature_60_beta_2_lambda_0.001_seed_20260905,causal,60,1,2.0,0.001,20260905,0.006429153494536877,1.6458632946014404,0.8463541865348816,0.8489583730697632,-0.002604186534881592,00111011110100101010101110100110,00111111110100101010101110100110,1,0.8641,0.8631,0.0010000000000000009,0.0,0.1006,0.9654,0.9654,653.0169677734375,0.19000008480548858,causal-margin-v2,2.0,0.5,0.0,0.96484375,0.0859375,-0.00390625,-3.432631254196167,0.7938715219497681,4.226502418518066,False,True
causal_target_1_feature_60_beta_2_lambda_0.001_seed_20260906,causal,60,1,2.0,0.001,20260906,0.006429153494536877,1.6458632946014404,0.8463541865348816,0.8489583730697632,-0.002604186534881592,00111011110100101010101110100110,00111111110100101010101110100110,1,0.8641,0.8631,0.0010000000000000009,0.0,0.1006,0.9831,0.9831,674.60888671875,0.1668951145887375,causal-margin-v2,2.0,0.5,0.0,0.98046875,0.0859375,-0.00390625,-3.425105571746826,0.8871815204620361,4.312287330627441,False,True
causal_target_1_feature_69_beta_2_lambda_0.001_seed_20260904,causal,69,1,2.0,0.001,20260904,0.11862588673830032,1.8980141878128052,0.8463541865348816,0.84765625,-0.0013020634651184082,00111101111100101111001000100001,00111111111100101111001000100001,1,0.8641,0.8645,-0.00040000000000006697,0.0,0.1056,0.9895,0.9895,643.608642578125,0.1932109690666199,causal-margin-v2,2.0,0.5,0.0,0.98828125,0.08984375,0.0,-3.624950885772705,1.207749605178833,4.832700729370117,True,True
causal_target_1_feature_69_beta_2_lambda_0.001_seed_20260905,causal,69,1,2.0,0.001,20260905,0.11862588673830032,1.8980141878128052,0.8463541865348816,0.84765625,-0.0013020634651184082,00111101111100101111001000100001,00111111111100101111001000100001,1,0.8641,0.8645,-0.00040000000000006697,0.0,0.1056,0.9976,0.9976,667.3951416015625,0.18080046093463897,causal-margin-v2,2.0,0.5,0.0,0.99609375,0.08984375,0.0,-3.5404603481292725,1.1646971702575684,4.705157279968262,True,True
causal_target_1_feature_69_beta_2_lambda_0.001_seed_20260906,causal,69,1,2.0,0.001,20260906,0.11862588673830032,1.8980141878128052,0.8463541865348816,0.84765625,-0.0013020634651184082,00111101111100101111001000100001,00111111111100101111001000100001,1,0.8641,0.8645,-0.00040000000000006697,0.0001,0.1056,0.9979,0.9978,675.2845458984375,0.17296331717967986,causal-margin-v2,2.0,0.5,0.0,0.99609375,0.08984375,0.0,-3.9814281463623047,1.6484904289245605,5.629918575286865,True,True
causal_target_1_feature_74_beta_2_lambda_0.001_seed_20260904,causal,74,1,2.0,0.001,20260904,0.10793091356754303,1.7268946170806885,0.8463541865348816,0.8463541865348816,0.0,00111101110111010000101011100010,00111111110111010000101011100010,1,0.8641,0.8645,-0.00040000000000006697,0.0,0.1041,0.9089,0.9089,660.8358764648438,0.18850333709716796,causal-margin-v2,2.0,0.5,0.0,0.9140625,0.08984375,0.0,-3.075084686279297,0.5844573974609375,3.6595420837402344,True,True
causal_target_1_feature_74_beta_2_lambda_0.001_seed_20260905,causal,74,1,2.0,0.001,20260905,0.10793091356754303,1.7268946170806885,0.8463541865348816,0.8463541865348816,0.0,00111101110111010000101011100010,00111111110111010000101011100010,1,0.8641,0.8645,-0.00040000000000006697,0.0,0.1041,0.9597,0.9597,650.014892578125,0.18469911329746247,causal-margin-v2,2.0,0.5,0.0,0.953125,0.08984375,0.0,-3.3197720050811768,0.8087204694747925,4.12849235534668,True,True
causal_target_1_feature_74_beta_2_lambda_0.001_seed_20260906,causal,74,1,2.0,0.001,20260906,0.10793091356754303,1.7268946170806885,0.8463541865348816,0.8463541865348816,0.0,00111101110111010000101011100010,00111111110111010000101011100010,1,0.8641,0.8645,-0.00040000000000006697,0.0,0.1041,0.9167,0.9167,673.7763671875,0.17753162353038787,causal-margin-v2,2.0,0.5,0.0,0.90625,0.08984375,0.0,-3.091217279434204,0.5645586848258972,3.655776023864746,True,True
causal_target_1_feature_92_beta_2_lambda_0.001_seed_20260904,causal,92,1,2.0,0.001,20260904,0.08441445231437683,1.3506312370300293,0.8463541865348816,0.8489583730697632,-0.002604186534881592,00111101101011001110000101111100,00111111101011001110000101111100,1,0.8641,0.8646,-0.000500000000000056,0.0,0.1057,0.9769,0.9769,642.749267578125,0.18540291531085967,causal-margin-v2,2.0,0.5,0.0,0.9921875,0.09375,0.00390625,-3.3794727325439453,0.8027075529098511,4.182180404663086,True,False
causal_target_1_feature_92_beta_2_lambda_0.001_seed_20260905,causal,92,1,2.0,0.001,20260905,0.08441445231437683,1.3506312370300293,0.8463541865348816,0.8489583730697632,-0.002604186534881592,00111101101011001110000101111100,00111111101011001110000101111100,1,0.8641,0.8646,-0.000500000000000056,0.0,0.1057,0.9342,0.9342,651.9671630859375,0.18560747420787813,causal-margin-v2,2.0,0.5,0.0,0.92578125,0.09375,0.00390625,-3.1835503578186035,0.578647255897522,3.762197971343994,True,False
causal_target_1_feature_92_beta_2_lambda_0.001_seed_20260906,causal,92,1,2.0,0.001,20260906,0.08441445231437683,1.3506312370300293,0.8463541865348816,0.8489583730697632,-0.002604186534881592,00111101101011001110000101111100,00111111101011001110000101111100,1,0.8641,0.8646,-0.000500000000000056,0.0,0.1057,0.9809,0.9809,655.1162109375,0.19010454461574555,causal-margin-v2,2.0,0.5,0.0,0.984375,0.09375,0.00390625,-3.3654885292053223,0.7928892374038696,4.158377647399902,True,False
causal_target_1_feature_99_beta_2_lambda_0.001_seed_20260904,causal,99,1,2.0,0.001,20260904,0.07119904458522797,1.1391847133636475,0.8463541865348816,0.84765625,-0.0013020634651184082,00111101100100011101000011001110,00111111100100011101000011001110,1,0.8641,0.8643,-0.00019999999999997797,0.0,0.1037,0.8474,0.8474,702.653564453125,0.1458710712194443,causal-margin-v2,2.0,0.5,0.0,0.8359375,0.08984375,0.0,-3.04384446144104,0.3733173906803131,3.417161703109741,False,False
causal_target_1_feature_99_beta_2_lambda_0.001_seed_20260905,causal,99,1,2.0,0.001,20260905,0.07119904458522797,1.1391847133636475,0.8463541865348816,0.84765625,-0.0013020634651184082,00111101100100011101000011001110,00111111100100011101000011001110,1,0.8641,0.8643,-0.00019999999999997797,0.0,0.1037,0.7313,0.7313,679.7526245117188,0.16335046646595,causal-margin-v2,2.0,0.5,0.0,0.7421875,0.08984375,0.0,-2.977214813232422,0.23825260996818542,3.2154674530029297,False,False
causal_target_1_feature_99_beta_2_lambda_0.001_seed_20260906,causal,99,1,2.0,0.001,20260906,0.07119904458522797,1.1391847133636475,0.8463541865348816,0.84765625,-0.0013020634651184082,00111101100100011101000011001110,00111111100100011101000011001110,1,0.8641,0.8643,-0.00019999999999997797,0.0,0.1037,0.7629,0.7629,714.5490112304688,0.1445556713581085,causal-margin-v2,2.0,0.5,0.0,0.734375,0.08984375,0.0,-2.9548113346099854,0.25709813833236694,3.211909532546997,False,False
causal_target_1_feature_101_beta_2_lambda_0.001_seed_20260904,causal,101,1,2.0,0.001,20260904,0.07937230169773102,1.2699568271636963,0.8463541865348816,0.8463541865348816,0.0,00111101101000101000110111110010,00111111101000101000110111110010,1,0.8641,0.8643,-0.00019999999999997797,0.0003,0.1042,0.835,0.8347,768.6751708984375,0.13175439274311065,causal-margin-v2,2.0,0.5,0.0,0.8359375,0.08984375,0.0,-2.0558688640594482,0.42560768127441406,2.481476306915283,False,False
causal_target_1_feature_101_beta_2_lambda_0.001_seed_20260905,causal,101,1,2.0,0.001,20260905,0.07937230169773102,1.2699568271636963,0.8463541865348816,0.8463541865348816,0.0,00111101101000101000110111110010,00111111101000101000110111110010,1,0.8641,0.8643,-0.00019999999999997797,0.0,0.1042,0.1629,0.1629,803.6470947265625,0.10713860003948211,causal-margin-v2,2.0,0.5,0.0,0.203125,0.08984375,0.0,-2.6236679553985596,-0.2346593141555786,2.3890087604522705,False,False
causal_target_1_feature_101_beta_2_lambda_0.001_seed_20260906,causal,101,1,2.0,0.001,20260906,0.07937230169773102,1.2699568271636963,0.8463541865348816,0.8463541865348816,0.0,00111101101000101000110111110010,00111111101000101000110111110010,1,0.8641,0.8643,-0.00019999999999997797,0.0,0.1042,0.4403,0.4403,764.7810668945312,0.1294323533296585,causal-margin-v2,2.0,0.5,0.0,0.41796875,0.08984375,0.0,-2.7110135555267334,-0.08048422634601593,2.6305294036865234,False,False
causal_target_1_feature_104_beta_2_lambda_0.001_seed_20260904,causal,104,1,2.0,0.001,20260904,0.0649145245552063,1.0386323928833008,0.8463541865348816,0.84765625,-0.0013020634651184082,00111101100001001111000111101000,00111111100001001111000111101000,1,0.8641,0.8644,-0.00029999999999996696,0.0009,0.1038,0.0192,0.018299999999999997,534.3038330078125,0.2846744456768036,causal-margin-v2,2.0,0.5,0.0,0.02734375,0.08984375,0.0,-2.236635208129883,-1.2888433933258057,0.947791576385498,False,False
causal_target_1_feature_104_beta_2_lambda_0.001_seed_20260905,causal,104,1,2.0,0.001,20260905,0.0649145245552063,1.0386323928833008,0.8463541865348816,0.84765625,-0.0013020634651184082,00111101100001001111000111101000,00111111100001001111000111101000,1,0.8641,0.8644,-0.00029999999999996696,0.0033,0.1038,0.0151,0.011800000000000001,513.8123168945312,0.3879378080368042,causal-margin-v2,2.0,0.5,0.00390625,0.03515625,0.08984375,0.0,-2.101935625076294,-1.550346851348877,0.551588773727417,False,False
causal_target_1_feature_104_beta_2_lambda_0.001_seed_20260906,causal,104,1,2.0,0.001,20260906,0.0649145245552063,1.0386323928833008,0.8463541865348816,0.84765625,-0.0013020634651184082,00111101100001001111000111101000,00111111100001001111000111101000,1,0.8641,0.8644,-0.00029999999999996696,0.0023,0.1038,0.0483,0.046,620.8706665039062,0.2138897369861603,causal-margin-v2,2.0,0.5,0.00390625,0.0625,0.08984375,0.0,-2.319126605987549,-1.1431419849395752,1.1759846210479736,False,False
causal_target_1_feature_105_beta_2_lambda_0.001_seed_20260904,causal,105,1,2.0,0.001,20260904,0.07757773995399475,1.241243839263916,0.8463541865348816,0.8463541865348816,0.0,00111101100111101110000100010100,00111111100111101110000100010100,1,0.8641,0.864,9.999999999998899e-05,0.0,0.1031,0.894,0.894,696.7672119140625,0.16613292696475981,causal-margin-v2,2.0,0.5,0.0,0.88671875,0.08984375,0.0,-3.102367639541626,0.46502208709716797,3.567389726638794,False,False
causal_target_1_feature_105_beta_2_lambda_0.001_seed_20260905,causal,105,1,2.0,0.001,20260905,0.07757773995399475,1.241243839263916,0.8463541865348816,0.8463541865348816,0.0,00111101100111101110000100010100,00111111100111101110000100010100,1,0.8641,0.864,9.999999999998899e-05,0.0,0.1031,0.702,0.702,696.10498046875,0.16767040464878083,causal-margin-v2,2.0,0.5,0.0,0.6796875,0.08984375,0.0,-2.9617068767547607,0.1722332239151001,3.1339399814605713,False,False
causal_target_1_feature_105_beta_2_lambda_0.001_seed_20260906,causal,105,1,2.0,0.001,20260906,0.07757773995399475,1.241243839263916,0.8463541865348816,0.8463541865348816,0.0,00111101100111101110000100010100,00111111100111101110000100010100,1,0.8641,0.864,9.999999999998899e-05,0.0,0.1031,0.6615,0.6615,682.1295776367188,0.16994043588638305,causal-margin-v2,2.0,0.5,0.0,0.6484375,0.08984375,0.0,-2.8921923637390137,0.13627851009368896,3.028470516204834,False,False
causal_target_1_feature_111_beta_2_lambda_0.001_seed_20260904,causal,111,1,2.0,0.001,20260904,0.07506775110960007,1.201084017753601,0.8463541865348816,0.8463541865348816,0.0,00111101100110011011110100011111,00111111100110011011110100011111,1,0.8641,0.8642,-9.999999999998899e-05,0.0,0.1037,0.7009,0.7009,647.4812622070312,0.17674068760871886,causal-margin-v2,2.0,0.5,0.0,0.66015625,0.08984375,0.0,-2.9327356815338135,0.15544697642326355,3.0881826877593994,False,False
causal_target_1_feature_111_beta_2_lambda_0.001_seed_20260905,causal,111,1,2.0,0.001,20260905,0.07506775110960007,1.201084017753601,0.8463541865348816,0.8463541865348816,0.0,00111101100110011011110100011111,00111111100110011011110100011111,1,0.8641,0.8642,-9.999999999998899e-05,0.0,0.1037,0.5358,0.5358,649.6943969726562,0.19644234936237334,causal-margin-v2,2.0,0.5,0.0,0.53125,0.08984375,0.0,-2.8052749633789062,0.03661058098077774,2.841885566711426,False,False
causal_target_1_feature_111_beta_2_lambda_0.001_seed_20260906,causal,111,1,2.0,0.001,20260906,0.07506775110960007,1.201084017753601,0.8463541865348816,0.8463541865348816,0.0,00111101100110011011110100011111,00111111100110011011110100011111,1,0.8641,0.8642,-9.999999999998899e-05,0.0,0.1037,0.5743,0.5743,650.640869140625,0.18942555351257323,causal-margin-v2,2.0,0.5,0.0,0.578125,0.08984375,0.0,-2.838183879852295,0.0725603848695755,2.9107441902160645,False,False
causal_target_1_feature_120_beta_2_lambda_0.001_seed_20260904,causal,120,1,2.0,0.001,20260904,0.09489117562770844,1.518258810043335,0.8463541865348816,0.8502604365348816,-0.00390625,00111101110000100101011001001110,00111111110000100101011001001110,1,0.8641,0.8651,-0.0010000000000000009,0.0,0.1051,0.9944,0.9944,640.6590576171875,0.20075667572021486,causal-margin-v2,2.0,0.5,0.0,0.984375,0.08984375,0.0,-3.676520824432373,1.3077309131622314,4.984251499176025,True,True
causal_target_1_feature_120_beta_2_lambda_0.001_seed_20260905,causal,120,1,2.0,0.001,20260905,0.09489117562770844,1.518258810043335,0.8463541865348816,0.8502604365348816,-0.00390625,00111101110000100101011001001110,00111111110000100101011001001110,1,0.8641,0.8651,-0.0010000000000000009,0.0,0.1051,0.9799,0.9799,651.0147705078125,0.18978462717533112,causal-margin-v2,2.0,0.5,0.0,0.98046875,0.08984375,0.0,-3.6311874389648438,1.139738917350769,4.770926475524902,True,True
causal_target_1_feature_120_beta_2_lambda_0.001_seed_20260906,causal,120,1,2.0,0.001,20260906,0.09489117562770844,1.518258810043335,0.8463541865348816,0.8502604365348816,-0.00390625,00111101110000100101011001001110,00111111110000100101011001001110,1,0.8641,0.8651,-0.0010000000000000009,0.0,0.1051,0.977,0.977,653.91552734375,0.19906092612743378,causal-margin-v2,2.0,0.5,0.0,0.98046875,0.08984375,0.0,-3.1960084438323975,1.054333209991455,4.250341892242432,True,True
causal_target_1_feature_123_beta_2_lambda_0.001_seed_20260904,causal,123,1,2.0,0.001,20260904,0.006429673638194799,1.6459964513778687,0.8463541865348816,0.84765625,-0.0013020634651184082,00111011110100101011000000000011,00111111110100101011000000000011,1,0.8641,0.8642,-9.999999999998899e-05,0.0,0.1038,0.4021,0.4021,776.2947387695312,0.12468190376758576,causal-margin-v2,2.0,0.5,0.0,0.4609375,0.08984375,0.0,-2.5785744190216064,-0.058257266879081726,2.5203170776367188,False,False
causal_target_1_feature_123_beta_2_lambda_0.001_seed_20260905,causal,123,1,2.0,0.001,20260905,0.006429673638194799,1.6459964513778687,0.8463541865348816,0.84765625,-0.0013020634651184082,00111011110100101011000000000011,00111111110100101011000000000011,1,0.8641,0.8642,-9.999999999998899e-05,0.0003,0.1038,0.224,0.2237,692.6312866210938,0.19512264201641083,causal-margin-v2,2.0,0.5,0.0,0.19921875,0.08984375,0.0,-2.413604736328125,-0.41393133997917175,1.9996734857559204,False,False
causal_target_1_feature_123_beta_2_lambda_0.001_seed_20260906,causal,123,1,2.0,0.001,20260906,0.006429673638194799,1.6459964513778687,0.8463541865348816,0.84765625,-0.0013020634651184082,00111011110100101011000000000011,00111111110100101011000000000011,1,0.8641,0.8642,-9.999999999998899e-05,0.0,0.1038,0.2021,0.2021,726.9009399414062,0.1666377528190613,causal-margin-v2,2.0,0.5,0.0,0.2109375,0.08984375,0.0,-2.7316102981567383,-0.41635021567344666,2.3152599334716797,False,False
causal_target_1_feature_124_beta_2_lambda_0.001_seed_20260904,causal,124,1,2.0,0.001,20260904,0.09728633612394333,1.5565813779830933,0.8463541865348816,0.84765625,-0.0013020634651184082,00111101110001110011111000001111,00111111110001110011111000001111,1,0.8641,0.8651,-0.0010000000000000009,0.0002,0.1053,0.6082,0.608,653.98486328125,0.19630386588573456,causal-margin-v2,2.0,0.5,0.0,0.6171875,0.08984375,0.0,-2.7789416313171387,0.15548673272132874,2.9344282150268555,False,False
causal_target_1_feature_124_beta_2_lambda_0.001_seed_20260905,causal,124,1,2.0,0.001,20260905,0.09728633612394333,1.5565813779830933,0.8463541865348816,0.84765625,-0.0013020634651184082,00111101110001110011111000001111,00111111110001110011111000001111,1,0.8641,0.8651,-0.0010000000000000009,0.0,0.1053,0.4719,0.4719,632.520751953125,0.21400613684654235,causal-margin-v2,2.0,0.5,0.0,0.4921875,0.08984375,0.0,-2.755436420440674,-0.037257201969623566,2.718179225921631,False,False
causal_target_1_feature_124_beta_2_lambda_0.001_seed_20260906,causal,124,1,2.0,0.001,20260906,0.09728633612394333,1.5565813779830933,0.8463541865348816,0.84765625,-0.0013020634651184082,00111101110001110011111000001111,00111111110001110011111000001111,1,0.8641,0.8651,-0.0010000000000000009,0.0,0.1053,0.7695,0.7695,673.3667602539062,0.186071475315094,causal-margin-v2,2.0,0.5,0.0,0.77734375,0.08984375,0.0,-2.849374294281006,0.24443849921226501,3.0938127040863037,False,False
causal_target_1_feature_125_beta_2_lambda_0.001_seed_20260904,causal,125,1,2.0,0.001,20260904,0.00572316674515605,1.4651306867599487,0.8463541865348816,0.8463541865348816,0.0,00111011101110111000100101100111,00111111101110111000100101100111,1,0.8641,0.8636,0.0004999999999999449,0.0003,0.1022,0.0838,0.0835,631.281494140625,0.2261351939201355,causal-margin-v2,2.0,0.5,0.0,0.109375,0.08984375,0.0,-2.533865451812744,-0.758266270160675,1.7755991220474243,False,False
causal_target_1_feature_125_beta_2_lambda_0.001_seed_20260905,causal,125,1,2.0,0.001,20260905,0.00572316674515605,1.4651306867599487,0.8463541865348816,0.8463541865348816,0.0,00111011101110111000100101100111,00111111101110111000100101100111,1,0.8641,0.8636,0.0004999999999999449,0.0,0.1022,0.0571,0.0571,680.8790893554688,0.1887157821893692,causal-margin-v2,2.0,0.5,0.0,0.08984375,0.08984375,0.0,-2.551586389541626,-0.6780785322189331,1.8735077381134033,False,False
causal_target_1_feature_125_beta_2_lambda_0.001_seed_20260906,causal,125,1,2.0,0.001,20260906,0.00572316674515605,1.4651306867599487,0.8463541865348816,0.8463541865348816,0.0,00111011101110111000100101100111,00111111101110111000100101100111,1,0.8641,0.8636,0.0004999999999999449,0.0,0.1022,0.0987,0.0987,739.385498046875,0.13350716474056243,causal-margin-v2,2.0,0.5,0.0,0.125,0.08984375,0.0,-2.6696159839630127,-0.5005125403404236,2.1691031455993652,False,False
causal_target_1_feature_131_beta_2_lambda_0.001_seed_20260904,causal,131,1,2.0,0.001,20260904,0.006660010199993849,1.7049626111984253,0.8463541865348816,0.8463541865348816,0.0,00111011110110100011110000110111,00111111110110100011110000110111,1,0.8641,0.8638,0.00029999999999996696,0.0002,0.1031,0.3757,0.3755,654.3764038085938,0.19638661210536956,causal-margin-v2,2.0,0.5,0.0,0.38671875,0.08984375,0.0,-2.7869019508361816,-0.10366006195545197,2.683241844177246,False,False
causal_target_1_feature_131_beta_2_lambda_0.001_seed_20260905,causal,131,1,2.0,0.001,20260905,0.006660010199993849,1.7049626111984253,0.8463541865348816,0.8463541865348816,0.0,00111011110110100011110000110111,00111111110110100011110000110111,1,0.8641,0.8638,0.00029999999999996696,0.0,0.1031,0.3583,0.3583,658.4581909179688,0.20164374730587006,causal-margin-v2,2.0,0.5,0.0,0.42578125,0.08984375,0.0,-2.7169415950775146,-0.11002423614263535,2.606917381286621,False,False
causal_target_1_feature_131_beta_2_lambda_0.001_seed_20260906,causal,131,1,2.0,0.001,20260906,0.006660010199993849,1.7049626111984253,0.8463541865348816,0.8463541865348816,0.0,00111011110110100011110000110111,00111111110110100011110000110111,1,0.8641,0.8638,0.00029999999999996696,0.0,0.1031,0.5645,0.5645,650.4783935546875,0.2033702090024948,causal-margin-v2,2.0,0.5,0.0,0.56640625,0.08984375,0.0,-2.6621253490448,0.03134622424840927,2.6934714317321777,False,False
causal_target_1_feature_134_beta_2_lambda_0.001_seed_20260904,causal,134,1,2.0,0.001,20260904,0.07106690853834152,1.1370705366134644,0.8463541865348816,0.84765625,-0.0013020634651184082,00111101100100011000101110000111,00111111100100011000101110000111,1,0.8641,0.8647,-0.0006000000000000449,0.0,0.1051,0.4831,0.4831,753.0930786132812,0.11913331183195114,causal-margin-v2,2.0,0.5,0.0,0.51953125,0.08984375,0.0,-2.7758748531341553,0.00626932829618454,2.782144069671631,False,False
causal_target_1_feature_134_beta_2_lambda_0.001_seed_20260905,causal,134,1,2.0,0.001,20260905,0.07106690853834152,1.1370705366134644,0.8463541865348816,0.84765625,-0.0013020634651184082,00111101100100011000101110000111,00111111100100011000101110000111,1,0.8641,0.8647,-0.0006000000000000449,0.0,0.1051,0.3821,0.3821,744.8902587890625,0.12707076935768127,causal-margin-v2,2.0,0.5,0.0,0.3671875,0.08984375,0.0,-2.769566535949707,-0.11384328454732895,2.6557233333587646,False,False
causal_target_1_feature_134_beta_2_lambda_0.001_seed_20260906,causal,134,1,2.0,0.001,20260906,0.07106690853834152,1.1370705366134644,0.8463541865348816,0.84765625,-0.0013020634651184082,00111101100100011000101110000111,00111111100100011000101110000111,1,0.8641,0.8647,-0.0006000000000000449,0.0,0.1051,0.443,0.443,738.2001953125,0.13538838522434235,causal-margin-v2,2.0,0.5,0.0,0.54296875,0.08984375,0.0,-2.736760377883911,0.01999708265066147,2.7567577362060547,False,False
causal_target_1_feature_135_beta_2_lambda_0.001_seed_20260904,causal,135,1,2.0,0.001,20260904,0.08302400261163712,1.3283840417861938,0.8463541865348816,0.84765625,-0.0013020634651184082,00111101101010100000100001111101,00111111101010100000100001111101,1,0.8641,0.8646,-0.000500000000000056,0.0,0.1043,0.6511,0.6511,745.913330078125,0.13815617837905883,causal-margin-v2,2.0,0.5,0.0,0.61328125,0.08984375,0.0,-2.3543622493743896,0.12358593940734863,2.4779481887817383,False,False
causal_target_1_feature_135_beta_2_lambda_0.001_seed_20260905,causal,135,1,2.0,0.001,20260905,0.08302400261163712,1.3283840417861938,0.8463541865348816,0.84765625,-0.0013020634651184082,00111101101010100000100001111101,00111111101010100000100001111101,1,0.8641,0.8646,-0.000500000000000056,0.0015,0.1043,0.405,0.4035,727.0977172851562,0.16330025911331178,causal-margin-v2,2.0,0.5,0.00390625,0.4140625,0.08984375,0.0,-2.4673917293548584,-0.096921905875206,2.370469808578491,False,False
causal_target_1_feature_135_beta_2_lambda_0.001_seed_20260906,causal,135,1,2.0,0.001,20260906,0.08302400261163712,1.3283840417861938,0.8463541865348816,0.84765625,-0.0013020634651184082,00111101101010100000100001111101,00111111101010100000100001111101,1,0.8641,0.8646,-0.000500000000000056,0.0002,0.1043,0.8922,0.892,735.1409301757812,0.15255423583984376,causal-margin-v2,2.0,0.5,0.0,0.890625,0.08984375,0.0,-2.0133273601531982,0.5694308280944824,2.5827581882476807,False,False
causal_target_1_feature_137_beta_2_lambda_0.001_seed_20260904,causal,137,1,2.0,0.001,20260904,0.08010724931955338,1.281715989112854,0.8463541865348816,0.84765625,-0.0013020634651184082,00111101101001000000111101000101,00111111101001000000111101000101,1,0.8641,0.8644,-0.00029999999999996696,0.0,0.1033,0.9682,0.9682,690.908935546875,0.1640251505613327,causal-margin-v2,2.0,0.5,0.0,0.96875,0.08984375,0.0,-3.049891710281372,0.5394381284713745,3.589329957962036,True,True
causal_target_1_feature_137_beta_2_lambda_0.001_seed_20260905,causal,137,1,2.0,0.001,20260905,0.08010724931955338,1.281715989112854,0.8463541865348816,0.84765625,-0.0013020634651184082,00111101101001000000111101000101,00111111101001000000111101000101,1,0.8641,0.8644,-0.00029999999999996696,0.0,0.1033,0.9776,0.9776,678.120849609375,0.1704433823108673,causal-margin-v2,2.0,0.5,0.0,0.98046875,0.08984375,0.0,-3.2647600173950195,0.7019144296646118,3.966674566268921,True,True
causal_target_1_feature_137_beta_2_lambda_0.001_seed_20260906,causal,137,1,2.0,0.001,20260906,0.08010724931955338,1.281715989112854,0.8463541865348816,0.84765625,-0.0013020634651184082,00111101101001000000111101000101,00111111101001000000111101000101,1,0.8641,0.8644,-0.00029999999999996696,0.0002,0.1033,0.8009,0.8007,696.6170654296875,0.17475867664813996,causal-margin-v2,2.0,0.5,0.0,0.84765625,0.08984375,0.0,-2.955132484436035,0.3957903981208801,3.3509230613708496,False,False
causal_target_1_feature_145_beta_2_lambda_0.001_seed_20260904,causal,145,1,2.0,0.001,20260904,0.09118484705686569,1.458957552909851,0.8463541865348816,0.84765625,-0.0013020634651184082,00111101101110101011111100011111,00111111101110101011111100011111,1,0.8641,0.8647,-0.0006000000000000449,0.012,0.1044,0.0639,0.0519,519.7885131835938,0.42355482568740843,causal-margin-v2,2.0,0.5,0.02734375,0.11328125,0.08984375,0.0,-2.0230259895324707,-1.168647050857544,0.8543789386749268,False,False
causal_target_1_feature_145_beta_2_lambda_0.001_seed_20260905,causal,145,1,2.0,0.001,20260905,0.09118484705686569,1.458957552909851,0.8463541865348816,0.84765625,-0.0013020634651184082,00111101101110101011111100011111,00111111101110101011111100011111,1,0.8641,0.8647,-0.0006000000000000449,0.0001,0.1044,0.0337,0.0336,591.5126953125,0.25228130412101746,causal-margin-v2,2.0,0.5,0.0,0.07421875,0.08984375,0.0,-2.2675228118896484,-0.8259395360946655,1.4415833950042725,False,False
causal_target_1_feature_145_beta_2_lambda_0.001_seed_20260906,causal,145,1,2.0,0.001,20260906,0.09118484705686569,1.458957552909851,0.8463541865348816,0.84765625,-0.0013020634651184082,00111101101110101011111100011111,00111111101110101011111100011111,1,0.8641,0.8647,-0.0006000000000000449,0.0028,0.1044,0.049,0.046200000000000005,544.8399658203125,0.36101885542869566,causal-margin-v2,2.0,0.5,0.0,0.06640625,0.08984375,0.0,-2.2955150604248047,-1.1799025535583496,1.1156126260757446,False,False
causal_target_1_feature_146_beta_2_lambda_0.001_seed_20260904,causal,146,1,2.0,0.001,20260904,0.06298737227916718,1.0077979564666748,0.8463541865348816,0.8463541865348816,0.0,00111101100000001111111110000110,00111111100000001111111110000110,1,0.8641,0.864,9.999999999998899e-05,0.0,0.1027,0.0778,0.0778,770.4445190429688,0.11320067390203475,causal-margin-v2,2.0,0.5,0.0,0.109375,0.08984375,0.0,-2.456220865249634,-0.45191195607185364,2.0043089389801025,False,False
causal_target_1_feature_146_beta_2_lambda_0.001_seed_20260905,causal,146,1,2.0,0.001,20260905,0.06298737227916718,1.0077979564666748,0.8463541865348816,0.8463541865348816,0.0,00111101100000001111111110000110,00111111100000001111111110000110,1,0.8641,0.864,9.999999999998899e-05,0.0,0.1027,0.0583,0.0583,652.85302734375,0.20598270940780639,causal-margin-v2,2.0,0.5,0.0,0.07421875,0.08984375,0.0,-2.18267822265625,-0.6800644397735596,1.5026137828826904,False,False
causal_target_1_feature_146_beta_2_lambda_0.001_seed_20260906,causal,146,1,2.0,0.001,20260906,0.06298737227916718,1.0077979564666748,0.8463541865348816,0.8463541865348816,0.0,00111101100000001111111110000110,00111111100000001111111110000110,1,0.8641,0.864,9.999999999998899e-05,0.0,0.1027,0.0685,0.0685,778.3546752929688,0.1046937731742859,causal-margin-v2,2.0,0.5,0.0,0.08203125,0.08984375,0.0,-2.569150924682617,-0.3996569514274597,2.1694939136505127,False,False
causal_target_1_feature_150_beta_2_lambda_0.001_seed_20260904,causal,150,1,2.0,0.001,20260904,0.08999459445476532,1.4399135112762451,0.8463541865348816,0.84765625,-0.0013020634651184082,00111101101110000100111100010110,00111111101110000100111100010110,1,0.8641,0.8644,-0.00029999999999996696,0.0,0.1042,0.5442,0.5442,712.80322265625,0.14645164823532106,causal-margin-v2,2.0,0.5,0.0,0.5625,0.08984375,0.0,-2.7854971885681152,0.04030869901180267,2.825805902481079,False,False
causal_target_1_feature_150_beta_2_lambda_0.001_seed_20260905,causal,150,1,2.0,0.001,20260905,0.08999459445476532,1.4399135112762451,0.8463541865348816,0.84765625,-0.0013020634651184082,00111101101110000100111100010110,00111111101110000100111100010110,1,0.8641,0.8644,-0.00029999999999996696,0.0,0.1042,0.6526,0.6526,683.6444702148438,0.16055472412109376,causal-margin-v2,2.0,0.5,0.0,0.69921875,0.08984375,0.0,-2.876453399658203,0.14725826680660248,3.023711681365967,False,False
causal_target_1_feature_150_beta_2_lambda_0.001_seed_20260906,causal,150,1,2.0,0.001,20260906,0.08999459445476532,1.4399135112762451,0.8463541865348816,0.84765625,-0.0013020634651184082,00111101101110000100111100010110,00111111101110000100111100010110,1,0.8641,0.8644,-0.00029999999999996696,0.0,0.1042,0.5512,0.5512,699.1529541015625,0.15411711938381195,causal-margin-v2,2.0,0.5,0.0,0.5546875,0.08984375,0.0,-2.7226874828338623,0.0409393236041069,2.7636265754699707,False,False
causal_target_1_feature_155_beta_2_lambda_0.001_seed_20260904,causal,155,1,2.0,0.001,20260904,0.06274988502264023,1.0039981603622437,0.8463541865348816,0.8463541865348816,0.0,00111101100000001000001100000011,00111111100000001000001100000011,1,0.8641,0.8642,-9.999999999998899e-05,0.0012,0.1036,0.0418,0.0406,588.0723266601562,0.251702334690094,causal-margin-v2,2.0,0.5,0.0,0.078125,0.08984375,0.0,-2.3493831157684326,-1.0727591514587402,1.2766239643096924,False,False
causal_target_1_feature_155_beta_2_lambda_0.001_seed_20260905,causal,155,1,2.0,0.001,20260905,0.06274988502264023,1.0039981603622437,0.8463541865348816,0.8463541865348816,0.0,00111101100000001000001100000011,00111111100000001000001100000011,1,0.8641,0.8642,-9.999999999998899e-05,0.0001,0.1036,0.0943,0.09419999999999999,686.4642333984375,0.16843589544296264,causal-margin-v2,2.0,0.5,0.0,0.109375,0.08984375,0.0,-2.4572367668151855,-0.6651183366775513,1.7921185493469238,False,False
causal_target_1_feature_155_beta_2_lambda_0.001_seed_20260906,causal,155,1,2.0,0.001,20260906,0.06274988502264023,1.0039981603622437,0.8463541865348816,0.8463541865348816,0.0,00111101100000001000001100000011,00111111100000001000001100000011,1,0.8641,0.8642,-9.999999999998899e-05,0.0,0.1036,0.1871,0.1871,767.967041015625,0.11788781437873841,causal-margin-v2,2.0,0.5,0.0,0.17578125,0.08984375,0.0,-2.484654426574707,-0.34690558910369873,2.137748956680298,False,False
causal_target_1_feature_164_beta_2_lambda_0.001_seed_20260904,causal,164,1,2.0,0.001,20260904,0.11380669474601746,1.8209071159362793,0.8463541865348816,0.8489583730697632,-0.002604186534881592,00111101111010010001001101111100,00111111111010010001001101111100,1,0.8641,0.8639,0.00019999999999997797,0.0,0.108,0.9948,0.9948,571.81396484375,0.2842747205734253,causal-margin-v2,2.0,0.5,0.0,1.0,0.09375,0.00390625,-3.826284170150757,1.4418070316314697,5.268091201782227,True,False
causal_target_1_feature_164_beta_2_lambda_0.001_seed_20260905,causal,164,1,2.0,0.001,20260905,0.11380669474601746,1.8209071159362793,0.8463541865348816,0.8489583730697632,-0.002604186534881592,00111101111010010001001101111100,00111111111010010001001101111100,1,0.8641,0.8639,0.00019999999999997797,0.0,0.108,0.996,0.996,600.1132202148438,0.25773334398269654,causal-margin-v2,2.0,0.5,0.0,1.0,0.09375,0.00390625,-3.7354800701141357,1.44046950340271,5.175950050354004,True,False
causal_target_1_feature_164_beta_2_lambda_0.001_seed_20260906,causal,164,1,2.0,0.001,20260906,0.11380669474601746,1.8209071159362793,0.8463541865348816,0.8489583730697632,-0.002604186534881592,00111101111010010001001101111100,00111111111010010001001101111100,1,0.8641,0.8639,0.00019999999999997797,0.0,0.108,0.996,0.996,602.9920654296875,0.26795990180969237,causal-margin-v2,2.0,0.5,0.0,1.0,0.09375,0.00390625,-3.9885804653167725,1.7638945579528809,5.752475261688232,True,False
causal_target_1_feature_165_beta_2_lambda_0.001_seed_20260904,causal,165,1,2.0,0.001,20260904,0.06654176861047745,1.0646682977676392,0.8463541865348816,0.84765625,-0.0013020634651184082,00111101100010000100011100001101,00111111100010000100011100001101,1,0.8641,0.8647,-0.0006000000000000449,0.0,0.1043,0.2498,0.2498,727.8269653320312,0.12675949902534484,causal-margin-v2,2.0,0.5,0.0,0.25,0.08984375,0.0,-2.7039170265197754,-0.13919079303741455,2.5647261142730713,False,False
causal_target_1_feature_165_beta_2_lambda_0.001_seed_20260905,causal,165,1,2.0,0.001,20260905,0.06654176861047745,1.0646682977676392,0.8463541865348816,0.84765625,-0.0013020634651184082,00111101100010000100011100001101,00111111100010000100011100001101,1,0.8641,0.8647,-0.0006000000000000449,0.0,0.1043,0.1306,0.1306,800.0442504882812,0.09202923007011414,causal-margin-v2,2.0,0.5,0.0,0.12890625,0.08984375,0.0,-2.7346975803375244,-0.2716078758239746,2.46308970451355,False,False
causal_target_1_feature_165_beta_2_lambda_0.001_seed_20260906,causal,165,1,2.0,0.001,20260906,0.06654176861047745,1.0646682977676392,0.8463541865348816,0.84765625,-0.0013020634651184082,00111101100010000100011100001101,00111111100010000100011100001101,1,0.8641,0.8647,-0.0006000000000000449,0.0,0.1043,0.4122,0.4122,753.0238037109375,0.11577254734039306,causal-margin-v2,2.0,0.5,0.0,0.48046875,0.08984375,0.0,-2.7273483276367188,-0.03187255561351776,2.6954758167266846,False,False
causal_target_1_feature_176_beta_2_lambda_0.001_seed_20260904,causal,176,1,2.0,0.001,20260904,0.09032797813415527,1.4452476501464844,0.8463541865348816,0.8463541865348816,0.0,00111101101110001111110111100000,00111111101110001111110111100000,1,0.8641,0.864,9.999999999998899e-05,0.0005,0.1041,0.7502,0.7497,752.1015014648438,0.133338924741745,causal-margin-v2,2.0,0.5,0.0,0.76171875,0.08984375,0.0,-1.9236843585968018,0.2556913495063782,2.179375648498535,False,False
causal_target_1_feature_176_beta_2_lambda_0.001_seed_20260905,causal,176,1,2.0,0.001,20260905,0.09032797813415527,1.4452476501464844,0.8463541865348816,0.8463541865348816,0.0,00111101101110001111110111100000,00111111101110001111110111100000,1,0.8641,0.864,9.999999999998899e-05,0.0,0.1041,0.362,0.362,761.0399780273438,0.12638623294830323,causal-margin-v2,2.0,0.5,0.0,0.3984375,0.08984375,0.0,-2.6484105587005615,-0.05397212505340576,2.5944385528564453,False,False
causal_target_1_feature_176_beta_2_lambda_0.001_seed_20260906,causal,176,1,2.0,0.001,20260906,0.09032797813415527,1.4452476501464844,0.8463541865348816,0.8463541865348816,0.0,00111101101110001111110111100000,00111111101110001111110111100000,1,0.8641,0.864,9.999999999998899e-05,0.0,0.1041,0.5345,0.5345,715.715087890625,0.15998418807983397,causal-margin-v2,2.0,0.5,0.0,0.55859375,0.08984375,0.0,-2.723337173461914,0.085206039249897,2.8085432052612305,False,False
causal_target_1_feature_185_beta_2_lambda_0.001_seed_20260904,causal,185,1,2.0,0.001,20260904,0.08483263105154037,1.357322096824646,0.8463541865348816,0.8489583730697632,-0.002604186534881592,00111101101011011011110010111011,00111111101011011011110010111011,1,0.8641,0.8648,-0.0007000000000000339,0.0,0.105,0.0943,0.0943,768.26708984375,0.11982422405481338,causal-margin-v2,2.0,0.5,0.0,0.1171875,0.08984375,0.0,-2.540266513824463,-0.42215242981910706,2.1181139945983887,False,False
causal_target_1_feature_185_beta_2_lambda_0.001_seed_20260905,causal,185,1,2.0,0.001,20260905,0.08483263105154037,1.357322096824646,0.8463541865348816,0.8489583730697632,-0.002604186534881592,00111101101011011011110010111011,00111111101011011011110010111011,1,0.8641,0.8648,-0.0007000000000000339,0.0,0.105,0.0539,0.0539,701.5518798828125,0.163362331366539,causal-margin-v2,2.0,0.5,0.0,0.08984375,0.08984375,0.0,-2.3766767978668213,-0.606582760810852,1.7700939178466797,False,False
causal_target_1_feature_185_beta_2_lambda_0.001_seed_20260906,causal,185,1,2.0,0.001,20260906,0.08483263105154037,1.357322096824646,0.8463541865348816,0.8489583730697632,-0.002604186534881592,00111101101011011011110010111011,00111111101011011011110010111011,1,0.8641,0.8648,-0.0007000000000000339,0.0,0.105,0.2682,0.2682,792.3444213867188,0.10031055365800857,causal-margin-v2,2.0,0.5,0.0,0.22265625,0.08984375,0.0,-2.630016803741455,-0.18544605374336243,2.444571018218994,False,False
causal_target_1_feature_199_beta_2_lambda_0.001_seed_20260904,causal,199,1,2.0,0.001,20260904,0.11694031953811646,1.8710451126098633,0.8463541865348816,0.8489583730697632,-0.002604186534881592,00111101111011110111111001101000,00111111111011110111111001101000,1,0.8641,0.864,9.999999999998899e-05,0.0,0.1073,0.9454,0.9454,588.8489990234375,0.25348138628005984,causal-margin-v2,2.0,0.5,0.0,0.9609375,0.09375,0.00390625,-3.236454725265503,0.7710633277893066,4.007518291473389,True,False
causal_target_1_feature_199_beta_2_lambda_0.001_seed_20260905,causal,199,1,2.0,0.001,20260905,0.11694031953811646,1.8710451126098633,0.8463541865348816,0.8489583730697632,-0.002604186534881592,00111101111011110111111001101000,00111111111011110111111001101000,1,0.8641,0.864,9.999999999998899e-05,0.0,0.1073,0.9778,0.9778,643.6171264648438,0.20236064302921294,causal-margin-v2,2.0,0.5,0.0,0.98046875,0.09375,0.00390625,-3.4242334365844727,0.9683014154434204,4.3925347328186035,True,False
causal_target_1_feature_199_beta_2_lambda_0.001_seed_20260906,causal,199,1,2.0,0.001,20260906,0.11694031953811646,1.8710451126098633,0.8463541865348816,0.8489583730697632,-0.002604186534881592,00111101111011110111111001101000,00111111111011110111111001101000,1,0.8641,0.864,9.999999999998899e-05,0.0,0.1073,0.9963,0.9963,660.5592041015625,0.1865452637195587,causal-margin-v2,2.0,0.5,0.0,0.99609375,0.09375,0.00390625,-3.7913756370544434,1.5116958618164062,5.30307149887085,True,False
causal_target_1_feature_202_beta_2_lambda_0.001_seed_20260904,causal,202,1,2.0,0.001,20260904,0.06841309368610382,1.0946094989776611,0.8463541865348816,0.84765625,-0.0013020634651184082,00111101100011000001110000101010,00111111100011000001110000101010,1,0.8641,0.8647,-0.0006000000000000449,0.007,0.104,0.0402,0.0332,516.8026123046875,0.396301539182663,causal-margin-v2,2.0,0.5,0.01953125,0.0703125,0.08984375,0.0,-2.160282611846924,-1.3761978149414062,0.7840849757194519,False,False
causal_target_1_feature_202_beta_2_lambda_0.001_seed_20260905,causal,202,1,2.0,0.001,20260905,0.06841309368610382,1.0946094989776611,0.8463541865348816,0.84765625,-0.0013020634651184082,00111101100011000001110000101010,00111111100011000001110000101010,1,0.8641,0.8647,-0.0006000000000000449,0.0101,0.104,0.038,0.0279,523.3309326171875,0.4070575928211212,causal-margin-v2,2.0,0.5,0.01171875,0.05859375,0.08984375,0.0,-2.1002631187438965,-1.4146416187286377,0.6856215000152588,False,False
causal_target_1_feature_202_beta_2_lambda_0.001_seed_20260906,causal,202,1,2.0,0.001,20260906,0.06841309368610382,1.0946094989776611,0.8463541865348816,0.84765625,-0.0013020634651184082,00111101100011000001110000101010,00111111100011000001110000101010,1,0.8641,0.8647,-0.0006000000000000449,0.0,0.104,0.0436,0.0436,701.3054809570312,0.14983830134868623,causal-margin-v2,2.0,0.5,0.0,0.078125,0.08984375,0.0,-2.3673598766326904,-0.7959898710250854,1.571370005607605,False,False
causal_target_1_feature_209_beta_2_lambda_0.001_seed_20260904,causal,209,1,2.0,0.001,20260904,0.08231913298368454,1.3171061277389526,0.8463541865348816,0.8489583730697632,-0.002604186534881592,00111101101010001001011011101111,00111111101010001001011011101111,1,0.8641,0.8648,-0.0007000000000000339,0.0,0.105,0.7255,0.7255,664.3977661132812,0.1665520301580429,causal-margin-v2,2.0,0.5,0.0,0.6953125,0.08984375,0.0,-2.9231672286987305,0.15917323529720306,3.082340717315674,False,False
causal_target_1_feature_209_beta_2_lambda_0.001_seed_20260905,causal,209,1,2.0,0.001,20260905,0.08231913298368454,1.3171061277389526,0.8463541865348816,0.8489583730697632,-0.002604186534881592,00111101101010001001011011101111,00111111101010001001011011101111,1,0.8641,0.8648,-0.0007000000000000339,0.0,0.105,0.4673,0.4673,709.144775390625,0.14294596717357635,causal-margin-v2,2.0,0.5,0.0,0.45703125,0.08984375,0.0,-2.7905330657958984,-0.0595131516456604,2.7310197353363037,False,False
causal_target_1_feature_209_beta_2_lambda_0.001_seed_20260906,causal,209,1,2.0,0.001,20260906,0.08231913298368454,1.3171061277389526,0.8463541865348816,0.8489583730697632,-0.002604186534881592,00111101101010001001011011101111,00111111101010001001011011101111,1,0.8641,0.8648,-0.0007000000000000339,0.0,0.105,0.9132,0.9132,705.6372680664062,0.15434082984924316,causal-margin-v2,2.0,0.5,0.0,0.92578125,0.08984375,0.0,-2.6161584854125977,0.5755302309989929,3.1916885375976562,True,True
causal_target_1_feature_234_beta_2_lambda_0.001_seed_20260904,causal,234,1,2.0,0.001,20260904,0.08395907282829285,1.3433451652526855,0.8463541865348816,0.8463541865348816,0.0,00111101101010111111001010111100,00111111101010111111001010111100,1,0.8641,0.8641,0.0,0.0,0.1032,0.1108,0.1108,819.8616333007812,0.08433986823558808,causal-margin-v2,2.0,0.5,0.0,0.08984375,0.08984375,0.0,-2.5936126708984375,-0.2591075301170349,2.334505319595337,False,False
causal_target_1_feature_234_beta_2_lambda_0.001_seed_20260905,causal,234,1,2.0,0.001,20260905,0.08395907282829285,1.3433451652526855,0.8463541865348816,0.8463541865348816,0.0,00111101101010111111001010111100,00111111101010111111001010111100,1,0.8641,0.8641,0.0,0.0,0.1032,0.1211,0.1211,778.5519409179688,0.10358154816627503,causal-margin-v2,2.0,0.5,0.0,0.16796875,0.08984375,0.0,-2.557379722595215,-0.2985366880893707,2.258842945098877,False,False
causal_target_1_feature_234_beta_2_lambda_0.001_seed_20260906,causal,234,1,2.0,0.001,20260906,0.08395907282829285,1.3433451652526855,0.8463541865348816,0.8463541865348816,0.0,00111101101010111111001010111100,00111111101010111111001010111100,1,0.8641,0.8641,0.0,0.0,0.1032,0.28,0.28,755.6240844726562,0.12247265589237213,causal-margin-v2,2.0,0.5,0.0,0.2890625,0.08984375,0.0,-2.7456352710723877,-0.166617751121521,2.5790176391601562,False,False
causal_target_1_feature_238_beta_2_lambda_0.001_seed_20260904,causal,238,1,2.0,0.001,20260904,0.06461969017982483,1.0339150428771973,0.8463541865348816,0.8463541865348816,0.0,00111101100001000101011101010100,00111111100001000101011101010100,1,0.8641,0.864,9.999999999998899e-05,0.0006,0.1033,0.979,0.9783999999999999,715.7518920898438,0.15181153104305267,causal-margin-v2,2.0,0.5,0.0,0.99609375,0.08984375,0.0,-1.7583022117614746,0.9238976240158081,2.682199716567993,True,True
causal_target_1_feature_238_beta_2_lambda_0.001_seed_20260905,causal,238,1,2.0,0.001,20260905,0.06461969017982483,1.0339150428771973,0.8463541865348816,0.8463541865348816,0.0,00111101100001000101011101010100,00111111100001000101011101010100,1,0.8641,0.864,9.999999999998899e-05,0.0,0.1033,0.4108,0.4108,778.84228515625,0.11389720059633256,causal-margin-v2,2.0,0.5,0.0,0.42578125,0.08984375,0.0,-2.5543947219848633,-0.034872740507125854,2.519522190093994,False,False
causal_target_1_feature_238_beta_2_lambda_0.001_seed_20260906,causal,238,1,2.0,0.001,20260906,0.06461969017982483,1.0339150428771973,0.8463541865348816,0.8463541865348816,0.0,00111101100001000101011101010100,00111111100001000101011101010100,1,0.8641,0.864,9.999999999998899e-05,0.0,0.1033,0.341,0.341,765.270751953125,0.12605291135311128,causal-margin-v2,2.0,0.5,0.0,0.35546875,0.08984375,0.0,-2.7484397888183594,-0.17152564227581024,2.576913833618164,False,False
causal_target_1_feature_242_beta_2_lambda_0.001_seed_20260904,causal,242,1,2.0,0.001,20260904,0.0752110406756401,1.2033766508102417,0.8463541865348816,0.84765625,-0.0013020634651184082,00111101100110100000100000111111,00111111100110100000100000111111,1,0.8641,0.8644,-0.00029999999999996696,0.0,0.1038,0.5278,0.5278,659.9580688476562,0.1928439372062683,causal-margin-v2,2.0,0.5,0.0,0.5234375,0.08984375,0.0,-2.876948595046997,-0.0029846616089344025,2.8739638328552246,False,False
causal_target_1_feature_242_beta_2_lambda_0.001_seed_20260905,causal,242,1,2.0,0.001,20260905,0.0752110406756401,1.2033766508102417,0.8463541865348816,0.84765625,-0.0013020634651184082,00111101100110100000100000111111,00111111100110100000100000111111,1,0.8641,0.8644,-0.00029999999999996696,0.0001,0.1038,0.8863,0.8862,717.3806762695312,0.17477374596595766,causal-margin-v2,2.0,0.5,0.0,0.89453125,0.08984375,0.0,-2.1502304077148438,0.4504290521144867,2.6006593704223633,False,False
causal_target_1_feature_242_beta_2_lambda_0.001_seed_20260906,causal,242,1,2.0,0.001,20260906,0.0752110406756401,1.2033766508102417,0.8463541865348816,0.84765625,-0.0013020634651184082,00111101100110100000100000111111,00111111100110100000100000111111,1,0.8641,0.8644,-0.00029999999999996696,0.0001,0.1038,0.4199,0.4198,683.4402465820312,0.1860691790342331,causal-margin-v2,2.0,0.5,0.0,0.4375,0.08984375,0.0,-2.719228982925415,-0.06572476029396057,2.6535043716430664,False,False
causal_target_1_feature_245_beta_2_lambda_0.001_seed_20260904,causal,245,1,2.0,0.001,20260904,0.06416040658950806,1.026566505432129,0.8463541865348816,0.8463541865348816,0.0,00111101100000110110011010001000,00111111100000110110011010001000,1,0.8641,0.8642,-9.999999999998899e-05,0.0,0.1036,0.461,0.461,679.461181640625,0.15987436225414275,causal-margin-v2,2.0,0.5,0.0,0.5,0.08984375,0.0,-2.7701640129089355,-0.01228988915681839,2.7578742504119873,False,False
causal_target_1_feature_245_beta_2_lambda_0.001_seed_20260905,causal,245,1,2.0,0.001,20260905,0.06416040658950806,1.026566505432129,0.8463541865348816,0.8463541865348816,0.0,00111101100000110110011010001000,00111111100000110110011010001000,1,0.8641,0.8642,-9.999999999998899e-05,0.0,0.1036,0.3487,0.3487,681.4232788085938,0.16090248947143554,causal-margin-v2,2.0,0.5,0.0,0.38671875,0.08984375,0.0,-2.787992238998413,-0.14315390586853027,2.644838333129883,False,False
causal_target_1_feature_245_beta_2_lambda_0.001_seed_20260906,causal,245,1,2.0,0.001,20260906,0.06416040658950806,1.026566505432129,0.8463541865348816,0.8463541865348816,0.0,00111101100000110110011010001000,00111111100000110110011010001000,1,0.8641,0.8642,-9.999999999998899e-05,0.0,0.1036,0.4009,0.4009,700.8207397460938,0.14425754671096802,causal-margin-v2,2.0,0.5,0.0,0.41796875,0.08984375,0.0,-2.732642650604248,-0.05251973867416382,2.6801228523254395,False,False
causal_target_1_feature_246_beta_2_lambda_0.001_seed_20260904,causal,246,1,2.0,0.001,20260904,0.07890787720680237,1.262526035308838,0.8463541865348816,0.84765625,-0.0013020634651184082,00111101101000011001101001110100,00111111101000011001101001110100,1,0.8641,0.8641,0.0,0.0,0.1033,0.4473,0.4473,679.532958984375,0.15904977061748504,causal-margin-v2,2.0,0.5,0.0,0.453125,0.08984375,0.0,-2.8112785816192627,-0.05420961603522301,2.7570691108703613,False,False
causal_target_1_feature_246_beta_2_lambda_0.001_seed_20260905,causal,246,1,2.0,0.001,20260905,0.07890787720680237,1.262526035308838,0.8463541865348816,0.84765625,-0.0013020634651184082,00111101101000011001101001110100,00111111101000011001101001110100,1,0.8641,0.8641,0.0,0.0001,0.1033,0.8761,0.876,705.113525390625,0.15533245468139648,causal-margin-v2,2.0,0.5,0.0,0.87890625,0.08984375,0.0,-2.153089761734009,0.4350398778915405,2.588129758834839,False,False
causal_target_1_feature_246_beta_2_lambda_0.001_seed_20260906,causal,246,1,2.0,0.001,20260906,0.07890787720680237,1.262526035308838,0.8463541865348816,0.84765625,-0.0013020634651184082,00111101101000011001101001110100,00111111101000011001101001110100,1,0.8641,0.8641,0.0,0.0001,0.1033,0.6933,0.6932,671.8930053710938,0.17597666170597076,causal-margin-v2,2.0,0.5,0.0,0.72265625,0.08984375,0.0,-2.909792900085449,0.2376215159893036,3.147414207458496,False,False
causal_target_1_feature_251_beta_2_lambda_0.001_seed_20260904,causal,251,1,2.0,0.001,20260904,0.00448174262419343,1.147326111793518,0.8463541865348816,0.8463541865348816,0.0,00111011100100101101101110010101,00111111100100101101101110010101,1,0.8641,0.8643,-0.00019999999999997797,0.0,0.1025,0.4793,0.4793,647.1498413085938,0.18911339697837828,causal-margin-v2,2.0,0.5,0.0,0.44921875,0.0859375,-0.00390625,-2.837597370147705,-0.03479859232902527,2.8027987480163574,False,False
causal_target_1_feature_251_beta_2_lambda_0.001_seed_20260905,causal,251,1,2.0,0.001,20260905,0.00448174262419343,1.147326111793518,0.8463541865348816,0.8463541865348816,0.0,00111011100100101101101110010101,00111111100100101101101110010101,1,0.8641,0.8643,-0.00019999999999997797,0.0,0.1025,0.7342,0.7342,648.231201171875,0.18063554558753966,causal-margin-v2,2.0,0.5,0.0,0.70703125,0.0859375,-0.00390625,-2.996349334716797,0.20773190259933472,3.2040812969207764,False,False
causal_target_1_feature_251_beta_2_lambda_0.001_seed_20260906,causal,251,1,2.0,0.001,20260906,0.00448174262419343,1.147326111793518,0.8463541865348816,0.8463541865348816,0.0,00111011100100101101101110010101,00111111100100101101101110010101,1,0.8641,0.8643,-0.00019999999999997797,0.0,0.1025,0.5502,0.5502,657.7005615234375,0.1979173912525177,causal-margin-v2,2.0,0.5,0.0,0.59765625,0.0859375,-0.00390625,-2.651921510696411,0.09368652105331421,2.74560809135437,False,False
causal_target_1_feature_254_beta_2_lambda_0.001_seed_20260904,causal,254,1,2.0,0.001,20260904,0.06772513687610626,1.0836021900177002,0.8463541865348816,0.84765625,-0.0013020634651184082,00111101100010101011001101111010,00111111100010101011001101111010,1,0.8641,0.864,9.999999999998899e-05,0.0,0.1039,0.5283,0.5283,780.6871337890625,0.11135460152626038,causal-margin-v2,2.0,0.5,0.0,0.55859375,0.08984375,0.0,-2.3498735427856445,0.02423795312643051,2.3741114139556885,False,False
causal_target_1_feature_254_beta_2_lambda_0.001_seed_20260905,causal,254,1,2.0,0.001,20260905,0.06772513687610626,1.0836021900177002,0.8463541865348816,0.84765625,-0.0013020634651184082,00111101100010101011001101111010,00111111100010101011001101111010,1,0.8641,0.864,9.999999999998899e-05,0.0002,0.1039,0.1381,0.1379,733.9111328125,0.13859309375286102,causal-margin-v2,2.0,0.5,0.0,0.1640625,0.08984375,0.0,-2.480762481689453,-0.5010260343551636,1.979736328125,False,False
causal_target_1_feature_254_beta_2_lambda_0.001_seed_20260906,causal,254,1,2.0,0.001,20260906,0.06772513687610626,1.0836021900177002,0.8463541865348816,0.84765625,-0.0013020634651184082,00111101100010101011001101111010,00111111100010101011001101111010,1,0.8641,0.864,9.999999999998899e-05,0.0004,0.1039,0.5733,0.5729000000000001,748.1366577148438,0.127235946059227,causal-margin-v2,2.0,0.5,0.0,0.62109375,0.08984375,0.0,-1.9885687828063965,0.08700978010892868,2.0755786895751953,False,False
causal_target_1_feature_263_beta_2_lambda_0.001_seed_20260904,causal,263,1,2.0,0.001,20260904,0.004491268657147884,1.1497647762298584,0.8463541865348816,0.84765625,-0.0013020634651184082,00111011100100110010101101111110,00111111100100110010101101111110,1,0.8641,0.8645,-0.00040000000000006697,0.0,0.1038,0.0517,0.0517,709.476318359375,0.15295720179080963,causal-margin-v2,2.0,0.5,0.0,0.07421875,0.08984375,0.0,-2.4894464015960693,-0.565118670463562,1.9243273735046387,False,False
causal_target_1_feature_263_beta_2_lambda_0.001_seed_20260905,causal,263,1,2.0,0.001,20260905,0.004491268657147884,1.1497647762298584,0.8463541865348816,0.84765625,-0.0013020634651184082,00111011100100110010101101111110,00111111100100110010101101111110,1,0.8641,0.8645,-0.00040000000000006697,0.0002,0.1038,0.0328,0.032600000000000004,577.0177001953125,0.29974755268096925,causal-margin-v2,2.0,0.5,0.0,0.06640625,0.08984375,0.0,-2.435185670852661,-0.9321296811103821,1.5030559301376343,False,False
causal_target_1_feature_263_beta_2_lambda_0.001_seed_20260906,causal,263,1,2.0,0.001,20260906,0.004491268657147884,1.1497647762298584,0.8463541865348816,0.84765625,-0.0013020634651184082,00111011100100110010101101111110,00111111100100110010101101111110,1,0.8641,0.8645,-0.00040000000000006697,0.0005,0.1038,0.0823,0.0818,639.1105346679688,0.22411177084445955,causal-margin-v2,2.0,0.5,0.00390625,0.1015625,0.08984375,0.0,-2.4610366821289062,-0.7216408252716064,1.739396095275879,False,False
causal_target_1_feature_278_beta_2_lambda_0.001_seed_20260904,causal,278,1,2.0,0.001,20260904,0.06793732196092606,1.086997151374817,0.8463541865348816,0.8463541865348816,0.0,00111101100010110010001010111001,00111111100010110010001010111001,1,0.8641,0.8642,-9.999999999998899e-05,0.0,0.1034,0.4527,0.4527,728.964111328125,0.12768684389591217,causal-margin-v2,2.0,0.5,0.0,0.39453125,0.08984375,0.0,-2.812729835510254,-0.04529839754104614,2.7674314975738525,False,False
causal_target_1_feature_278_beta_2_lambda_0.001_seed_20260905,causal,278,1,2.0,0.001,20260905,0.06793732196092606,1.086997151374817,0.8463541865348816,0.8463541865348816,0.0,00111101100010110010001010111001,00111111100010110010001010111001,1,0.8641,0.8642,-9.999999999998899e-05,0.0,0.1034,0.4343,0.4343,724.9253540039062,0.13782608537673952,causal-margin-v2,2.0,0.5,0.0,0.40625,0.08984375,0.0,-2.837570905685425,-0.08474018424749374,2.752830982208252,False,False
causal_target_1_feature_278_beta_2_lambda_0.001_seed_20260906,causal,278,1,2.0,0.001,20260906,0.06793732196092606,1.086997151374817,0.8463541865348816,0.8463541865348816,0.0,00111101100010110010001010111001,00111111100010110010001010111001,1,0.8641,0.8642,-9.999999999998899e-05,0.0,0.1034,0.3542,0.3542,748.3866577148438,0.1281887523174286,causal-margin-v2,2.0,0.5,0.0,0.3828125,0.08984375,0.0,-2.740487575531006,-0.11340838670730591,2.6270792484283447,False,False
causal_target_1_feature_285_beta_2_lambda_0.001_seed_20260904,causal,285,1,2.0,0.001,20260904,0.07678060978651047,1.2284897565841675,0.8463541865348816,0.8463541865348816,0.0,00111101100111010011111100100111,00111111100111010011111100100111,1,0.8641,0.8641,0.0,0.0001,0.1037,0.1007,0.1006,634.8510131835938,0.20095798041820526,causal-margin-v2,2.0,0.5,0.00390625,0.1171875,0.08984375,0.0,-2.2557644844055176,-0.6053543090820312,1.6504100561141968,False,False
causal_target_1_feature_285_beta_2_lambda_0.001_seed_20260905,causal,285,1,2.0,0.001,20260905,0.07678060978651047,1.2284897565841675,0.8463541865348816,0.8463541865348816,0.0,00111101100111010011111100100111,00111111100111010011111100100111,1,0.8641,0.8641,0.0,0.0,0.1037,0.2589,0.2589,704.9633178710938,0.15894254503250121,causal-margin-v2,2.0,0.5,0.0,0.25,0.08984375,0.0,-2.3093667030334473,-0.298766553401947,2.0106000900268555,False,False
causal_target_1_feature_285_beta_2_lambda_0.001_seed_20260906,causal,285,1,2.0,0.001,20260906,0.07678060978651047,1.2284897565841675,0.8463541865348816,0.8463541865348816,0.0,00111101100111010011111100100111,00111111100111010011111100100111,1,0.8641,0.8641,0.0,0.0003,0.1037,0.1072,0.10690000000000001,702.0833740234375,0.16074681859016418,causal-margin-v2,2.0,0.5,0.0,0.15625,0.08984375,0.0,-2.1818647384643555,-0.5096725225448608,1.672192096710205,False,False
causal_target_1_feature_287_beta_2_lambda_0.001_seed_20260904,causal,287,1,2.0,0.001,20260904,0.005548614077270031,1.420445203781128,0.8463541865348816,0.8489583730697632,-0.002604186534881592,00111011101101011101000100100110,00111111101101011101000100100110,1,0.8641,0.8638,0.00029999999999996696,0.0,0.1016,0.1112,0.1112,709.6027221679688,0.16700976574420928,causal-margin-v2,2.0,0.5,0.0,0.14453125,0.0859375,-0.00390625,-2.469501256942749,-0.4874974489212036,1.9820036888122559,False,False
causal_target_1_feature_287_beta_2_lambda_0.001_seed_20260905,causal,287,1,2.0,0.001,20260905,0.005548614077270031,1.420445203781128,0.8463541865348816,0.8489583730697632,-0.002604186534881592,00111011101101011101000100100110,00111111101101011101000100100110,1,0.8641,0.8638,0.00029999999999996696,0.0,0.1016,0.0512,0.0512,745.5595703125,0.14121056888103486,causal-margin-v2,2.0,0.5,0.0,0.08203125,0.0859375,-0.00390625,-2.6002798080444336,-0.5970253944396973,2.0032541751861572,False,False
causal_target_1_feature_287_beta_2_lambda_0.001_seed_20260906,causal,287,1,2.0,0.001,20260906,0.005548614077270031,1.420445203781128,0.8463541865348816,0.8489583730697632,-0.002604186534881592,00111011101101011101000100100110,00111111101101011101000100100110,1,0.8641,0.8638,0.00029999999999996696,0.0,0.1016,0.0781,0.0781,762.2949829101562,0.1298693051815033,causal-margin-v2,2.0,0.5,0.0,0.09765625,0.0859375,-0.00390625,-2.6984925270080566,-0.4945536255836487,2.2039389610290527,False,False
causal_target_1_feature_288_beta_2_lambda_0.001_seed_20260904,causal,288,1,2.0,0.001,20260904,0.11936216056346893,1.909794569015503,0.8463541865348816,0.8489583730697632,-0.002604186534881592,00111101111101000111010000100110,00111111111101000111010000100110,1,0.8641,0.8649,-0.0008000000000000229,0.0,0.1052,0.9926,0.9926,633.32861328125,0.19023772873878478,causal-margin-v2,2.0,0.5,0.0,0.9921875,0.08984375,0.0,-3.67777156829834,1.3145495653152466,4.992321014404297,True,True
causal_target_1_feature_288_beta_2_lambda_0.001_seed_20260905,causal,288,1,2.0,0.001,20260905,0.11936216056346893,1.909794569015503,0.8463541865348816,0.8489583730697632,-0.002604186534881592,00111101111101000111010000100110,00111111111101000111010000100110,1,0.8641,0.8649,-0.0008000000000000229,0.0,0.1052,0.992,0.992,614.11669921875,0.21402199380397796,causal-margin-v2,2.0,0.5,0.0,0.99609375,0.08984375,0.0,-3.6062803268432617,1.2402408123016357,4.846521377563477,True,True
causal_target_1_feature_288_beta_2_lambda_0.001_seed_20260906,causal,288,1,2.0,0.001,20260906,0.11936216056346893,1.909794569015503,0.8463541865348816,0.8489583730697632,-0.002604186534881592,00111101111101000111010000100110,00111111111101000111010000100110,1,0.8641,0.8649,-0.0008000000000000229,0.0,0.1052,0.9931,0.9931,647.14453125,0.19184198558330537,causal-margin-v2,2.0,0.5,0.0,0.99609375,0.08984375,0.0,-3.743001937866211,1.283117651939392,5.026119232177734,True,True
causal_target_1_feature_290_beta_2_lambda_0.001_seed_20260904,causal,290,1,2.0,0.001,20260904,0.10914240032434464,1.7462784051895142,0.8463541865348816,0.84765625,-0.0013020634651184082,00111101110111111000011000001101,00111111110111111000011000001101,1,0.8641,0.8643,-0.00019999999999997797,0.0,0.1067,0.8862,0.8862,684.1942138671875,0.17318169152736665,causal-margin-v2,2.0,0.5,0.0,0.8828125,0.09375,0.00390625,-3.0982155799865723,0.5068138241767883,3.605029582977295,False,False
causal_target_1_feature_290_beta_2_lambda_0.001_seed_20260905,causal,290,1,2.0,0.001,20260905,0.10914240032434464,1.7462784051895142,0.8463541865348816,0.84765625,-0.0013020634651184082,00111101110111111000011000001101,00111111110111111000011000001101,1,0.8641,0.8643,-0.00019999999999997797,0.0,0.1067,0.9006,0.9006,668.7181396484375,0.17978838250637055,causal-margin-v2,2.0,0.5,0.0,0.89453125,0.09375,0.00390625,-3.094709634780884,0.49527931213378906,3.5899887084960938,True,False
causal_target_1_feature_290_beta_2_lambda_0.001_seed_20260906,causal,290,1,2.0,0.001,20260906,0.10914240032434464,1.7462784051895142,0.8463541865348816,0.84765625,-0.0013020634651184082,00111101110111111000011000001101,00111111110111111000011000001101,1,0.8641,0.8643,-0.00019999999999997797,0.0,0.1067,0.9134,0.9134,676.9584350585938,0.17727621154785156,causal-margin-v2,2.0,0.5,0.0,0.9453125,0.09375,0.00390625,-3.0528931617736816,0.6494460701942444,3.7023391723632812,True,False
causal_target_1_feature_294_beta_2_lambda_0.001_seed_20260904,causal,294,1,2.0,0.001,20260904,0.005027754232287407,1.2871050834655762,0.8463541865348816,0.8463541865348816,0.0,00111011101001001011111111011100,00111111101001001011111111011100,1,0.8641,0.8646,-0.000500000000000056,0.0102,0.1033,0.0328,0.022600000000000002,504.3144226074219,0.43878018441200256,causal-margin-v2,2.0,0.5,0.015625,0.0625,0.08984375,0.0,-2.2408447265625,-1.5649206638336182,0.6759241223335266,False,False
causal_target_1_feature_294_beta_2_lambda_0.001_seed_20260905,causal,294,1,2.0,0.001,20260905,0.005027754232287407,1.2871050834655762,0.8463541865348816,0.8463541865348816,0.0,00111011101001001011111111011100,00111111101001001011111111011100,1,0.8641,0.8646,-0.000500000000000056,0.0006,0.1033,0.0152,0.0146,512.4917602539062,0.338281623506546,causal-margin-v2,2.0,0.5,0.0,0.01953125,0.08984375,0.0,-2.398733377456665,-1.2708799839019775,1.127853512763977,False,False
causal_target_1_feature_294_beta_2_lambda_0.001_seed_20260906,causal,294,1,2.0,0.001,20260906,0.005027754232287407,1.2871050834655762,0.8463541865348816,0.8463541865348816,0.0,00111011101001001011111111011100,00111111101001001011111111011100,1,0.8641,0.8646,-0.000500000000000056,0.0006,0.1033,0.0231,0.0225,582.6943359375,0.280402706861496,causal-margin-v2,2.0,0.5,0.0,0.04296875,0.08984375,0.0,-2.3902063369750977,-1.1573123931884766,1.232893705368042,False,False
causal_target_1_feature_298_beta_2_lambda_0.001_seed_20260904,causal,298,1,2.0,0.001,20260904,0.07864191383123398,1.2582706212997437,0.8463541865348816,0.8463541865348816,0.0,00111101101000010000111100000011,00111111101000010000111100000011,1,0.8641,0.8639,0.00019999999999997797,0.0,0.1032,0.6835,0.6835,723.5674438476562,0.14688816244602204,causal-margin-v2,2.0,0.5,0.0,0.703125,0.08984375,0.0,-2.8920907974243164,0.17646324634552002,3.068554162979126,False,False
causal_target_1_feature_298_beta_2_lambda_0.001_seed_20260905,causal,298,1,2.0,0.001,20260905,0.07864191383123398,1.2582706212997437,0.8463541865348816,0.8463541865348816,0.0,00111101101000010000111100000011,00111111101000010000111100000011,1,0.8641,0.8639,0.00019999999999997797,0.0,0.1032,0.9257,0.9257,701.42822265625,0.14803232340812683,causal-margin-v2,2.0,0.5,0.0,0.9453125,0.08984375,0.0,-3.102170944213867,0.5539293885231018,3.656100273132324,True,True
causal_target_1_feature_298_beta_2_lambda_0.001_seed_20260906,causal,298,1,2.0,0.001,20260906,0.07864191383123398,1.2582706212997437,0.8463541865348816,0.8463541865348816,0.0,00111101101000010000111100000011,00111111101000010000111100000011,1,0.8641,0.8639,0.00019999999999997797,0.0,0.1032,0.4964,0.4964,680.8565063476562,0.16402392764091492,causal-margin-v2,2.0,0.5,0.0,0.48828125,0.08984375,0.0,-2.8009157180786133,-0.0030203014612197876,2.7978954315185547,False,False
causal_target_1_feature_302_beta_2_lambda_0.001_seed_20260904,causal,302,1,2.0,0.001,20260904,0.075851209461689,1.213619351387024,0.8463541865348816,0.8463541865348816,0.0,00111101100110110101011111100001,00111111100110110101011111100001,1,0.8641,0.8645,-0.00040000000000006697,0.0,0.1035,0.5845,0.5845,692.1806640625,0.15761932611465454,causal-margin-v2,2.0,0.5,0.0,0.5546875,0.08984375,0.0,-2.870483160018921,0.0374278724193573,2.9079108238220215,False,False
causal_target_1_feature_302_beta_2_lambda_0.001_seed_20260905,causal,302,1,2.0,0.001,20260905,0.075851209461689,1.213619351387024,0.8463541865348816,0.8463541865348816,0.0,00111101100110110101011111100001,00111111100110110101011111100001,1,0.8641,0.8645,-0.00040000000000006697,0.0,0.1035,0.485,0.485,749.8154296875,0.13110470678806305,causal-margin-v2,2.0,0.5,0.0,0.5234375,0.08984375,0.0,-2.584329843521118,0.018462833017110825,2.602792739868164,False,False
causal_target_1_feature_302_beta_2_lambda_0.001_seed_20260906,causal,302,1,2.0,0.001,20260906,0.075851209461689,1.213619351387024,0.8463541865348816,0.8463541865348816,0.0,00111101100110110101011111100001,00111111100110110101011111100001,1,0.8641,0.8645,-0.00040000000000006697,0.0,0.1035,0.6197,0.6197,665.7275390625,0.1699899528503418,causal-margin-v2,2.0,0.5,0.0,0.59765625,0.08984375,0.0,-2.917006492614746,0.06619861721992493,2.9832050800323486,False,False
causal_target_1_feature_305_beta_2_lambda_0.001_seed_20260904,causal,305,1,2.0,0.001,20260904,0.08023558557033539,1.2837693691253662,0.8463541865348816,0.8463541865348816,0.0,00111101101001000101001010001110,00111111101001000101001010001110,1,0.8641,0.864,9.999999999998899e-05,0.0,0.1032,0.4472,0.4472,709.9423828125,0.14322047090530396,causal-margin-v2,2.0,0.5,0.0,0.4453125,0.08984375,0.0,-2.7978713512420654,-0.026874732226133347,2.770996570587158,False,False
causal_target_1_feature_305_beta_2_lambda_0.001_seed_20260905,causal,305,1,2.0,0.001,20260905,0.08023558557033539,1.2837693691253662,0.8463541865348816,0.8463541865348816,0.0,00111101101001000101001010001110,00111111101001000101001010001110,1,0.8641,0.864,9.999999999998899e-05,0.0,0.1032,0.264,0.264,731.5975341796875,0.13601677339076995,causal-margin-v2,2.0,0.5,0.0,0.26953125,0.08984375,0.0,-2.72446346282959,-0.15308023989200592,2.571383237838745,False,False
causal_target_1_feature_305_beta_2_lambda_0.001_seed_20260906,causal,305,1,2.0,0.001,20260906,0.08023558557033539,1.2837693691253662,0.8463541865348816,0.8463541865348816,0.0,00111101101001000101001010001110,00111111101001000101001010001110,1,0.8641,0.864,9.999999999998899e-05,0.0,0.1032,0.7117,0.7117,692.5023803710938,0.16018848984241485,causal-margin-v2,2.0,0.5,0.0,0.67578125,0.08984375,0.0,-2.988323211669922,0.20803195238113403,3.196354866027832,False,False
causal_target_1_feature_319_beta_2_lambda_0.001_seed_20260904,causal,319,1,2.0,0.001,20260904,0.06350410729646683,1.0160657167434692,0.8463541865348816,0.84765625,-0.0013020634651184082,00111101100000100000111001110001,00111111100000100000111001110001,1,0.8641,0.8648,-0.0007000000000000339,0.0,0.1044,0.1504,0.1504,744.4926147460938,0.1344861932992935,causal-margin-v2,2.0,0.5,0.0,0.1484375,0.08984375,0.0,-2.6001245975494385,-0.38197386264801025,2.2181506156921387,False,False
causal_target_1_feature_319_beta_2_lambda_0.001_seed_20260905,causal,319,1,2.0,0.001,20260905,0.06350410729646683,1.0160657167434692,0.8463541865348816,0.84765625,-0.0013020634651184082,00111101100000100000111001110001,00111111100000100000111001110001,1,0.8641,0.8648,-0.0007000000000000339,0.0,0.1044,0.1724,0.1724,742.6130981445312,0.13230397977828978,causal-margin-v2,2.0,0.5,0.0,0.24609375,0.08984375,0.0,-2.574099540710449,-0.2873590588569641,2.286740303039551,False,False
causal_target_1_feature_319_beta_2_lambda_0.001_seed_20260906,causal,319,1,2.0,0.001,20260906,0.06350410729646683,1.0160657167434692,0.8463541865348816,0.84765625,-0.0013020634651184082,00111101100000100000111001110001,00111111100000100000111001110001,1,0.8641,0.8648,-0.0007000000000000339,0.0,0.1044,0.5625,0.5625,767.8123779296875,0.12206073285341262,causal-margin-v2,2.0,0.5,0.0,0.578125,0.08984375,0.0,-2.3864073753356934,0.07000037282705307,2.4564075469970703,False,False
causal_target_1_feature_324_beta_2_lambda_0.001_seed_20260904,causal,324,1,2.0,0.001,20260904,0.005089025944471359,1.302790641784668,0.8463541865348816,0.84765625,-0.0013020634651184082,00111011101001101100000111011000,00111111101001101100000111011000,1,0.8641,0.8636,0.0004999999999999449,0.0018,0.1017,0.0077,0.005900000000000001,479.6099548339844,0.43227343521118167,causal-margin-v2,2.0,0.5,0.0,0.015625,0.08984375,0.0,-2.2860703468322754,-1.6477463245391846,0.6383241415023804,False,False
causal_target_1_feature_324_beta_2_lambda_0.001_seed_20260905,causal,324,1,2.0,0.001,20260905,0.005089025944471359,1.302790641784668,0.8463541865348816,0.84765625,-0.0013020634651184082,00111011101001101100000111011000,00111111101001101100000111011000,1,0.8641,0.8636,0.0004999999999999449,0.001,0.1017,0.0144,0.013399999999999999,571.438720703125,0.3130877473831177,causal-margin-v2,2.0,0.5,0.0,0.02734375,0.08984375,0.0,-2.400430679321289,-1.3819284439086914,1.0185022354125977,False,False
causal_target_1_feature_324_beta_2_lambda_0.001_seed_20260906,causal,324,1,2.0,0.001,20260906,0.005089025944471359,1.302790641784668,0.8463541865348816,0.84765625,-0.0013020634651184082,00111011101001101100000111011000,00111111101001101100000111011000,1,0.8641,0.8636,0.0004999999999999449,0.0008,0.1017,0.0134,0.0126,571.8079833984375,0.2880732455730438,causal-margin-v2,2.0,0.5,0.0,0.02734375,0.08984375,0.0,-2.4102134704589844,-1.3097563982009888,1.100456953048706,False,False
causal_target_1_feature_326_beta_2_lambda_0.001_seed_20260904,causal,326,1,2.0,0.001,20260904,0.08717493712902069,1.394798994064331,0.8463541865348816,0.8502604365348816,-0.00390625,00111101101100101000100011000110,00111111101100101000100011000110,1,0.8641,0.865,-0.0009000000000000119,0.0,0.1053,0.429,0.429,737.582763671875,0.1433027412891388,causal-margin-v2,2.0,0.5,0.0,0.45703125,0.08984375,0.0,-2.574204206466675,-0.021186262369155884,2.5530178546905518,False,False
causal_target_1_feature_326_beta_2_lambda_0.001_seed_20260905,causal,326,1,2.0,0.001,20260905,0.08717493712902069,1.394798994064331,0.8463541865348816,0.8502604365348816,-0.00390625,00111101101100101000100011000110,00111111101100101000100011000110,1,0.8641,0.865,-0.0009000000000000119,0.0,0.1053,0.574,0.574,736.205078125,0.13954894454479216,causal-margin-v2,2.0,0.5,0.0,0.62109375,0.08984375,0.0,-2.8114662170410156,0.09035816043615341,2.901824474334717,False,False
causal_target_1_feature_326_beta_2_lambda_0.001_seed_20260906,causal,326,1,2.0,0.001,20260906,0.08717493712902069,1.394798994064331,0.8463541865348816,0.8502604365348816,-0.00390625,00111101101100101000100011000110,00111111101100101000100011000110,1,0.8641,0.865,-0.0009000000000000119,0.0,0.1053,0.7546,0.7546,740.1480712890625,0.13143341677188874,causal-margin-v2,2.0,0.5,0.0,0.81640625,0.08984375,0.0,-2.8140883445739746,0.31409913301467896,3.1281871795654297,False,False
causal_target_1_feature_327_beta_2_lambda_0.001_seed_20260904,causal,327,1,2.0,0.001,20260904,0.08001764863729477,1.2802823781967163,0.8463541865348816,0.84765625,-0.0013020634651184082,00111101101000111110000001001011,00111111101000111110000001001011,1,0.8641,0.8644,-0.00029999999999996696,0.0001,0.1048,0.5599,0.5598,649.1697998046875,0.19797016735076906,causal-margin-v2,2.0,0.5,0.0,0.5703125,0.08984375,0.0,-2.841073751449585,0.059788186103105545,2.900861978530884,False,False
causal_target_1_feature_327_beta_2_lambda_0.001_seed_20260905,causal,327,1,2.0,0.001,20260905,0.08001764863729477,1.2802823781967163,0.8463541865348816,0.84765625,-0.0013020634651184082,00111101101000111110000001001011,00111111101000111110000001001011,1,0.8641,0.8644,-0.00029999999999996696,0.0002,0.1048,0.5521,0.5519000000000001,635.9130859375,0.217243332695961,causal-margin-v2,2.0,0.5,0.0,0.57421875,0.08984375,0.0,-2.731351852416992,0.09743830561637878,2.8287901878356934,False,False
causal_target_1_feature_327_beta_2_lambda_0.001_seed_20260906,causal,327,1,2.0,0.001,20260906,0.08001764863729477,1.2802823781967163,0.8463541865348816,0.84765625,-0.0013020634651184082,00111101101000111110000001001011,00111111101000111110000001001011,1,0.8641,0.8644,-0.00029999999999996696,0.0001,0.1048,0.9126,0.9125,670.5916137695312,0.17786015546321868,causal-margin-v2,2.0,0.5,0.0,0.9140625,0.08984375,0.0,-2.407839298248291,0.6853305101394653,3.093169689178467,True,True
causal_target_1_feature_333_beta_2_lambda_0.001_seed_20260904,causal,333,1,2.0,0.001,20260904,0.09748140722513199,1.5597025156021118,0.8463541865348816,0.84765625,-0.0013020634651184082,00111101110001111010010001010101,00111111110001111010010001010101,1,0.8641,0.8641,0.0,0.0,0.106,0.9862,0.9862,616.7102661132812,0.20902495381832123,causal-margin-v2,2.0,0.5,0.0,0.98828125,0.09375,0.00390625,-3.6097397804260254,1.2926759719848633,4.902416229248047,True,False
causal_target_1_feature_333_beta_2_lambda_0.001_seed_20260905,causal,333,1,2.0,0.001,20260905,0.09748140722513199,1.5597025156021118,0.8463541865348816,0.84765625,-0.0013020634651184082,00111101110001111010010001010101,00111111110001111010010001010101,1,0.8641,0.8641,0.0,0.0,0.106,0.9928,0.9928,609.9464111328125,0.22381257412433625,causal-margin-v2,2.0,0.5,0.0,0.99609375,0.09375,0.00390625,-3.742501735687256,1.2869482040405273,5.029449462890625,True,False
causal_target_1_feature_333_beta_2_lambda_0.001_seed_20260906,causal,333,1,2.0,0.001,20260906,0.09748140722513199,1.5597025156021118,0.8463541865348816,0.84765625,-0.0013020634651184082,00111101110001111010010001010101,00111111110001111010010001010101,1,0.8641,0.8641,0.0,0.0,0.106,0.9941,0.9941,622.35595703125,0.2077170261144638,causal-margin-v2,2.0,0.5,0.0,0.99609375,0.09375,0.00390625,-3.6060500144958496,1.1849734783172607,4.7910237312316895,True,False
causal_target_1_feature_336_beta_2_lambda_0.001_seed_20260904,causal,336,1,2.0,0.001,20260904,0.10825104266405106,1.732016682624817,0.8463541865348816,0.84765625,-0.0013020634651184082,00111101110111011011001010111001,00111111110111011011001010111001,1,0.8641,0.8649,-0.0008000000000000229,0.0,0.1045,0.9786,0.9786,693.6154174804688,0.16381624338626863,causal-margin-v2,2.0,0.5,0.0,0.9765625,0.08984375,0.0,-3.3763680458068848,0.8234802484512329,4.199848175048828,True,True
causal_target_1_feature_336_beta_2_lambda_0.001_seed_20260905,causal,336,1,2.0,0.001,20260905,0.10825104266405106,1.732016682624817,0.8463541865348816,0.84765625,-0.0013020634651184082,00111101110111011011001010111001,00111111110111011011001010111001,1,0.8641,0.8649,-0.0008000000000000229,0.0,0.1045,0.9773,0.9773,669.8351440429688,0.1757666440486908,causal-margin-v2,2.0,0.5,0.0,0.96484375,0.08984375,0.0,-3.3106131553649902,0.8446757793426514,4.155289173126221,True,True
causal_target_1_feature_336_beta_2_lambda_0.001_seed_20260906,causal,336,1,2.0,0.001,20260906,0.10825104266405106,1.732016682624817,0.8463541865348816,0.84765625,-0.0013020634651184082,00111101110111011011001010111001,00111111110111011011001010111001,1,0.8641,0.8649,-0.0008000000000000229,0.0001,0.1045,0.9159,0.9158000000000001,701.2607421875,0.16770660555362701,causal-margin-v2,2.0,0.5,0.0,0.9140625,0.08984375,0.0,-3.2191905975341797,0.6521620750427246,3.8713526725769043,True,True
causal_target_1_feature_350_beta_2_lambda_0.001_seed_20260904,causal,350,1,2.0,0.001,20260904,0.07281682640314102,1.1650692224502563,0.8463541865348816,0.84765625,-0.0013020634651184082,00111101100101010010000011111101,00111111100101010010000011111101,1,0.8641,0.8648,-0.0007000000000000339,0.0001,0.1046,0.0646,0.0645,642.569091796875,0.19859555010795593,causal-margin-v2,2.0,0.5,0.0,0.0625,0.08984375,0.0,-2.3322830200195312,-0.6197354793548584,1.7125473022460938,False,False
causal_target_1_feature_350_beta_2_lambda_0.001_seed_20260905,causal,350,1,2.0,0.001,20260905,0.07281682640314102,1.1650692224502563,0.8463541865348816,0.84765625,-0.0013020634651184082,00111101100101010010000011111101,00111111100101010010000011111101,1,0.8641,0.8648,-0.0007000000000000339,0.0083,0.1046,0.0488,0.0405,529.0761108398438,0.41270891938209536,causal-margin-v2,2.0,0.5,0.00390625,0.078125,0.08984375,0.0,-2.1501479148864746,-1.3237718343734741,0.8263759613037109,False,False
causal_target_1_feature_350_beta_2_lambda_0.001_seed_20260906,causal,350,1,2.0,0.001,20260906,0.07281682640314102,1.1650692224502563,0.8463541865348816,0.84765625,-0.0013020634651184082,00111101100101010010000011111101,00111111100101010010000011111101,1,0.8641,0.8648,-0.0007000000000000339,0.0,0.1046,0.104,0.104,749.514404296875,0.12879581146240235,causal-margin-v2,2.0,0.5,0.0,0.14453125,0.08984375,0.0,-2.4915266036987305,-0.4075523018836975,2.0839743614196777,False,False
causal_target_1_feature_357_beta_2_lambda_0.001_seed_20260904,causal,357,1,2.0,0.001,20260904,0.09115836769342422,1.4585338830947876,0.8463541865348816,0.84765625,-0.0013020634651184082,00111101101110101011000100111101,00111111101110101011000100111101,1,0.8641,0.8643,-0.00019999999999997797,0.0,0.1053,0.9172,0.9172,684.0718383789062,0.1591438006401062,causal-margin-v2,2.0,0.5,0.0,0.90234375,0.08984375,0.0,-3.126511573791504,0.5559154748916626,3.682426929473877,True,True
causal_target_1_feature_357_beta_2_lambda_0.001_seed_20260905,causal,357,1,2.0,0.001,20260905,0.09115836769342422,1.4585338830947876,0.8463541865348816,0.84765625,-0.0013020634651184082,00111101101110101011000100111101,00111111101110101011000100111101,1,0.8641,0.8643,-0.00019999999999997797,0.0,0.1053,0.882,0.882,671.4505004882812,0.17232003934383391,causal-margin-v2,2.0,0.5,0.0,0.86328125,0.08984375,0.0,-3.064138412475586,0.3570331931114197,3.4211716651916504,False,False
causal_target_1_feature_357_beta_2_lambda_0.001_seed_20260906,causal,357,1,2.0,0.001,20260906,0.09115836769342422,1.4585338830947876,0.8463541865348816,0.84765625,-0.0013020634651184082,00111101101110101011000100111101,00111111101110101011000100111101,1,0.8641,0.8643,-0.00019999999999997797,0.0,0.1053,0.9178,0.9178,679.0204467773438,0.16779820713996887,causal-margin-v2,2.0,0.5,0.0,0.9140625,0.08984375,0.0,-3.0391101837158203,0.5373685359954834,3.576478958129883,True,True
causal_target_1_feature_360_beta_2_lambda_0.001_seed_20260904,causal,360,1,2.0,0.001,20260904,0.005496474448591471,1.4070974588394165,0.8463541865348816,0.8463541865348816,0.0,00111011101101000001101111000101,00111111101101000001101111000101,1,0.8641,0.8642,-9.999999999998899e-05,0.0,0.1032,0.2044,0.2044,769.232177734375,0.11069488260746002,causal-margin-v2,2.0,0.5,0.0,0.203125,0.08984375,0.0,-2.783738374710083,-0.25206753611564636,2.5316708087921143,False,False
causal_target_1_feature_360_beta_2_lambda_0.001_seed_20260905,causal,360,1,2.0,0.001,20260905,0.005496474448591471,1.4070974588394165,0.8463541865348816,0.8463541865348816,0.0,00111011101101000001101111000101,00111111101101000001101111000101,1,0.8641,0.8642,-9.999999999998899e-05,0.0,0.1032,0.2006,0.2006,802.797607421875,0.09922989735603333,causal-margin-v2,2.0,0.5,0.0,0.20703125,0.08984375,0.0,-2.7612180709838867,-0.23947963118553162,2.521738052368164,False,False
causal_target_1_feature_360_beta_2_lambda_0.001_seed_20260906,causal,360,1,2.0,0.001,20260906,0.005496474448591471,1.4070974588394165,0.8463541865348816,0.8463541865348816,0.0,00111011101101000001101111000101,00111111101101000001101111000101,1,0.8641,0.8642,-9.999999999998899e-05,0.0,0.1032,0.2714,0.2714,753.9199829101562,0.11765075459480286,causal-margin-v2,2.0,0.5,0.0,0.27734375,0.08984375,0.0,-2.7492456436157227,-0.17041529715061188,2.5788302421569824,False,False
causal_target_1_feature_374_beta_2_lambda_0.001_seed_20260904,causal,374,1,2.0,0.001,20260904,0.005202092230319977,1.331735610961914,0.8463541865348816,0.8489583730697632,-0.002604186534881592,00111011101010100111011001010000,00111111101010100111011001010000,1,0.8641,0.8639,0.00019999999999997797,0.0011,0.1016,0.0108,0.0097,536.400390625,0.27625070853233336,causal-margin-v2,2.0,0.5,0.0,0.02734375,0.08984375,0.0,-2.345123767852783,-1.3962054252624512,0.9489182829856873,False,False
causal_target_1_feature_374_beta_2_lambda_0.001_seed_20260905,causal,374,1,2.0,0.001,20260905,0.005202092230319977,1.331735610961914,0.8463541865348816,0.8489583730697632,-0.002604186534881592,00111011101010100111011001010000,00111111101010100111011001010000,1,0.8641,0.8639,0.00019999999999997797,0.0006,0.1016,0.0135,0.0129,551.6572265625,0.28141942796707153,causal-margin-v2,2.0,0.5,0.0,0.0234375,0.08984375,0.0,-2.3265633583068848,-1.4138617515563965,0.9127016067504883,False,False
causal_target_1_feature_374_beta_2_lambda_0.001_seed_20260906,causal,374,1,2.0,0.001,20260906,0.005202092230319977,1.331735610961914,0.8463541865348816,0.8489583730697632,-0.002604186534881592,00111011101010100111011001010000,00111111101010100111011001010000,1,0.8641,0.8639,0.00019999999999997797,0.0026,0.1016,0.0179,0.0153,510.53564453125,0.3198558653831482,causal-margin-v2,2.0,0.5,0.0,0.03515625,0.08984375,0.0,-2.294996738433838,-1.4327847957611084,0.8622121214866638,False,False
causal_target_1_feature_376_beta_2_lambda_0.001_seed_20260904,causal,376,1,2.0,0.001,20260904,0.08612062782049179,1.3779300451278687,0.8463541865348816,0.8489583730697632,-0.002604186534881592,00111101101100000110000000000011,00111111101100000110000000000011,1,0.8641,0.8648,-0.0007000000000000339,0.0001,0.1054,0.8922,0.8921,703.1788940429688,0.16651541013717652,causal-margin-v2,2.0,0.5,0.0,0.86328125,0.08984375,0.0,-3.1085095405578613,0.4913972318172455,3.5999066829681396,False,False
causal_target_1_feature_376_beta_2_lambda_0.001_seed_20260905,causal,376,1,2.0,0.001,20260905,0.08612062782049179,1.3779300451278687,0.8463541865348816,0.8489583730697632,-0.002604186534881592,00111101101100000110000000000011,00111111101100000110000000000011,1,0.8641,0.8648,-0.0007000000000000339,0.0002,0.1054,0.9884,0.9882,722.39599609375,0.16118295629024507,causal-margin-v2,2.0,0.5,0.0,0.984375,0.08984375,0.0,-2.518444061279297,1.1729872226715088,3.6914310455322266,True,True
causal_target_1_feature_376_beta_2_lambda_0.001_seed_20260906,causal,376,1,2.0,0.001,20260906,0.08612062782049179,1.3779300451278687,0.8463541865348816,0.8489583730697632,-0.002604186534881592,00111101101100000110000000000011,00111111101100000110000000000011,1,0.8641,0.8648,-0.0007000000000000339,0.0,0.1054,0.9387,0.9387,699.3046875,0.16946992874145508,causal-margin-v2,2.0,0.5,0.0,0.94140625,0.08984375,0.0,-3.284653425216675,0.7545028924942017,4.039155960083008,True,True
causal_target_1_feature_380_beta_2_lambda_0.001_seed_20260904,causal,380,1,2.0,0.001,20260904,0.06511909514665604,1.0419055223464966,0.8463541865348816,0.8489583730697632,-0.002604186534881592,00111101100001010101110100101001,00111111100001010101110100101001,1,0.8641,0.8651,-0.0010000000000000009,0.0,0.1043,0.0536,0.0536,721.922607421875,0.16714080622196198,causal-margin-v2,2.0,0.5,0.0,0.0859375,0.08984375,0.0,-2.4830572605133057,-0.631561279296875,1.8514959812164307,False,False
causal_target_1_feature_380_beta_2_lambda_0.001_seed_20260905,causal,380,1,2.0,0.001,20260905,0.06511909514665604,1.0419055223464966,0.8463541865348816,0.8489583730697632,-0.002604186534881592,00111101100001010101110100101001,00111111100001010101110100101001,1,0.8641,0.8651,-0.0010000000000000009,0.0095,0.1043,0.0452,0.035699999999999996,523.5370483398438,0.42149246068000795,causal-margin-v2,2.0,0.5,0.0078125,0.06640625,0.08984375,0.0,-2.1904499530792236,-1.4142959117889404,0.7761539816856384,False,False
causal_target_1_feature_380_beta_2_lambda_0.001_seed_20260906,causal,380,1,2.0,0.001,20260906,0.06511909514665604,1.0419055223464966,0.8463541865348816,0.8489583730697632,-0.002604186534881592,00111101100001010101110100101001,00111111100001010101110100101001,1,0.8641,0.8651,-0.0010000000000000009,0.0009,0.1043,0.0861,0.0852,609.7885131835938,0.24533415763378144,causal-margin-v2,2.0,0.5,0.0,0.07421875,0.08984375,0.0,-2.182950973510742,-0.7552059888839722,1.42774498462677,False,False
causal_target_1_feature_390_beta_2_lambda_0.001_seed_20260904,causal,390,1,2.0,0.001,20260904,0.09816666692495346,1.5706666707992554,0.8463541865348816,0.8463541865348816,0.0,00111101110010010000101110011011,00111111110010010000101110011011,1,0.8641,0.8641,0.0,0.0,0.1032,0.9899,0.9899,662.1781005859375,0.17406880552768708,causal-margin-v2,2.0,0.5,0.0,0.984375,0.08984375,0.0,-3.5362701416015625,0.9609075784683228,4.497177600860596,True,True
causal_target_1_feature_390_beta_2_lambda_0.001_seed_20260905,causal,390,1,2.0,0.001,20260905,0.09816666692495346,1.5706666707992554,0.8463541865348816,0.8463541865348816,0.0,00111101110010010000101110011011,00111111110010010000101110011011,1,0.8641,0.8641,0.0,0.0,0.1032,0.9893,0.9893,658.8275756835938,0.17984347763061523,causal-margin-v2,2.0,0.5,0.0,0.9921875,0.08984375,0.0,-3.508117437362671,0.9918457865715027,4.499963283538818,True,True
causal_target_1_feature_390_beta_2_lambda_0.001_seed_20260906,causal,390,1,2.0,0.001,20260906,0.09816666692495346,1.5706666707992554,0.8463541865348816,0.8463541865348816,0.0,00111101110010010000101110011011,00111111110010010000101110011011,1,0.8641,0.8641,0.0,0.0,0.1032,0.9844,0.9844,670.666015625,0.17219080097675324,causal-margin-v2,2.0,0.5,0.0,0.98046875,0.08984375,0.0,-3.5814998149871826,1.032606840133667,4.61410665512085,True,True
causal_target_1_feature_391_beta_2_lambda_0.001_seed_20260904,causal,391,1,2.0,0.001,20260904,0.07426364719867706,1.188218355178833,0.8463541865348816,0.84765625,-0.0013020634651184082,00111101100110000001011110001010,00111111100110000001011110001010,1,0.8641,0.865,-0.0009000000000000119,0.0,0.1044,0.5099,0.5099,720.3261108398438,0.14663412125110625,causal-margin-v2,2.0,0.5,0.0,0.5078125,0.08984375,0.0,-2.7800421714782715,0.018099896609783173,2.7981419563293457,False,False
causal_target_1_feature_391_beta_2_lambda_0.001_seed_20260905,causal,391,1,2.0,0.001,20260905,0.07426364719867706,1.188218355178833,0.8463541865348816,0.84765625,-0.0013020634651184082,00111101100110000001011110001010,00111111100110000001011110001010,1,0.8641,0.865,-0.0009000000000000119,0.0,0.1044,0.2928,0.2928,771.8765869140625,0.11371449897289276,causal-margin-v2,2.0,0.5,0.0,0.3046875,0.08984375,0.0,-2.716994524002075,-0.12040306627750397,2.5965914726257324,False,False
causal_target_1_feature_391_beta_2_lambda_0.001_seed_20260906,causal,391,1,2.0,0.001,20260906,0.07426364719867706,1.188218355178833,0.8463541865348816,0.84765625,-0.0013020634651184082,00111101100110000001011110001010,00111111100110000001011110001010,1,0.8641,0.865,-0.0009000000000000119,0.0,0.1044,0.3003,0.3003,787.6111450195312,0.10628197530508042,causal-margin-v2,2.0,0.5,0.0,0.30859375,0.08984375,0.0,-2.4341678619384766,-0.12462462484836578,2.3095428943634033,False,False
causal_target_1_feature_405_beta_2_lambda_0.001_seed_20260904,causal,405,1,2.0,0.001,20260904,0.11856991052627563,1.8971185684204102,0.8463541865348816,0.84765625,-0.0013020634651184082,00111101111100101101010011001000,00111111111100101101010011001000,1,0.8641,0.8644,-0.00029999999999996696,0.0,0.1062,0.8859,0.8859,639.3892822265625,0.19556504724025725,causal-margin-v2,2.0,0.5,0.0,0.87890625,0.09375,0.00390625,-3.049570322036743,0.5187183618545532,3.568288803100586,False,False
causal_target_1_feature_405_beta_2_lambda_0.001_seed_20260905,causal,405,1,2.0,0.001,20260905,0.11856991052627563,1.8971185684204102,0.8463541865348816,0.84765625,-0.0013020634651184082,00111101111100101101010011001000,00111111111100101101010011001000,1,0.8641,0.8644,-0.00029999999999996696,0.0,0.1062,0.9785,0.9785,659.4397583007812,0.18507366967201233,causal-margin-v2,2.0,0.5,0.0,0.98046875,0.09375,0.00390625,-3.35668683052063,0.8963505625724792,4.253037452697754,True,False
causal_target_1_feature_405_beta_2_lambda_0.001_seed_20260906,causal,405,1,2.0,0.001,20260906,0.11856991052627563,1.8971185684204102,0.8463541865348816,0.84765625,-0.0013020634651184082,00111101111100101101010011001000,00111111111100101101010011001000,1,0.8641,0.8644,-0.00029999999999996696,0.0,0.1062,0.9585,0.9585,657.0084228515625,0.18879700844287872,causal-margin-v2,2.0,0.5,0.0,0.953125,0.09375,0.00390625,-3.283259868621826,0.9584857225418091,4.241745948791504,True,False
causal_target_1_feature_414_beta_2_lambda_0.001_seed_20260904,causal,414,1,2.0,0.001,20260904,0.005578494165092707,1.428094506263733,0.8463541865348816,0.84765625,-0.0013020634651184082,00111011101101101100101111001101,00111111101101101100101111001101,1,0.8641,0.8647,-0.0006000000000000449,0.0,0.1042,0.0453,0.0453,766.8963623046875,0.11608058605194092,causal-margin-v2,2.0,0.5,0.0,0.05859375,0.08984375,0.0,-2.7050890922546387,-0.4559354782104492,2.2491536140441895,False,False
causal_target_1_feature_414_beta_2_lambda_0.001_seed_20260905,causal,414,1,2.0,0.001,20260905,0.005578494165092707,1.428094506263733,0.8463541865348816,0.84765625,-0.0013020634651184082,00111011101101101100101111001101,00111111101101101100101111001101,1,0.8641,0.8647,-0.0006000000000000449,0.0,0.1042,0.08,0.08,707.4820556640625,0.1649328107357025,causal-margin-v2,2.0,0.5,0.0,0.08203125,0.08984375,0.0,-2.57120943069458,-0.5405898094177246,2.0306196212768555,False,False
causal_target_1_feature_414_beta_2_lambda_0.001_seed_20260906,causal,414,1,2.0,0.001,20260906,0.005578494165092707,1.428094506263733,0.8463541865348816,0.84765625,-0.0013020634651184082,00111011101101101100101111001101,00111111101101101100101111001101,1,0.8641,0.8647,-0.0006000000000000449,0.0,0.1042,0.0706,0.0706,790.2127075195312,0.10679740626811982,causal-margin-v2,2.0,0.5,0.0,0.0625,0.08984375,0.0,-2.632067918777466,-0.4669739007949829,2.1650938987731934,False,False
causal_target_1_feature_419_beta_2_lambda_0.001_seed_20260904,causal,419,1,2.0,0.001,20260904,0.07449135184288025,1.191861629486084,0.8463541865348816,0.84765625,-0.0013020634651184082,00111101100110001000111011101100,00111111100110001000111011101100,1,0.8641,0.8644,-0.00029999999999996696,0.0,0.1036,0.481,0.481,786.1875,0.10558835880756379,causal-margin-v2,2.0,0.5,0.0,0.515625,0.08984375,0.0,-2.520195960998535,-0.012446742504835129,2.507749080657959,False,False
causal_target_1_feature_419_beta_2_lambda_0.001_seed_20260905,causal,419,1,2.0,0.001,20260905,0.07449135184288025,1.191861629486084,0.8463541865348816,0.84765625,-0.0013020634651184082,00111101100110001000111011101100,00111111100110001000111011101100,1,0.8641,0.8644,-0.00029999999999996696,0.0,0.1036,0.261,0.261,774.6302490234375,0.11297337099313735,causal-margin-v2,2.0,0.5,0.0,0.27734375,0.08984375,0.0,-2.7660183906555176,-0.2204909324645996,2.545527458190918,False,False
causal_target_1_feature_419_beta_2_lambda_0.001_seed_20260906,causal,419,1,2.0,0.001,20260906,0.07449135184288025,1.191861629486084,0.8463541865348816,0.84765625,-0.0013020634651184082,00111101100110001000111011101100,00111111100110001000111011101100,1,0.8641,0.8644,-0.00029999999999996696,0.0,0.1036,0.0782,0.0782,685.9273681640625,0.19044298906326293,causal-margin-v2,2.0,0.5,0.0,0.08984375,0.08984375,0.0,-2.598113536834717,-0.6884771585464478,1.9096362590789795,False,False
causal_target_1_feature_439_beta_2_lambda_0.001_seed_20260904,causal,439,1,2.0,0.001,20260904,0.07716889679431915,1.2347023487091064,0.8463541865348816,0.8463541865348816,0.0,00111101100111100000101010111010,00111111100111100000101010111010,1,0.8641,0.8639,0.00019999999999997797,0.0001,0.1031,0.6277,0.6276,694.4459838867188,0.16817510933876037,causal-margin-v2,2.0,0.5,0.0,0.68359375,0.08984375,0.0,-2.863701343536377,0.19659699499607086,3.060298442840576,False,False
causal_target_1_feature_439_beta_2_lambda_0.001_seed_20260905,causal,439,1,2.0,0.001,20260905,0.07716889679431915,1.2347023487091064,0.8463541865348816,0.8463541865348816,0.0,00111101100111100000101010111010,00111111100111100000101010111010,1,0.8641,0.8639,0.00019999999999997797,0.0003,0.1031,0.5698,0.5695,693.0970458984375,0.18820826542377472,causal-margin-v2,2.0,0.5,0.0,0.578125,0.08984375,0.0,-2.5941531658172607,0.08717639744281769,2.6813297271728516,False,False
causal_target_1_feature_439_beta_2_lambda_0.001_seed_20260906,causal,439,1,2.0,0.001,20260906,0.07716889679431915,1.2347023487091064,0.8463541865348816,0.8463541865348816,0.0,00111101100111100000101010111010,00111111100111100000101010111010,1,0.8641,0.8639,0.00019999999999997797,0.0,0.1031,0.6328,0.6328,705.5197143554688,0.16319710614681243,causal-margin-v2,2.0,0.5,0.0,0.609375,0.08984375,0.0,-2.874300718307495,0.1633005440235138,3.0376009941101074,False,False
causal_target_1_feature_457_beta_2_lambda_0.001_seed_20260904,causal,457,1,2.0,0.001,20260904,0.09333745390176773,1.4933992624282837,0.8463541865348816,0.84765625,-0.0013020634651184082,00111101101111110010011110110101,00111111101111110010011110110101,1,0.8641,0.8646,-0.000500000000000056,0.0,0.1054,0.661,0.661,719.5689697265625,0.1409206128835678,causal-margin-v2,2.0,0.5,0.0,0.65234375,0.08984375,0.0,-2.8337016105651855,0.15031400322914124,2.984015703201294,False,False
causal_target_1_feature_457_beta_2_lambda_0.001_seed_20260905,causal,457,1,2.0,0.001,20260905,0.09333745390176773,1.4933992624282837,0.8463541865348816,0.84765625,-0.0013020634651184082,00111101101111110010011110110101,00111111101111110010011110110101,1,0.8641,0.8646,-0.000500000000000056,0.0,0.1054,0.5283,0.5283,702.3438110351562,0.16331780488491057,causal-margin-v2,2.0,0.5,0.0,0.55078125,0.08984375,0.0,-2.8262250423431396,0.01750844717025757,2.843733310699463,False,False
causal_target_1_feature_457_beta_2_lambda_0.001_seed_20260906,causal,457,1,2.0,0.001,20260906,0.09333745390176773,1.4933992624282837,0.8463541865348816,0.84765625,-0.0013020634651184082,00111101101111110010011110110101,00111111101111110010011110110101,1,0.8641,0.8646,-0.000500000000000056,0.0,0.1054,0.7818,0.7818,691.1752319335938,0.15894566802978516,causal-margin-v2,2.0,0.5,0.0,0.76171875,0.08984375,0.0,-2.688922643661499,0.27901214361190796,2.9679348468780518,False,False
causal_target_1_feature_461_beta_2_lambda_0.001_seed_20260904,causal,461,1,2.0,0.001,20260904,0.10110737383365631,1.617717981338501,0.8463541865348816,0.84765625,-0.0013020634651184082,00111101110011110001000101100010,00111111110011110001000101100010,1,0.8641,0.8652,-0.0010999999999999899,0.0,0.1046,0.2139,0.2139,738.55517578125,0.14208345324993132,causal-margin-v2,2.0,0.5,0.0,0.2109375,0.08984375,0.0,-2.4331915378570557,-0.2666677236557007,2.1665239334106445,False,False
causal_target_1_feature_461_beta_2_lambda_0.001_seed_20260905,causal,461,1,2.0,0.001,20260905,0.10110737383365631,1.617717981338501,0.8463541865348816,0.84765625,-0.0013020634651184082,00111101110011110001000101100010,00111111110011110001000101100010,1,0.8641,0.8652,-0.0010999999999999899,0.0011,0.1046,0.0468,0.045700000000000005,556.8603515625,0.34881078748703004,causal-margin-v2,2.0,0.5,0.00390625,0.09765625,0.08984375,0.0,-2.124359130859375,-0.9734165668487549,1.1509425640106201,False,False
causal_target_1_feature_461_beta_2_lambda_0.001_seed_20260906,causal,461,1,2.0,0.001,20260906,0.10110737383365631,1.617717981338501,0.8463541865348816,0.84765625,-0.0013020634651184082,00111101110011110001000101100010,00111111110011110001000101100010,1,0.8641,0.8652,-0.0010999999999999899,0.0034,0.1046,0.0518,0.0484,529.81103515625,0.3908916466236115,causal-margin-v2,2.0,0.5,0.0078125,0.09375,0.08984375,0.0,-2.1399712562561035,-1.149592399597168,0.990378737449646,False,False
causal_target_1_feature_463_beta_2_lambda_0.001_seed_20260904,causal,463,1,2.0,0.001,20260904,0.08096227049827576,1.295396327972412,0.8463541865348816,0.84765625,-0.0013020634651184082,00111101101001011100111110001100,00111111101001011100111110001100,1,0.8641,0.8642,-9.999999999998899e-05,0.0,0.1039,0.0325,0.0325,662.5151977539062,0.1858736132144928,causal-margin-v2,2.0,0.5,0.0,0.0546875,0.08984375,0.0,-2.406860828399658,-0.7424433827400208,1.6644173860549927,False,False
causal_target_1_feature_463_beta_2_lambda_0.001_seed_20260905,causal,463,1,2.0,0.001,20260905,0.08096227049827576,1.295396327972412,0.8463541865348816,0.84765625,-0.0013020634651184082,00111101101001011100111110001100,00111111101001011100111110001100,1,0.8641,0.8642,-9.999999999998899e-05,0.0017,0.1039,0.0194,0.0177,510.6600036621094,0.37593984785079954,causal-margin-v2,2.0,0.5,0.0,0.03125,0.08984375,0.0,-2.1388134956359863,-1.2502840757369995,0.8885294198989868,False,False
causal_target_1_feature_463_beta_2_lambda_0.001_seed_20260906,causal,463,1,2.0,0.001,20260906,0.08096227049827576,1.295396327972412,0.8463541865348816,0.84765625,-0.0013020634651184082,00111101101001011100111110001100,00111111101001011100111110001100,1,0.8641,0.8642,-9.999999999998899e-05,0.0007,0.1039,0.0323,0.0316,570.3142700195312,0.2704291778564453,causal-margin-v2,2.0,0.5,0.0,0.0546875,0.08984375,0.0,-2.2154464721679688,-1.0237829685211182,1.1916632652282715,False,False
causal_target_1_feature_472_beta_2_lambda_0.001_seed_20260904,causal,472,1,2.0,0.001,20260904,0.07657535374164581,1.225205659866333,0.8463541865348816,0.84765625,-0.0013020634651184082,00111101100111001101001110001010,00111111100111001101001110001010,1,0.8641,0.8646,-0.000500000000000056,0.0,0.1044,0.3074,0.3074,717.069091796875,0.13767953951358794,causal-margin-v2,2.0,0.5,0.0,0.3125,0.08984375,0.0,-2.709228992462158,-0.12368369102478027,2.585545063018799,False,False
causal_target_1_feature_472_beta_2_lambda_0.001_seed_20260905,causal,472,1,2.0,0.001,20260905,0.07657535374164581,1.225205659866333,0.8463541865348816,0.84765625,-0.0013020634651184082,00111101100111001101001110001010,00111111100111001101001110001010,1,0.8641,0.8646,-0.000500000000000056,0.0,0.1044,0.5106,0.5106,738.4780883789062,0.13163092441558838,causal-margin-v2,2.0,0.5,0.0,0.46875,0.08984375,0.0,-2.8076906204223633,-0.007784605026245117,2.7999062538146973,False,False
causal_target_1_feature_472_beta_2_lambda_0.001_seed_20260906,causal,472,1,2.0,0.001,20260906,0.07657535374164581,1.225205659866333,0.8463541865348816,0.84765625,-0.0013020634651184082,00111101100111001101001110001010,00111111100111001101001110001010,1,0.8641,0.8646,-0.000500000000000056,0.0,0.1044,0.5091,0.5091,731.355712890625,0.13680465121269225,causal-margin-v2,2.0,0.5,0.0,0.48046875,0.08984375,0.0,-2.813601493835449,-0.0024319663643836975,2.8111696243286133,False,False
causal_target_1_feature_474_beta_2_lambda_0.001_seed_20260904,causal,474,1,2.0,0.001,20260904,0.1209755688905716,1.9356091022491455,0.8463541865348816,0.8489583730697632,-0.002604186534881592,00111101111101111100001000001010,00111111111101111100001000001010,1,0.8641,0.8648,-0.0007000000000000339,0.0,0.1065,0.9935,0.9935,629.547607421875,0.20030444974899292,causal-margin-v2,2.0,0.5,0.0,0.98828125,0.08984375,0.0,-3.7950525283813477,1.398155689239502,5.193207740783691,True,True
causal_target_1_feature_474_beta_2_lambda_0.001_seed_20260905,causal,474,1,2.0,0.001,20260905,0.1209755688905716,1.9356091022491455,0.8463541865348816,0.8489583730697632,-0.002604186534881592,00111101111101111100001000001010,00111111111101111100001000001010,1,0.8641,0.8648,-0.0007000000000000339,0.0,0.1065,0.9967,0.9967,649.253662109375,0.18440514347553252,causal-margin-v2,2.0,0.5,0.0,1.0,0.08984375,0.0,-3.857523202896118,1.5269644260406494,5.384487628936768,True,True
causal_target_1_feature_474_beta_2_lambda_0.001_seed_20260906,causal,474,1,2.0,0.001,20260906,0.1209755688905716,1.9356091022491455,0.8463541865348816,0.8489583730697632,-0.002604186534881592,00111101111101111100001000001010,00111111111101111100001000001010,1,0.8641,0.8648,-0.0007000000000000339,0.0,0.1065,0.9951,0.9951,652.1334228515625,0.1914767146587372,causal-margin-v2,2.0,0.5,0.0,1.0,0.08984375,0.0,-3.6351685523986816,1.1824339628219604,4.817602157592773,True,True
causal_target_1_feature_479_beta_2_lambda_0.001_seed_20260904,causal,479,1,2.0,0.001,20260904,0.08735205978155136,1.3976329565048218,0.8463541865348816,0.8463541865348816,0.0,00111101101100101110010110100011,00111111101100101110010110100011,1,0.8641,0.8644,-0.00029999999999996696,0.0,0.1029,0.8626,0.8626,668.6439819335938,0.17138828113079072,causal-margin-v2,2.0,0.5,0.0,0.828125,0.08984375,0.0,-3.0484843254089355,0.2817527651786804,3.3302369117736816,False,False
causal_target_1_feature_479_beta_2_lambda_0.001_seed_20260905,causal,479,1,2.0,0.001,20260905,0.08735205978155136,1.3976329565048218,0.8463541865348816,0.8463541865348816,0.0,00111101101100101110010110100011,00111111101100101110010110100011,1,0.8641,0.8644,-0.00029999999999996696,0.0,0.1029,0.6289,0.6289,692.10888671875,0.17892815759181976,causal-margin-v2,2.0,0.5,0.0,0.65234375,0.08984375,0.0,-2.895888566970825,0.13989631831645966,3.0357847213745117,False,False
causal_target_1_feature_479_beta_2_lambda_0.001_seed_20260906,causal,479,1,2.0,0.001,20260906,0.08735205978155136,1.3976329565048218,0.8463541865348816,0.8463541865348816,0.0,00111101101100101110010110100011,00111111101100101110010110100011,1,0.8641,0.8644,-0.00029999999999996696,0.0,0.1029,0.8103,0.8103,690.4886474609375,0.16264109029769896,causal-margin-v2,2.0,0.5,0.0,0.796875,0.08984375,0.0,-3.046961545944214,0.3400830626487732,3.387044668197632,False,False
causal_target_1_feature_480_beta_2_lambda_0.001_seed_20260904,causal,480,1,2.0,0.001,20260904,0.08649567514657974,1.3839308023452759,0.8463541865348816,0.84765625,-0.0013020634651184082,00111101101100010010010010100101,00111111101100010010010010100101,1,0.8641,0.8648,-0.0007000000000000339,0.0,0.1042,0.9076,0.9076,681.673583984375,0.17203039906024933,causal-margin-v2,2.0,0.5,0.0,0.890625,0.08984375,0.0,-3.111393690109253,0.5169970989227295,3.6283907890319824,True,False
causal_target_1_feature_480_beta_2_lambda_0.001_seed_20260905,causal,480,1,2.0,0.001,20260905,0.08649567514657974,1.3839308023452759,0.8463541865348816,0.84765625,-0.0013020634651184082,00111101101100010010010010100101,00111111101100010010010010100101,1,0.8641,0.8648,-0.0007000000000000339,0.0003,0.1042,0.7421,0.7418,662.1759033203125,0.20819009070396424,causal-margin-v2,2.0,0.5,0.00390625,0.7734375,0.08984375,0.0,-2.9529690742492676,0.30884024500846863,3.2618095874786377,False,False
causal_target_1_feature_480_beta_2_lambda_0.001_seed_20260906,causal,480,1,2.0,0.001,20260906,0.08649567514657974,1.3839308023452759,0.8463541865348816,0.84765625,-0.0013020634651184082,00111101101100010010010010100101,00111111101100010010010010100101,1,0.8641,0.8648,-0.0007000000000000339,0.0005,0.1042,0.8805,0.88,646.48193359375,0.19914184572696686,causal-margin-v2,2.0,0.5,0.0,0.87890625,0.08984375,0.0,-3.1439590454101562,0.5656431913375854,3.709602117538452,False,False
causal_target_1_feature_486_beta_2_lambda_0.001_seed_20260904,causal,486,1,2.0,0.001,20260904,0.11551772058010101,1.8482835292816162,0.8463541865348816,0.84765625,-0.0013020634651184082,00111101111011001001010010001110,00111111111011001001010010001110,1,0.8641,0.8647,-0.0006000000000000449,0.0,0.1048,0.9468,0.9468,691.6065673828125,0.15562636151313783,causal-margin-v2,2.0,0.5,0.0,0.953125,0.08984375,0.0,-3.113029956817627,0.7179853320121765,3.831015110015869,True,True
causal_target_1_feature_486_beta_2_lambda_0.001_seed_20260905,causal,486,1,2.0,0.001,20260905,0.11551772058010101,1.8482835292816162,0.8463541865348816,0.84765625,-0.0013020634651184082,00111101111011001001010010001110,00111111111011001001010010001110,1,0.8641,0.8647,-0.0006000000000000449,0.0,0.1048,0.961,0.961,641.3145751953125,0.1936141676902771,causal-margin-v2,2.0,0.5,0.0,0.9453125,0.08984375,0.0,-3.2981433868408203,0.7517803311347961,4.049923896789551,True,True
causal_target_1_feature_486_beta_2_lambda_0.001_seed_20260906,causal,486,1,2.0,0.001,20260906,0.11551772058010101,1.8482835292816162,0.8463541865348816,0.84765625,-0.0013020634651184082,00111101111011001001010010001110,00111111111011001001010010001110,1,0.8641,0.8647,-0.0006000000000000449,0.0,0.1048,0.8745,0.8745,629.599609375,0.20619707307815552,causal-margin-v2,2.0,0.5,0.0,0.890625,0.08984375,0.0,-3.098461627960205,0.5751171112060547,3.6735787391662598,False,False
causal_target_1_feature_505_beta_2_lambda_0.001_seed_20260904,causal,505,1,2.0,0.001,20260904,0.07777681946754456,1.244429111480713,0.8463541865348816,0.84765625,-0.0013020634651184082,00111101100111110100100101110100,00111111100111110100100101110100,1,0.8641,0.8642,-9.999999999998899e-05,0.0,0.1035,0.4436,0.4436,742.137451171875,0.13292761476039885,causal-margin-v2,2.0,0.5,0.0,0.453125,0.08984375,0.0,-2.7302637100219727,-0.0364997461438179,2.6937637329101562,False,False
causal_target_1_feature_505_beta_2_lambda_0.001_seed_20260905,causal,505,1,2.0,0.001,20260905,0.07777681946754456,1.244429111480713,0.8463541865348816,0.84765625,-0.0013020634651184082,00111101100111110100100101110100,00111111100111110100100101110100,1,0.8641,0.8642,-9.999999999998899e-05,0.0,0.1035,0.5908,0.5908,757.7210693359375,0.13025555353164672,causal-margin-v2,2.0,0.5,0.0,0.59375,0.08984375,0.0,-2.200862407684326,0.11980299651622772,2.3206653594970703,False,False
causal_target_1_feature_505_beta_2_lambda_0.001_seed_20260906,causal,505,1,2.0,0.001,20260906,0.07777681946754456,1.244429111480713,0.8463541865348816,0.84765625,-0.0013020634651184082,00111101100111110100100101110100,00111111100111110100100101110100,1,0.8641,0.8642,-9.999999999998899e-05,0.0,0.1035,0.3735,0.3735,732.6981201171875,0.13316230528354644,causal-margin-v2,2.0,0.5,0.0,0.38671875,0.08984375,0.0,-2.7255923748016357,-0.0894196480512619,2.6361727714538574,False,False
causal_target_1_feature_508_beta_2_lambda_0.001_seed_20260904,causal,508,1,2.0,0.001,20260904,0.07480933517217636,1.1969493627548218,0.8463541865348816,0.8463541865348816,0.0,00111101100110010011010110100011,00111111100110010011010110100011,1,0.8641,0.8646,-0.000500000000000056,0.0,0.104,0.9169,0.9169,681.484619140625,0.16542694728374482,causal-margin-v2,2.0,0.5,0.0,0.91015625,0.08984375,0.0,-3.092869281768799,0.4902915358543396,3.583160877227783,True,True
causal_target_1_feature_508_beta_2_lambda_0.001_seed_20260905,causal,508,1,2.0,0.001,20260905,0.07480933517217636,1.1969493627548218,0.8463541865348816,0.8463541865348816,0.0,00111101100110010011010110100011,00111111100110010011010110100011,1,0.8641,0.8646,-0.000500000000000056,0.0,0.104,0.7716,0.7716,693.1907958984375,0.15729238891601563,causal-margin-v2,2.0,0.5,0.0,0.76171875,0.08984375,0.0,-2.998652219772339,0.2768315076828003,3.2754838466644287,False,False
causal_target_1_feature_508_beta_2_lambda_0.001_seed_20260906,causal,508,1,2.0,0.001,20260906,0.07480933517217636,1.1969493627548218,0.8463541865348816,0.8463541865348816,0.0,00111101100110010011010110100011,00111111100110010011010110100011,1,0.8641,0.8646,-0.000500000000000056,0.0,0.104,0.6839,0.6839,686.7807006835938,0.16161032705307007,causal-margin-v2,2.0,0.5,0.0,0.640625,0.08984375,0.0,-2.967123031616211,0.16259589791297913,3.1297190189361572,False,False
causal_target_1_feature_511_beta_2_lambda_0.001_seed_20260904,causal,511,1,2.0,0.001,20260904,0.0053848992101848125,1.378534197807312,0.8463541865348816,0.8463541865348816,0.0,00111011101100000111001111001111,00111111101100000111001111001111,1,0.8641,0.8641,0.0,0.0094,0.1026,0.0229,0.0135,491.8519287109375,0.43904369893074036,causal-margin-v2,2.0,0.5,0.0,0.03515625,0.08984375,0.0,-2.2114124298095703,-1.7307472229003906,0.4806651473045349,False,False
causal_target_1_feature_511_beta_2_lambda_0.001_seed_20260905,causal,511,1,2.0,0.001,20260905,0.0053848992101848125,1.378534197807312,0.8463541865348816,0.8463541865348816,0.0,00111011101100000111001111001111,00111111101100000111001111001111,1,0.8641,0.8641,0.0,0.0124,0.1026,0.0325,0.0201,485.2479248046875,0.4171813876628876,causal-margin-v2,2.0,0.5,0.015625,0.05078125,0.08984375,0.0,-2.2690939903259277,-1.6723394393920898,0.5967548489570618,False,False
causal_target_1_feature_511_beta_2_lambda_0.001_seed_20260906,causal,511,1,2.0,0.001,20260906,0.0053848992101848125,1.378534197807312,0.8463541865348816,0.8463541865348816,0.0,00111011101100000111001111001111,00111111101100000111001111001111,1,0.8641,0.8641,0.0,0.0079,0.1026,0.0283,0.020399999999999998,442.1775207519531,0.40673729658126834,causal-margin-v2,2.0,0.5,0.0078125,0.04296875,0.08984375,0.0,-2.2953977584838867,-1.6019182205200195,0.693479597568512,False,False
causal_target_2_feature_0_beta_2_lambda_0.001_seed_20260904,causal,0,2,2.0,0.001,20260904,0.07924219965934753,1.2678751945495605,0.8463541865348816,0.84765625,-0.0013020634651184082,00111101101000100100100110111100,00111111101000100100100110111100,1,0.8641,0.8648,-0.0007000000000000339,0.0,0.0982,0.7466,0.7466,635.725341796875,0.20753963685035706,causal-margin-v2,2.0,0.5,0.0,0.7421875,0.1328125,0.0,-2.9376187324523926,0.20554842054843903,3.143167018890381,False,False
causal_target_2_feature_0_beta_2_lambda_0.001_seed_20260905,causal,0,2,2.0,0.001,20260905,0.07924219965934753,1.2678751945495605,0.8463541865348816,0.84765625,-0.0013020634651184082,00111101101000100100100110111100,00111111101000100100100110111100,1,0.8641,0.8648,-0.0007000000000000339,0.0,0.0982,0.8536,0.8536,658.8251342773438,0.178986656498909,causal-margin-v2,2.0,0.5,0.0,0.90234375,0.1328125,0.0,-2.9741268157958984,0.338809996843338,3.312936544418335,False,True
causal_target_2_feature_0_beta_2_lambda_0.001_seed_20260906,causal,0,2,2.0,0.001,20260906,0.07924219965934753,1.2678751945495605,0.8463541865348816,0.84765625,-0.0013020634651184082,00111101101000100100100110111100,00111111101000100100100110111100,1,0.8641,0.8648,-0.0007000000000000339,0.0,0.0982,0.9238,0.9238,671.9605102539062,0.17111034042835235,causal-margin-v2,2.0,0.5,0.0,0.90625,0.1328125,0.0,-3.0784566402435303,0.4336586594581604,3.512115478515625,True,True
causal_target_2_feature_3_beta_2_lambda_0.001_seed_20260904,causal,3,2,2.0,0.001,20260904,0.08829625695943832,1.4127401113510132,0.8463541865348816,0.8463541865348816,0.0,00111101101101001101010010101011,00111111101101001101010010101011,1,0.8641,0.8652,-0.0010999999999999899,0.0,0.1007,0.99,0.99,673.4105224609375,0.17911504015922547,causal-margin-v2,2.0,0.5,0.0,0.98046875,0.1328125,0.0,-3.6459641456604004,1.1916766166687012,4.837640762329102,True,True
causal_target_2_feature_3_beta_2_lambda_0.001_seed_20260905,causal,3,2,2.0,0.001,20260905,0.08829625695943832,1.4127401113510132,0.8463541865348816,0.8463541865348816,0.0,00111101101101001101010010101011,00111111101101001101010010101011,1,0.8641,0.8652,-0.0010999999999999899,0.0,0.1007,0.9904,0.9904,670.62109375,0.17805484945774078,causal-margin-v2,2.0,0.5,0.0,0.9921875,0.1328125,0.0,-3.772420883178711,1.3121833801269531,5.084604263305664,True,True
causal_target_2_feature_3_beta_2_lambda_0.001_seed_20260906,causal,3,2,2.0,0.001,20260906,0.08829625695943832,1.4127401113510132,0.8463541865348816,0.8463541865348816,0.0,00111101101101001101010010101011,00111111101101001101010010101011,1,0.8641,0.8652,-0.0010999999999999899,0.0,0.1007,0.9925,0.9925,694.998291015625,0.15966724259853363,causal-margin-v2,2.0,0.5,0.0,0.98828125,0.1328125,0.0,-3.589679718017578,1.0942704677581787,4.683950424194336,True,True
causal_target_2_feature_4_beta_2_lambda_0.001_seed_20260904,causal,4,2,2.0,0.001,20260904,0.07091126590967178,1.1345802545547485,0.8463541865348816,0.8463541865348816,0.0,00111101100100010011100111101101,00111111100100010011100111101101,1,0.8641,0.8637,0.00039999999999995595,0.0,0.0994,0.2017,0.2017,789.9063720703125,0.10380031998157502,causal-margin-v2,2.0,0.5,0.0,0.22265625,0.12890625,0.0,-2.5938525199890137,-0.21990501880645752,2.3739471435546875,False,False
causal_target_2_feature_4_beta_2_lambda_0.001_seed_20260905,causal,4,2,2.0,0.001,20260905,0.07091126590967178,1.1345802545547485,0.8463541865348816,0.8463541865348816,0.0,00111101100100010011100111101101,00111111100100010011100111101101,1,0.8641,0.8637,0.00039999999999995595,0.0,0.0994,0.2336,0.2336,799.0113525390625,0.09555200297832489,causal-margin-v2,2.0,0.5,0.0,0.2890625,0.12890625,0.0,-2.6668601036071777,-0.11638261377811432,2.5504772663116455,False,False
causal_target_2_feature_4_beta_2_lambda_0.001_seed_20260906,causal,4,2,2.0,0.001,20260906,0.07091126590967178,1.1345802545547485,0.8463541865348816,0.8463541865348816,0.0,00111101100100010011100111101101,00111111100100010011100111101101,1,0.8641,0.8637,0.00039999999999995595,0.0,0.0994,0.2201,0.2201,809.631103515625,0.086928116106987,causal-margin-v2,2.0,0.5,0.0,0.19921875,0.12890625,0.0,-2.691157817840576,-0.1933380663394928,2.497819662094116,False,False
causal_target_2_feature_9_beta_2_lambda_0.001_seed_20260904,causal,9,2,2.0,0.001,20260904,0.10102774947881699,1.6164439916610718,0.8463541865348816,0.84765625,-0.0013020634651184082,00111101110011101110011110100011,00111111110011101110011110100011,1,0.8641,0.8641,0.0,0.0,0.1019,0.7192,0.7192,665.95263671875,0.18946773478984832,causal-margin-v2,2.0,0.5,0.0,0.7265625,0.1328125,0.0,-2.7037272453308105,0.21591247618198395,2.919640064239502,False,False
causal_target_2_feature_9_beta_2_lambda_0.001_seed_20260905,causal,9,2,2.0,0.001,20260905,0.10102774947881699,1.6164439916610718,0.8463541865348816,0.84765625,-0.0013020634651184082,00111101110011101110011110100011,00111111110011101110011110100011,1,0.8641,0.8641,0.0,0.0,0.1019,0.1508,0.1508,795.0960693359375,0.09747488024234771,causal-margin-v2,2.0,0.5,0.0,0.19140625,0.1328125,0.0,-2.416719436645508,-0.2399962842464447,2.1767232418060303,False,False
causal_target_2_feature_9_beta_2_lambda_0.001_seed_20260906,causal,9,2,2.0,0.001,20260906,0.10102774947881699,1.6164439916610718,0.8463541865348816,0.84765625,-0.0013020634651184082,00111101110011101110011110100011,00111111110011101110011110100011,1,0.8641,0.8641,0.0,0.0002,0.1019,0.9669,0.9667,680.5888671875,0.17550445806980133,causal-margin-v2,2.0,0.5,0.0,0.953125,0.1328125,0.0,-2.0892372131347656,0.7309685945510864,2.8202059268951416,True,True
causal_target_2_feature_17_beta_2_lambda_0.001_seed_20260904,causal,17,2,2.0,0.001,20260904,0.00615481473505497,1.5756325721740723,0.8463541865348816,0.8515625,-0.005208313465118408,00111011110010011010111001010100,00111111110010011010111001010100,1,0.8641,0.8645,-0.00040000000000006697,0.0,0.0965,0.1435,0.1435,826.0557861328125,0.0857674861073494,causal-margin-v2,2.0,0.5,0.0,0.14453125,0.12890625,0.0,-2.7696423530578613,-0.28457048535346985,2.485072135925293,False,False
causal_target_2_feature_17_beta_2_lambda_0.001_seed_20260905,causal,17,2,2.0,0.001,20260905,0.00615481473505497,1.5756325721740723,0.8463541865348816,0.8515625,-0.005208313465118408,00111011110010011010111001010100,00111111110010011010111001010100,1,0.8641,0.8645,-0.00040000000000006697,0.0,0.0965,0.1595,0.1595,810.6422729492188,0.09098993508815766,causal-margin-v2,2.0,0.5,0.0,0.171875,0.12890625,0.0,-2.741132974624634,-0.20329904556274414,2.5378341674804688,False,False
causal_target_2_feature_17_beta_2_lambda_0.001_seed_20260906,causal,17,2,2.0,0.001,20260906,0.00615481473505497,1.5756325721740723,0.8463541865348816,0.8515625,-0.005208313465118408,00111011110010011010111001010100,00111111110010011010111001010100,1,0.8641,0.8645,-0.00040000000000006697,0.0,0.0965,0.1599,0.1599,851.319091796875,0.07356862615346908,causal-margin-v2,2.0,0.5,0.0,0.19140625,0.12890625,0.0,-2.6889443397521973,-0.18738478422164917,2.5015597343444824,False,False
causal_target_2_feature_26_beta_2_lambda_0.001_seed_20260904,causal,26,2,2.0,0.001,20260904,0.0040109772235155106,1.0268101692199707,0.8463541865348816,0.8463541865348816,0.0,00111011100000110110111010000100,00111111100000110110111010000100,1,0.8641,0.8642,-9.999999999998899e-05,0.003,0.0977,0.0165,0.013500000000000002,509.4804382324219,0.3917486065387726,causal-margin-v2,2.0,0.5,0.0,0.01953125,0.1328125,0.0,-2.391026020050049,-1.5342652797698975,0.8567606210708618,False,False
causal_target_2_feature_26_beta_2_lambda_0.001_seed_20260905,causal,26,2,2.0,0.001,20260905,0.0040109772235155106,1.0268101692199707,0.8463541865348816,0.8463541865348816,0.0,00111011100000110110111010000100,00111111100000110110111010000100,1,0.8641,0.8642,-9.999999999998899e-05,0.0013,0.0977,0.0317,0.0304,589.04736328125,0.25649076218605044,causal-margin-v2,2.0,0.5,0.0,0.05078125,0.1328125,0.0,-2.369664192199707,-1.1452034711837769,1.2244607210159302,False,False
causal_target_2_feature_26_beta_2_lambda_0.001_seed_20260906,causal,26,2,2.0,0.001,20260906,0.0040109772235155106,1.0268101692199707,0.8463541865348816,0.8463541865348816,0.0,00111011100000110110111010000100,00111111100000110110111010000100,1,0.8641,0.8642,-9.999999999998899e-05,0.002,0.0977,0.0341,0.0321,542.9210815429688,0.3287672251701355,causal-margin-v2,2.0,0.5,0.0,0.04296875,0.1328125,0.0,-2.2061710357666016,-1.1716456413269043,1.0345256328582764,False,False
causal_target_2_feature_49_beta_2_lambda_0.001_seed_20260904,causal,49,2,2.0,0.001,20260904,0.08924618363380432,1.4279389381408691,0.8463541865348816,0.8463541865348816,0.0,00111101101101101100011010110100,00111111101101101100011010110100,1,0.8641,0.8642,-9.999999999998899e-05,0.0,0.1009,0.9938,0.9938,691.4928588867188,0.1647883448600769,causal-margin-v2,2.0,0.5,0.0,0.99609375,0.1328125,0.0,-3.491347074508667,0.9522877931594849,4.443634986877441,True,True
causal_target_2_feature_49_beta_2_lambda_0.001_seed_20260905,causal,49,2,2.0,0.001,20260905,0.08924618363380432,1.4279389381408691,0.8463541865348816,0.8463541865348816,0.0,00111101101101101100011010110100,00111111101101101100011010110100,1,0.8641,0.8642,-9.999999999998899e-05,0.0,0.1009,0.9807,0.9807,675.62060546875,0.18080838389396667,causal-margin-v2,2.0,0.5,0.0,0.9765625,0.1328125,0.0,-3.3665778636932373,0.7957111597061157,4.162288665771484,True,True
causal_target_2_feature_49_beta_2_lambda_0.001_seed_20260906,causal,49,2,2.0,0.001,20260906,0.08924618363380432,1.4279389381408691,0.8463541865348816,0.8463541865348816,0.0,00111101101101101100011010110100,00111111101101101100011010110100,1,0.8641,0.8642,-9.999999999998899e-05,0.0,0.1009,0.995,0.995,691.43408203125,0.16788990738391876,causal-margin-v2,2.0,0.5,0.0,1.0,0.1328125,0.0,-3.448188543319702,0.9148290157318115,4.363017559051514,True,True
causal_target_2_feature_52_beta_2_lambda_0.001_seed_20260904,causal,52,2,2.0,0.001,20260904,0.007563297171145678,1.9362040758132935,0.8463541865348816,0.84765625,-0.0013020634651184082,00111011111101111101010110001001,00111111111101111101010110001001,1,0.8641,0.8643,-0.00019999999999997797,0.0,0.0976,0.2434,0.2434,731.3822021484375,0.1529753477334976,causal-margin-v2,2.0,0.5,0.0,0.23828125,0.12890625,-0.00390625,-2.7664971351623535,-0.2268901765346527,2.539607048034668,False,False
causal_target_2_feature_52_beta_2_lambda_0.001_seed_20260905,causal,52,2,2.0,0.001,20260905,0.007563297171145678,1.9362040758132935,0.8463541865348816,0.84765625,-0.0013020634651184082,00111011111101111101010110001001,00111111111101111101010110001001,1,0.8641,0.8643,-0.00019999999999997797,0.0,0.0976,0.2478,0.2478,707.114990234375,0.16363234052658082,causal-margin-v2,2.0,0.5,0.0,0.31640625,0.12890625,-0.00390625,-2.762239456176758,-0.19888383150100708,2.5633554458618164,False,False
causal_target_2_feature_52_beta_2_lambda_0.001_seed_20260906,causal,52,2,2.0,0.001,20260906,0.007563297171145678,1.9362040758132935,0.8463541865348816,0.84765625,-0.0013020634651184082,00111011111101111101010110001001,00111111111101111101010110001001,1,0.8641,0.8643,-0.00019999999999997797,0.0,0.0976,0.2602,0.2602,695.8037719726562,0.17507692468166353,causal-margin-v2,2.0,0.5,0.0,0.25,0.12890625,-0.00390625,-2.7934179306030273,-0.2329314947128296,2.560486316680908,False,False
causal_target_2_feature_64_beta_2_lambda_0.001_seed_20260904,causal,64,2,2.0,0.001,20260904,0.005553103052079678,1.4215943813323975,0.8463541865348816,0.8489583730697632,-0.002604186534881592,00111011101101011111011011001110,00111111101101011111011011001110,1,0.8641,0.8639,0.00019999999999997797,0.0,0.098,0.6202,0.6202,690.3598022460938,0.16658113260269164,causal-margin-v2,2.0,0.5,0.0,0.625,0.12890625,0.0,-2.8857221603393555,0.08284559100866318,2.9685678482055664,False,False
causal_target_2_feature_64_beta_2_lambda_0.001_seed_20260905,causal,64,2,2.0,0.001,20260905,0.005553103052079678,1.4215943813323975,0.8463541865348816,0.8489583730697632,-0.002604186534881592,00111011101101011111011011001110,00111111101101011111011011001110,1,0.8641,0.8639,0.00019999999999997797,0.0,0.098,0.6584,0.6584,668.4413452148438,0.16804655072689056,causal-margin-v2,2.0,0.5,0.0,0.69140625,0.12890625,0.0,-2.9134767055511475,0.11412402242422104,3.0276007652282715,False,False
causal_target_2_feature_64_beta_2_lambda_0.001_seed_20260906,causal,64,2,2.0,0.001,20260906,0.005553103052079678,1.4215943813323975,0.8463541865348816,0.8489583730697632,-0.002604186534881592,00111011101101011111011011001110,00111111101101011111011011001110,1,0.8641,0.8639,0.00019999999999997797,0.0,0.098,0.7057,0.7057,699.4672241210938,0.1567325915336609,causal-margin-v2,2.0,0.5,0.0,0.70703125,0.12890625,0.0,-2.939836025238037,0.1655963957309723,3.1054325103759766,False,False
causal_target_2_feature_67_beta_2_lambda_0.001_seed_20260904,causal,67,2,2.0,0.001,20260904,0.06938929110765457,1.1102286577224731,0.8463541865348816,0.8463541865348816,0.0,00111101100011100001101111111001,00111111100011100001101111111001,1,0.8641,0.8644,-0.00029999999999996696,0.0,0.099,0.1019,0.1019,741.1692504882812,0.1461368131875992,causal-margin-v2,2.0,0.5,0.0,0.12109375,0.12890625,-0.00390625,-2.5261266231536865,-0.4783549904823303,2.047771453857422,False,False
causal_target_2_feature_67_beta_2_lambda_0.001_seed_20260905,causal,67,2,2.0,0.001,20260905,0.06938929110765457,1.1102286577224731,0.8463541865348816,0.8463541865348816,0.0,00111101100011100001101111111001,00111111100011100001101111111001,1,0.8641,0.8644,-0.00029999999999996696,0.0004,0.099,0.2356,0.2352,710.9088134765625,0.1653243258714676,causal-margin-v2,2.0,0.5,0.0,0.26953125,0.12890625,-0.00390625,-2.044156312942505,-0.21325638890266418,1.8309000730514526,False,False
causal_target_2_feature_67_beta_2_lambda_0.001_seed_20260906,causal,67,2,2.0,0.001,20260906,0.06938929110765457,1.1102286577224731,0.8463541865348816,0.8463541865348816,0.0,00111101100011100001101111111001,00111111100011100001101111111001,1,0.8641,0.8644,-0.00029999999999996696,0.0,0.099,0.0851,0.0851,774.618408203125,0.119857240152359,causal-margin-v2,2.0,0.5,0.0,0.08984375,0.12890625,-0.00390625,-2.6011805534362793,-0.46387794613838196,2.1373023986816406,False,False
causal_target_2_feature_94_beta_2_lambda_0.001_seed_20260904,causal,94,2,2.0,0.001,20260904,0.08727263659238815,1.3963621854782104,0.8463541865348816,0.84765625,-0.0013020634651184082,00111101101100101011101111111111,00111111101100101011101111111111,1,0.8641,0.864,9.999999999998899e-05,0.0,0.1012,0.4054,0.4054,783.2067260742188,0.11619241412878037,causal-margin-v2,2.0,0.5,0.0,0.39453125,0.1328125,0.0,-2.5639686584472656,-0.06642931699752808,2.4975390434265137,False,False
causal_target_2_feature_94_beta_2_lambda_0.001_seed_20260905,causal,94,2,2.0,0.001,20260905,0.08727263659238815,1.3963621854782104,0.8463541865348816,0.84765625,-0.0013020634651184082,00111101101100101011101111111111,00111111101100101011101111111111,1,0.8641,0.864,9.999999999998899e-05,0.0003,0.1012,0.2662,0.26589999999999997,742.9088134765625,0.14026413011550903,causal-margin-v2,2.0,0.5,0.00390625,0.29296875,0.1328125,0.0,-2.452876567840576,-0.20908358693122864,2.24379301071167,False,False
causal_target_2_feature_94_beta_2_lambda_0.001_seed_20260906,causal,94,2,2.0,0.001,20260906,0.08727263659238815,1.3963621854782104,0.8463541865348816,0.84765625,-0.0013020634651184082,00111101101100101011101111111111,00111111101100101011101111111111,1,0.8641,0.864,9.999999999998899e-05,0.0,0.1012,0.8877,0.8877,791.0333251953125,0.1083049353480339,causal-margin-v2,2.0,0.5,0.0,0.8984375,0.1328125,0.0,-2.177614688873291,0.3535107374191284,2.53112530708313,False,False
causal_target_2_feature_95_beta_2_lambda_0.001_seed_20260904,causal,95,2,2.0,0.001,20260904,0.08338923752307892,1.3342278003692627,0.8463541865348816,0.8463541865348816,0.0,00111101101010101100011111111010,00111111101010101100011111111010,1,0.8641,0.8643,-0.00019999999999997797,0.0053,0.0997,0.065,0.0597,549.7326049804688,0.3169373628139496,causal-margin-v2,2.0,0.5,0.0078125,0.0703125,0.12890625,-0.00390625,-2.3047876358032227,-1.1535372734069824,1.1512504816055298,False,False
causal_target_2_feature_95_beta_2_lambda_0.001_seed_20260905,causal,95,2,2.0,0.001,20260905,0.08338923752307892,1.3342278003692627,0.8463541865348816,0.8463541865348816,0.0,00111101101010101100011111111010,00111111101010101100011111111010,1,0.8641,0.8643,-0.00019999999999997797,0.0,0.0997,0.286,0.286,781.6175537109375,0.11203129657506943,causal-margin-v2,2.0,0.5,0.0,0.26953125,0.12890625,-0.00390625,-2.7216620445251465,-0.16584789752960205,2.555814266204834,False,False
causal_target_2_feature_95_beta_2_lambda_0.001_seed_20260906,causal,95,2,2.0,0.001,20260906,0.08338923752307892,1.3342278003692627,0.8463541865348816,0.8463541865348816,0.0,00111101101010101100011111111010,00111111101010101100011111111010,1,0.8641,0.8643,-0.00019999999999997797,0.0,0.0997,0.167,0.167,769.898681640625,0.11915774621963501,causal-margin-v2,2.0,0.5,0.0,0.16015625,0.12890625,-0.00390625,-2.2993462085723877,-0.3031748831272125,1.996171236038208,False,False
causal_target_2_feature_108_beta_2_lambda_0.001_seed_20260904,causal,108,2,2.0,0.001,20260904,0.09042896330356598,1.4468634128570557,0.8463541865348816,0.84765625,-0.0013020634651184082,00111101101110010011001011010010,00111111101110010011001011010010,1,0.8641,0.8646,-0.000500000000000056,0.0,0.0999,0.4706,0.4706,732.5946655273438,0.13678762590885163,causal-margin-v2,2.0,0.5,0.0,0.48828125,0.1328125,0.0,-2.750771999359131,-0.024585358798503876,2.726186752319336,False,False
causal_target_2_feature_108_beta_2_lambda_0.001_seed_20260905,causal,108,2,2.0,0.001,20260905,0.09042896330356598,1.4468634128570557,0.8463541865348816,0.84765625,-0.0013020634651184082,00111101101110010011001011010010,00111111101110010011001011010010,1,0.8641,0.8646,-0.000500000000000056,0.0,0.0999,0.2848,0.2848,812.0902099609375,0.09171001448631287,causal-margin-v2,2.0,0.5,0.0,0.28515625,0.1328125,0.0,-2.7189464569091797,-0.1396743655204773,2.5792720317840576,False,False
causal_target_2_feature_108_beta_2_lambda_0.001_seed_20260906,causal,108,2,2.0,0.001,20260906,0.09042896330356598,1.4468634128570557,0.8463541865348816,0.84765625,-0.0013020634651184082,00111101101110010011001011010010,00111111101110010011001011010010,1,0.8641,0.8646,-0.000500000000000056,0.0,0.0999,0.2589,0.2589,764.829833984375,0.11597544963359832,causal-margin-v2,2.0,0.5,0.0,0.28515625,0.1328125,0.0,-2.693791389465332,-0.1450679898262024,2.5487232208251953,False,False
causal_target_2_feature_111_beta_2_lambda_0.001_seed_20260904,causal,111,2,2.0,0.001,20260904,0.11216980963945389,1.7947169542312622,0.8463541865348816,0.8463541865348816,0.0,00111101111001011011100101001001,00111111111001011011100101001001,1,0.8641,0.8649,-0.0008000000000000229,0.0,0.1001,0.9344,0.9344,626.7548217773438,0.20535222454071045,causal-margin-v2,2.0,0.5,0.0,0.91796875,0.12890625,-0.00390625,-3.3366024494171143,0.7644094228744507,4.101011753082275,True,True
causal_target_2_feature_111_beta_2_lambda_0.001_seed_20260905,causal,111,2,2.0,0.001,20260905,0.11216980963945389,1.7947169542312622,0.8463541865348816,0.8463541865348816,0.0,00111101111001011011100101001001,00111111111001011011100101001001,1,0.8641,0.8649,-0.0008000000000000229,0.0,0.1001,0.9393,0.9393,618.62548828125,0.2191643038034439,causal-margin-v2,2.0,0.5,0.0,0.9375,0.12890625,-0.00390625,-3.173142194747925,0.6482484340667725,3.8213906288146973,True,True
causal_target_2_feature_111_beta_2_lambda_0.001_seed_20260906,causal,111,2,2.0,0.001,20260906,0.11216980963945389,1.7947169542312622,0.8463541865348816,0.8463541865348816,0.0,00111101111001011011100101001001,00111111111001011011100101001001,1,0.8641,0.8649,-0.0008000000000000229,0.0,0.1001,0.9742,0.9742,657.28125,0.18696852724552154,causal-margin-v2,2.0,0.5,0.0,0.98828125,0.12890625,-0.00390625,-3.2680540084838867,0.8263354301452637,4.09438943862915,True,True
causal_target_2_feature_115_beta_2_lambda_0.001_seed_20260904,causal,115,2,2.0,0.001,20260904,0.11271252483129501,1.8034003973007202,0.8463541865348816,0.8463541865348816,0.0,00111101111001101101010111010011,00111111111001101101010111010011,1,0.8641,0.8653,-0.0011999999999999789,0.0,0.1005,0.6301,0.6301,700.0475463867188,0.154888965344429,causal-margin-v2,2.0,0.5,0.0,0.62890625,0.1328125,0.0,-2.8015429973602295,0.1118064895272255,2.9133496284484863,False,False
causal_target_2_feature_115_beta_2_lambda_0.001_seed_20260905,causal,115,2,2.0,0.001,20260905,0.11271252483129501,1.8034003973007202,0.8463541865348816,0.8463541865348816,0.0,00111101111001101101010111010011,00111111111001101101010111010011,1,0.8641,0.8653,-0.0011999999999999789,0.0,0.1005,0.9782,0.9782,675.3522338867188,0.1837451108455658,causal-margin-v2,2.0,0.5,0.0,0.98046875,0.1328125,0.0,-3.1301214694976807,0.8393680453300476,3.969489574432373,True,True
causal_target_2_feature_115_beta_2_lambda_0.001_seed_20260906,causal,115,2,2.0,0.001,20260906,0.11271252483129501,1.8034003973007202,0.8463541865348816,0.8463541865348816,0.0,00111101111001101101010111010011,00111111111001101101010111010011,1,0.8641,0.8653,-0.0011999999999999789,0.0,0.1005,0.98,0.98,719.5518188476562,0.1522709865808487,causal-margin-v2,2.0,0.5,0.0,0.9765625,0.1328125,0.0,-2.7782249450683594,0.8147268295288086,3.592951536178589,True,True
causal_target_2_feature_121_beta_2_lambda_0.001_seed_20260904,causal,121,2,2.0,0.001,20260904,0.10046415030956268,1.607426404953003,0.8463541865348816,0.84765625,-0.0013020634651184082,00111101110011011100000000100110,00111111110011011100000000100110,1,0.8641,0.8652,-0.0010999999999999899,0.0,0.0989,0.811,0.811,622.5883178710938,0.20837079627513885,causal-margin-v2,2.0,0.5,0.0,0.76953125,0.12890625,0.0,-3.034599781036377,0.26997876167297363,3.3045783042907715,False,False
causal_target_2_feature_121_beta_2_lambda_0.001_seed_20260905,causal,121,2,2.0,0.001,20260905,0.10046415030956268,1.607426404953003,0.8463541865348816,0.84765625,-0.0013020634651184082,00111101110011011100000000100110,00111111110011011100000000100110,1,0.8641,0.8652,-0.0010999999999999899,0.0,0.0989,0.9094,0.9094,637.412841796875,0.18453055324554443,causal-margin-v2,2.0,0.5,0.0,0.8984375,0.12890625,0.0,-3.1290225982666016,0.49066218733787537,3.6196846961975098,True,False
causal_target_2_feature_121_beta_2_lambda_0.001_seed_20260906,causal,121,2,2.0,0.001,20260906,0.10046415030956268,1.607426404953003,0.8463541865348816,0.84765625,-0.0013020634651184082,00111101110011011100000000100110,00111111110011011100000000100110,1,0.8641,0.8652,-0.0010999999999999899,0.0,0.0989,0.952,0.952,678.9215087890625,0.16140165762901307,causal-margin-v2,2.0,0.5,0.0,0.9453125,0.12890625,0.0,-3.2043471336364746,0.6065478324890137,3.8108949661254883,True,True
causal_target_2_feature_125_beta_2_lambda_0.001_seed_20260904,causal,125,2,2.0,0.001,20260904,0.09321426600217819,1.491428256034851,0.8463541865348816,0.84765625,-0.0013020634651184082,00111101101111101110011100011111,00111111101111101110011100011111,1,0.8641,0.8642,-9.999999999998899e-05,0.0003,0.1008,0.5087,0.5084000000000001,707.5966186523438,0.18029411022663117,causal-margin-v2,2.0,0.5,0.0,0.53515625,0.1328125,0.0,-2.4766931533813477,0.021511249244213104,2.498204469680786,False,False
causal_target_2_feature_125_beta_2_lambda_0.001_seed_20260905,causal,125,2,2.0,0.001,20260905,0.09321426600217819,1.491428256034851,0.8463541865348816,0.84765625,-0.0013020634651184082,00111101101111101110011100011111,00111111101111101110011100011111,1,0.8641,0.8642,-9.999999999998899e-05,0.0,0.1008,0.1283,0.1283,804.9765014648438,0.09539517039060592,causal-margin-v2,2.0,0.5,0.0,0.1640625,0.1328125,0.0,-2.4897186756134033,-0.25453972816467285,2.2351789474487305,False,False
causal_target_2_feature_125_beta_2_lambda_0.001_seed_20260906,causal,125,2,2.0,0.001,20260906,0.09321426600217819,1.491428256034851,0.8463541865348816,0.84765625,-0.0013020634651184082,00111101101111101110011100011111,00111111101111101110011100011111,1,0.8641,0.8642,-9.999999999998899e-05,0.0,0.1008,0.3683,0.3683,724.5570068359375,0.154725231385231,causal-margin-v2,2.0,0.5,0.0,0.3515625,0.1328125,0.0,-2.695892095565796,-0.11411037296056747,2.5817818641662598,False,False
causal_target_2_feature_126_beta_2_lambda_0.001_seed_20260904,causal,126,2,2.0,0.001,20260904,0.07081598788499832,1.1330558061599731,0.8463541865348816,0.84765625,-0.0013020634651184082,00111101100100010000011111111001,00111111100100010000011111111001,1,0.8641,0.865,-0.0009000000000000119,0.0006,0.0993,0.0135,0.0129,517.103759765625,0.39796848549842834,causal-margin-v2,2.0,0.5,0.00390625,0.03125,0.1328125,0.0,-2.160433530807495,-1.3640081882476807,0.7964252233505249,False,False
causal_target_2_feature_126_beta_2_lambda_0.001_seed_20260905,causal,126,2,2.0,0.001,20260905,0.07081598788499832,1.1330558061599731,0.8463541865348816,0.84765625,-0.0013020634651184082,00111101100100010000011111111001,00111111100100010000011111111001,1,0.8641,0.865,-0.0009000000000000119,0.0003,0.0993,0.0106,0.0103,608.270263671875,0.26943545722961426,causal-margin-v2,2.0,0.5,0.0,0.0234375,0.1328125,0.0,-2.2526237964630127,-1.1950302124023438,1.0575934648513794,False,False
causal_target_2_feature_126_beta_2_lambda_0.001_seed_20260906,causal,126,2,2.0,0.001,20260906,0.07081598788499832,1.1330558061599731,0.8463541865348816,0.84765625,-0.0013020634651184082,00111101100100010000011111111001,00111111100100010000011111111001,1,0.8641,0.865,-0.0009000000000000119,0.001,0.0993,0.0138,0.012799999999999999,552.6365356445312,0.36815165972709657,causal-margin-v2,2.0,0.5,0.0,0.0234375,0.1328125,0.0,-2.1624019145965576,-1.3730721473693848,0.7893297672271729,False,False
causal_target_2_feature_127_beta_2_lambda_0.001_seed_20260904,causal,127,2,2.0,0.001,20260904,0.07019761204719543,1.123161792755127,0.8463541865348816,0.84765625,-0.0013020634651184082,00111101100011111100001111000100,00111111100011111100001111000100,1,0.8641,0.8646,-0.000500000000000056,0.0,0.0992,0.7003,0.7003,699.4398193359375,0.15747695665359496,causal-margin-v2,2.0,0.5,0.0,0.69921875,0.12890625,0.0,-2.909677505493164,0.1862780749797821,3.0959558486938477,False,False
causal_target_2_feature_127_beta_2_lambda_0.001_seed_20260905,causal,127,2,2.0,0.001,20260905,0.07019761204719543,1.123161792755127,0.8463541865348816,0.84765625,-0.0013020634651184082,00111101100011111100001111000100,00111111100011111100001111000100,1,0.8641,0.8646,-0.000500000000000056,0.0,0.0992,0.7778,0.7778,703.5474853515625,0.14652875409126281,causal-margin-v2,2.0,0.5,0.0,0.73046875,0.12890625,0.0,-3.0588018894195557,0.18567973375320435,3.2444818019866943,False,False
causal_target_2_feature_127_beta_2_lambda_0.001_seed_20260906,causal,127,2,2.0,0.001,20260906,0.07019761204719543,1.123161792755127,0.8463541865348816,0.84765625,-0.0013020634651184082,00111101100011111100001111000100,00111111100011111100001111000100,1,0.8641,0.8646,-0.000500000000000056,0.0,0.0992,0.9898,0.9898,716.3706665039062,0.1435222753047943,causal-margin-v2,2.0,0.5,0.0,0.9921875,0.12890625,0.0,-2.0716323852539062,1.086679458618164,3.1583118438720703,True,True
causal_target_2_feature_143_beta_2_lambda_0.001_seed_20260904,causal,143,2,2.0,0.001,20260904,0.08701438456773758,1.3922301530838013,0.8463541865348816,0.8463541865348816,0.0,00111101101100100011010010011001,00111111101100100011010010011001,1,0.8641,0.8643,-0.00019999999999997797,0.0003,0.1009,0.8512,0.8509,665.928955078125,0.18679661190509797,causal-margin-v2,2.0,0.5,0.0,0.86328125,0.1328125,0.0,-3.006598949432373,0.4424971044063568,3.449096202850342,False,False
causal_target_2_feature_143_beta_2_lambda_0.001_seed_20260905,causal,143,2,2.0,0.001,20260905,0.08701438456773758,1.3922301530838013,0.8463541865348816,0.8463541865348816,0.0,00111101101100100011010010011001,00111111101100100011010010011001,1,0.8641,0.8643,-0.00019999999999997797,0.0,0.1009,0.8901,0.8901,706.8091430664062,0.15022661316394806,causal-margin-v2,2.0,0.5,0.0,0.88671875,0.1328125,0.0,-2.710217237472534,0.4775742292404175,3.187791347503662,False,False
causal_target_2_feature_143_beta_2_lambda_0.001_seed_20260906,causal,143,2,2.0,0.001,20260906,0.08701438456773758,1.3922301530838013,0.8463541865348816,0.8463541865348816,0.0,00111101101100100011010010011001,00111111101100100011010010011001,1,0.8641,0.8643,-0.00019999999999997797,0.0,0.1009,0.779,0.779,687.0234375,0.16071136281490325,causal-margin-v2,2.0,0.5,0.0,0.79296875,0.1328125,0.0,-2.931870460510254,0.27180612087249756,3.203676462173462,False,False
causal_target_2_feature_146_beta_2_lambda_0.001_seed_20260904,causal,146,2,2.0,0.001,20260904,0.00767758022993803,1.9654605388641357,0.8463541865348816,0.84765625,-0.0013020634651184082,00111011111110111001010000110110,00111111111110111001010000110110,1,0.8641,0.8635,0.0005999999999999339,0.0,0.0975,0.7202,0.7202,621.310302734375,0.21192574753761292,causal-margin-v2,2.0,0.5,0.0,0.68359375,0.125,-0.00390625,-2.976405143737793,0.20850145816802979,3.184906482696533,False,False
causal_target_2_feature_146_beta_2_lambda_0.001_seed_20260905,causal,146,2,2.0,0.001,20260905,0.00767758022993803,1.9654605388641357,0.8463541865348816,0.84765625,-0.0013020634651184082,00111011111110111001010000110110,00111111111110111001010000110110,1,0.8641,0.8635,0.0005999999999999339,0.0,0.0975,0.793,0.793,661.6500244140625,0.18589326105117798,causal-margin-v2,2.0,0.5,0.0,0.78125,0.125,-0.00390625,-3.1021292209625244,0.26858633756637573,3.370715618133545,False,False
causal_target_2_feature_146_beta_2_lambda_0.001_seed_20260906,causal,146,2,2.0,0.001,20260906,0.00767758022993803,1.9654605388641357,0.8463541865348816,0.84765625,-0.0013020634651184082,00111011111110111001010000110110,00111111111110111001010000110110,1,0.8641,0.8635,0.0005999999999999339,0.0,0.0975,0.7885,0.7885,650.44921875,0.1849691091775894,causal-margin-v2,2.0,0.5,0.0,0.76953125,0.125,-0.00390625,-3.0674004554748535,0.2569546103477478,3.324355125427246,False,False
causal_target_2_feature_148_beta_2_lambda_0.001_seed_20260904,causal,148,2,2.0,0.001,20260904,0.07847388088703156,1.2555820941925049,0.8463541865348816,0.84765625,-0.0013020634651184082,00111101101000001011011011101010,00111111101000001011011011101010,1,0.8641,0.8646,-0.000500000000000056,0.0025,0.0989,0.0079,0.0054,491.4158020019531,0.4323633779525757,causal-margin-v2,2.0,0.5,0.00390625,0.015625,0.1328125,0.0,-2.069824695587158,-1.751631498336792,0.31819331645965576,False,False
causal_target_2_feature_148_beta_2_lambda_0.001_seed_20260905,causal,148,2,2.0,0.001,20260905,0.07847388088703156,1.2555820941925049,0.8463541865348816,0.84765625,-0.0013020634651184082,00111101101000001011011011101010,00111111101000001011011011101010,1,0.8641,0.8646,-0.000500000000000056,0.0074,0.0989,0.0991,0.09169999999999999,541.8552856445312,0.31341484513282775,causal-margin-v2,2.0,0.5,0.00390625,0.12890625,0.1328125,0.0,-2.100302219390869,-0.9397121071815491,1.1605900526046753,False,False
causal_target_2_feature_148_beta_2_lambda_0.001_seed_20260906,causal,148,2,2.0,0.001,20260906,0.07847388088703156,1.2555820941925049,0.8463541865348816,0.84765625,-0.0013020634651184082,00111101101000001011011011101010,00111111101000001011011011101010,1,0.8641,0.8646,-0.000500000000000056,0.0076,0.0989,0.1428,0.13520000000000001,605.9129638671875,0.2637468784809113,causal-margin-v2,2.0,0.5,0.0078125,0.16796875,0.1328125,0.0,-2.009866237640381,-0.7226229906082153,1.2872432470321655,False,False
causal_target_2_feature_157_beta_2_lambda_0.001_seed_20260904,causal,157,2,2.0,0.001,20260904,0.11313781142234802,1.8102049827575684,0.8463541865348816,0.8463541865348816,0.0,00111101111001111011010011001100,00111111111001111011010011001100,1,0.8641,0.8633,0.0008000000000000229,0.0014,0.1026,0.8051,0.8037000000000001,581.9158325195312,0.3012547251701355,causal-margin-v2,2.0,0.5,0.00390625,0.8125,0.1328125,0.0,-2.470916271209717,0.4778215289115906,2.948737859725952,False,False
causal_target_2_feature_157_beta_2_lambda_0.001_seed_20260905,causal,157,2,2.0,0.001,20260905,0.11313781142234802,1.8102049827575684,0.8463541865348816,0.8463541865348816,0.0,00111101111001111011010011001100,00111111111001111011010011001100,1,0.8641,0.8633,0.0008000000000000229,0.0001,0.1026,0.9899,0.9898,676.3046875,0.18923879063129426,causal-margin-v2,2.0,0.5,0.0,1.0,0.1328125,0.0,-2.744384288787842,0.9874982833862305,3.7318825721740723,True,True
causal_target_2_feature_157_beta_2_lambda_0.001_seed_20260906,causal,157,2,2.0,0.001,20260906,0.11313781142234802,1.8102049827575684,0.8463541865348816,0.8463541865348816,0.0,00111101111001111011010011001100,00111111111001111011010011001100,1,0.8641,0.8633,0.0008000000000000229,0.0003,0.1026,0.636,0.6357,570.4933471679688,0.29282828459739685,causal-margin-v2,2.0,0.5,0.0,0.67578125,0.1328125,0.0,-2.6606225967407227,0.21514979004859924,2.875772476196289,False,False
causal_target_2_feature_184_beta_2_lambda_0.001_seed_20260904,causal,184,2,2.0,0.001,20260904,0.00600331649184227,1.536849021911621,0.8463541865348816,0.8489583730697632,-0.002604186534881592,00111011110001001011011101111000,00111111110001001011011101111000,1,0.8641,0.8642,-9.999999999998899e-05,0.0,0.0965,0.4609,0.4609,654.4768676757812,0.18265918252468108,causal-margin-v2,2.0,0.5,0.0,0.3984375,0.125,-0.00390625,-2.920506477355957,-0.07249070703983307,2.848015785217285,False,False
causal_target_2_feature_184_beta_2_lambda_0.001_seed_20260905,causal,184,2,2.0,0.001,20260905,0.00600331649184227,1.536849021911621,0.8463541865348816,0.8489583730697632,-0.002604186534881592,00111011110001001011011101111000,00111111110001001011011101111000,1,0.8641,0.8642,-9.999999999998899e-05,0.0,0.0965,0.4808,0.4808,681.2754516601562,0.16434981482028962,causal-margin-v2,2.0,0.5,0.0,0.50390625,0.125,-0.00390625,-2.7974066734313965,0.024670127779245377,2.8220767974853516,False,False
causal_target_2_feature_184_beta_2_lambda_0.001_seed_20260906,causal,184,2,2.0,0.001,20260906,0.00600331649184227,1.536849021911621,0.8463541865348816,0.8489583730697632,-0.002604186534881592,00111011110001001011011101111000,00111111110001001011011101111000,1,0.8641,0.8642,-9.999999999998899e-05,0.0,0.0965,0.4897,0.4897,648.5602416992188,0.18289810736179352,causal-margin-v2,2.0,0.5,0.0,0.515625,0.125,-0.00390625,-2.8324553966522217,0.016030915081501007,2.8484864234924316,False,False
causal_target_2_feature_185_beta_2_lambda_0.001_seed_20260904,causal,185,2,2.0,0.001,20260904,0.006649274844676256,1.7022143602371216,0.8463541865348816,0.84765625,-0.0013020634651184082,00111011110110011110001000101001,00111111110110011110001000101001,1,0.8641,0.8645,-0.00040000000000006697,0.0,0.0955,0.3623,0.3623,661.336669921875,0.18445073719024657,causal-margin-v2,2.0,0.5,0.0,0.33984375,0.12890625,-0.00390625,-2.8267388343811035,-0.11851295828819275,2.708225727081299,False,False
causal_target_2_feature_185_beta_2_lambda_0.001_seed_20260905,causal,185,2,2.0,0.001,20260905,0.006649274844676256,1.7022143602371216,0.8463541865348816,0.84765625,-0.0013020634651184082,00111011110110011110001000101001,00111111110110011110001000101001,1,0.8641,0.8645,-0.00040000000000006697,0.0,0.0955,0.5364,0.5364,715.596435546875,0.1543402419567108,causal-margin-v2,2.0,0.5,0.0,0.52734375,0.12890625,-0.00390625,-2.499840259552002,0.034721702337265015,2.5345618724823,False,False
causal_target_2_feature_185_beta_2_lambda_0.001_seed_20260906,causal,185,2,2.0,0.001,20260906,0.006649274844676256,1.7022143602371216,0.8463541865348816,0.84765625,-0.0013020634651184082,00111011110110011110001000101001,00111111110110011110001000101001,1,0.8641,0.8645,-0.00040000000000006697,0.0,0.0955,0.3086,0.3086,699.9409790039062,0.14855057544708253,causal-margin-v2,2.0,0.5,0.0,0.28125,0.12890625,-0.00390625,-2.7692575454711914,-0.14735649526119232,2.621901035308838,False,False
causal_target_2_feature_187_beta_2_lambda_0.001_seed_20260904,causal,187,2,2.0,0.001,20260904,0.0925549790263176,1.4808796644210815,0.8463541865348816,0.8463541865348816,0.0,00111101101111011000110101110111,00111111101111011000110101110111,1,0.8641,0.8643,-0.00019999999999997797,0.0,0.0996,0.6087,0.6087,641.2239379882812,0.1970998403787613,causal-margin-v2,2.0,0.5,0.0,0.61328125,0.12890625,-0.00390625,-2.8495306968688965,0.10045798867940903,2.94998836517334,False,False
causal_target_2_feature_187_beta_2_lambda_0.001_seed_20260905,causal,187,2,2.0,0.001,20260905,0.0925549790263176,1.4808796644210815,0.8463541865348816,0.8463541865348816,0.0,00111101101111011000110101110111,00111111101111011000110101110111,1,0.8641,0.8643,-0.00019999999999997797,0.0,0.0996,0.7758,0.7758,670.07763671875,0.17491398646831513,causal-margin-v2,2.0,0.5,0.0,0.765625,0.12890625,-0.00390625,-2.9480342864990234,0.2178252637386322,3.1658596992492676,False,False
causal_target_2_feature_187_beta_2_lambda_0.001_seed_20260906,causal,187,2,2.0,0.001,20260906,0.0925549790263176,1.4808796644210815,0.8463541865348816,0.8463541865348816,0.0,00111101101111011000110101110111,00111111101111011000110101110111,1,0.8641,0.8643,-0.00019999999999997797,0.0,0.0996,0.6697,0.6697,686.2111206054688,0.16197693967819213,causal-margin-v2,2.0,0.5,0.0,0.6484375,0.12890625,-0.00390625,-2.925830364227295,0.14421463012695312,3.070044994354248,False,False
causal_target_2_feature_196_beta_2_lambda_0.001_seed_20260904,causal,196,2,2.0,0.001,20260904,0.07511591166257858,1.2018545866012573,0.8463541865348816,0.84765625,-0.0013020634651184082,00111101100110011101011001011111,00111111100110011101011001011111,1,0.8641,0.8649,-0.0008000000000000229,0.0,0.0977,0.1845,0.1845,772.146240234375,0.10848733546733856,causal-margin-v2,2.0,0.5,0.0,0.22265625,0.1328125,0.0,-2.637934923171997,-0.21148814260959625,2.4264466762542725,False,False
causal_target_2_feature_196_beta_2_lambda_0.001_seed_20260905,causal,196,2,2.0,0.001,20260905,0.07511591166257858,1.2018545866012573,0.8463541865348816,0.84765625,-0.0013020634651184082,00111101100110011101011001011111,00111111100110011101011001011111,1,0.8641,0.8649,-0.0008000000000000229,0.0,0.0977,0.2174,0.2174,795.4656982421875,0.10225801084041596,causal-margin-v2,2.0,0.5,0.0,0.1875,0.1328125,0.0,-2.666281223297119,-0.21667146682739258,2.4496095180511475,False,False
causal_target_2_feature_196_beta_2_lambda_0.001_seed_20260906,causal,196,2,2.0,0.001,20260906,0.07511591166257858,1.2018545866012573,0.8463541865348816,0.84765625,-0.0013020634651184082,00111101100110011101011001011111,00111111100110011101011001011111,1,0.8641,0.8649,-0.0008000000000000229,0.0,0.0977,0.1626,0.1626,829.0678100585938,0.07980328876972198,causal-margin-v2,2.0,0.5,0.0,0.14453125,0.1328125,0.0,-2.656705379486084,-0.2121373862028122,2.444568157196045,False,False
causal_target_2_feature_205_beta_2_lambda_0.001_seed_20260904,causal,205,2,2.0,0.001,20260904,0.07484622299671173,1.1975395679473877,0.8463541865348816,0.84765625,-0.0013020634651184082,00111101100110010100100011111010,00111111100110010100100011111010,1,0.8641,0.8652,-0.0010999999999999899,0.0,0.0994,0.8178,0.8178,703.5551147460938,0.1588422513961792,causal-margin-v2,2.0,0.5,0.0,0.8125,0.1328125,0.0,-3.0599074363708496,0.36096638441085815,3.4208738803863525,False,False
causal_target_2_feature_205_beta_2_lambda_0.001_seed_20260905,causal,205,2,2.0,0.001,20260905,0.07484622299671173,1.1975395679473877,0.8463541865348816,0.84765625,-0.0013020634651184082,00111101100110010100100011111010,00111111100110010100100011111010,1,0.8641,0.8652,-0.0010999999999999899,0.0,0.0994,0.8937,0.8937,714.6461791992188,0.14670503749847413,causal-margin-v2,2.0,0.5,0.0,0.921875,0.1328125,0.0,-3.1301698684692383,0.4737231135368347,3.6038928031921387,False,True
causal_target_2_feature_205_beta_2_lambda_0.001_seed_20260906,causal,205,2,2.0,0.001,20260906,0.07484622299671173,1.1975395679473877,0.8463541865348816,0.84765625,-0.0013020634651184082,00111101100110010100100011111010,00111111100110010100100011111010,1,0.8641,0.8652,-0.0010999999999999899,0.0,0.0994,0.9475,0.9475,710.0401000976562,0.15520478537082671,causal-margin-v2,2.0,0.5,0.0,0.96484375,0.1328125,0.0,-2.5778932571411133,0.673560619354248,3.2514538764953613,True,True
causal_target_2_feature_224_beta_2_lambda_0.001_seed_20260904,causal,224,2,2.0,0.001,20260904,0.07047540694475174,1.1276065111160278,0.8463541865348816,0.84765625,-0.0013020634651184082,00111101100100000101010101101001,00111111100100000101010101101001,1,0.8641,0.8641,0.0,0.0,0.1007,0.2524,0.2524,792.4406127929688,0.10648787686824798,causal-margin-v2,2.0,0.5,0.0,0.25,0.1328125,0.0,-2.7452542781829834,-0.19271863996982574,2.5525355339050293,False,False
causal_target_2_feature_224_beta_2_lambda_0.001_seed_20260905,causal,224,2,2.0,0.001,20260905,0.07047540694475174,1.1276065111160278,0.8463541865348816,0.84765625,-0.0013020634651184082,00111101100100000101010101101001,00111111100100000101010101101001,1,0.8641,0.8641,0.0,0.0,0.1007,0.2622,0.2622,789.228271484375,0.10629368530511855,causal-margin-v2,2.0,0.5,0.0,0.25,0.1328125,0.0,-2.5061631202697754,-0.27653807401657104,2.2296249866485596,False,False
causal_target_2_feature_224_beta_2_lambda_0.001_seed_20260906,causal,224,2,2.0,0.001,20260906,0.07047540694475174,1.1276065111160278,0.8463541865348816,0.84765625,-0.0013020634651184082,00111101100100000101010101101001,00111111100100000101010101101001,1,0.8641,0.8641,0.0,0.0,0.1007,0.2427,0.2427,779.4984130859375,0.1098137932062149,causal-margin-v2,2.0,0.5,0.0,0.2578125,0.1328125,0.0,-2.70477294921875,-0.16823720932006836,2.5365357398986816,False,False
causal_target_2_feature_230_beta_2_lambda_0.001_seed_20260904,causal,230,2,2.0,0.001,20260904,0.09707362949848175,1.553178071975708,0.8463541865348816,0.84765625,-0.0013020634651184082,00111101110001101100111010001010,00111111110001101100111010001010,1,0.8641,0.8647,-0.0006000000000000449,0.0,0.1004,0.4773,0.4773,666.6105346679688,0.18249430751800538,causal-margin-v2,2.0,0.5,0.0,0.4765625,0.1328125,0.0,-2.7756996154785156,-0.033657968044281006,2.74204158782959,False,False
causal_target_2_feature_230_beta_2_lambda_0.001_seed_20260905,causal,230,2,2.0,0.001,20260905,0.09707362949848175,1.553178071975708,0.8463541865348816,0.84765625,-0.0013020634651184082,00111101110001101100111010001010,00111111110001101100111010001010,1,0.8641,0.8647,-0.0006000000000000449,0.0,0.1004,0.6539,0.6539,639.2466430664062,0.1879022896051407,causal-margin-v2,2.0,0.5,0.0,0.6171875,0.1328125,0.0,-2.9228358268737793,0.11883958429098129,3.041675090789795,False,False
causal_target_2_feature_230_beta_2_lambda_0.001_seed_20260906,causal,230,2,2.0,0.001,20260906,0.09707362949848175,1.553178071975708,0.8463541865348816,0.84765625,-0.0013020634651184082,00111101110001101100111010001010,00111111110001101100111010001010,1,0.8641,0.8647,-0.0006000000000000449,0.0,0.1004,0.4839,0.4839,645.4961547851562,0.18872418625354767,causal-margin-v2,2.0,0.5,0.0,0.4140625,0.1328125,0.0,-2.803892135620117,-0.06871499121189117,2.7351772785186768,False,False
causal_target_2_feature_233_beta_2_lambda_0.001_seed_20260904,causal,233,2,2.0,0.001,20260904,0.09726513177156448,1.5562421083450317,0.8463541865348816,0.84765625,-0.0013020634651184082,00111101110001110011001011110001,00111111110001110011001011110001,1,0.8641,0.865,-0.0009000000000000119,0.0,0.1002,0.4767,0.4767,718.0687255859375,0.14628321640491485,causal-margin-v2,2.0,0.5,0.0,0.5,0.1328125,0.0,-2.7355399131774902,-0.013690203428268433,2.7218494415283203,False,False
causal_target_2_feature_233_beta_2_lambda_0.001_seed_20260905,causal,233,2,2.0,0.001,20260905,0.09726513177156448,1.5562421083450317,0.8463541865348816,0.84765625,-0.0013020634651184082,00111101110001110011001011110001,00111111110001110011001011110001,1,0.8641,0.865,-0.0009000000000000119,0.0,0.1002,0.5896,0.5896,739.0764770507812,0.13231043269634246,causal-margin-v2,2.0,0.5,0.0,0.58984375,0.1328125,0.0,-2.759570598602295,0.053210265934467316,2.8127808570861816,False,False
causal_target_2_feature_233_beta_2_lambda_0.001_seed_20260906,causal,233,2,2.0,0.001,20260906,0.09726513177156448,1.5562421083450317,0.8463541865348816,0.84765625,-0.0013020634651184082,00111101110001110011001011110001,00111111110001110011001011110001,1,0.8641,0.865,-0.0009000000000000119,0.0,0.1002,0.3671,0.3671,784.2425537109375,0.10512261236906052,causal-margin-v2,2.0,0.5,0.0,0.4140625,0.1328125,0.0,-2.7174723148345947,-0.10222817957401276,2.615244150161743,False,False
causal_target_2_feature_237_beta_2_lambda_0.001_seed_20260904,causal,237,2,2.0,0.001,20260904,0.06607942283153534,1.0572707653045654,0.8463541865348816,0.84765625,-0.0013020634651184082,00111101100001110101010010100110,00111111100001110101010010100110,1,0.8641,0.8647,-0.0006000000000000449,0.0,0.0982,0.2038,0.2038,793.214111328125,0.10602087086439133,causal-margin-v2,2.0,0.5,0.0,0.2265625,0.12890625,0.0,-2.7447867393493652,-0.22554731369018555,2.5192394256591797,False,False
causal_target_2_feature_237_beta_2_lambda_0.001_seed_20260905,causal,237,2,2.0,0.001,20260905,0.06607942283153534,1.0572707653045654,0.8463541865348816,0.84765625,-0.0013020634651184082,00111101100001110101010010100110,00111111100001110101010010100110,1,0.8641,0.8647,-0.0006000000000000449,0.0,0.0982,0.2066,0.2066,794.4336547851562,0.10483182557821273,causal-margin-v2,2.0,0.5,0.0,0.21875,0.12890625,0.0,-2.708888530731201,-0.16869163513183594,2.5401971340179443,False,False
causal_target_2_feature_237_beta_2_lambda_0.001_seed_20260906,causal,237,2,2.0,0.001,20260906,0.06607942283153534,1.0572707653045654,0.8463541865348816,0.84765625,-0.0013020634651184082,00111101100001110101010010100110,00111111100001110101010010100110,1,0.8641,0.8647,-0.0006000000000000449,0.0,0.0982,0.2338,0.2338,797.9126586914062,0.09600608863830566,causal-margin-v2,2.0,0.5,0.0,0.2265625,0.12890625,0.0,-2.7374892234802246,-0.19291728734970093,2.544571876525879,False,False
causal_target_2_feature_252_beta_2_lambda_0.001_seed_20260904,causal,252,2,2.0,0.001,20260904,0.07655800133943558,1.2249280214309692,0.8463541865348816,0.84765625,-0.0013020634651184082,00111101100111001100101001110001,00111111100111001100101001110001,1,0.8641,0.8642,-9.999999999998899e-05,0.0,0.1003,0.7491,0.7491,694.0285034179688,0.17239066836833955,causal-margin-v2,2.0,0.5,0.0,0.76171875,0.1328125,0.0,-2.9463846683502197,0.2693192958831787,3.2157037258148193,False,False
causal_target_2_feature_252_beta_2_lambda_0.001_seed_20260905,causal,252,2,2.0,0.001,20260905,0.07655800133943558,1.2249280214309692,0.8463541865348816,0.84765625,-0.0013020634651184082,00111101100111001100101001110001,00111111100111001100101001110001,1,0.8641,0.8642,-9.999999999998899e-05,0.0,0.1003,0.0558,0.0558,729.1237182617188,0.14630668222904206,causal-margin-v2,2.0,0.5,0.0,0.05859375,0.1328125,0.0,-2.399646282196045,-0.7306579351425171,1.6689883470535278,False,False
causal_target_2_feature_252_beta_2_lambda_0.001_seed_20260906,causal,252,2,2.0,0.001,20260906,0.07655800133943558,1.2249280214309692,0.8463541865348816,0.84765625,-0.0013020634651184082,00111101100111001100101001110001,00111111100111001100101001110001,1,0.8641,0.8642,-9.999999999998899e-05,0.0038,0.1003,0.028,0.0242,562.783935546875,0.3611982235431671,causal-margin-v2,2.0,0.5,0.0,0.0546875,0.1328125,0.0,-2.1772358417510986,-1.4687995910644531,0.7084362506866455,False,False
causal_target_2_feature_253_beta_2_lambda_0.001_seed_20260904,causal,253,2,2.0,0.001,20260904,0.10312419384717941,1.6499871015548706,0.8463541865348816,0.8463541865348816,0.0,00111101110100110011001011000111,00111111110100110011001011000111,1,0.8641,0.8642,-9.999999999998899e-05,0.0,0.1018,0.9743,0.9743,709.090576171875,0.1532945011138916,causal-margin-v2,2.0,0.5,0.0,0.9765625,0.1328125,0.0,-3.3541369438171387,0.8917689323425293,4.245905876159668,True,True
causal_target_2_feature_253_beta_2_lambda_0.001_seed_20260905,causal,253,2,2.0,0.001,20260905,0.10312419384717941,1.6499871015548706,0.8463541865348816,0.8463541865348816,0.0,00111101110100110011001011000111,00111111110100110011001011000111,1,0.8641,0.8642,-9.999999999998899e-05,0.0,0.1018,0.9822,0.9822,698.0671997070312,0.16032739374637603,causal-margin-v2,2.0,0.5,0.0,0.98828125,0.1328125,0.0,-3.3837928771972656,0.9257100820541382,4.309503078460693,True,True
causal_target_2_feature_253_beta_2_lambda_0.001_seed_20260906,causal,253,2,2.0,0.001,20260906,0.10312419384717941,1.6499871015548706,0.8463541865348816,0.8463541865348816,0.0,00111101110100110011001011000111,00111111110100110011001011000111,1,0.8641,0.8642,-9.999999999998899e-05,0.0,0.1018,0.9836,0.9836,713.6583862304688,0.14201920511722566,causal-margin-v2,2.0,0.5,0.0,0.984375,0.1328125,0.0,-3.392761707305908,0.9701846241950989,4.362946510314941,True,True
causal_target_2_feature_258_beta_2_lambda_0.001_seed_20260904,causal,258,2,2.0,0.001,20260904,0.09561429917812347,1.5298287868499756,0.8463541865348816,0.84765625,-0.0013020634651184082,00111101110000111101000101101110,00111111110000111101000101101110,1,0.8641,0.8643,-0.00019999999999997797,0.0,0.1013,0.6004,0.6004,684.8156127929688,0.16245871329307557,causal-margin-v2,2.0,0.5,0.0,0.6171875,0.1328125,0.0,-2.792752981185913,0.1176384687423706,2.910391330718994,False,False
causal_target_2_feature_258_beta_2_lambda_0.001_seed_20260905,causal,258,2,2.0,0.001,20260905,0.09561429917812347,1.5298287868499756,0.8463541865348816,0.84765625,-0.0013020634651184082,00111101110000111101000101101110,00111111110000111101000101101110,1,0.8641,0.8643,-0.00019999999999997797,0.0,0.1013,0.5931,0.5931,713.1642456054688,0.14375720574855805,causal-margin-v2,2.0,0.5,0.0,0.59765625,0.1328125,0.0,-2.779977560043335,0.0949687659740448,2.874946117401123,False,False
causal_target_2_feature_258_beta_2_lambda_0.001_seed_20260906,causal,258,2,2.0,0.001,20260906,0.09561429917812347,1.5298287868499756,0.8463541865348816,0.84765625,-0.0013020634651184082,00111101110000111101000101101110,00111111110000111101000101101110,1,0.8641,0.8643,-0.00019999999999997797,0.0,0.1013,0.5451,0.5451,707.791259765625,0.1441110456466675,causal-margin-v2,2.0,0.5,0.0,0.58203125,0.1328125,0.0,-2.780695915222168,0.026945099234580994,2.807640552520752,False,False
causal_target_2_feature_271_beta_2_lambda_0.001_seed_20260904,causal,271,2,2.0,0.001,20260904,0.005153506528586149,1.3192976713180542,0.8463541865348816,0.84765625,-0.0013020634651184082,00111011101010001101111010111111,00111111101010001101111010111111,1,0.8641,0.8642,-9.999999999998899e-05,0.0,0.0972,0.0509,0.0509,799.6859741210938,0.10029276762008667,causal-margin-v2,2.0,0.5,0.0,0.07421875,0.1328125,0.0,-2.797636032104492,-0.36283624172210693,2.4347996711730957,False,False
causal_target_2_feature_271_beta_2_lambda_0.001_seed_20260905,causal,271,2,2.0,0.001,20260905,0.005153506528586149,1.3192976713180542,0.8463541865348816,0.84765625,-0.0013020634651184082,00111011101010001101111010111111,00111111101010001101111010111111,1,0.8641,0.8642,-9.999999999998899e-05,0.0,0.0972,0.0185,0.0185,808.236572265625,0.0938383123755455,causal-margin-v2,2.0,0.5,0.0,0.03515625,0.1328125,0.0,-2.770512104034424,-0.4407488703727722,2.329763174057007,False,False
causal_target_2_feature_271_beta_2_lambda_0.001_seed_20260906,causal,271,2,2.0,0.001,20260906,0.005153506528586149,1.3192976713180542,0.8463541865348816,0.84765625,-0.0013020634651184082,00111011101010001101111010111111,00111111101010001101111010111111,1,0.8641,0.8642,-9.999999999998899e-05,0.0,0.0972,0.0727,0.0727,829.283935546875,0.08395842121839524,causal-margin-v2,2.0,0.5,0.0,0.0625,0.1328125,0.0,-2.8192641735076904,-0.3103402853012085,2.5089237689971924,False,False
causal_target_2_feature_272_beta_2_lambda_0.001_seed_20260904,causal,272,2,2.0,0.001,20260904,0.07608861476182938,1.21741783618927,0.8463541865348816,0.84765625,-0.0013020634651184082,00111101100110111101010001011001,00111111100110111101010001011001,1,0.8641,0.8646,-0.000500000000000056,0.0,0.0999,0.0932,0.0932,727.7281494140625,0.14044763946533204,causal-margin-v2,2.0,0.5,0.0,0.06640625,0.1328125,0.0,-2.2080483436584473,-0.5109115242958069,1.6971368789672852,False,False
causal_target_2_feature_272_beta_2_lambda_0.001_seed_20260905,causal,272,2,2.0,0.001,20260905,0.07608861476182938,1.21741783618927,0.8463541865348816,0.84765625,-0.0013020634651184082,00111101100110111101010001011001,00111111100110111101010001011001,1,0.8641,0.8646,-0.000500000000000056,0.0,0.0999,0.0237,0.0237,639.143798828125,0.22320519235134126,causal-margin-v2,2.0,0.5,0.0,0.03515625,0.1328125,0.0,-2.1498589515686035,-0.9314159750938416,1.2184429168701172,False,False
causal_target_2_feature_272_beta_2_lambda_0.001_seed_20260906,causal,272,2,2.0,0.001,20260906,0.07608861476182938,1.21741783618927,0.8463541865348816,0.84765625,-0.0013020634651184082,00111101100110111101010001011001,00111111100110111101010001011001,1,0.8641,0.8646,-0.000500000000000056,0.0,0.0999,0.0086,0.0086,622.7064208984375,0.2579544865131378,causal-margin-v2,2.0,0.5,0.0,0.0234375,0.1328125,0.0,-2.2986788749694824,-1.2126884460449219,1.08599054813385,False,False
causal_target_2_feature_274_beta_2_lambda_0.001_seed_20260904,causal,274,2,2.0,0.001,20260904,0.10527614504098892,1.6844183206558228,0.8463541865348816,0.84765625,-0.0013020634651184082,00111101110101111001101100000101,00111111110101111001101100000101,1,0.8641,0.8642,-9.999999999998899e-05,0.0001,0.1003,0.7144,0.7143,666.9674072265625,0.1879066873550415,causal-margin-v2,2.0,0.5,0.0,0.73828125,0.12890625,0.0,-2.8922600746154785,0.2623714208602905,3.1546316146850586,False,False
causal_target_2_feature_274_beta_2_lambda_0.001_seed_20260905,causal,274,2,2.0,0.001,20260905,0.10527614504098892,1.6844183206558228,0.8463541865348816,0.84765625,-0.0013020634651184082,00111101110101111001101100000101,00111111110101111001101100000101,1,0.8641,0.8642,-9.999999999998899e-05,0.0,0.1003,0.7553,0.7553,658.1870727539062,0.17723702530860902,causal-margin-v2,2.0,0.5,0.0,0.71875,0.12890625,0.0,-2.86603045463562,0.15282513201236725,3.018855571746826,False,False
causal_target_2_feature_274_beta_2_lambda_0.001_seed_20260906,causal,274,2,2.0,0.001,20260906,0.10527614504098892,1.6844183206558228,0.8463541865348816,0.84765625,-0.0013020634651184082,00111101110101111001101100000101,00111111110101111001101100000101,1,0.8641,0.8642,-9.999999999998899e-05,0.0,0.1003,0.7841,0.7841,674.049560546875,0.1874686874628067,causal-margin-v2,2.0,0.5,0.0,0.76171875,0.12890625,0.0,-2.919382095336914,0.3331296145915985,3.252511501312256,False,False
causal_target_2_feature_277_beta_2_lambda_0.001_seed_20260904,causal,277,2,2.0,0.001,20260904,0.10092857480049133,1.6148571968078613,0.8463541865348816,0.84765625,-0.0013020634651184082,00111101110011101011001110100100,00111111110011101011001110100100,1,0.8641,0.8641,0.0,0.0001,0.1009,0.7906,0.7905,615.0870361328125,0.2103883591413498,causal-margin-v2,2.0,0.5,0.0,0.80859375,0.1328125,0.0,-2.955824613571167,0.3417140245437622,3.2975387573242188,False,False
causal_target_2_feature_277_beta_2_lambda_0.001_seed_20260905,causal,277,2,2.0,0.001,20260905,0.10092857480049133,1.6148571968078613,0.8463541865348816,0.84765625,-0.0013020634651184082,00111101110011101011001110100100,00111111110011101011001110100100,1,0.8641,0.8641,0.0,0.0,0.1009,0.8575,0.8575,637.1866455078125,0.20328508830070496,causal-margin-v2,2.0,0.5,0.0,0.84375,0.1328125,0.0,-2.8772881031036377,0.45660847425460815,3.3338966369628906,False,False
causal_target_2_feature_277_beta_2_lambda_0.001_seed_20260906,causal,277,2,2.0,0.001,20260906,0.10092857480049133,1.6148571968078613,0.8463541865348816,0.84765625,-0.0013020634651184082,00111101110011101011001110100100,00111111110011101011001110100100,1,0.8641,0.8641,0.0,0.0001,0.1009,0.7726,0.7725,643.9520874023438,0.2009958270072937,causal-margin-v2,2.0,0.5,0.0,0.7734375,0.1328125,0.0,-2.9753904342651367,0.3094140887260437,3.284804582595825,False,False
causal_target_2_feature_288_beta_2_lambda_0.001_seed_20260904,causal,288,2,2.0,0.001,20260904,0.0696641355752945,1.114626169204712,0.8463541865348816,0.8489583730697632,-0.002604186534881592,00111101100011101010110000010010,00111111100011101010110000010010,1,0.8641,0.8648,-0.0007000000000000339,0.0,0.0971,0.7032,0.7032,650.5942993164062,0.1706161237716675,causal-margin-v2,2.0,0.5,0.0,0.6875,0.12890625,0.0,-2.9498040676116943,0.1554110050201416,3.105215072631836,False,False
causal_target_2_feature_288_beta_2_lambda_0.001_seed_20260905,causal,288,2,2.0,0.001,20260905,0.0696641355752945,1.114626169204712,0.8463541865348816,0.8489583730697632,-0.002604186534881592,00111101100011101010110000010010,00111111100011101010110000010010,1,0.8641,0.8648,-0.0007000000000000339,0.0,0.0971,0.7875,0.7875,663.5322265625,0.16608333749771118,causal-margin-v2,2.0,0.5,0.0,0.76953125,0.12890625,0.0,-3.040024995803833,0.2553964853286743,3.295421600341797,False,False
causal_target_2_feature_288_beta_2_lambda_0.001_seed_20260906,causal,288,2,2.0,0.001,20260906,0.0696641355752945,1.114626169204712,0.8463541865348816,0.8489583730697632,-0.002604186534881592,00111101100011101010110000010010,00111111100011101010110000010010,1,0.8641,0.8648,-0.0007000000000000339,0.0,0.0971,0.7575,0.7575,671.90576171875,0.16471406183242798,causal-margin-v2,2.0,0.5,0.0,0.72265625,0.12890625,0.0,-3.000920295715332,0.18422044813632965,3.18514084815979,False,False
causal_target_2_feature_293_beta_2_lambda_0.001_seed_20260904,causal,293,2,2.0,0.001,20260904,0.07296036928892136,1.1673659086227417,0.8463541865348816,0.84765625,-0.0013020634651184082,00111101100101010110110000111111,00111111100101010110110000111111,1,0.8641,0.8649,-0.0008000000000000229,0.0,0.0994,0.1104,0.1104,817.2245483398438,0.0880699007987976,causal-margin-v2,2.0,0.5,0.0,0.09375,0.1328125,0.0,-2.5910394191741943,-0.3751198351383209,2.2159194946289062,False,False
causal_target_2_feature_293_beta_2_lambda_0.001_seed_20260905,causal,293,2,2.0,0.001,20260905,0.07296036928892136,1.1673659086227417,0.8463541865348816,0.84765625,-0.0013020634651184082,00111101100101010110110000111111,00111111100101010110110000111111,1,0.8641,0.8649,-0.0008000000000000229,0.0,0.0994,0.1254,0.1254,854.1839599609375,0.07244586534500122,causal-margin-v2,2.0,0.5,0.0,0.1015625,0.1328125,0.0,-2.622072219848633,-0.2720547616481781,2.350017547607422,False,False
causal_target_2_feature_293_beta_2_lambda_0.001_seed_20260906,causal,293,2,2.0,0.001,20260906,0.07296036928892136,1.1673659086227417,0.8463541865348816,0.84765625,-0.0013020634651184082,00111101100101010110110000111111,00111111100101010110110000111111,1,0.8641,0.8649,-0.0008000000000000229,0.0,0.0994,0.1105,0.1105,833.2691040039062,0.08087931785583496,causal-margin-v2,2.0,0.5,0.0,0.1015625,0.1328125,0.0,-2.5737016201019287,-0.32969993352890015,2.244001865386963,False,False
causal_target_2_feature_308_beta_2_lambda_0.001_seed_20260904,causal,308,2,2.0,0.001,20260904,0.09048184007406235,1.4477094411849976,0.8463541865348816,0.8463541865348816,0.0,00111101101110010100111010001011,00111111101110010100111010001011,1,0.8641,0.8635,0.0005999999999999339,0.0,0.1028,0.9894,0.9894,670.7491455078125,0.1924127103328705,causal-margin-v2,2.0,0.5,0.0,0.99609375,0.13671875,-0.00390625,-3.444237232208252,0.9896551370620728,4.433892250061035,True,True
causal_target_2_feature_308_beta_2_lambda_0.001_seed_20260905,causal,308,2,2.0,0.001,20260905,0.09048184007406235,1.4477094411849976,0.8463541865348816,0.8463541865348816,0.0,00111101101110010100111010001011,00111111101110010100111010001011,1,0.8641,0.8635,0.0005999999999999339,0.0,0.1028,0.9903,0.9903,674.1495971679688,0.17570312628746032,causal-margin-v2,2.0,0.5,0.0,0.9765625,0.13671875,-0.00390625,-3.6661505699157715,1.0990558862686157,4.765206813812256,True,True
causal_target_2_feature_308_beta_2_lambda_0.001_seed_20260906,causal,308,2,2.0,0.001,20260906,0.09048184007406235,1.4477094411849976,0.8463541865348816,0.8463541865348816,0.0,00111101101110010100111010001011,00111111101110010100111010001011,1,0.8641,0.8635,0.0005999999999999339,0.0,0.1028,0.994,0.994,670.035888671875,0.18566698942184448,causal-margin-v2,2.0,0.5,0.0,0.984375,0.13671875,-0.00390625,-3.536287784576416,1.0535662174224854,4.589853763580322,True,True
causal_target_2_feature_314_beta_2_lambda_0.001_seed_20260904,causal,314,2,2.0,0.001,20260904,0.121757373213768,1.948117971420288,0.8463541865348816,0.8463541865348816,0.0,00111101111110010101101111101110,00111111111110010101101111101110,1,0.8641,0.8642,-9.999999999998899e-05,0.0,0.1035,0.9958,0.9958,624.0945434570312,0.23285583832263945,causal-margin-v2,2.0,0.5,0.0,0.99609375,0.1328125,0.0,-4.039013862609863,1.537140965461731,5.576154708862305,True,True
causal_target_2_feature_314_beta_2_lambda_0.001_seed_20260905,causal,314,2,2.0,0.001,20260905,0.121757373213768,1.948117971420288,0.8463541865348816,0.8463541865348816,0.0,00111101111110010101101111101110,00111111111110010101101111101110,1,0.8641,0.8642,-9.999999999998899e-05,0.0,0.1035,0.9955,0.9955,625.4014892578125,0.23250577795505523,causal-margin-v2,2.0,0.5,0.0,0.99609375,0.1328125,0.0,-4.1396484375,1.795910120010376,5.935557842254639,True,True
causal_target_2_feature_314_beta_2_lambda_0.001_seed_20260906,causal,314,2,2.0,0.001,20260906,0.121757373213768,1.948117971420288,0.8463541865348816,0.8463541865348816,0.0,00111101111110010101101111101110,00111111111110010101101111101110,1,0.8641,0.8642,-9.999999999998899e-05,0.0,0.1035,0.9974,0.9974,633.0166015625,0.2166802852869034,causal-margin-v2,2.0,0.5,0.0,0.99609375,0.1328125,0.0,-4.1385884284973145,1.770073413848877,5.908661842346191,True,True
causal_target_2_feature_329_beta_2_lambda_0.001_seed_20260904,causal,329,2,2.0,0.001,20260904,0.07543071359395981,1.206891417503357,0.8463541865348816,0.84765625,-0.0013020634651184082,00111101100110100111101101101011,00111111100110100111101101101011,1,0.8641,0.8651,-0.0010000000000000009,0.0,0.0996,0.298,0.298,730.4738159179688,0.13696296803951263,causal-margin-v2,2.0,0.5,0.0,0.31640625,0.1328125,0.0,-2.7436108589172363,-0.16307514905929565,2.580535650253296,False,False
causal_target_2_feature_329_beta_2_lambda_0.001_seed_20260905,causal,329,2,2.0,0.001,20260905,0.07543071359395981,1.206891417503357,0.8463541865348816,0.84765625,-0.0013020634651184082,00111101100110100111101101101011,00111111100110100111101101101011,1,0.8641,0.8651,-0.0010000000000000009,0.0,0.0996,0.4276,0.4276,830.2178344726562,0.0873783272266388,causal-margin-v2,2.0,0.5,0.0,0.421875,0.1328125,0.0,-2.476224184036255,-0.06519751995801926,2.4110264778137207,False,False
causal_target_2_feature_329_beta_2_lambda_0.001_seed_20260906,causal,329,2,2.0,0.001,20260906,0.07543071359395981,1.206891417503357,0.8463541865348816,0.84765625,-0.0013020634651184082,00111101100110100111101101101011,00111111100110100111101101101011,1,0.8641,0.8651,-0.0010000000000000009,0.0,0.0996,0.9954,0.9954,831.7525634765625,0.08307634094953537,causal-margin-v2,2.0,0.5,0.0,0.99609375,0.1328125,0.0,-1.7758327722549438,0.7197389006614685,2.4955716133117676,True,True
causal_target_2_feature_333_beta_2_lambda_0.001_seed_20260904,causal,333,2,2.0,0.001,20260904,0.07468036562204361,1.1948858499526978,0.8463541865348816,0.8463541865348816,0.0,00111101100110001111001000000101,00111111100110001111001000000101,1,0.8641,0.8642,-9.999999999998899e-05,0.0,0.0975,0.557,0.557,582.0411376953125,0.25237311224937437,causal-margin-v2,2.0,0.5,0.0,0.55859375,0.125,-0.0078125,-2.8801021575927734,0.060475610196590424,2.940577507019043,False,False
causal_target_2_feature_333_beta_2_lambda_0.001_seed_20260905,causal,333,2,2.0,0.001,20260905,0.07468036562204361,1.1948858499526978,0.8463541865348816,0.8463541865348816,0.0,00111101100110001111001000000101,00111111100110001111001000000101,1,0.8641,0.8642,-9.999999999998899e-05,0.0,0.0975,0.7669,0.7669,600.8543090820312,0.2218859196662903,causal-margin-v2,2.0,0.5,0.0,0.78515625,0.125,-0.0078125,-2.9802451133728027,0.31375712156295776,3.294002056121826,False,False
causal_target_2_feature_333_beta_2_lambda_0.001_seed_20260906,causal,333,2,2.0,0.001,20260906,0.07468036562204361,1.1948858499526978,0.8463541865348816,0.8463541865348816,0.0,00111101100110001111001000000101,00111111100110001111001000000101,1,0.8641,0.8642,-9.999999999998899e-05,0.0,0.0975,0.8155,0.8155,635.3524169921875,0.2053340798854828,causal-margin-v2,2.0,0.5,0.0,0.84375,0.125,-0.0078125,-2.982513427734375,0.4029447138309479,3.385457992553711,False,False
causal_target_2_feature_338_beta_2_lambda_0.001_seed_20260904,causal,338,2,2.0,0.001,20260904,0.004560920875519514,1.1675957441329956,0.8463541865348816,0.8502604365348816,-0.00390625,00111011100101010111001111000111,00111111100101010111001111000111,1,0.8641,0.8646,-0.000500000000000056,0.0,0.0962,0.0688,0.0688,738.3668823242188,0.13184827592372894,causal-margin-v2,2.0,0.5,0.0,0.08984375,0.125,-0.00390625,-2.7022204399108887,-0.39283668994903564,2.3093838691711426,False,False
causal_target_2_feature_338_beta_2_lambda_0.001_seed_20260905,causal,338,2,2.0,0.001,20260905,0.004560920875519514,1.1675957441329956,0.8463541865348816,0.8502604365348816,-0.00390625,00111011100101010111001111000111,00111111100101010111001111000111,1,0.8641,0.8646,-0.000500000000000056,0.0,0.0962,0.1091,0.1091,799.3509521484375,0.0873867128610611,causal-margin-v2,2.0,0.5,0.0,0.12109375,0.125,-0.00390625,-2.7234368324279785,-0.24499738216400146,2.4784393310546875,False,False
causal_target_2_feature_338_beta_2_lambda_0.001_seed_20260906,causal,338,2,2.0,0.001,20260906,0.004560920875519514,1.1675957441329956,0.8463541865348816,0.8502604365348816,-0.00390625,00111011100101010111001111000111,00111111100101010111001111000111,1,0.8641,0.8646,-0.000500000000000056,0.0,0.0962,0.0224,0.0224,731.3360595703125,0.13837696173191072,causal-margin-v2,2.0,0.5,0.0,0.0390625,0.125,-0.00390625,-2.5977680683135986,-0.6702708005905151,1.9274972677230835,False,False
causal_target_2_feature_346_beta_2_lambda_0.001_seed_20260904,causal,346,2,2.0,0.001,20260904,0.07661286741495132,1.2258058786392212,0.8463541865348816,0.84765625,-0.0013020634651184082,00111101100111001110011100110101,00111111100111001110011100110101,1,0.8641,0.865,-0.0009000000000000119,0.0,0.099,0.3742,0.3742,719.4928588867188,0.14271437468528747,causal-margin-v2,2.0,0.5,0.0,0.359375,0.1328125,0.0,-2.812319755554199,-0.12821072340011597,2.6841087341308594,False,False
causal_target_2_feature_346_beta_2_lambda_0.001_seed_20260905,causal,346,2,2.0,0.001,20260905,0.07661286741495132,1.2258058786392212,0.8463541865348816,0.84765625,-0.0013020634651184082,00111101100111001110011100110101,00111111100111001110011100110101,1,0.8641,0.865,-0.0009000000000000119,0.0,0.099,0.3479,0.3479,767.60986328125,0.11652507250308991,causal-margin-v2,2.0,0.5,0.0,0.296875,0.1328125,0.0,-2.7028722763061523,-0.14857423305511475,2.554298162460327,False,False
causal_target_2_feature_346_beta_2_lambda_0.001_seed_20260906,causal,346,2,2.0,0.001,20260906,0.07661286741495132,1.2258058786392212,0.8463541865348816,0.84765625,-0.0013020634651184082,00111101100111001110011100110101,00111111100111001110011100110101,1,0.8641,0.865,-0.0009000000000000119,0.0,0.099,0.2916,0.2916,769.8002319335938,0.11990976403951645,causal-margin-v2,2.0,0.5,0.0,0.3515625,0.1328125,0.0,-2.7205960750579834,-0.1391257643699646,2.581470251083374,False,False
causal_target_2_feature_347_beta_2_lambda_0.001_seed_20260904,causal,347,2,2.0,0.001,20260904,0.10833190381526947,1.7333104610443115,0.8463541865348816,0.8463541865348816,0.0,00111101110111011101110100011110,00111111110111011101110100011110,1,0.8641,0.8631,0.0010000000000000009,0.0,0.1033,0.9977,0.9977,649.9464111328125,0.2129305172920227,causal-margin-v2,2.0,0.5,0.0,0.99609375,0.1328125,-0.00390625,-4.133426666259766,1.7440571784973145,5.87748384475708,False,True
causal_target_2_feature_347_beta_2_lambda_0.001_seed_20260905,causal,347,2,2.0,0.001,20260905,0.10833190381526947,1.7333104610443115,0.8463541865348816,0.8463541865348816,0.0,00111101110111011101110100011110,00111111110111011101110100011110,1,0.8641,0.8631,0.0010000000000000009,0.0,0.1033,0.9984,0.9984,649.7437133789062,0.19885927214622498,causal-margin-v2,2.0,0.5,0.0,1.0,0.1328125,-0.00390625,-4.190005779266357,1.8376764059066772,6.027682304382324,False,True
causal_target_2_feature_347_beta_2_lambda_0.001_seed_20260906,causal,347,2,2.0,0.001,20260906,0.10833190381526947,1.7333104610443115,0.8463541865348816,0.8463541865348816,0.0,00111101110111011101110100011110,00111111110111011101110100011110,1,0.8641,0.8631,0.0010000000000000009,0.0,0.1033,0.9932,0.9932,645.345703125,0.20931431438922882,causal-margin-v2,2.0,0.5,0.0,1.0,0.1328125,-0.00390625,-3.717031478881836,1.3219555616378784,5.038987159729004,False,True
causal_target_2_feature_360_beta_2_lambda_0.001_seed_20260904,causal,360,2,2.0,0.001,20260904,0.005770184099674225,1.4771671295166016,0.8463541865348816,0.8502604365348816,-0.00390625,00111011101111010001001111010000,00111111101111010001001111010000,1,0.8641,0.8646,-0.000500000000000056,0.0,0.0955,0.4766,0.4766,692.8241577148438,0.1641411303281784,causal-margin-v2,2.0,0.5,0.0,0.52734375,0.12890625,0.0,-2.860043525695801,0.017919912934303284,2.8779633045196533,False,False
causal_target_2_feature_360_beta_2_lambda_0.001_seed_20260905,causal,360,2,2.0,0.001,20260905,0.005770184099674225,1.4771671295166016,0.8463541865348816,0.8502604365348816,-0.00390625,00111011101111010001001111010000,00111111101111010001001111010000,1,0.8641,0.8646,-0.000500000000000056,0.0,0.0955,0.6021,0.6021,735.0473022460938,0.1408495142698288,causal-margin-v2,2.0,0.5,0.0,0.578125,0.12890625,0.0,-2.7087926864624023,0.048221029341220856,2.7570137977600098,False,False
causal_target_2_feature_360_beta_2_lambda_0.001_seed_20260906,causal,360,2,2.0,0.001,20260906,0.005770184099674225,1.4771671295166016,0.8463541865348816,0.8502604365348816,-0.00390625,00111011101111010001001111010000,00111111101111010001001111010000,1,0.8641,0.8646,-0.000500000000000056,0.0,0.0955,0.6696,0.6696,761.7265625,0.11804301354885101,causal-margin-v2,2.0,0.5,0.0,0.63671875,0.12890625,0.0,-2.9287798404693604,0.08515014499425888,3.013930082321167,False,False
causal_target_2_feature_362_beta_2_lambda_0.001_seed_20260904,causal,362,2,2.0,0.001,20260904,0.0979449599981308,1.5671193599700928,0.8463541865348816,0.84765625,-0.0013020634651184082,00111101110010001001011101011110,00111111110010001001011101011110,1,0.8641,0.8642,-9.999999999998899e-05,0.0,0.1016,0.4806,0.4806,697.947509765625,0.15590684020519258,causal-margin-v2,2.0,0.5,0.0,0.484375,0.1328125,0.0,-2.8051705360412598,-0.08022505044937134,2.724945545196533,False,False
causal_target_2_feature_362_beta_2_lambda_0.001_seed_20260905,causal,362,2,2.0,0.001,20260905,0.0979449599981308,1.5671193599700928,0.8463541865348816,0.84765625,-0.0013020634651184082,00111101110010001001011101011110,00111111110010001001011101011110,1,0.8641,0.8642,-9.999999999998899e-05,0.0,0.1016,0.5997,0.5997,653.7848510742188,0.17305877213478088,causal-margin-v2,2.0,0.5,0.0,0.57421875,0.1328125,0.0,-2.804532766342163,0.0653105229139328,2.8698434829711914,False,False
causal_target_2_feature_362_beta_2_lambda_0.001_seed_20260906,causal,362,2,2.0,0.001,20260906,0.0979449599981308,1.5671193599700928,0.8463541865348816,0.84765625,-0.0013020634651184082,00111101110010001001011101011110,00111111110010001001011101011110,1,0.8641,0.8642,-9.999999999998899e-05,0.0,0.1016,0.6318,0.6318,716.4288330078125,0.13841317400932313,causal-margin-v2,2.0,0.5,0.0,0.61328125,0.1328125,0.0,-2.8475759029388428,0.06122320145368576,2.908799171447754,False,False
causal_target_2_feature_367_beta_2_lambda_0.001_seed_20260904,causal,367,2,2.0,0.001,20260904,0.0975901186466217,1.5614418983459473,0.8463541865348816,0.8463541865348816,0.0,00111101110001111101110101010100,00111111110001111101110101010100,1,0.8641,0.8632,0.0009000000000000119,0.0005,0.1019,0.8248,0.8243,592.945556640625,0.2656284201145172,causal-margin-v2,2.0,0.5,0.0,0.8515625,0.1328125,0.0,-3.0856504440307617,0.6122701168060303,3.697920560836792,False,False
causal_target_2_feature_367_beta_2_lambda_0.001_seed_20260905,causal,367,2,2.0,0.001,20260905,0.0975901186466217,1.5614418983459473,0.8463541865348816,0.8463541865348816,0.0,00111101110001111101110101010100,00111111110001111101110101010100,1,0.8641,0.8632,0.0009000000000000119,0.0003,0.1019,0.9487,0.9484,623.9923706054688,0.22062987558841704,causal-margin-v2,2.0,0.5,0.0,0.953125,0.1328125,0.0,-3.378643035888672,0.9238295555114746,4.3024725914001465,True,True
causal_target_2_feature_367_beta_2_lambda_0.001_seed_20260906,causal,367,2,2.0,0.001,20260906,0.0975901186466217,1.5614418983459473,0.8463541865348816,0.8463541865348816,0.0,00111101110001111101110101010100,00111111110001111101110101010100,1,0.8641,0.8632,0.0009000000000000119,0.0,0.1019,0.9628,0.9628,615.022216796875,0.22880709974765778,causal-margin-v2,2.0,0.5,0.0,0.95703125,0.1328125,0.0,-3.413633346557617,0.9101047515869141,4.323738098144531,True,True
causal_target_2_feature_371_beta_2_lambda_0.001_seed_20260904,causal,371,2,2.0,0.001,20260904,0.1225798949599266,1.9612783193588257,0.8463541865348816,0.8463541865348816,0.0,00111101111110110000101100101011,00111111111110110000101100101011,1,0.8641,0.864,9.999999999998899e-05,0.0,0.1007,0.9044,0.9044,678.028564453125,0.16865091915130614,causal-margin-v2,2.0,0.5,0.0,0.8828125,0.1328125,0.0,-3.1128768920898438,0.5069559216499329,3.6198325157165527,True,False
causal_target_2_feature_371_beta_2_lambda_0.001_seed_20260905,causal,371,2,2.0,0.001,20260905,0.1225798949599266,1.9612783193588257,0.8463541865348816,0.8463541865348816,0.0,00111101111110110000101100101011,00111111111110110000101100101011,1,0.8641,0.864,9.999999999998899e-05,0.0,0.1007,0.9393,0.9393,662.7716064453125,0.18314811053276062,causal-margin-v2,2.0,0.5,0.0,0.94140625,0.1328125,0.0,-3.1542420387268066,0.6145375370979309,3.7687792778015137,True,True
causal_target_2_feature_371_beta_2_lambda_0.001_seed_20260906,causal,371,2,2.0,0.001,20260906,0.1225798949599266,1.9612783193588257,0.8463541865348816,0.8463541865348816,0.0,00111101111110110000101100101011,00111111111110110000101100101011,1,0.8641,0.864,9.999999999998899e-05,0.0,0.1007,0.9476,0.9476,687.5414428710938,0.16136658375263213,causal-margin-v2,2.0,0.5,0.0,0.96875,0.1328125,0.0,-3.1875200271606445,0.6246840953826904,3.812204360961914,True,True
causal_target_2_feature_397_beta_2_lambda_0.001_seed_20260904,causal,397,2,2.0,0.001,20260904,0.11011482030153275,1.761837124824524,0.8463541865348816,0.8463541865348816,0.0,00111101111000011000001111100001,00111111111000011000001111100001,1,0.8641,0.8644,-0.00029999999999996696,0.0,0.1014,0.3784,0.3784,807.20263671875,0.09521076320409774,causal-margin-v2,2.0,0.5,0.0,0.3671875,0.1328125,0.0,-2.501877784729004,-0.09840390831232071,2.4034738540649414,False,False
causal_target_2_feature_397_beta_2_lambda_0.001_seed_20260905,causal,397,2,2.0,0.001,20260905,0.11011482030153275,1.761837124824524,0.8463541865348816,0.8463541865348816,0.0,00111101111000011000001111100001,00111111111000011000001111100001,1,0.8641,0.8644,-0.00029999999999996696,0.0,0.1014,0.3141,0.3141,855.9801635742188,0.07481700028181076,causal-margin-v2,2.0,0.5,0.0,0.328125,0.1328125,0.0,-2.458407402038574,-0.1116882935166359,2.346719264984131,False,False
causal_target_2_feature_397_beta_2_lambda_0.001_seed_20260906,causal,397,2,2.0,0.001,20260906,0.11011482030153275,1.761837124824524,0.8463541865348816,0.8463541865348816,0.0,00111101111000011000001111100001,00111111111000011000001111100001,1,0.8641,0.8644,-0.00029999999999996696,0.0,0.1014,0.3641,0.3641,819.5326538085938,0.08502353750467301,causal-margin-v2,2.0,0.5,0.0,0.4140625,0.1328125,0.0,-2.685260772705078,-0.08445470780134201,2.6008057594299316,False,False
causal_target_2_feature_410_beta_2_lambda_0.001_seed_20260904,causal,410,2,2.0,0.001,20260904,0.07557498663663864,1.2091997861862183,0.8463541865348816,0.84765625,-0.0013020634651184082,00111101100110101100011100001111,00111111100110101100011100001111,1,0.8641,0.8646,-0.000500000000000056,0.0001,0.0997,0.7418,0.7417,666.739013671875,0.19195406777858734,causal-margin-v2,2.0,0.5,0.0,0.7890625,0.1328125,0.0,-2.890791654586792,0.33683162927627563,3.227623462677002,False,False
causal_target_2_feature_410_beta_2_lambda_0.001_seed_20260905,causal,410,2,2.0,0.001,20260905,0.07557498663663864,1.2091997861862183,0.8463541865348816,0.84765625,-0.0013020634651184082,00111101100110101100011100001111,00111111100110101100011100001111,1,0.8641,0.8646,-0.000500000000000056,0.0001,0.0997,0.6678,0.6677,686.1741333007812,0.17772332150936127,causal-margin-v2,2.0,0.5,0.0,0.64453125,0.1328125,0.0,-2.9732823371887207,0.1569989174604416,3.1302812099456787,False,False
causal_target_2_feature_410_beta_2_lambda_0.001_seed_20260906,causal,410,2,2.0,0.001,20260906,0.07557498663663864,1.2091997861862183,0.8463541865348816,0.84765625,-0.0013020634651184082,00111101100110101100011100001111,00111111100110101100011100001111,1,0.8641,0.8646,-0.000500000000000056,0.0005,0.0997,0.9717,0.9712000000000001,679.900146484375,0.17531156542301177,causal-margin-v2,2.0,0.5,0.0,0.96875,0.1328125,0.0,-2.476877450942993,0.8494905233383179,3.3263678550720215,True,True
causal_target_2_feature_412_beta_2_lambda_0.001_seed_20260904,causal,412,2,2.0,0.001,20260904,0.09709837287664413,1.5535739660263062,0.8463541865348816,0.84765625,-0.0013020634651184082,00111101110001101101101110000011,00111111110001101101101110000011,1,0.8641,0.8642,-9.999999999998899e-05,0.0002,0.0998,0.5654,0.5652,680.7847900390625,0.175006525015831,causal-margin-v2,2.0,0.5,0.0,0.62109375,0.12890625,0.0,-2.7402267456054688,0.11709621548652649,2.8573226928710938,False,False
causal_target_2_feature_412_beta_2_lambda_0.001_seed_20260905,causal,412,2,2.0,0.001,20260905,0.09709837287664413,1.5535739660263062,0.8463541865348816,0.84765625,-0.0013020634651184082,00111101110001101101101110000011,00111111110001101101101110000011,1,0.8641,0.8642,-9.999999999998899e-05,0.0,0.0998,0.7587,0.7587,675.37158203125,0.17478668673038483,causal-margin-v2,2.0,0.5,0.0,0.79296875,0.12890625,0.0,-2.859389543533325,0.27294355630874634,3.1323330402374268,False,False
causal_target_2_feature_412_beta_2_lambda_0.001_seed_20260906,causal,412,2,2.0,0.001,20260906,0.09709837287664413,1.5535739660263062,0.8463541865348816,0.84765625,-0.0013020634651184082,00111101110001101101101110000011,00111111110001101101101110000011,1,0.8641,0.8642,-9.999999999998899e-05,0.0,0.0998,0.7268,0.7268,677.1983032226562,0.1741730224609375,causal-margin-v2,2.0,0.5,0.0,0.69140625,0.12890625,0.0,-2.8951830863952637,0.20841282606124878,3.1035962104797363,False,False
causal_target_2_feature_413_beta_2_lambda_0.001_seed_20260904,causal,413,2,2.0,0.001,20260904,0.08810693770647049,1.4097110033035278,0.8463541865348816,0.84765625,-0.0013020634651184082,00111101101101000111000101101001,00111111101101000111000101101001,1,0.8641,0.8643,-0.00019999999999997797,0.0029,0.0992,0.0413,0.038400000000000004,561.7021484375,0.32688539996147153,causal-margin-v2,2.0,0.5,0.0,0.0546875,0.1328125,0.0,-2.2643532752990723,-1.1396780014038086,1.1246752738952637,False,False
causal_target_2_feature_413_beta_2_lambda_0.001_seed_20260905,causal,413,2,2.0,0.001,20260905,0.08810693770647049,1.4097110033035278,0.8463541865348816,0.84765625,-0.0013020634651184082,00111101101101000111000101101001,00111111101101000111000101101001,1,0.8641,0.8643,-0.00019999999999997797,0.0005,0.0992,0.2835,0.283,685.426513671875,0.17291666977405548,causal-margin-v2,2.0,0.5,0.00390625,0.30859375,0.1328125,0.0,-2.232733726501465,-0.24653060734272003,1.9862033128738403,False,False
causal_target_2_feature_413_beta_2_lambda_0.001_seed_20260906,causal,413,2,2.0,0.001,20260906,0.08810693770647049,1.4097110033035278,0.8463541865348816,0.84765625,-0.0013020634651184082,00111101101101000111000101101001,00111111101101000111000101101001,1,0.8641,0.8643,-0.00019999999999997797,0.0017,0.0992,0.0744,0.0727,595.9017944335938,0.27172768936157227,causal-margin-v2,2.0,0.5,0.00390625,0.1015625,0.1328125,0.0,-2.2328078746795654,-0.9097123146057129,1.3230955600738525,False,False
causal_target_2_feature_418_beta_2_lambda_0.001_seed_20260904,causal,418,2,2.0,0.001,20260904,0.0844682827591896,1.3514925241470337,0.8463541865348816,0.8463541865348816,0.0,00111101101011001111110110110101,00111111101011001111110110110101,1,0.8641,0.8647,-0.0006000000000000449,0.0,0.0995,0.9148,0.9148,681.3419189453125,0.18591808600425722,causal-margin-v2,2.0,0.5,0.0,0.8984375,0.12890625,-0.00390625,-3.1849286556243896,0.5747799873352051,3.759708881378174,True,False
causal_target_2_feature_418_beta_2_lambda_0.001_seed_20260905,causal,418,2,2.0,0.001,20260905,0.0844682827591896,1.3514925241470337,0.8463541865348816,0.8463541865348816,0.0,00111101101011001111110110110101,00111111101011001111110110110101,1,0.8641,0.8647,-0.0006000000000000449,0.0,0.0995,0.73,0.73,630.0951538085938,0.22122257952690125,causal-margin-v2,2.0,0.5,0.0,0.75390625,0.12890625,-0.00390625,-2.9715347290039062,0.2671670615673065,3.2387020587921143,False,False
causal_target_2_feature_418_beta_2_lambda_0.001_seed_20260906,causal,418,2,2.0,0.001,20260906,0.0844682827591896,1.3514925241470337,0.8463541865348816,0.8463541865348816,0.0,00111101101011001111110110110101,00111111101011001111110110110101,1,0.8641,0.8647,-0.0006000000000000449,0.0001,0.0995,0.814,0.8139,650.4686279296875,0.2058123327255249,causal-margin-v2,2.0,0.5,0.0,0.80078125,0.12890625,-0.00390625,-3.0155482292175293,0.36138877272605896,3.376936912536621,False,False
causal_target_2_feature_430_beta_2_lambda_0.001_seed_20260904,causal,430,2,2.0,0.001,20260904,0.10036787390708923,1.6058859825134277,0.8463541865348816,0.84765625,-0.0013020634651184082,00111101110011011000110110101100,00111111110011011000110110101100,1,0.8641,0.8648,-0.0007000000000000339,0.0,0.1003,0.83,0.83,672.456787109375,0.17372264506816865,causal-margin-v2,2.0,0.5,0.0,0.83984375,0.1328125,0.0,-2.9524459838867188,0.3742356300354004,3.326681613922119,False,False
causal_target_2_feature_430_beta_2_lambda_0.001_seed_20260905,causal,430,2,2.0,0.001,20260905,0.10036787390708923,1.6058859825134277,0.8463541865348816,0.84765625,-0.0013020634651184082,00111101110011011000110110101100,00111111110011011000110110101100,1,0.8641,0.8648,-0.0007000000000000339,0.0,0.1003,0.9175,0.9175,683.818603515625,0.15897097136974334,causal-margin-v2,2.0,0.5,0.0,0.8828125,0.1328125,0.0,-3.0456316471099854,0.5722006559371948,3.6178321838378906,True,False
causal_target_2_feature_430_beta_2_lambda_0.001_seed_20260906,causal,430,2,2.0,0.001,20260906,0.10036787390708923,1.6058859825134277,0.8463541865348816,0.84765625,-0.0013020634651184082,00111101110011011000110110101100,00111111110011011000110110101100,1,0.8641,0.8648,-0.0007000000000000339,0.0,0.1003,0.9052,0.9052,703.1132202148438,0.1543326765537262,causal-margin-v2,2.0,0.5,0.0,0.890625,0.1328125,0.0,-3.1735944747924805,0.5584560632705688,3.7320501804351807,True,False
causal_target_2_feature_432_beta_2_lambda_0.001_seed_20260904,causal,432,2,2.0,0.001,20260904,0.06976421177387238,1.116227388381958,0.8463541865348816,0.84765625,-0.0013020634651184082,00111101100011101110000010001010,00111111100011101110000010001010,1,0.8641,0.8645,-0.00040000000000006697,0.0,0.0996,0.2149,0.2149,786.095458984375,0.11087114102840423,causal-margin-v2,2.0,0.5,0.0,0.234375,0.1328125,0.0,-2.6439318656921387,-0.2382591962814331,2.405673027038574,False,False
causal_target_2_feature_432_beta_2_lambda_0.001_seed_20260905,causal,432,2,2.0,0.001,20260905,0.06976421177387238,1.116227388381958,0.8463541865348816,0.84765625,-0.0013020634651184082,00111101100011101110000010001010,00111111100011101110000010001010,1,0.8641,0.8645,-0.00040000000000006697,0.0,0.0996,0.2892,0.2892,733.3260498046875,0.12715793917179108,causal-margin-v2,2.0,0.5,0.0,0.32421875,0.1328125,0.0,-2.692528247833252,-0.1368318796157837,2.5556960105895996,False,False
causal_target_2_feature_432_beta_2_lambda_0.001_seed_20260906,causal,432,2,2.0,0.001,20260906,0.06976421177387238,1.116227388381958,0.8463541865348816,0.84765625,-0.0013020634651184082,00111101100011101110000010001010,00111111100011101110000010001010,1,0.8641,0.8645,-0.00040000000000006697,0.0,0.0996,0.3022,0.3022,770.281494140625,0.10978464727401734,causal-margin-v2,2.0,0.5,0.0,0.26953125,0.1328125,0.0,-2.769009590148926,-0.20685744285583496,2.5621519088745117,False,False
causal_target_2_feature_433_beta_2_lambda_0.001_seed_20260904,causal,433,2,2.0,0.001,20260904,0.09993595629930496,1.5989753007888794,0.8463541865348816,0.8463541865348816,0.0,00111101110011001010101100111001,00111111110011001010101100111001,1,0.8641,0.8643,-0.00019999999999997797,0.0,0.1007,0.9505,0.9505,718.0992431640625,0.1493725905418396,causal-margin-v2,2.0,0.5,0.0,0.9375,0.1328125,0.0,-3.1741561889648438,0.5911353826522827,3.765291690826416,True,True
causal_target_2_feature_433_beta_2_lambda_0.001_seed_20260905,causal,433,2,2.0,0.001,20260905,0.09993595629930496,1.5989753007888794,0.8463541865348816,0.8463541865348816,0.0,00111101110011001010101100111001,00111111110011001010101100111001,1,0.8641,0.8643,-0.00019999999999997797,0.0,0.1007,0.9722,0.9722,709.1925048828125,0.15622046794891356,causal-margin-v2,2.0,0.5,0.0,0.98046875,0.1328125,0.0,-2.8239355087280273,0.7104656100273132,3.5344014167785645,True,True
causal_target_2_feature_433_beta_2_lambda_0.001_seed_20260906,causal,433,2,2.0,0.001,20260906,0.09993595629930496,1.5989753007888794,0.8463541865348816,0.8463541865348816,0.0,00111101110011001010101100111001,00111111110011001010101100111001,1,0.8641,0.8643,-0.00019999999999997797,0.0,0.1007,0.8985,0.8985,677.4977416992188,0.17731265230178833,causal-margin-v2,2.0,0.5,0.0,0.90234375,0.1328125,0.0,-3.023125648498535,0.48900988698005676,3.5121355056762695,False,True
causal_target_2_feature_434_beta_2_lambda_0.001_seed_20260904,causal,434,2,2.0,0.001,20260904,0.004955106880515814,1.2685073614120483,0.8463541865348816,0.8502604365348816,-0.00390625,00111011101000100101111001110011,00111111101000100101111001110011,1,0.8641,0.8648,-0.0007000000000000339,0.0,0.0983,0.6538,0.6538,677.2531127929688,0.17538730130195618,causal-margin-v2,2.0,0.5,0.0,0.6171875,0.1328125,0.0,-3.006192207336426,0.10742001235485077,3.113612174987793,False,False
causal_target_2_feature_434_beta_2_lambda_0.001_seed_20260905,causal,434,2,2.0,0.001,20260905,0.004955106880515814,1.2685073614120483,0.8463541865348816,0.8502604365348816,-0.00390625,00111011101000100101111001110011,00111111101000100101111001110011,1,0.8641,0.8648,-0.0007000000000000339,0.0,0.0983,0.8251,0.8251,683.2921142578125,0.15665991079807282,causal-margin-v2,2.0,0.5,0.0,0.8203125,0.1328125,0.0,-3.0627198219299316,0.2852080166339874,3.3479278087615967,False,False
causal_target_2_feature_434_beta_2_lambda_0.001_seed_20260906,causal,434,2,2.0,0.001,20260906,0.004955106880515814,1.2685073614120483,0.8463541865348816,0.8502604365348816,-0.00390625,00111011101000100101111001110011,00111111101000100101111001110011,1,0.8641,0.8648,-0.0007000000000000339,0.0,0.0983,0.7447,0.7447,668.251953125,0.17556847355365754,causal-margin-v2,2.0,0.5,0.0,0.72265625,0.1328125,0.0,-3.0341601371765137,0.20713219046592712,3.2412924766540527,False,False
causal_target_2_feature_438_beta_2_lambda_0.001_seed_20260904,causal,438,2,2.0,0.001,20260904,0.006509650964289904,1.6664706468582153,0.8463541865348816,0.84765625,-0.0013020634651184082,00111011110101010100111011101001,00111111110101010100111011101001,1,0.8641,0.8638,0.00029999999999996696,0.0,0.0987,0.9434,0.9434,790.0917358398438,0.11271541460752488,causal-margin-v2,2.0,0.5,0.0,0.94140625,0.1328125,0.0,-1.9706355333328247,0.39875122904777527,2.369386672973633,True,True
causal_target_2_feature_438_beta_2_lambda_0.001_seed_20260905,causal,438,2,2.0,0.001,20260905,0.006509650964289904,1.6664706468582153,0.8463541865348816,0.84765625,-0.0013020634651184082,00111011110101010100111011101001,00111111110101010100111011101001,1,0.8641,0.8638,0.00029999999999996696,0.0,0.0987,0.4232,0.4232,776.6195678710938,0.11753273847103118,causal-margin-v2,2.0,0.5,0.0,0.44921875,0.1328125,0.0,-2.490866184234619,-0.038356661796569824,2.4525094032287598,False,False
causal_target_2_feature_438_beta_2_lambda_0.001_seed_20260906,causal,438,2,2.0,0.001,20260906,0.006509650964289904,1.6664706468582153,0.8463541865348816,0.84765625,-0.0013020634651184082,00111011110101010100111011101001,00111111110101010100111011101001,1,0.8641,0.8638,0.00029999999999996696,0.0,0.0987,0.1761,0.1761,785.25244140625,0.11160848220586776,causal-margin-v2,2.0,0.5,0.0,0.16796875,0.1328125,0.0,-2.793731212615967,-0.2606276869773865,2.5331037044525146,False,False
causal_target_2_feature_444_beta_2_lambda_0.001_seed_20260904,causal,444,2,2.0,0.001,20260904,0.09712657332420349,1.5540251731872559,0.8463541865348816,0.84765625,-0.0013020634651184082,00111101110001101110101001001100,00111111110001101110101001001100,1,0.8641,0.8652,-0.0010999999999999899,0.0,0.1011,0.9584,0.9584,778.8216552734375,0.1137349512219429,causal-margin-v2,2.0,0.5,0.0,0.953125,0.1328125,0.0,-1.9984519481658936,0.5685083866119385,2.566960334777832,True,True
causal_target_2_feature_444_beta_2_lambda_0.001_seed_20260905,causal,444,2,2.0,0.001,20260905,0.09712657332420349,1.5540251731872559,0.8463541865348816,0.84765625,-0.0013020634651184082,00111101110001101110101001001100,00111111110001101110101001001100,1,0.8641,0.8652,-0.0010999999999999899,0.0,0.1011,0.5065,0.5065,759.8118896484375,0.12714111189842225,causal-margin-v2,2.0,0.5,0.0,0.52734375,0.1328125,0.0,-2.590489387512207,0.00943233072757721,2.599921703338623,False,False
causal_target_2_feature_444_beta_2_lambda_0.001_seed_20260906,causal,444,2,2.0,0.001,20260906,0.09712657332420349,1.5540251731872559,0.8463541865348816,0.84765625,-0.0013020634651184082,00111101110001101110101001001100,00111111110001101110101001001100,1,0.8641,0.8652,-0.0010999999999999899,0.0,0.1011,0.7082,0.7082,777.461669921875,0.11205588598251343,causal-margin-v2,2.0,0.5,0.0,0.6875,0.1328125,0.0,-2.4812402725219727,0.1428232043981552,2.624063491821289,False,False
causal_target_2_feature_449_beta_2_lambda_0.001_seed_20260904,causal,449,2,2.0,0.001,20260904,0.06524310261011124,1.0438896417617798,0.8463541865348816,0.84765625,-0.0013020634651184082,00111101100001011001111000101101,00111111100001011001111000101101,1,0.8641,0.8649,-0.0008000000000000229,0.0032,0.0987,0.008,0.0048000000000000004,460.24456787109375,0.4464415359973907,causal-margin-v2,2.0,0.5,0.0,0.01171875,0.1328125,0.0,-2.1264631748199463,-1.6486396789550781,0.47782355546951294,False,False
causal_target_2_feature_449_beta_2_lambda_0.001_seed_20260905,causal,449,2,2.0,0.001,20260905,0.06524310261011124,1.0438896417617798,0.8463541865348816,0.84765625,-0.0013020634651184082,00111101100001011001111000101101,00111111100001011001111000101101,1,0.8641,0.8649,-0.0008000000000000229,0.0041,0.0987,0.0152,0.011099999999999999,533.3423461914062,0.39090352993011473,causal-margin-v2,2.0,0.5,0.00390625,0.02734375,0.1328125,0.0,-2.0440762042999268,-1.554924726486206,0.48915159702301025,False,False
causal_target_2_feature_449_beta_2_lambda_0.001_seed_20260906,causal,449,2,2.0,0.001,20260906,0.06524310261011124,1.0438896417617798,0.8463541865348816,0.84765625,-0.0013020634651184082,00111101100001011001111000101101,00111111100001011001111000101101,1,0.8641,0.8649,-0.0008000000000000229,0.0108,0.0987,0.0171,0.0063,532.9098510742188,0.4201902713775635,causal-margin-v2,2.0,0.5,0.01953125,0.046875,0.1328125,0.0,-1.8377283811569214,-1.6544039249420166,0.18332447111606598,False,False
causal_target_2_feature_454_beta_2_lambda_0.001_seed_20260904,causal,454,2,2.0,0.001,20260904,0.08171598613262177,1.3074557781219482,0.8463541865348816,0.84765625,-0.0013020634651184082,00111101101001110101101010110110,00111111101001110101101010110110,1,0.8641,0.8639,0.00019999999999997797,0.0,0.1001,0.9213,0.9213,686.0997314453125,0.1897244694709778,causal-margin-v2,2.0,0.5,0.0,0.9296875,0.1328125,0.0,-2.5475897789001465,0.6212766766548157,3.1688663959503174,True,True
causal_target_2_feature_454_beta_2_lambda_0.001_seed_20260905,causal,454,2,2.0,0.001,20260905,0.08171598613262177,1.3074557781219482,0.8463541865348816,0.84765625,-0.0013020634651184082,00111101101001110101101010110110,00111111101001110101101010110110,1,0.8641,0.8639,0.00019999999999997797,0.0,0.1001,0.6868,0.6868,665.07568359375,0.18264034066200258,causal-margin-v2,2.0,0.5,0.0,0.66015625,0.1328125,0.0,-2.8997321128845215,0.14487189054489136,3.0446038246154785,False,False
causal_target_2_feature_454_beta_2_lambda_0.001_seed_20260906,causal,454,2,2.0,0.001,20260906,0.08171598613262177,1.3074557781219482,0.8463541865348816,0.84765625,-0.0013020634651184082,00111101101001110101101010110110,00111111101001110101101010110110,1,0.8641,0.8639,0.00019999999999997797,0.0,0.1001,0.7249,0.7249,670.6295776367188,0.18453716175556184,causal-margin-v2,2.0,0.5,0.0,0.6953125,0.1328125,0.0,-2.8989405632019043,0.2398814707994461,3.138821840286255,False,False
causal_target_2_feature_455_beta_2_lambda_0.001_seed_20260904,causal,455,2,2.0,0.001,20260904,0.0799344852566719,1.2789517641067505,0.8463541865348816,0.8463541865348816,0.0,00111101101000111011010010110001,00111111101000111011010010110001,1,0.8641,0.8644,-0.00029999999999996696,0.0,0.1002,0.1412,0.1412,740.0967407226562,0.14749148838520051,causal-margin-v2,2.0,0.5,0.0,0.15234375,0.1328125,0.0,-2.590379238128662,-0.3730071187019348,2.217372417449951,False,False
causal_target_2_feature_455_beta_2_lambda_0.001_seed_20260905,causal,455,2,2.0,0.001,20260905,0.0799344852566719,1.2789517641067505,0.8463541865348816,0.8463541865348816,0.0,00111101101000111011010010110001,00111111101000111011010010110001,1,0.8641,0.8644,-0.00029999999999996696,0.0,0.1002,0.28,0.28,837.638427734375,0.07412787053585053,causal-margin-v2,2.0,0.5,0.0,0.26171875,0.1328125,0.0,-2.6117115020751953,-0.13345809280872345,2.4782538414001465,False,False
causal_target_2_feature_455_beta_2_lambda_0.001_seed_20260906,causal,455,2,2.0,0.001,20260906,0.0799344852566719,1.2789517641067505,0.8463541865348816,0.8463541865348816,0.0,00111101101000111011010010110001,00111111101000111011010010110001,1,0.8641,0.8644,-0.00029999999999996696,0.0,0.1002,0.3383,0.3383,773.9632568359375,0.11696289489269257,causal-margin-v2,2.0,0.5,0.0,0.328125,0.1328125,0.0,-2.7135324478149414,-0.1308085173368454,2.58272385597229,False,False
causal_target_2_feature_461_beta_2_lambda_0.001_seed_20260904,causal,461,2,2.0,0.001,20260904,0.0062186154536902905,1.5919655561447144,0.8463541865348816,0.8502604365348816,-0.00390625,00111011110010111100010110000111,00111111110010111100010110000111,1,0.8641,0.8638,0.00029999999999996696,0.0,0.095,0.2247,0.2247,769.9861450195312,0.11762013310194015,causal-margin-v2,2.0,0.5,0.0,0.22265625,0.125,-0.00390625,-2.773707866668701,-0.25037047266960144,2.5233373641967773,False,False
causal_target_2_feature_461_beta_2_lambda_0.001_seed_20260905,causal,461,2,2.0,0.001,20260905,0.0062186154536902905,1.5919655561447144,0.8463541865348816,0.8502604365348816,-0.00390625,00111011110010111100010110000111,00111111110010111100010110000111,1,0.8641,0.8638,0.00029999999999996696,0.0,0.095,0.4162,0.4162,772.3577880859375,0.1243798130273819,causal-margin-v2,2.0,0.5,0.0,0.38671875,0.125,-0.00390625,-2.556009292602539,-0.08595350384712219,2.4700558185577393,False,False
causal_target_2_feature_461_beta_2_lambda_0.001_seed_20260906,causal,461,2,2.0,0.001,20260906,0.0062186154536902905,1.5919655561447144,0.8463541865348816,0.8502604365348816,-0.00390625,00111011110010111100010110000111,00111111110010111100010110000111,1,0.8641,0.8638,0.00029999999999996696,0.0,0.095,0.2584,0.2584,733.0651245117188,0.13447441177368163,causal-margin-v2,2.0,0.5,0.0,0.24609375,0.125,-0.00390625,-2.8006792068481445,-0.2362838089466095,2.5643954277038574,False,False
causal_target_2_feature_475_beta_2_lambda_0.001_seed_20260904,causal,475,2,2.0,0.001,20260904,0.09243665635585785,1.4789865016937256,0.8463541865348816,0.8463541865348816,0.0,00111101101111010100111101101110,00111111101111010100111101101110,1,0.8641,0.8643,-0.00019999999999997797,0.0001,0.1014,0.424,0.4239,730.2572021484375,0.1695634827375412,causal-margin-v2,2.0,0.5,0.0,0.4609375,0.1328125,0.0,-2.6561264991760254,-0.016184844076633453,2.639941692352295,False,False
causal_target_2_feature_475_beta_2_lambda_0.001_seed_20260905,causal,475,2,2.0,0.001,20260905,0.09243665635585785,1.4789865016937256,0.8463541865348816,0.8463541865348816,0.0,00111101101111010100111101101110,00111111101111010100111101101110,1,0.8641,0.8643,-0.00019999999999997797,0.0006,0.1014,0.9257,0.9250999999999999,697.21337890625,0.19352562716007232,causal-margin-v2,2.0,0.5,0.0,0.92578125,0.1328125,0.0,-1.977839469909668,0.6105376482009888,2.588376998901367,True,True
causal_target_2_feature_475_beta_2_lambda_0.001_seed_20260906,causal,475,2,2.0,0.001,20260906,0.09243665635585785,1.4789865016937256,0.8463541865348816,0.8463541865348816,0.0,00111101101111010100111101101110,00111111101111010100111101101110,1,0.8641,0.8643,-0.00019999999999997797,0.0,0.1014,0.4778,0.4778,658.4011840820312,0.20328410098552704,causal-margin-v2,2.0,0.5,0.0,0.45703125,0.1328125,0.0,-2.8049569129943848,-0.05638135224580765,2.748575448989868,False,False
causal_target_2_feature_488_beta_2_lambda_0.001_seed_20260904,causal,488,2,2.0,0.001,20260904,0.08116418123245239,1.2986268997192383,0.8463541865348816,0.84765625,-0.0013020634651184082,00111101101001100011100101101000,00111111101001100011100101101000,1,0.8641,0.8639,0.00019999999999997797,0.0003,0.0996,0.5954,0.5951000000000001,671.5574951171875,0.19681260075569154,causal-margin-v2,2.0,0.5,0.0,0.6171875,0.12890625,0.0,-2.5509660243988037,0.16789907217025757,2.718864917755127,False,False
causal_target_2_feature_488_beta_2_lambda_0.001_seed_20260905,causal,488,2,2.0,0.001,20260905,0.08116418123245239,1.2986268997192383,0.8463541865348816,0.84765625,-0.0013020634651184082,00111101101001100011100101101000,00111111101001100011100101101000,1,0.8641,0.8639,0.00019999999999997797,0.0001,0.0996,0.4577,0.4576,684.0345458984375,0.17586716270446778,causal-margin-v2,2.0,0.5,0.0,0.51953125,0.12890625,0.0,-2.718362808227539,0.009766727685928345,2.7281293869018555,False,False
causal_target_2_feature_488_beta_2_lambda_0.001_seed_20260906,causal,488,2,2.0,0.001,20260906,0.08116418123245239,1.2986268997192383,0.8463541865348816,0.84765625,-0.0013020634651184082,00111101101001100011100101101000,00111111101001100011100101101000,1,0.8641,0.8639,0.00019999999999997797,0.0002,0.0996,0.4554,0.45520000000000005,684.5459594726562,0.18695125918388367,causal-margin-v2,2.0,0.5,0.0,0.484375,0.12890625,0.0,-2.7671585083007812,-0.01855730265378952,2.748601198196411,False,False
causal_target_2_feature_494_beta_2_lambda_0.001_seed_20260904,causal,494,2,2.0,0.001,20260904,0.090674988925457,1.450799822807312,0.8463541865348816,0.84765625,-0.0013020634651184082,00111101101110011011001111001111,00111111101110011011001111001111,1,0.8641,0.8645,-0.00040000000000006697,0.0,0.1004,0.7694,0.7694,733.03662109375,0.13352821097373963,causal-margin-v2,2.0,0.5,0.0,0.78125,0.1328125,0.0,-2.358208417892456,0.26852768659591675,2.6267361640930176,False,False
causal_target_2_feature_494_beta_2_lambda_0.001_seed_20260905,causal,494,2,2.0,0.001,20260905,0.090674988925457,1.450799822807312,0.8463541865348816,0.84765625,-0.0013020634651184082,00111101101110011011001111001111,00111111101110011011001111001111,1,0.8641,0.8645,-0.00040000000000006697,0.0,0.1004,0.3579,0.3579,729.6387329101562,0.13366405172348023,causal-margin-v2,2.0,0.5,0.0,0.3671875,0.1328125,0.0,-2.7394022941589355,-0.125966876745224,2.6134352684020996,False,False
causal_target_2_feature_494_beta_2_lambda_0.001_seed_20260906,causal,494,2,2.0,0.001,20260906,0.090674988925457,1.450799822807312,0.8463541865348816,0.84765625,-0.0013020634651184082,00111101101110011011001111001111,00111111101110011011001111001111,1,0.8641,0.8645,-0.00040000000000006697,0.0,0.1004,0.2638,0.2638,777.4200439453125,0.10960676546096802,causal-margin-v2,2.0,0.5,0.0,0.2890625,0.1328125,0.0,-2.717494010925293,-0.16847217082977295,2.5490219593048096,False,False
causal_target_2_feature_499_beta_2_lambda_0.001_seed_20260904,causal,499,2,2.0,0.001,20260904,0.07113169133663177,1.1381070613861084,0.8463541865348816,0.8463541865348816,0.0,00111101100100011010110101111110,00111111100100011010110101111110,1,0.8641,0.8645,-0.00040000000000006697,0.0003,0.0999,0.1111,0.11080000000000001,647.396240234375,0.22151790633201598,causal-margin-v2,2.0,0.5,0.0,0.13671875,0.1328125,0.0,-2.3503894805908203,-0.528296947479248,1.8220925331115723,False,False
causal_target_2_feature_499_beta_2_lambda_0.001_seed_20260905,causal,499,2,2.0,0.001,20260905,0.07113169133663177,1.1381070613861084,0.8463541865348816,0.8463541865348816,0.0,00111101100100011010110101111110,00111111100100011010110101111110,1,0.8641,0.8645,-0.00040000000000006697,0.0,0.0999,0.2153,0.2153,814.2251586914062,0.09829101909399032,causal-margin-v2,2.0,0.5,0.0,0.203125,0.1328125,0.0,-2.708996534347534,-0.2286849319934845,2.480311632156372,False,False
causal_target_2_feature_499_beta_2_lambda_0.001_seed_20260906,causal,499,2,2.0,0.001,20260906,0.07113169133663177,1.1381070613861084,0.8463541865348816,0.8463541865348816,0.0,00111101100100011010110101111110,00111111100100011010110101111110,1,0.8641,0.8645,-0.00040000000000006697,0.0001,0.0999,0.1808,0.1807,782.1395874023438,0.12035854514837264,causal-margin-v2,2.0,0.5,0.0,0.2109375,0.1328125,0.0,-2.617513656616211,-0.2905381917953491,2.3269753456115723,False,False
causal_target_2_feature_503_beta_2_lambda_0.001_seed_20260904,causal,503,2,2.0,0.001,20260904,0.09556908905506134,1.5291054248809814,0.8463541865348816,0.8489583730697632,-0.002604186534881592,00111101110000111011100110111010,00111111110000111011100110111010,1,0.8641,0.8647,-0.0006000000000000449,0.0,0.0987,0.4162,0.4162,749.67236328125,0.1280670879125595,causal-margin-v2,2.0,0.5,0.0,0.46875,0.12890625,0.0,-2.7352423667907715,-0.07978163659572601,2.6554605960845947,False,False
causal_target_2_feature_503_beta_2_lambda_0.001_seed_20260905,causal,503,2,2.0,0.001,20260905,0.09556908905506134,1.5291054248809814,0.8463541865348816,0.8489583730697632,-0.002604186534881592,00111101110000111011100110111010,00111111110000111011100110111010,1,0.8641,0.8647,-0.0006000000000000449,0.0,0.0987,0.6434,0.6434,741.054931640625,0.13379674084186555,causal-margin-v2,2.0,0.5,0.0,0.62109375,0.12890625,0.0,-2.627915859222412,0.07372904568910599,2.7016446590423584,False,False
causal_target_2_feature_503_beta_2_lambda_0.001_seed_20260906,causal,503,2,2.0,0.001,20260906,0.09556908905506134,1.5291054248809814,0.8463541865348816,0.8489583730697632,-0.002604186534881592,00111101110000111011100110111010,00111111110000111011100110111010,1,0.8641,0.8647,-0.0006000000000000449,0.0,0.0987,0.2711,0.2711,811.3770751953125,0.09205719957351685,causal-margin-v2,2.0,0.5,0.0,0.296875,0.12890625,0.0,-2.606079339981079,-0.17185862362384796,2.434220790863037,False,False
causal_target_3_feature_12_beta_2_lambda_0.001_seed_20260904,causal,12,3,2.0,0.001,20260904,0.10318243503570557,1.650918960571289,0.8463541865348816,0.84765625,-0.0013020634651184082,00111101110100110101000101010000,00111111110100110101000101010000,1,0.8641,0.8646,-0.000500000000000056,0.0,0.0982,0.8679,0.8679,671.9385375976562,0.16588644104003905,causal-margin-v2,2.0,0.5,0.0,0.84375,0.08984375,0.0,-2.863330125808716,0.3869284987449646,3.250258684158325,False,False
causal_target_3_feature_12_beta_2_lambda_0.001_seed_20260905,causal,12,3,2.0,0.001,20260905,0.10318243503570557,1.650918960571289,0.8463541865348816,0.84765625,-0.0013020634651184082,00111101110100110101000101010000,00111111110100110101000101010000,1,0.8641,0.8646,-0.000500000000000056,0.0,0.0982,0.9482,0.9482,714.7196655273438,0.15519860866069793,causal-margin-v2,2.0,0.5,0.0,0.9375,0.08984375,0.0,-3.3652050495147705,0.8406640291213989,4.205869197845459,True,True
causal_target_3_feature_12_beta_2_lambda_0.001_seed_20260906,causal,12,3,2.0,0.001,20260906,0.10318243503570557,1.650918960571289,0.8463541865348816,0.84765625,-0.0013020634651184082,00111101110100110101000101010000,00111111110100110101000101010000,1,0.8641,0.8646,-0.000500000000000056,0.0001,0.0982,0.8211,0.8210000000000001,719.2560424804688,0.15995957159996033,causal-margin-v2,2.0,0.5,0.0,0.8125,0.08984375,0.0,-2.928806781768799,0.3527912497520447,3.2815980911254883,False,False
causal_target_3_feature_24_beta_2_lambda_0.001_seed_20260904,causal,24,3,2.0,0.001,20260904,0.09476516395807266,1.5162426233291626,0.8463541865348816,0.8463541865348816,0.0,00111101110000100001010000111101,00111111110000100001010000111101,1,0.8641,0.864,9.999999999998899e-05,0.0,0.0989,0.8555,0.8555,649.336181640625,0.18353566038608551,causal-margin-v2,2.0,0.5,0.0,0.86328125,0.09375,-0.00390625,-3.046846628189087,0.4047534465789795,3.4516000747680664,False,False
causal_target_3_feature_24_beta_2_lambda_0.001_seed_20260905,causal,24,3,2.0,0.001,20260905,0.09476516395807266,1.5162426233291626,0.8463541865348816,0.8463541865348816,0.0,00111101110000100001010000111101,00111111110000100001010000111101,1,0.8641,0.864,9.999999999998899e-05,0.0,0.0989,0.8401,0.8401,673.2555541992188,0.17783209426403046,causal-margin-v2,2.0,0.5,0.0,0.81640625,0.09375,-0.00390625,-2.973803758621216,0.3340883255004883,3.307892084121704,False,False
causal_target_3_feature_24_beta_2_lambda_0.001_seed_20260906,causal,24,3,2.0,0.001,20260906,0.09476516395807266,1.5162426233291626,0.8463541865348816,0.8463541865348816,0.0,00111101110000100001010000111101,00111111110000100001010000111101,1,0.8641,0.864,9.999999999998899e-05,0.0,0.0989,0.843,0.843,682.9520263671875,0.16764050936698913,causal-margin-v2,2.0,0.5,0.0,0.85546875,0.09375,-0.00390625,-2.9106650352478027,0.43324828147888184,3.3439135551452637,False,False
causal_target_3_feature_45_beta_2_lambda_0.001_seed_20260904,causal,45,3,2.0,0.001,20260904,0.0044138203375041485,1.129938006401062,0.8463541865348816,0.84765625,-0.0013020634651184082,00111011100100001010000111001111,00111111100100001010000111001111,1,0.8641,0.864,9.999999999998899e-05,0.0008,0.0934,0.1067,0.10590000000000001,599.0365600585938,0.27052322902679443,causal-margin-v2,2.0,0.5,0.0,0.11328125,0.0859375,-0.00390625,-2.3021082878112793,-0.8570148944854736,1.4450931549072266,False,False
causal_target_3_feature_45_beta_2_lambda_0.001_seed_20260905,causal,45,3,2.0,0.001,20260905,0.0044138203375041485,1.129938006401062,0.8463541865348816,0.84765625,-0.0013020634651184082,00111011100100001010000111001111,00111111100100001010000111001111,1,0.8641,0.864,9.999999999998899e-05,0.0058,0.0934,0.136,0.1302,574.5616455078125,0.3037311625957489,causal-margin-v2,2.0,0.5,0.0078125,0.16015625,0.0859375,-0.00390625,-1.983255386352539,-0.6725969910621643,1.3106584548950195,False,False
causal_target_3_feature_45_beta_2_lambda_0.001_seed_20260906,causal,45,3,2.0,0.001,20260906,0.0044138203375041485,1.129938006401062,0.8463541865348816,0.84765625,-0.0013020634651184082,00111011100100001010000111001111,00111111100100001010000111001111,1,0.8641,0.864,9.999999999998899e-05,0.0003,0.0934,0.0551,0.0548,611.4608154296875,0.2415179838180542,causal-margin-v2,2.0,0.5,0.0,0.0703125,0.0859375,-0.00390625,-2.341634511947632,-0.8837853670120239,1.4578490257263184,False,False
causal_target_3_feature_83_beta_2_lambda_0.001_seed_20260904,causal,83,3,2.0,0.001,20260904,0.07356466352939606,1.177034616470337,0.8463541865348816,0.84765625,-0.0013020634651184082,00111101100101101010100100010010,00111111100101101010100100010010,1,0.8641,0.8638,0.00029999999999996696,0.0,0.1009,0.8632,0.8632,686.9862060546875,0.17191830563545227,causal-margin-v2,2.0,0.5,0.0,0.859375,0.1015625,-0.01171875,-3.0198707580566406,0.3247331976890564,3.344604015350342,False,False
causal_target_3_feature_83_beta_2_lambda_0.001_seed_20260905,causal,83,3,2.0,0.001,20260905,0.07356466352939606,1.177034616470337,0.8463541865348816,0.84765625,-0.0013020634651184082,00111101100101101010100100010010,00111111100101101010100100010010,1,0.8641,0.8638,0.00029999999999996696,0.0,0.1009,0.6209,0.6209,741.016845703125,0.14628625633716583,causal-margin-v2,2.0,0.5,0.0,0.60546875,0.1015625,-0.01171875,-2.818511724472046,0.11062797158956528,2.9291396141052246,False,False
causal_target_3_feature_83_beta_2_lambda_0.001_seed_20260906,causal,83,3,2.0,0.001,20260906,0.07356466352939606,1.177034616470337,0.8463541865348816,0.84765625,-0.0013020634651184082,00111101100101101010100100010010,00111111100101101010100100010010,1,0.8641,0.8638,0.00029999999999996696,0.0,0.1009,0.8314,0.8314,687.2146606445312,0.17567794950008392,causal-margin-v2,2.0,0.5,0.0,0.82421875,0.1015625,-0.01171875,-3.091444969177246,0.3261287212371826,3.417573928833008,False,False
causal_target_3_feature_96_beta_2_lambda_0.001_seed_20260904,causal,96,3,2.0,0.001,20260904,0.09653102606534958,1.5444964170455933,0.8463541865348816,0.84765625,-0.0013020634651184082,00111101110001011011001000001111,00111111110001011011001000001111,1,0.8641,0.8651,-0.0010000000000000009,0.0,0.1034,0.6595,0.6595,642.9790649414062,0.22935018060207368,causal-margin-v2,2.0,0.5,0.0,0.68359375,0.09765625,-0.0078125,-2.622347354888916,0.16928806900978088,2.791635513305664,False,False
causal_target_3_feature_96_beta_2_lambda_0.001_seed_20260905,causal,96,3,2.0,0.001,20260905,0.09653102606534958,1.5444964170455933,0.8463541865348816,0.84765625,-0.0013020634651184082,00111101110001011011001000001111,00111111110001011011001000001111,1,0.8641,0.8651,-0.0010000000000000009,0.0,0.1034,0.7573,0.7573,685.8765258789062,0.18281727504730225,causal-margin-v2,2.0,0.5,0.0,0.7265625,0.09765625,-0.0078125,-2.963637351989746,0.3003092110157013,3.263946533203125,False,False
causal_target_3_feature_96_beta_2_lambda_0.001_seed_20260906,causal,96,3,2.0,0.001,20260906,0.09653102606534958,1.5444964170455933,0.8463541865348816,0.84765625,-0.0013020634651184082,00111101110001011011001000001111,00111111110001011011001000001111,1,0.8641,0.8651,-0.0010000000000000009,0.0,0.1034,0.8551,0.8551,691.8947143554688,0.1719545301437378,causal-margin-v2,2.0,0.5,0.0,0.8828125,0.09765625,-0.0078125,-3.0876238346099854,0.5127745270729065,3.600398302078247,False,False
causal_target_3_feature_103_beta_2_lambda_0.001_seed_20260904,causal,103,3,2.0,0.001,20260904,0.07417764514684677,1.1868423223495483,0.8463541865348816,0.8463541865348816,0.0,00111101100101111110101001110011,00111111100101111110101001110011,1,0.8641,0.8641,0.0,0.0003,0.0993,0.4233,0.423,676.482177734375,0.180232652592659,causal-margin-v2,2.0,0.5,0.0,0.3984375,0.09375,-0.00390625,-1.860568642616272,-0.13600653409957886,1.724562168121338,False,False
causal_target_3_feature_103_beta_2_lambda_0.001_seed_20260905,causal,103,3,2.0,0.001,20260905,0.07417764514684677,1.1868423223495483,0.8463541865348816,0.8463541865348816,0.0,00111101100101111110101001110011,00111111100101111110101001110011,1,0.8641,0.8641,0.0,0.0,0.0993,0.1248,0.1248,728.3909912109375,0.1470603994846344,causal-margin-v2,2.0,0.5,0.0,0.1171875,0.09375,-0.00390625,-2.3731579780578613,-0.44005465507507324,1.9331034421920776,False,False
causal_target_3_feature_103_beta_2_lambda_0.001_seed_20260906,causal,103,3,2.0,0.001,20260906,0.07417764514684677,1.1868423223495483,0.8463541865348816,0.8463541865348816,0.0,00111101100101111110101001110011,00111111100101111110101001110011,1,0.8641,0.8641,0.0,0.0026,0.0993,0.0387,0.0361,546.2711791992188,0.33375321764945987,causal-margin-v2,2.0,0.5,0.0078125,0.06640625,0.09375,-0.00390625,-2.208752393722534,-1.2614450454711914,0.9473074674606323,False,False
causal_target_3_feature_139_beta_2_lambda_0.001_seed_20260904,causal,139,3,2.0,0.001,20260904,0.004374645184725523,1.1199091672897339,0.8463541865348816,0.84765625,-0.0013020634651184082,00111011100011110101100100101111,00111111100011110101100100101111,1,0.8641,0.8644,-0.00029999999999996696,0.0,0.0957,0.048,0.048,764.1900634765625,0.1136202302455902,causal-margin-v2,2.0,0.5,0.0,0.0625,0.08984375,0.0,-2.577486276626587,-0.5039360523223877,2.073550224304199,False,False
causal_target_3_feature_139_beta_2_lambda_0.001_seed_20260905,causal,139,3,2.0,0.001,20260905,0.004374645184725523,1.1199091672897339,0.8463541865348816,0.84765625,-0.0013020634651184082,00111011100011110101100100101111,00111111100011110101100100101111,1,0.8641,0.8644,-0.00029999999999996696,0.0002,0.0957,0.0291,0.028900000000000002,592.68603515625,0.2894856534957886,causal-margin-v2,2.0,0.5,0.0,0.02734375,0.08984375,0.0,-2.4963135719299316,-1.0878589153289795,1.4084546566009521,False,False
causal_target_3_feature_139_beta_2_lambda_0.001_seed_20260906,causal,139,3,2.0,0.001,20260906,0.004374645184725523,1.1199091672897339,0.8463541865348816,0.84765625,-0.0013020634651184082,00111011100011110101100100101111,00111111100011110101100100101111,1,0.8641,0.8644,-0.00029999999999996696,0.0001,0.0957,0.0612,0.061099999999999995,671.08203125,0.20273667678833007,causal-margin-v2,2.0,0.5,0.00390625,0.078125,0.08984375,0.0,-2.4499733448028564,-0.8303896188735962,1.6195837259292603,False,False
causal_target_3_feature_141_beta_2_lambda_0.001_seed_20260904,causal,141,3,2.0,0.001,20260904,0.08181770890951157,1.309083342552185,0.8463541865348816,0.8463541865348816,0.0,00111101101001111001000000001011,00111111101001111001000000001011,1,0.8641,0.8643,-0.00019999999999997797,0.0,0.1018,0.1636,0.1636,751.8238525390625,0.12628969793319703,causal-margin-v2,2.0,0.5,0.0,0.26171875,0.1015625,-0.01171875,-2.5008153915405273,-0.27825257182121277,2.222562789916992,False,False
causal_target_3_feature_141_beta_2_lambda_0.001_seed_20260905,causal,141,3,2.0,0.001,20260905,0.08181770890951157,1.309083342552185,0.8463541865348816,0.8463541865348816,0.0,00111101101001111001000000001011,00111111101001111001000000001011,1,0.8641,0.8643,-0.00019999999999997797,0.0,0.1018,0.2324,0.2324,777.1768798828125,0.11516285840272904,causal-margin-v2,2.0,0.5,0.0,0.2578125,0.1015625,-0.01171875,-2.3902621269226074,-0.20022588968276978,2.1900362968444824,False,False
causal_target_3_feature_141_beta_2_lambda_0.001_seed_20260906,causal,141,3,2.0,0.001,20260906,0.08181770890951157,1.309083342552185,0.8463541865348816,0.8463541865348816,0.0,00111101101001111001000000001011,00111111101001111001000000001011,1,0.8641,0.8643,-0.00019999999999997797,0.0,0.1018,0.3748,0.3748,732.3004150390625,0.13741107456684112,causal-margin-v2,2.0,0.5,0.0,0.3671875,0.1015625,-0.01171875,-2.715301513671875,-0.08953108638525009,2.6257705688476562,False,False
causal_target_3_feature_161_beta_2_lambda_0.001_seed_20260904,causal,161,3,2.0,0.001,20260904,0.09517879784107208,1.5228607654571533,0.8463541865348816,0.8489583730697632,-0.002604186534881592,00111101110000101110110100011010,00111111110000101110110100011010,1,0.8641,0.8644,-0.00029999999999996696,0.0,0.0979,0.9995,0.9995,630.6546630859375,0.21370591280460358,causal-margin-v2,2.0,0.5,0.0,1.0,0.0859375,-0.00390625,-4.532442092895508,2.2171554565429688,6.749597549438477,True,True
causal_target_3_feature_161_beta_2_lambda_0.001_seed_20260905,causal,161,3,2.0,0.001,20260905,0.09517879784107208,1.5228607654571533,0.8463541865348816,0.8489583730697632,-0.002604186534881592,00111101110000101110110100011010,00111111110000101110110100011010,1,0.8641,0.8644,-0.00029999999999996696,0.0,0.0979,0.9975,0.9975,639.7822875976562,0.24079130845069885,causal-margin-v2,2.0,0.5,0.0,1.0,0.0859375,-0.00390625,-4.182292938232422,1.846381664276123,6.028674125671387,True,True
causal_target_3_feature_161_beta_2_lambda_0.001_seed_20260906,causal,161,3,2.0,0.001,20260906,0.09517879784107208,1.5228607654571533,0.8463541865348816,0.8489583730697632,-0.002604186534881592,00111101110000101110110100011010,00111111110000101110110100011010,1,0.8641,0.8644,-0.00029999999999996696,0.0,0.0979,0.9991,0.9991,653.4631958007812,0.20577121441364288,causal-margin-v2,2.0,0.5,0.0,1.0,0.0859375,-0.00390625,-4.481631278991699,2.1945695877075195,6.676200866699219,True,True
causal_target_3_feature_182_beta_2_lambda_0.001_seed_20260904,causal,182,3,2.0,0.001,20260904,0.07904112339019775,1.264657974243164,0.8463541865348816,0.8463541865348816,0.0,00111101101000011110000001010000,00111111101000011110000001010000,1,0.8641,0.8647,-0.0006000000000000449,0.0001,0.1,0.5954,0.5953,748.813720703125,0.13449275901317598,causal-margin-v2,2.0,0.5,0.0,0.59765625,0.09765625,-0.0078125,-2.8558189868927,0.0971183180809021,2.952937364578247,False,False
causal_target_3_feature_182_beta_2_lambda_0.001_seed_20260905,causal,182,3,2.0,0.001,20260905,0.07904112339019775,1.264657974243164,0.8463541865348816,0.8463541865348816,0.0,00111101101000011110000001010000,00111111101000011110000001010000,1,0.8641,0.8647,-0.0006000000000000449,0.0,0.1,0.8122,0.8122,700.7053833007812,0.14917208564281464,causal-margin-v2,2.0,0.5,0.0,0.77734375,0.09765625,-0.0078125,-2.967010259628296,0.21231397986412048,3.179324150085449,False,False
causal_target_3_feature_182_beta_2_lambda_0.001_seed_20260906,causal,182,3,2.0,0.001,20260906,0.07904112339019775,1.264657974243164,0.8463541865348816,0.8463541865348816,0.0,00111101101000011110000001010000,00111111101000011110000001010000,1,0.8641,0.8647,-0.0006000000000000449,0.0,0.1,0.8489,0.8489,698.0535278320312,0.15452754597663879,causal-margin-v2,2.0,0.5,0.0,0.87890625,0.09765625,-0.0078125,-3.013157844543457,0.35313862562179565,3.3662967681884766,False,False
causal_target_3_feature_200_beta_2_lambda_0.001_seed_20260904,causal,200,3,2.0,0.001,20260904,0.1075437068939209,1.7206993103027344,0.8463541865348816,0.84765625,-0.0013020634651184082,00111101110111000011111111100000,00111111110111000011111111100000,1,0.8641,0.8645,-0.00040000000000006697,0.0,0.103,0.9313,0.9313,826.9578857421875,0.08382799860239029,causal-margin-v2,2.0,0.5,0.0,0.9296875,0.09765625,-0.0078125,-2.073049545288086,0.4554462432861328,2.5284953117370605,True,True
causal_target_3_feature_200_beta_2_lambda_0.001_seed_20260905,causal,200,3,2.0,0.001,20260905,0.1075437068939209,1.7206993103027344,0.8463541865348816,0.84765625,-0.0013020634651184082,00111101110111000011111111100000,00111111110111000011111111100000,1,0.8641,0.8645,-0.00040000000000006697,0.0,0.103,0.2026,0.2026,782.947998046875,0.11100554076433182,causal-margin-v2,2.0,0.5,0.0,0.2109375,0.09765625,-0.0078125,-2.4380929470062256,-0.3030870854854584,2.1350057125091553,False,False
causal_target_3_feature_200_beta_2_lambda_0.001_seed_20260906,causal,200,3,2.0,0.001,20260906,0.1075437068939209,1.7206993103027344,0.8463541865348816,0.84765625,-0.0013020634651184082,00111101110111000011111111100000,00111111110111000011111111100000,1,0.8641,0.8645,-0.00040000000000006697,0.0,0.103,0.9866,0.9866,847.2235717773438,0.08341903321743012,causal-margin-v2,2.0,0.5,0.0,0.98828125,0.09765625,-0.0078125,-1.768380045890808,0.6712735295295715,2.4396533966064453,True,True
causal_target_3_feature_206_beta_2_lambda_0.001_seed_20260904,causal,206,3,2.0,0.001,20260904,0.11674231290817261,1.8678770065307617,0.8463541865348816,0.8463541865348816,0.0,00111101111011110001011010011000,00111111111011110001011010011000,1,0.8641,0.8652,-0.0010999999999999899,0.0,0.1044,0.7739,0.7739,684.0642700195312,0.16811198873519898,causal-margin-v2,2.0,0.5,0.0,0.75390625,0.1015625,-0.01171875,-2.9345245361328125,0.2667112350463867,3.201235771179199,False,False
causal_target_3_feature_206_beta_2_lambda_0.001_seed_20260905,causal,206,3,2.0,0.001,20260905,0.11674231290817261,1.8678770065307617,0.8463541865348816,0.8463541865348816,0.0,00111101111011110001011010011000,00111111111011110001011010011000,1,0.8641,0.8652,-0.0010999999999999899,0.0,0.1044,0.781,0.781,681.9974365234375,0.18359408445358277,causal-margin-v2,2.0,0.5,0.0,0.73828125,0.1015625,-0.01171875,-2.4349842071533203,0.24150609970092773,2.676490306854248,False,False
causal_target_3_feature_206_beta_2_lambda_0.001_seed_20260906,causal,206,3,2.0,0.001,20260906,0.11674231290817261,1.8678770065307617,0.8463541865348816,0.8463541865348816,0.0,00111101111011110001011010011000,00111111111011110001011010011000,1,0.8641,0.8652,-0.0010999999999999899,0.0,0.1044,0.6158,0.6158,702.1596069335938,0.16172310168743134,causal-margin-v2,2.0,0.5,0.0,0.63671875,0.1015625,-0.01171875,-2.823601245880127,0.0770237147808075,2.900624990463257,False,False
causal_target_3_feature_208_beta_2_lambda_0.001_seed_20260904,causal,208,3,2.0,0.001,20260904,0.07275189459323883,1.1640303134918213,0.8463541865348816,0.84765625,-0.0013020634651184082,00111101100101001111111011110010,00111111100101001111111011110010,1,0.8641,0.864,9.999999999998899e-05,0.0,0.0997,0.8678,0.8678,772.8662109375,0.11411869752407074,causal-margin-v2,2.0,0.5,0.0,0.83203125,0.09375,-0.00390625,-1.767197608947754,0.32714223861694336,2.0943398475646973,False,False
causal_target_3_feature_208_beta_2_lambda_0.001_seed_20260905,causal,208,3,2.0,0.001,20260905,0.07275189459323883,1.1640303134918213,0.8463541865348816,0.84765625,-0.0013020634651184082,00111101100101001111111011110010,00111111100101001111111011110010,1,0.8641,0.864,9.999999999998899e-05,0.0,0.0997,0.1873,0.1873,714.24951171875,0.16331116967201234,causal-margin-v2,2.0,0.5,0.0,0.19140625,0.09375,-0.00390625,-2.3751347064971924,-0.3337591290473938,2.0413756370544434,False,False
causal_target_3_feature_208_beta_2_lambda_0.001_seed_20260906,causal,208,3,2.0,0.001,20260906,0.07275189459323883,1.1640303134918213,0.8463541865348816,0.84765625,-0.0013020634651184082,00111101100101001111111011110010,00111111100101001111111011110010,1,0.8641,0.864,9.999999999998899e-05,0.0002,0.0997,0.2146,0.2144,660.9763793945312,0.20961110875606537,causal-margin-v2,2.0,0.5,0.0,0.16796875,0.09375,-0.00390625,-2.240969181060791,-0.4814237654209137,1.7595454454421997,False,False
causal_target_3_feature_213_beta_2_lambda_0.001_seed_20260904,causal,213,3,2.0,0.001,20260904,0.0631023719906807,1.0096379518508911,0.8463541865348816,0.8463541865348816,0.0,00111101100000010011101111010001,00111111100000010011101111010001,1,0.8641,0.8649,-0.0008000000000000229,0.0002,0.0982,0.0774,0.07719999999999999,616.8074340820312,0.24657764558792114,causal-margin-v2,2.0,0.5,0.0,0.0703125,0.08984375,0.0,-2.2457587718963623,-0.8718677759170532,1.3738911151885986,False,False
causal_target_3_feature_213_beta_2_lambda_0.001_seed_20260905,causal,213,3,2.0,0.001,20260905,0.0631023719906807,1.0096379518508911,0.8463541865348816,0.8463541865348816,0.0,00111101100000010011101111010001,00111111100000010011101111010001,1,0.8641,0.8649,-0.0008000000000000229,0.0002,0.0982,0.0558,0.055600000000000004,613.29345703125,0.24731751611232758,causal-margin-v2,2.0,0.5,0.0,0.03125,0.08984375,0.0,-2.280890941619873,-0.9121444821357727,1.3687465190887451,False,False
causal_target_3_feature_213_beta_2_lambda_0.001_seed_20260906,causal,213,3,2.0,0.001,20260906,0.0631023719906807,1.0096379518508911,0.8463541865348816,0.8463541865348816,0.0,00111101100000010011101111010001,00111111100000010011101111010001,1,0.8641,0.8649,-0.0008000000000000229,0.018,0.0982,0.754,0.736,673.6136474609375,0.18911881184577942,causal-margin-v2,2.0,0.5,0.015625,0.73046875,0.08984375,0.0,-1.181579828262329,0.3241459131240845,1.505725622177124,False,False
causal_target_3_feature_215_beta_2_lambda_0.001_seed_20260904,causal,215,3,2.0,0.001,20260904,0.005711437202990055,1.462127923965454,0.8463541865348816,0.84765625,-0.0013020634651184082,00111011101110110010011100000010,00111111101110110010011100000010,1,0.8641,0.865,-0.0009000000000000119,0.0,0.0927,0.0332,0.0332,595.1333618164062,0.24268035643100738,causal-margin-v2,2.0,0.5,0.0,0.02734375,0.08203125,-0.00390625,-2.400087356567383,-0.8341991901397705,1.5658880472183228,False,False
causal_target_3_feature_215_beta_2_lambda_0.001_seed_20260905,causal,215,3,2.0,0.001,20260905,0.005711437202990055,1.462127923965454,0.8463541865348816,0.84765625,-0.0013020634651184082,00111011101110110010011100000010,00111111101110110010011100000010,1,0.8641,0.865,-0.0009000000000000119,0.0,0.0927,0.1066,0.1066,638.378173828125,0.2061215848684311,causal-margin-v2,2.0,0.5,0.0,0.09765625,0.08203125,-0.00390625,-2.304415464401245,-0.5890892148017883,1.7153263092041016,False,False
causal_target_3_feature_215_beta_2_lambda_0.001_seed_20260906,causal,215,3,2.0,0.001,20260906,0.005711437202990055,1.462127923965454,0.8463541865348816,0.84765625,-0.0013020634651184082,00111011101110110010011100000010,00111111101110110010011100000010,1,0.8641,0.865,-0.0009000000000000119,0.0001,0.0927,0.017,0.016900000000000002,575.05908203125,0.29582017540931704,causal-margin-v2,2.0,0.5,0.0,0.04296875,0.08203125,-0.00390625,-2.3499693870544434,-1.0034558773040771,1.3465135097503662,False,False
causal_target_3_feature_251_beta_2_lambda_0.001_seed_20260904,causal,251,3,2.0,0.001,20260904,0.0824049562215805,1.318479299545288,0.8463541865348816,0.84765625,-0.0013020634651184082,00111101101010001100001111101110,00111111101010001100001111101110,1,0.8641,0.8652,-0.0010999999999999899,0.0,0.0969,0.9586,0.9586,673.7163696289062,0.17212316944599151,causal-margin-v2,2.0,0.5,0.0,0.953125,0.08984375,0.0,-3.405271053314209,0.7089600563049316,4.114231109619141,True,True
causal_target_3_feature_251_beta_2_lambda_0.001_seed_20260905,causal,251,3,2.0,0.001,20260905,0.0824049562215805,1.318479299545288,0.8463541865348816,0.84765625,-0.0013020634651184082,00111101101010001100001111101110,00111111101010001100001111101110,1,0.8641,0.8652,-0.0010999999999999899,0.0,0.0969,0.9233,0.9233,655.919921875,0.18973890278339386,causal-margin-v2,2.0,0.5,0.0,0.921875,0.08984375,0.0,-3.239882707595825,0.7398110628128052,3.97969388961792,True,True
causal_target_3_feature_251_beta_2_lambda_0.001_seed_20260906,causal,251,3,2.0,0.001,20260906,0.0824049562215805,1.318479299545288,0.8463541865348816,0.84765625,-0.0013020634651184082,00111101101010001100001111101110,00111111101010001100001111101110,1,0.8641,0.8652,-0.0010999999999999899,0.0,0.0969,0.8945,0.8945,640.688720703125,0.20273525171279907,causal-margin-v2,2.0,0.5,0.0,0.890625,0.08984375,0.0,-3.2729310989379883,0.6340300440788269,3.906960964202881,False,False
causal_target_3_feature_252_beta_2_lambda_0.001_seed_20260904,causal,252,3,2.0,0.001,20260904,0.08583835512399673,1.3734136819839478,0.8463541865348816,0.84765625,-0.0013020634651184082,00111101101011111100110000000101,00111111101011111100110000000101,1,0.8641,0.865,-0.0009000000000000119,0.0,0.0985,0.8791,0.8791,669.9976806640625,0.17651306278705597,causal-margin-v2,2.0,0.5,0.0,0.859375,0.08984375,0.0,-3.1923718452453613,0.5324411988258362,3.7248129844665527,False,False
causal_target_3_feature_252_beta_2_lambda_0.001_seed_20260905,causal,252,3,2.0,0.001,20260905,0.08583835512399673,1.3734136819839478,0.8463541865348816,0.84765625,-0.0013020634651184082,00111101101011111100110000000101,00111111101011111100110000000101,1,0.8641,0.865,-0.0009000000000000119,0.0,0.0985,0.8377,0.8377,647.8878173828125,0.19625011608600618,causal-margin-v2,2.0,0.5,0.0,0.82421875,0.08984375,0.0,-3.0846943855285645,0.45065420866012573,3.535348653793335,False,False
causal_target_3_feature_252_beta_2_lambda_0.001_seed_20260906,causal,252,3,2.0,0.001,20260906,0.08583835512399673,1.3734136819839478,0.8463541865348816,0.84765625,-0.0013020634651184082,00111101101011111100110000000101,00111111101011111100110000000101,1,0.8641,0.865,-0.0009000000000000119,0.0,0.0985,0.9062,0.9062,676.9323120117188,0.17693659901618958,causal-margin-v2,2.0,0.5,0.0,0.89453125,0.08984375,0.0,-3.195028781890869,0.6097058057785034,3.804734230041504,True,False
causal_target_3_feature_256_beta_2_lambda_0.001_seed_20260904,causal,256,3,2.0,0.001,20260904,0.10941965878009796,1.7507145404815674,0.8463541865348816,0.8489583730697632,-0.002604186534881592,00111101111000000001011101101010,00111111111000000001011101101010,1,0.8641,0.8649,-0.0008000000000000229,0.0,0.1019,0.9349,0.9349,629.58251953125,0.2027733860731125,causal-margin-v2,2.0,0.5,0.0,0.93359375,0.09765625,-0.0078125,-3.1870293617248535,0.6214748620986938,3.808504104614258,True,True
causal_target_3_feature_256_beta_2_lambda_0.001_seed_20260905,causal,256,3,2.0,0.001,20260905,0.10941965878009796,1.7507145404815674,0.8463541865348816,0.8489583730697632,-0.002604186534881592,00111101111000000001011101101010,00111111111000000001011101101010,1,0.8641,0.8649,-0.0008000000000000229,0.0,0.1019,0.7934,0.7934,631.419189453125,0.20904569120407104,causal-margin-v2,2.0,0.5,0.0,0.828125,0.09765625,-0.0078125,-2.951930522918701,0.35291725397109985,3.3048481941223145,False,False
causal_target_3_feature_256_beta_2_lambda_0.001_seed_20260906,causal,256,3,2.0,0.001,20260906,0.10941965878009796,1.7507145404815674,0.8463541865348816,0.8489583730697632,-0.002604186534881592,00111101111000000001011101101010,00111111111000000001011101101010,1,0.8641,0.8649,-0.0008000000000000229,0.0,0.1019,0.9495,0.9495,695.3861694335938,0.16601785495281218,causal-margin-v2,2.0,0.5,0.0,0.94140625,0.09765625,-0.0078125,-3.4186930656433105,0.8867817521095276,4.305474758148193,True,True
causal_target_3_feature_258_beta_2_lambda_0.001_seed_20260904,causal,258,3,2.0,0.001,20260904,0.07073334604501724,1.1317335367202759,0.8463541865348816,0.8463541865348816,0.0,00111101100100001101110010100101,00111111100100001101110010100101,1,0.8641,0.8638,0.00029999999999996696,0.0,0.0986,0.5854,0.5854,655.9158325195312,0.1860624434709549,causal-margin-v2,2.0,0.5,0.0,0.54296875,0.08984375,0.0,-2.9355669021606445,0.014313578605651855,2.949880599975586,False,False
causal_target_3_feature_258_beta_2_lambda_0.001_seed_20260905,causal,258,3,2.0,0.001,20260905,0.07073334604501724,1.1317335367202759,0.8463541865348816,0.8463541865348816,0.0,00111101100100001101110010100101,00111111100100001101110010100101,1,0.8641,0.8638,0.00029999999999996696,0.0,0.0986,0.5333,0.5333,677.783935546875,0.1717398905992508,causal-margin-v2,2.0,0.5,0.0,0.5546875,0.08984375,0.0,-2.806199550628662,0.02028963714838028,2.826488971710205,False,False
causal_target_3_feature_258_beta_2_lambda_0.001_seed_20260906,causal,258,3,2.0,0.001,20260906,0.07073334604501724,1.1317335367202759,0.8463541865348816,0.8463541865348816,0.0,00111101100100001101110010100101,00111111100100001101110010100101,1,0.8641,0.8638,0.00029999999999996696,0.0,0.0986,0.5564,0.5564,665.1746215820312,0.18411392476558686,causal-margin-v2,2.0,0.5,0.0,0.5234375,0.08984375,0.0,-2.922420024871826,-0.0021428242325782776,2.9202771186828613,False,False
causal_target_3_feature_270_beta_2_lambda_0.001_seed_20260904,causal,270,3,2.0,0.001,20260904,0.0996091216802597,1.5937459468841553,0.8463541865348816,0.84765625,-0.0013020634651184082,00111101110010111111111111011110,00111111110010111111111111011110,1,0.8641,0.864,9.999999999998899e-05,0.0,0.1045,0.9902,0.9902,669.2620239257812,0.20066831760406495,causal-margin-v2,2.0,0.5,0.0,0.9921875,0.1015625,-0.01171875,-3.6513209342956543,1.383158802986145,5.034479141235352,True,True
causal_target_3_feature_270_beta_2_lambda_0.001_seed_20260905,causal,270,3,2.0,0.001,20260905,0.0996091216802597,1.5937459468841553,0.8463541865348816,0.84765625,-0.0013020634651184082,00111101110010111111111111011110,00111111110010111111111111011110,1,0.8641,0.864,9.999999999998899e-05,0.0,0.1045,0.9941,0.9941,668.1746215820312,0.19614459733963013,causal-margin-v2,2.0,0.5,0.0,0.99609375,0.1015625,-0.01171875,-3.480706214904785,1.5663487911224365,5.047055244445801,True,True
causal_target_3_feature_270_beta_2_lambda_0.001_seed_20260906,causal,270,3,2.0,0.001,20260906,0.0996091216802597,1.5937459468841553,0.8463541865348816,0.84765625,-0.0013020634651184082,00111101110010111111111111011110,00111111110010111111111111011110,1,0.8641,0.864,9.999999999998899e-05,0.0,0.1045,0.9768,0.9768,660.64404296875,0.2027636027097702,causal-margin-v2,2.0,0.5,0.0,0.97265625,0.1015625,-0.01171875,-3.5766615867614746,1.1149873733520508,4.691648960113525,True,True
causal_target_3_feature_277_beta_2_lambda_0.001_seed_20260904,causal,277,3,2.0,0.001,20260904,0.06526055186986923,1.0441688299179077,0.8463541865348816,0.8489583730697632,-0.002604186534881592,00111101100001011010011101010011,00111111100001011010011101010011,1,0.8641,0.8653,-0.0011999999999999789,0.0,0.0975,0.4279,0.4279,682.011474609375,0.17191024777889252,causal-margin-v2,2.0,0.5,0.0,0.4140625,0.08984375,0.0,-2.7468960285186768,-0.11480233818292618,2.6320934295654297,False,False
causal_target_3_feature_277_beta_2_lambda_0.001_seed_20260905,causal,277,3,2.0,0.001,20260905,0.06526055186986923,1.0441688299179077,0.8463541865348816,0.8489583730697632,-0.002604186534881592,00111101100001011010011101010011,00111111100001011010011101010011,1,0.8641,0.8653,-0.0011999999999999789,0.0,0.0975,0.4957,0.4957,692.2589111328125,0.16590571284294128,causal-margin-v2,2.0,0.5,0.0,0.5078125,0.08984375,0.0,-2.7851240634918213,-0.026665128767490387,2.7584590911865234,False,False
causal_target_3_feature_277_beta_2_lambda_0.001_seed_20260906,causal,277,3,2.0,0.001,20260906,0.06526055186986923,1.0441688299179077,0.8463541865348816,0.8489583730697632,-0.002604186534881592,00111101100001011010011101010011,00111111100001011010011101010011,1,0.8641,0.8653,-0.0011999999999999789,0.0,0.0975,0.3812,0.3812,723.3988037109375,0.14826639990806578,causal-margin-v2,2.0,0.5,0.0,0.4296875,0.08984375,0.0,-2.725940227508545,-0.1043625921010971,2.621577739715576,False,False
causal_target_3_feature_279_beta_2_lambda_0.001_seed_20260904,causal,279,3,2.0,0.001,20260904,0.08009696006774902,1.2815513610839844,0.8463541865348816,0.8502604365348816,-0.00390625,00111101101001000000100111100000,00111111101001000000100111100000,1,0.8641,0.8652,-0.0010999999999999899,0.0,0.0966,0.6316,0.6316,687.2205810546875,0.16787695496082305,causal-margin-v2,2.0,0.5,0.0,0.6328125,0.0859375,-0.00390625,-2.8391597270965576,0.13828149437904358,2.9774413108825684,False,False
causal_target_3_feature_279_beta_2_lambda_0.001_seed_20260905,causal,279,3,2.0,0.001,20260905,0.08009696006774902,1.2815513610839844,0.8463541865348816,0.8502604365348816,-0.00390625,00111101101001000000100111100000,00111111101001000000100111100000,1,0.8641,0.8652,-0.0010999999999999899,0.0,0.0966,0.6128,0.6128,697.8771362304688,0.16525782251358032,causal-margin-v2,2.0,0.5,0.0,0.6171875,0.0859375,-0.00390625,-2.8250229358673096,0.10352378338575363,2.928546667098999,False,False
causal_target_3_feature_279_beta_2_lambda_0.001_seed_20260906,causal,279,3,2.0,0.001,20260906,0.08009696006774902,1.2815513610839844,0.8463541865348816,0.8502604365348816,-0.00390625,00111101101001000000100111100000,00111111101001000000100111100000,1,0.8641,0.8652,-0.0010999999999999899,0.0,0.0966,0.653,0.653,704.0345458984375,0.1588834907054901,causal-margin-v2,2.0,0.5,0.0,0.64453125,0.0859375,-0.00390625,-2.934648036956787,0.10625582933425903,3.0409038066864014,False,False
causal_target_3_feature_313_beta_2_lambda_0.001_seed_20260904,causal,313,3,2.0,0.001,20260904,0.10161236673593521,1.6257978677749634,0.8463541865348816,0.8463541865348816,0.0,00111101110100000001101000100101,00111111110100000001101000100101,1,0.8641,0.8639,0.00019999999999997797,0.0002,0.1014,0.9196,0.9194,698.6392822265625,0.16106338000297546,causal-margin-v2,2.0,0.5,0.0,0.90625,0.09765625,-0.0078125,-3.1910104751586914,0.6352262496948242,3.8262369632720947,True,True
causal_target_3_feature_313_beta_2_lambda_0.001_seed_20260905,causal,313,3,2.0,0.001,20260905,0.10161236673593521,1.6257978677749634,0.8463541865348816,0.8463541865348816,0.0,00111101110100000001101000100101,00111111110100000001101000100101,1,0.8641,0.8639,0.00019999999999997797,0.0001,0.1014,0.8861,0.886,705.2845458984375,0.17043439722061157,causal-margin-v2,2.0,0.5,0.0,0.90625,0.09765625,-0.0078125,-3.0663719177246094,0.5408645868301392,3.607236862182617,False,True
causal_target_3_feature_313_beta_2_lambda_0.001_seed_20260906,causal,313,3,2.0,0.001,20260906,0.10161236673593521,1.6257978677749634,0.8463541865348816,0.8463541865348816,0.0,00111101110100000001101000100101,00111111110100000001101000100101,1,0.8641,0.8639,0.00019999999999997797,0.0,0.1014,0.9568,0.9568,711.0151977539062,0.15787916080951692,causal-margin-v2,2.0,0.5,0.0,0.94921875,0.09765625,-0.0078125,-3.1585981845855713,0.7336443662643433,3.892242431640625,True,True
causal_target_3_feature_317_beta_2_lambda_0.001_seed_20260904,causal,317,3,2.0,0.001,20260904,0.10966078191995621,1.7545725107192993,0.8463541865348816,0.8463541865348816,0.0,00111101111000001001010111010101,00111111111000001001010111010101,1,0.8641,0.8645,-0.00040000000000006697,0.0,0.1012,0.9649,0.9649,649.6408081054688,0.21079498081207276,causal-margin-v2,2.0,0.5,0.0,0.9609375,0.09765625,-0.0078125,-3.0166616439819336,0.7722007036209106,3.7888622283935547,True,True
causal_target_3_feature_317_beta_2_lambda_0.001_seed_20260905,causal,317,3,2.0,0.001,20260905,0.10966078191995621,1.7545725107192993,0.8463541865348816,0.8463541865348816,0.0,00111101111000001001010111010101,00111111111000001001010111010101,1,0.8641,0.8645,-0.00040000000000006697,0.0,0.1012,0.9875,0.9875,672.624755859375,0.175741126036644,causal-margin-v2,2.0,0.5,0.0,0.984375,0.09765625,-0.0078125,-3.3904125690460205,1.0247806310653687,4.4151930809021,True,True
causal_target_3_feature_317_beta_2_lambda_0.001_seed_20260906,causal,317,3,2.0,0.001,20260906,0.10966078191995621,1.7545725107192993,0.8463541865348816,0.8463541865348816,0.0,00111101111000001001010111010101,00111111111000001001010111010101,1,0.8641,0.8645,-0.00040000000000006697,0.0,0.1012,0.8382,0.8382,674.90576171875,0.18453857321739198,causal-margin-v2,2.0,0.5,0.0,0.828125,0.09765625,-0.0078125,-3.094517230987549,0.4864513874053955,3.5809686183929443,False,False
causal_target_3_feature_322_beta_2_lambda_0.001_seed_20260904,causal,322,3,2.0,0.001,20260904,0.09674540162086487,1.547926425933838,0.8463541865348816,0.84765625,-0.0013020634651184082,00111101110001100010001001110100,00111111110001100010001001110100,1,0.8641,0.864,9.999999999998899e-05,0.0,0.0995,0.1976,0.1976,770.71142578125,0.1208410876750946,causal-margin-v2,2.0,0.5,0.0,0.25390625,0.08984375,0.0,-2.4467713832855225,-0.3195286691188812,2.1272425651550293,False,False
causal_target_3_feature_322_beta_2_lambda_0.001_seed_20260905,causal,322,3,2.0,0.001,20260905,0.09674540162086487,1.547926425933838,0.8463541865348816,0.84765625,-0.0013020634651184082,00111101110001100010001001110100,00111111110001100010001001110100,1,0.8641,0.864,9.999999999998899e-05,0.0,0.0995,0.2326,0.2326,808.7213745117188,0.09352795376777649,causal-margin-v2,2.0,0.5,0.0,0.26953125,0.08984375,0.0,-2.521435499191284,-0.22288161516189575,2.298553705215454,False,False
causal_target_3_feature_322_beta_2_lambda_0.001_seed_20260906,causal,322,3,2.0,0.001,20260906,0.09674540162086487,1.547926425933838,0.8463541865348816,0.84765625,-0.0013020634651184082,00111101110001100010001001110100,00111111110001100010001001110100,1,0.8641,0.864,9.999999999998899e-05,0.0,0.0995,0.2844,0.2844,815.3226318359375,0.09047338172197342,causal-margin-v2,2.0,0.5,0.0,0.31640625,0.08984375,0.0,-2.523312568664551,-0.1660546511411667,2.357257843017578,False,False
causal_target_3_feature_327_beta_2_lambda_0.001_seed_20260904,causal,327,3,2.0,0.001,20260904,0.09825050830841064,1.5720081329345703,0.8463541865348816,0.8463541865348816,0.0,00111101110010010011011110010000,00111111110010010011011110010000,1,0.8641,0.864,9.999999999998899e-05,0.0001,0.1016,0.8483,0.8482000000000001,652.8731079101562,0.19919010474681853,causal-margin-v2,2.0,0.5,0.0,0.8359375,0.09765625,-0.0078125,-3.2923598289489746,0.5584180355072021,3.850778102874756,False,False
causal_target_3_feature_327_beta_2_lambda_0.001_seed_20260905,causal,327,3,2.0,0.001,20260905,0.09825050830841064,1.5720081329345703,0.8463541865348816,0.8463541865348816,0.0,00111101110010010011011110010000,00111111110010010011011110010000,1,0.8641,0.864,9.999999999998899e-05,0.0,0.1016,0.7475,0.7475,620.64453125,0.2219067420244217,causal-margin-v2,2.0,0.5,0.0,0.75,0.09765625,-0.0078125,-3.030503511428833,0.29994091391563416,3.3304443359375,False,False
causal_target_3_feature_327_beta_2_lambda_0.001_seed_20260906,causal,327,3,2.0,0.001,20260906,0.09825050830841064,1.5720081329345703,0.8463541865348816,0.8463541865348816,0.0,00111101110010010011011110010000,00111111110010010011011110010000,1,0.8641,0.864,9.999999999998899e-05,0.0,0.1016,0.924,0.924,653.2442626953125,0.18986301951408385,causal-margin-v2,2.0,0.5,0.0,0.89453125,0.09765625,-0.0078125,-3.3456146717071533,0.8316836357116699,4.177298069000244,True,False
causal_target_3_feature_352_beta_2_lambda_0.001_seed_20260904,causal,352,3,2.0,0.001,20260904,0.06478301435709,1.03652822971344,0.8463541865348816,0.8463541865348816,0.0,00111101100001001010110011110101,00111111100001001010110011110101,1,0.8641,0.8637,0.00039999999999995595,0.0001,0.0975,0.44,0.4399,749.823974609375,0.1378653373003006,causal-margin-v2,2.0,0.5,0.0,0.47265625,0.09375,-0.00390625,-2.7372121810913086,-0.032987080514431,2.7042250633239746,False,False
causal_target_3_feature_352_beta_2_lambda_0.001_seed_20260905,causal,352,3,2.0,0.001,20260905,0.06478301435709,1.03652822971344,0.8463541865348816,0.8463541865348816,0.0,00111101100001001010110011110101,00111111100001001010110011110101,1,0.8641,0.8637,0.00039999999999995595,0.0002,0.0975,0.6334,0.6332,732.1235961914062,0.1471534843683243,causal-margin-v2,2.0,0.5,0.0,0.6484375,0.09375,-0.00390625,-2.8524606227874756,0.13134200870990753,2.983802556991577,False,False
causal_target_3_feature_352_beta_2_lambda_0.001_seed_20260906,causal,352,3,2.0,0.001,20260906,0.06478301435709,1.03652822971344,0.8463541865348816,0.8463541865348816,0.0,00111101100001001010110011110101,00111111100001001010110011110101,1,0.8641,0.8637,0.00039999999999995595,0.0,0.0975,0.4751,0.4751,790.396728515625,0.11119173575639725,causal-margin-v2,2.0,0.5,0.0,0.4921875,0.09375,-0.00390625,-2.435401439666748,-0.012037336826324463,2.4233641624450684,False,False
causal_target_3_feature_356_beta_2_lambda_0.001_seed_20260904,causal,356,3,2.0,0.001,20260904,0.09746624529361725,1.559459924697876,0.8463541865348816,0.8463541865348816,0.0,00111101110001111001110001100010,00111111110001111001110001100010,1,0.8641,0.8646,-0.000500000000000056,0.0,0.101,0.6201,0.6201,646.5037841796875,0.20131550102233886,causal-margin-v2,2.0,0.5,0.0,0.55859375,0.08984375,0.0,-2.792729377746582,0.07368689775466919,2.8664164543151855,False,False
causal_target_3_feature_356_beta_2_lambda_0.001_seed_20260905,causal,356,3,2.0,0.001,20260905,0.09746624529361725,1.559459924697876,0.8463541865348816,0.8463541865348816,0.0,00111101110001111001110001100010,00111111110001111001110001100010,1,0.8641,0.8646,-0.000500000000000056,0.0,0.101,0.6661,0.6661,664.979248046875,0.18864564805030823,causal-margin-v2,2.0,0.5,0.0,0.625,0.08984375,0.0,-2.8451128005981445,0.10974682122468948,2.954859733581543,False,False
causal_target_3_feature_356_beta_2_lambda_0.001_seed_20260906,causal,356,3,2.0,0.001,20260906,0.09746624529361725,1.559459924697876,0.8463541865348816,0.8463541865348816,0.0,00111101110001111001110001100010,00111111110001111001110001100010,1,0.8641,0.8646,-0.000500000000000056,0.0,0.101,0.6046,0.6046,678.3814697265625,0.18127604246139525,causal-margin-v2,2.0,0.5,0.0,0.6328125,0.08984375,0.0,-2.8148083686828613,0.11594407260417938,2.9307525157928467,False,False
causal_target_3_feature_362_beta_2_lambda_0.001_seed_20260904,causal,362,3,2.0,0.001,20260904,0.06677614897489548,1.0684183835983276,0.8463541865348816,0.8463541865348816,0.0,00111101100010001100000111101111,00111111100010001100000111101111,1,0.8641,0.865,-0.0009000000000000119,0.0,0.0982,0.6443,0.6443,643.9168701171875,0.18629950139522553,causal-margin-v2,2.0,0.5,0.0,0.59375,0.08984375,0.0,-2.806743860244751,0.10017047822475433,2.906914234161377,False,False
causal_target_3_feature_362_beta_2_lambda_0.001_seed_20260905,causal,362,3,2.0,0.001,20260905,0.06677614897489548,1.0684183835983276,0.8463541865348816,0.8463541865348816,0.0,00111101100010001100000111101111,00111111100010001100000111101111,1,0.8641,0.865,-0.0009000000000000119,0.0,0.0982,0.5646,0.5646,652.5198364257812,0.1902979970932007,causal-margin-v2,2.0,0.5,0.0,0.5546875,0.08984375,0.0,-2.884030342102051,0.00666075199842453,2.8906912803649902,False,False
causal_target_3_feature_362_beta_2_lambda_0.001_seed_20260906,causal,362,3,2.0,0.001,20260906,0.06677614897489548,1.0684183835983276,0.8463541865348816,0.8463541865348816,0.0,00111101100010001100000111101111,00111111100010001100000111101111,1,0.8641,0.865,-0.0009000000000000119,0.0,0.0982,0.6559,0.6559,679.3466796875,0.16804448029994964,causal-margin-v2,2.0,0.5,0.0,0.66015625,0.08984375,0.0,-2.9421091079711914,0.08125666528940201,3.0233657360076904,False,False
causal_target_3_feature_383_beta_2_lambda_0.001_seed_20260904,causal,383,3,2.0,0.001,20260904,0.0882723331451416,1.4123573303222656,0.8463541865348816,0.8463541865348816,0.0,00111101101101001100100000100000,00111111101101001100100000100000,1,0.8641,0.8634,0.0007000000000000339,0.0,0.0999,0.1338,0.1338,764.6444091796875,0.11696970106363297,causal-margin-v2,2.0,0.5,0.0,0.15625,0.08984375,0.0,-2.533339500427246,-0.3863718807697296,2.1469674110412598,False,False
causal_target_3_feature_383_beta_2_lambda_0.001_seed_20260905,causal,383,3,2.0,0.001,20260905,0.0882723331451416,1.4123573303222656,0.8463541865348816,0.8463541865348816,0.0,00111101101101001100100000100000,00111111101101001100100000100000,1,0.8641,0.8634,0.0007000000000000339,0.0126,0.0999,0.0826,0.07,520.4047241210938,0.39613233995437624,causal-margin-v2,2.0,0.5,0.00390625,0.0859375,0.08984375,0.0,-2.2044968605041504,-1.3419137001037598,0.8625832796096802,False,False
causal_target_3_feature_383_beta_2_lambda_0.001_seed_20260906,causal,383,3,2.0,0.001,20260906,0.0882723331451416,1.4123573303222656,0.8463541865348816,0.8463541865348816,0.0,00111101101101001100100000100000,00111111101101001100100000100000,1,0.8641,0.8634,0.0007000000000000339,0.0051,0.0999,0.2772,0.2721,648.6363525390625,0.22166586544513703,causal-margin-v2,2.0,0.5,0.00390625,0.31640625,0.08984375,0.0,-1.8765742778778076,-0.31462526321411133,1.5619490146636963,False,False
causal_target_3_feature_409_beta_2_lambda_0.001_seed_20260904,causal,409,3,2.0,0.001,20260904,0.08342786133289337,1.334845781326294,0.8463541865348816,0.8463541865348816,0.0,00111101101010101101110000111010,00111111101010101101110000111010,1,0.8641,0.8643,-0.00019999999999997797,0.0,0.0996,0.2626,0.2626,730.287841796875,0.13561743376255037,causal-margin-v2,2.0,0.5,0.0,0.27734375,0.08984375,0.0,-2.2792282104492188,-0.23416179418563843,2.0450668334960938,False,False
causal_target_3_feature_409_beta_2_lambda_0.001_seed_20260905,causal,409,3,2.0,0.001,20260905,0.08342786133289337,1.334845781326294,0.8463541865348816,0.8463541865348816,0.0,00111101101010101101110000111010,00111111101010101101110000111010,1,0.8641,0.8643,-0.00019999999999997797,0.0,0.0996,0.1772,0.1772,791.1702270507812,0.10072722399234772,causal-margin-v2,2.0,0.5,0.0,0.171875,0.08984375,0.0,-2.519446849822998,-0.2600551247596741,2.2593917846679688,False,False
causal_target_3_feature_409_beta_2_lambda_0.001_seed_20260906,causal,409,3,2.0,0.001,20260906,0.08342786133289337,1.334845781326294,0.8463541865348816,0.8463541865348816,0.0,00111101101010101101110000111010,00111111101010101101110000111010,1,0.8641,0.8643,-0.00019999999999997797,0.0001,0.0996,0.0554,0.055299999999999995,640.4706420898438,0.22293116643428804,causal-margin-v2,2.0,0.5,0.0,0.0859375,0.08984375,0.0,-2.3802027702331543,-0.7910128831863403,1.5891897678375244,False,False
causal_target_3_feature_410_beta_2_lambda_0.001_seed_20260904,causal,410,3,2.0,0.001,20260904,0.10183947533369064,1.6294316053390503,0.8463541865348816,0.84765625,-0.0013020634651184082,00111101110100001001000100110111,00111111110100001001000100110111,1,0.8641,0.8645,-0.00040000000000006697,0.0,0.1014,0.9537,0.9537,655.1593017578125,0.19491447460651398,causal-margin-v2,2.0,0.5,0.0,0.9375,0.09375,-0.00390625,-3.478060245513916,1.0048058032989502,4.482866287231445,True,True
causal_target_3_feature_410_beta_2_lambda_0.001_seed_20260905,causal,410,3,2.0,0.001,20260905,0.10183947533369064,1.6294316053390503,0.8463541865348816,0.84765625,-0.0013020634651184082,00111101110100001001000100110111,00111111110100001001000100110111,1,0.8641,0.8645,-0.00040000000000006697,0.0,0.1014,0.9566,0.9566,628.7626953125,0.21302050457000732,causal-margin-v2,2.0,0.5,0.0,0.97265625,0.09375,-0.00390625,-3.298819065093994,0.7927109599113464,4.091529846191406,True,True
causal_target_3_feature_410_beta_2_lambda_0.001_seed_20260906,causal,410,3,2.0,0.001,20260906,0.10183947533369064,1.6294316053390503,0.8463541865348816,0.84765625,-0.0013020634651184082,00111101110100001001000100110111,00111111110100001001000100110111,1,0.8641,0.8645,-0.00040000000000006697,0.0001,0.1014,0.9264,0.9263,655.0704345703125,0.19926556165218354,causal-margin-v2,2.0,0.5,0.0,0.90625,0.09375,-0.00390625,-3.440354824066162,0.8308836221694946,4.271238327026367,True,True
causal_target_3_feature_439_beta_2_lambda_0.001_seed_20260904,causal,439,3,2.0,0.001,20260904,0.06682194024324417,1.0691510438919067,0.8463541865348816,0.8463541865348816,0.0,00111101100010001101100111110001,00111111100010001101100111110001,1,0.8641,0.8645,-0.00040000000000006697,0.0,0.0975,0.5529,0.5529,749.5850219726562,0.13917427220344544,causal-margin-v2,2.0,0.5,0.0,0.5,0.08984375,0.0,-2.7456345558166504,-0.02972552180290222,2.715909004211426,False,False
causal_target_3_feature_439_beta_2_lambda_0.001_seed_20260905,causal,439,3,2.0,0.001,20260905,0.06682194024324417,1.0691510438919067,0.8463541865348816,0.8463541865348816,0.0,00111101100010001101100111110001,00111111100010001101100111110001,1,0.8641,0.8645,-0.00040000000000006697,0.0017,0.0975,0.6302,0.6285,710.2806396484375,0.17665994460582732,causal-margin-v2,2.0,0.5,0.00390625,0.63671875,0.08984375,0.0,-1.9728156328201294,0.18201687932014465,2.154832601547241,False,False
causal_target_3_feature_439_beta_2_lambda_0.001_seed_20260906,causal,439,3,2.0,0.001,20260906,0.06682194024324417,1.0691510438919067,0.8463541865348816,0.8463541865348816,0.0,00111101100010001101100111110001,00111111100010001101100111110001,1,0.8641,0.8645,-0.00040000000000006697,0.0,0.0975,0.5428,0.5428,768.8348999023438,0.12535224773883819,causal-margin-v2,2.0,0.5,0.0,0.57421875,0.08984375,0.0,-2.4911508560180664,0.04232087358832359,2.5334715843200684,False,False
causal_target_3_feature_442_beta_2_lambda_0.001_seed_20260904,causal,442,3,2.0,0.001,20260904,0.08890426903963089,1.4224683046340942,0.8463541865348816,0.8463541865348816,0.0,00111101101101100001001101110001,00111111101101100001001101110001,1,0.8641,0.8636,0.0004999999999999449,0.0,0.1007,0.5325,0.5325,696.1459350585938,0.16892775146961211,causal-margin-v2,2.0,0.5,0.0,0.453125,0.09375,-0.00390625,-2.860995292663574,-0.04573933780193329,2.815255880355835,False,False
causal_target_3_feature_442_beta_2_lambda_0.001_seed_20260905,causal,442,3,2.0,0.001,20260905,0.08890426903963089,1.4224683046340942,0.8463541865348816,0.8463541865348816,0.0,00111101101101100001001101110001,00111111101101100001001101110001,1,0.8641,0.8636,0.0004999999999999449,0.0,0.1007,0.5148,0.5148,688.8563232421875,0.17325878841876985,causal-margin-v2,2.0,0.5,0.0,0.53125,0.09375,-0.00390625,-2.786499500274658,0.004412256181240082,2.790911912918091,False,False
causal_target_3_feature_442_beta_2_lambda_0.001_seed_20260906,causal,442,3,2.0,0.001,20260906,0.08890426903963089,1.4224683046340942,0.8463541865348816,0.8463541865348816,0.0,00111101101101100001001101110001,00111111101101100001001101110001,1,0.8641,0.8636,0.0004999999999999449,0.0001,0.1007,0.7568,0.7567,692.8696899414062,0.1774764847755432,causal-margin-v2,2.0,0.5,0.0,0.7421875,0.09375,-0.00390625,-2.439460277557373,0.22460809350013733,2.6640682220458984,False,False
causal_target_3_feature_455_beta_2_lambda_0.001_seed_20260904,causal,455,3,2.0,0.001,20260904,0.07547421008348465,1.2075873613357544,0.8463541865348816,0.8463541865348816,0.0,00111101100110101001001000111001,00111111100110101001001000111001,1,0.8641,0.8642,-9.999999999998899e-05,0.0,0.1021,0.3739,0.3739,709.7487182617188,0.15946955502033233,causal-margin-v2,2.0,0.5,0.0,0.37109375,0.1015625,-0.01171875,-2.7487895488739014,-0.14374403655529022,2.6050455570220947,False,False
causal_target_3_feature_455_beta_2_lambda_0.001_seed_20260905,causal,455,3,2.0,0.001,20260905,0.07547421008348465,1.2075873613357544,0.8463541865348816,0.8463541865348816,0.0,00111101100110101001001000111001,00111111100110101001001000111001,1,0.8641,0.8642,-9.999999999998899e-05,0.0,0.1021,0.3715,0.3715,728.1210327148438,0.15181297380924225,causal-margin-v2,2.0,0.5,0.0,0.40625,0.1015625,-0.01171875,-2.6866629123687744,-0.1040022075176239,2.582660675048828,False,False
causal_target_3_feature_455_beta_2_lambda_0.001_seed_20260906,causal,455,3,2.0,0.001,20260906,0.07547421008348465,1.2075873613357544,0.8463541865348816,0.8463541865348816,0.0,00111101100110101001001000111001,00111111100110101001001000111001,1,0.8641,0.8642,-9.999999999998899e-05,0.0,0.1021,0.361,0.361,738.992919921875,0.14252440209388734,causal-margin-v2,2.0,0.5,0.0,0.37109375,0.1015625,-0.01171875,-2.75473690032959,-0.13877014815807343,2.615966796875,False,False
causal_target_3_feature_469_beta_2_lambda_0.001_seed_20260904,causal,469,3,2.0,0.001,20260904,0.004108795430511236,1.0518516302108765,0.8463541865348816,0.8463541865348816,0.0,00111011100001101010001100010011,00111111100001101010001100010011,1,0.8641,0.8649,-0.0008000000000000229,0.0034,0.0931,0.0173,0.0139,523.489501953125,0.40816045598983763,causal-margin-v2,2.0,0.5,0.01171875,0.04296875,0.08984375,0.0,-2.3839826583862305,-1.6402126550674438,0.7437700033187866,False,False
causal_target_3_feature_469_beta_2_lambda_0.001_seed_20260905,causal,469,3,2.0,0.001,20260905,0.004108795430511236,1.0518516302108765,0.8463541865348816,0.8463541865348816,0.0,00111011100001101010001100010011,00111111100001101010001100010011,1,0.8641,0.8649,-0.0008000000000000229,0.0,0.0931,0.0178,0.0178,703.4169311523438,0.14968776152133942,causal-margin-v2,2.0,0.5,0.0,0.02734375,0.08984375,0.0,-2.613947629928589,-0.8817660808563232,1.7321815490722656,False,False
causal_target_3_feature_469_beta_2_lambda_0.001_seed_20260906,causal,469,3,2.0,0.001,20260906,0.004108795430511236,1.0518516302108765,0.8463541865348816,0.8463541865348816,0.0,00111011100001101010001100010011,00111111100001101010001100010011,1,0.8641,0.8649,-0.0008000000000000229,0.0022,0.0931,0.0072,0.004999999999999999,531.40478515625,0.397351936006546,causal-margin-v2,2.0,0.5,0.0,0.015625,0.08984375,0.0,-2.4690799713134766,-1.9424753189086914,0.5266045331954956,False,False
causal_target_3_feature_477_beta_2_lambda_0.001_seed_20260904,causal,477,3,2.0,0.001,20260904,0.10216588526964188,1.63465416431427,0.8463541865348816,0.84765625,-0.0013020634651184082,00111101110100010011110001011001,00111111110100010011110001011001,1,0.8641,0.8654,-0.0012999999999999678,0.0,0.1021,0.9965,0.9965,663.57275390625,0.1935845475435257,causal-margin-v2,2.0,0.5,0.0,1.0,0.10546875,-0.0078125,-3.7830944061279297,1.464072346687317,5.247166633605957,True,True
causal_target_3_feature_477_beta_2_lambda_0.001_seed_20260905,causal,477,3,2.0,0.001,20260905,0.10216588526964188,1.63465416431427,0.8463541865348816,0.84765625,-0.0013020634651184082,00111101110100010011110001011001,00111111110100010011110001011001,1,0.8641,0.8654,-0.0012999999999999678,0.0,0.1021,0.8284,0.8284,638.4323120117188,0.2012168649673462,causal-margin-v2,2.0,0.5,0.0,0.8671875,0.10546875,-0.0078125,-3.026862382888794,0.47293299436569214,3.499795436859131,False,False
causal_target_3_feature_477_beta_2_lambda_0.001_seed_20260906,causal,477,3,2.0,0.001,20260906,0.10216588526964188,1.63465416431427,0.8463541865348816,0.84765625,-0.0013020634651184082,00111101110100010011110001011001,00111111110100010011110001011001,1,0.8641,0.8654,-0.0012999999999999678,0.0,0.1021,0.9914,0.9914,654.135009765625,0.1954297783613205,causal-margin-v2,2.0,0.5,0.0,0.9921875,0.10546875,-0.0078125,-3.6973037719726562,1.2020313739776611,4.8993353843688965,True,True
causal_target_3_feature_491_beta_2_lambda_0.001_seed_20260904,causal,491,3,2.0,0.001,20260904,0.09747026115655899,1.5595241785049438,0.8463541865348816,0.8463541865348816,0.0,00111101110001111001111001111101,00111111110001111001111001111101,1,0.8641,0.8642,-9.999999999998899e-05,0.0,0.0997,0.9042,0.9042,641.2645874023438,0.20835842027664184,causal-margin-v2,2.0,0.5,0.0,0.86328125,0.08984375,0.0,-2.4098358154296875,0.49764835834503174,2.907484292984009,True,False
causal_target_3_feature_491_beta_2_lambda_0.001_seed_20260905,causal,491,3,2.0,0.001,20260905,0.09747026115655899,1.5595241785049438,0.8463541865348816,0.8463541865348816,0.0,00111101110001111001111001111101,00111111110001111001111001111101,1,0.8641,0.8642,-9.999999999998899e-05,0.0,0.0997,0.5734,0.5734,647.2300415039062,0.204476748752594,causal-margin-v2,2.0,0.5,0.0,0.58203125,0.08984375,0.0,-2.822702169418335,0.05635051429271698,2.8790526390075684,False,False
causal_target_3_feature_491_beta_2_lambda_0.001_seed_20260906,causal,491,3,2.0,0.001,20260906,0.09747026115655899,1.5595241785049438,0.8463541865348816,0.8463541865348816,0.0,00111101110001111001111001111101,00111111110001111001111001111101,1,0.8641,0.8642,-9.999999999998899e-05,0.0,0.0997,0.6221,0.6221,653.0137939453125,0.1973034657239914,causal-margin-v2,2.0,0.5,0.0,0.625,0.08984375,0.0,-2.747798204421997,0.14823614060878754,2.8960344791412354,False,False
causal_target_4_feature_25_beta_2_lambda_0.001_seed_20260904,causal,25,4,2.0,0.001,20260904,0.08046754449605942,1.2874807119369507,0.8463541865348816,0.8463541865348816,0.0,00111101101001001100110000101011,00111111101001001100110000101011,1,0.8641,0.8639,0.00019999999999997797,0.0,0.0993,0.2167,0.2167,783.9346313476562,0.11378730484247207,causal-margin-v2,2.0,0.5,0.0,0.2109375,0.0625,0.0,-2.4249024391174316,-0.29200321435928345,2.132899045944214,False,False
causal_target_4_feature_25_beta_2_lambda_0.001_seed_20260905,causal,25,4,2.0,0.001,20260905,0.08046754449605942,1.2874807119369507,0.8463541865348816,0.8463541865348816,0.0,00111101101001001100110000101011,00111111101001001100110000101011,1,0.8641,0.8639,0.00019999999999997797,0.0,0.0993,0.0819,0.0819,746.0621948242188,0.13927539954185486,causal-margin-v2,2.0,0.5,0.0,0.1015625,0.0625,0.0,-2.407233715057373,-0.3941301703453064,2.013103485107422,False,False
causal_target_4_feature_25_beta_2_lambda_0.001_seed_20260906,causal,25,4,2.0,0.001,20260906,0.08046754449605942,1.2874807119369507,0.8463541865348816,0.8463541865348816,0.0,00111101101001001100110000101011,00111111101001001100110000101011,1,0.8641,0.8639,0.00019999999999997797,0.0,0.0993,0.0735,0.0735,673.8241577148438,0.19116933875083925,causal-margin-v2,2.0,0.5,0.0,0.1015625,0.0625,0.0,-2.373868942260742,-0.6326494812965393,1.741219401359558,False,False
causal_target_4_feature_45_beta_2_lambda_0.001_seed_20260904,causal,45,4,2.0,0.001,20260904,0.07622554898262024,1.2196087837219238,0.8463541865348816,0.8463541865348816,0.0,00111101100111000001110000100100,00111111100111000001110000100100,1,0.8641,0.8639,0.00019999999999997797,0.0,0.0983,0.1757,0.1757,835.84814453125,0.08107996076345443,causal-margin-v2,2.0,0.5,0.0,0.19140625,0.0625,0.0,-2.663224935531616,-0.21007376909255981,2.453151226043701,False,False
causal_target_4_feature_45_beta_2_lambda_0.001_seed_20260905,causal,45,4,2.0,0.001,20260905,0.07622554898262024,1.2196087837219238,0.8463541865348816,0.8463541865348816,0.0,00111101100111000001110000100100,00111111100111000001110000100100,1,0.8641,0.8639,0.00019999999999997797,0.0,0.0983,0.1628,0.1628,697.3590087890625,0.17949528872966766,causal-margin-v2,2.0,0.5,0.0,0.12890625,0.0625,0.0,-2.361027479171753,-0.44598454236984253,1.9150429964065552,False,False
causal_target_4_feature_45_beta_2_lambda_0.001_seed_20260906,causal,45,4,2.0,0.001,20260906,0.07622554898262024,1.2196087837219238,0.8463541865348816,0.8463541865348816,0.0,00111101100111000001110000100100,00111111100111000001110000100100,1,0.8641,0.8639,0.00019999999999997797,0.0009,0.0983,0.3887,0.3878,681.9818115234375,0.1918137877225876,causal-margin-v2,2.0,0.5,0.0,0.37890625,0.0625,0.0,-1.8425921201705933,-0.1520904302597046,1.6905016899108887,False,False
causal_target_4_feature_51_beta_2_lambda_0.001_seed_20260904,causal,51,4,2.0,0.001,20260904,0.10695343464612961,1.7112549543380737,0.8463541865348816,0.8463541865348816,0.0,00111101110110110000101001100111,00111111110110110000101001100111,1,0.8641,0.8641,0.0,0.0,0.0999,0.756,0.756,702.4010620117188,0.1511945556163788,causal-margin-v2,2.0,0.5,0.0,0.78125,0.06640625,-0.00390625,-2.932589054107666,0.27972063422203064,3.2123098373413086,False,False
causal_target_4_feature_51_beta_2_lambda_0.001_seed_20260905,causal,51,4,2.0,0.001,20260905,0.10695343464612961,1.7112549543380737,0.8463541865348816,0.8463541865348816,0.0,00111101110110110000101001100111,00111111110110110000101001100111,1,0.8641,0.8641,0.0,0.0,0.0999,0.6161,0.6161,684.3157348632812,0.1580406930923462,causal-margin-v2,2.0,0.5,0.0,0.59375,0.06640625,-0.00390625,-2.8308959007263184,0.07924465835094452,2.9101407527923584,False,False
causal_target_4_feature_51_beta_2_lambda_0.001_seed_20260906,causal,51,4,2.0,0.001,20260906,0.10695343464612961,1.7112549543380737,0.8463541865348816,0.8463541865348816,0.0,00111101110110110000101001100111,00111111110110110000101001100111,1,0.8641,0.8641,0.0,0.0,0.0999,0.7907,0.7907,673.0641479492188,0.17247587020397187,causal-margin-v2,2.0,0.5,0.0,0.77734375,0.06640625,-0.00390625,-2.95401668548584,0.30390673875808716,3.2579233646392822,False,False
causal_target_4_feature_57_beta_2_lambda_0.001_seed_20260904,causal,57,4,2.0,0.001,20260904,0.07198839634656906,1.151814341545105,0.8463541865348816,0.8463541865348816,0.0,00111101100100110110111010100111,00111111100100110110111010100111,1,0.8641,0.864,9.999999999998899e-05,0.0,0.0973,0.2508,0.2508,741.0667724609375,0.13041190803050995,causal-margin-v2,2.0,0.5,0.0,0.25,0.0625,0.0,-2.7469096183776855,-0.19721025228500366,2.549699306488037,False,False
causal_target_4_feature_57_beta_2_lambda_0.001_seed_20260905,causal,57,4,2.0,0.001,20260905,0.07198839634656906,1.151814341545105,0.8463541865348816,0.8463541865348816,0.0,00111101100100110110111010100111,00111111100100110110111010100111,1,0.8641,0.864,9.999999999998899e-05,0.0,0.0973,0.0721,0.0721,691.1928100585938,0.18200044867992402,causal-margin-v2,2.0,0.5,0.0,0.09765625,0.0625,0.0,-2.5918941497802734,-0.5480114221572876,2.043882369995117,False,False
causal_target_4_feature_57_beta_2_lambda_0.001_seed_20260906,causal,57,4,2.0,0.001,20260906,0.07198839634656906,1.151814341545105,0.8463541865348816,0.8463541865348816,0.0,00111101100100110110111010100111,00111111100100110110111010100111,1,0.8641,0.864,9.999999999998899e-05,0.0,0.0973,0.1048,0.1048,758.269775390625,0.12290703223943711,causal-margin-v2,2.0,0.5,0.0,0.125,0.0625,0.0,-2.6242337226867676,-0.32315295934677124,2.3010807037353516,False,False
causal_target_4_feature_61_beta_2_lambda_0.001_seed_20260904,causal,61,4,2.0,0.001,20260904,0.006613082252442837,1.6929490566253662,0.8463541865348816,0.84765625,-0.0013020634651184082,00111011110110001011001010001110,00111111110110001011001010001110,1,0.8641,0.8641,0.0,0.0,0.0978,0.7187,0.7187,645.3650512695312,0.18240899024009705,causal-margin-v2,2.0,0.5,0.0,0.67578125,0.0625,0.0,-3.044951915740967,0.1578676402568817,3.202819585800171,False,False
causal_target_4_feature_61_beta_2_lambda_0.001_seed_20260905,causal,61,4,2.0,0.001,20260905,0.006613082252442837,1.6929490566253662,0.8463541865348816,0.84765625,-0.0013020634651184082,00111011110110001011001010001110,00111111110110001011001010001110,1,0.8641,0.8641,0.0,0.0,0.0978,0.482,0.482,634.3646240234375,0.19594103305339813,causal-margin-v2,2.0,0.5,0.0,0.43359375,0.0625,0.0,-2.950232744216919,-0.05413418635725975,2.8960986137390137,False,False
causal_target_4_feature_61_beta_2_lambda_0.001_seed_20260906,causal,61,4,2.0,0.001,20260906,0.006613082252442837,1.6929490566253662,0.8463541865348816,0.84765625,-0.0013020634651184082,00111011110110001011001010001110,00111111110110001011001010001110,1,0.8641,0.8641,0.0,0.0,0.0978,0.5266,0.5266,620.6437377929688,0.20111060478687287,causal-margin-v2,2.0,0.5,0.0,0.53515625,0.0625,0.0,-2.9491941928863525,0.005546301603317261,2.954740524291992,False,False
causal_target_4_feature_64_beta_2_lambda_0.001_seed_20260904,causal,64,4,2.0,0.001,20260904,0.10896246135234833,1.7433993816375732,0.8463541865348816,0.8463541865348816,0.0,00111101110111110010011110110110,00111111110111110010011110110110,1,0.8641,0.8641,0.0,0.0,0.1012,0.9354,0.9354,701.678955078125,0.15945630009174347,causal-margin-v2,2.0,0.5,0.0,0.90625,0.06640625,-0.00390625,-3.1913609504699707,0.554046094417572,3.7454071044921875,True,True
causal_target_4_feature_64_beta_2_lambda_0.001_seed_20260905,causal,64,4,2.0,0.001,20260905,0.10896246135234833,1.7433993816375732,0.8463541865348816,0.8463541865348816,0.0,00111101110111110010011110110110,00111111110111110010011110110110,1,0.8641,0.8641,0.0,0.0,0.1012,0.905,0.905,663.3845825195312,0.17608168079853057,causal-margin-v2,2.0,0.5,0.0,0.88671875,0.06640625,-0.00390625,-3.117903232574463,0.4358266294002533,3.553730010986328,True,False
causal_target_4_feature_64_beta_2_lambda_0.001_seed_20260906,causal,64,4,2.0,0.001,20260906,0.10896246135234833,1.7433993816375732,0.8463541865348816,0.8463541865348816,0.0,00111101110111110010011110110110,00111111110111110010011110110110,1,0.8641,0.8641,0.0,0.0,0.1012,0.9573,0.9573,693.1549072265625,0.15983052184581756,causal-margin-v2,2.0,0.5,0.0,0.9453125,0.06640625,-0.00390625,-3.226306438446045,0.6314483880996704,3.857754707336426,True,True
causal_target_4_feature_67_beta_2_lambda_0.001_seed_20260904,causal,67,4,2.0,0.001,20260904,0.08730687201023102,1.3969099521636963,0.8463541865348816,0.84765625,-0.0013020634651184082,00111101101100101100110111110010,00111111101100101100110111110010,1,0.8641,0.8647,-0.0006000000000000449,0.0,0.0996,0.3374,0.3374,728.8783569335938,0.1467333114385605,causal-margin-v2,2.0,0.5,0.0,0.33203125,0.06640625,0.0,-2.748347282409668,-0.17457664012908936,2.573770523071289,False,False
causal_target_4_feature_67_beta_2_lambda_0.001_seed_20260905,causal,67,4,2.0,0.001,20260905,0.08730687201023102,1.3969099521636963,0.8463541865348816,0.84765625,-0.0013020634651184082,00111101101100101100110111110010,00111111101100101100110111110010,1,0.8641,0.8647,-0.0006000000000000449,0.0,0.0996,0.4931,0.4931,776.673095703125,0.12239154020547867,causal-margin-v2,2.0,0.5,0.0,0.51171875,0.06640625,0.0,-2.5026113986968994,0.011229291558265686,2.513840675354004,False,False
causal_target_4_feature_67_beta_2_lambda_0.001_seed_20260906,causal,67,4,2.0,0.001,20260906,0.08730687201023102,1.3969099521636963,0.8463541865348816,0.84765625,-0.0013020634651184082,00111101101100101100110111110010,00111111101100101100110111110010,1,0.8641,0.8647,-0.0006000000000000449,0.0,0.0996,0.6243,0.6243,797.7791137695312,0.1127737557053566,causal-margin-v2,2.0,0.5,0.0,0.64453125,0.06640625,0.0,-2.444355010986328,0.06716366857290268,2.5115184783935547,False,False
causal_target_4_feature_76_beta_2_lambda_0.001_seed_20260904,causal,76,4,2.0,0.001,20260904,0.08729145675897598,1.3966633081436157,0.8463541865348816,0.8463541865348816,0.0,00111101101100101100010111011101,00111111101100101100010111011101,1,0.8641,0.864,9.999999999998899e-05,0.0001,0.0984,0.2968,0.2967,763.6475219726562,0.11410478355884553,causal-margin-v2,2.0,0.5,0.0,0.34765625,0.06640625,-0.00390625,-2.6783699989318848,-0.09009722620248795,2.588273048400879,False,False
causal_target_4_feature_76_beta_2_lambda_0.001_seed_20260905,causal,76,4,2.0,0.001,20260905,0.08729145675897598,1.3966633081436157,0.8463541865348816,0.8463541865348816,0.0,00111101101100101100010111011101,00111111101100101100010111011101,1,0.8641,0.864,9.999999999998899e-05,0.0,0.0984,0.0747,0.0747,808.5899047851562,0.08933128283023835,causal-margin-v2,2.0,0.5,0.0,0.09375,0.06640625,-0.00390625,-2.5927915573120117,-0.30248039960861206,2.290311336517334,False,False
causal_target_4_feature_76_beta_2_lambda_0.001_seed_20260906,causal,76,4,2.0,0.001,20260906,0.08729145675897598,1.3966633081436157,0.8463541865348816,0.8463541865348816,0.0,00111101101100101100010111011101,00111111101100101100010111011101,1,0.8641,0.864,9.999999999998899e-05,0.0,0.0984,0.2031,0.2031,782.209228515625,0.10854951783418655,causal-margin-v2,2.0,0.5,0.0,0.19921875,0.06640625,-0.00390625,-2.490631580352783,-0.231635183095932,2.2589962482452393,False,False
causal_target_4_feature_87_beta_2_lambda_0.001_seed_20260904,causal,87,4,2.0,0.001,20260904,0.06906493753194809,1.1050390005111694,0.8463541865348816,0.8463541865348816,0.0,00111101100011010111000111101011,00111111100011010111000111101011,1,0.8641,0.8641,0.0,0.0022,0.0982,0.0306,0.028399999999999998,498.3919982910156,0.38641681714057924,causal-margin-v2,2.0,0.5,0.0078125,0.04296875,0.0625,0.0,-2.255875825881958,-1.387756109237671,0.8681195974349976,False,False
causal_target_4_feature_87_beta_2_lambda_0.001_seed_20260905,causal,87,4,2.0,0.001,20260905,0.06906493753194809,1.1050390005111694,0.8463541865348816,0.8463541865348816,0.0,00111101100011010111000111101011,00111111100011010111000111101011,1,0.8641,0.8641,0.0,0.0006,0.0982,0.0234,0.0228,518.0220947265625,0.326621000289917,causal-margin-v2,2.0,0.5,0.0,0.0390625,0.0625,0.0,-2.343062400817871,-1.314582347869873,1.0284801721572876,False,False
causal_target_4_feature_87_beta_2_lambda_0.001_seed_20260906,causal,87,4,2.0,0.001,20260906,0.06906493753194809,1.1050390005111694,0.8463541865348816,0.8463541865348816,0.0,00111101100011010111000111101011,00111111100011010111000111101011,1,0.8641,0.8641,0.0,0.0,0.0982,0.0507,0.0507,690.4503173828125,0.16448461542129517,causal-margin-v2,2.0,0.5,0.0,0.08203125,0.0625,0.0,-2.309053897857666,-0.7440255284309387,1.565028429031372,False,False
causal_target_4_feature_128_beta_2_lambda_0.001_seed_20260904,causal,128,4,2.0,0.001,20260904,0.004830450750887394,1.2365953922271729,0.8463541865348816,0.8463541865348816,0.0,00111011100111100100100011000010,00111111100111100100100011000010,1,0.8641,0.864,9.999999999998899e-05,0.0,0.0954,0.0799,0.0799,763.2758178710938,0.11353305414915085,causal-margin-v2,2.0,0.5,0.0,0.10546875,0.0625,0.0,-2.769578218460083,-0.2512427270412445,2.5183358192443848,False,False
causal_target_4_feature_128_beta_2_lambda_0.001_seed_20260905,causal,128,4,2.0,0.001,20260905,0.004830450750887394,1.2365953922271729,0.8463541865348816,0.8463541865348816,0.0,00111011100111100100100011000010,00111111100111100100100011000010,1,0.8641,0.864,9.999999999998899e-05,0.0002,0.0954,0.0053,0.0051,520.3108520507812,0.4148781496524811,causal-margin-v2,2.0,0.5,0.0,0.01171875,0.0625,0.0,-2.46649169921875,-1.5454097986221313,0.9210820198059082,False,False
causal_target_4_feature_128_beta_2_lambda_0.001_seed_20260906,causal,128,4,2.0,0.001,20260906,0.004830450750887394,1.2365953922271729,0.8463541865348816,0.8463541865348816,0.0,00111011100111100100100011000010,00111111100111100100100011000010,1,0.8641,0.864,9.999999999998899e-05,0.0,0.0954,0.0079,0.0079,661.029052734375,0.1940640776157379,causal-margin-v2,2.0,0.5,0.0,0.03125,0.0625,0.0,-2.6109445095062256,-0.7598025798797607,1.8511418104171753,False,False
causal_target_4_feature_157_beta_2_lambda_0.001_seed_20260904,causal,157,4,2.0,0.001,20260904,0.07684899866580963,1.229583978652954,0.8463541865348816,0.84765625,-0.0013020634651184082,00111101100111010110001100000010,00111111100111010110001100000010,1,0.8641,0.8642,-9.999999999998899e-05,0.0,0.1,0.2922,0.2922,706.2117309570312,0.16646881649494172,causal-margin-v2,2.0,0.5,0.0,0.32421875,0.0625,0.0,-2.7005581855773926,-0.15188653767108917,2.5486714839935303,False,False
causal_target_4_feature_157_beta_2_lambda_0.001_seed_20260905,causal,157,4,2.0,0.001,20260905,0.07684899866580963,1.229583978652954,0.8463541865348816,0.84765625,-0.0013020634651184082,00111101100111010110001100000010,00111111100111010110001100000010,1,0.8641,0.8642,-9.999999999998899e-05,0.0,0.1,0.5065,0.5065,663.8087768554688,0.1931427973508835,causal-margin-v2,2.0,0.5,0.0,0.46484375,0.0625,0.0,-2.8756136894226074,-0.05276145040988922,2.822852373123169,False,False
causal_target_4_feature_157_beta_2_lambda_0.001_seed_20260906,causal,157,4,2.0,0.001,20260906,0.07684899866580963,1.229583978652954,0.8463541865348816,0.84765625,-0.0013020634651184082,00111101100111010110001100000010,00111111100111010110001100000010,1,0.8641,0.8642,-9.999999999998899e-05,0.0,0.1,0.3549,0.3549,712.73486328125,0.17625784420967103,causal-margin-v2,2.0,0.5,0.0,0.390625,0.0625,0.0,-2.531533718109131,-0.15614831447601318,2.3753855228424072,False,False
causal_target_4_feature_169_beta_2_lambda_0.001_seed_20260904,causal,169,4,2.0,0.001,20260904,0.08776657283306122,1.4042651653289795,0.8463541865348816,0.8463541865348816,0.0,00111101101100111011111011110110,00111111101100111011111011110110,1,0.8641,0.8641,0.0,0.0,0.1009,0.1655,0.1655,856.7409057617188,0.06923847252130508,causal-margin-v2,2.0,0.5,0.0,0.16796875,0.0703125,-0.00390625,-2.6334939002990723,-0.2091536670923233,2.42434024810791,False,False
causal_target_4_feature_169_beta_2_lambda_0.001_seed_20260905,causal,169,4,2.0,0.001,20260905,0.08776657283306122,1.4042651653289795,0.8463541865348816,0.8463541865348816,0.0,00111101101100111011111011110110,00111111101100111011111011110110,1,0.8641,0.8641,0.0,0.0001,0.1009,0.1198,0.1197,699.06396484375,0.17535666663646698,causal-margin-v2,2.0,0.5,0.0,0.11328125,0.0703125,-0.00390625,-2.4129552841186523,-0.48106276988983154,1.9318927526474,False,False
causal_target_4_feature_169_beta_2_lambda_0.001_seed_20260906,causal,169,4,2.0,0.001,20260906,0.08776657283306122,1.4042651653289795,0.8463541865348816,0.8463541865348816,0.0,00111101101100111011111011110110,00111111101100111011111011110110,1,0.8641,0.8641,0.0,0.0,0.1009,0.0892,0.0892,768.3367919921875,0.1263458744287491,causal-margin-v2,2.0,0.5,0.0,0.08203125,0.0703125,-0.00390625,-2.48394775390625,-0.4213550090789795,2.0625929832458496,False,False
causal_target_4_feature_180_beta_2_lambda_0.001_seed_20260904,causal,180,4,2.0,0.001,20260904,0.07605394721031189,1.2168631553649902,0.8463541865348816,0.8463541865348816,0.0,00111101100110111100001000101100,00111111100110111100001000101100,1,0.8641,0.8638,0.00029999999999996696,0.0,0.0976,0.4315,0.4315,714.970947265625,0.13817374358177184,causal-margin-v2,2.0,0.5,0.0,0.43359375,0.06640625,-0.00390625,-2.7789974212646484,-0.03598408401012421,2.743013381958008,False,False
causal_target_4_feature_180_beta_2_lambda_0.001_seed_20260905,causal,180,4,2.0,0.001,20260905,0.07605394721031189,1.2168631553649902,0.8463541865348816,0.8463541865348816,0.0,00111101100110111100001000101100,00111111100110111100001000101100,1,0.8641,0.8638,0.00029999999999996696,0.0,0.0976,0.3872,0.3872,670.171875,0.1636036753177643,causal-margin-v2,2.0,0.5,0.0,0.328125,0.06640625,-0.00390625,-2.842068672180176,-0.13790263235569,2.7041659355163574,False,False
causal_target_4_feature_180_beta_2_lambda_0.001_seed_20260906,causal,180,4,2.0,0.001,20260906,0.07605394721031189,1.2168631553649902,0.8463541865348816,0.8463541865348816,0.0,00111101100110111100001000101100,00111111100110111100001000101100,1,0.8641,0.8638,0.00029999999999996696,0.0,0.0976,0.7752,0.7752,794.9927368164062,0.10521742507219314,causal-margin-v2,2.0,0.5,0.0,0.73046875,0.06640625,-0.00390625,-2.4123048782348633,0.13588815927505493,2.5481929779052734,False,False
causal_target_4_feature_188_beta_2_lambda_0.001_seed_20260904,causal,188,4,2.0,0.001,20260904,0.005338685121387243,1.3667033910751343,0.8463541865348816,0.8463541865348816,0.0,00111011101011101111000000100011,00111111101011101111000000100011,1,0.8641,0.8644,-0.00029999999999996696,0.0,0.096,0.6087,0.6087,634.6273803710938,0.2151402533531189,causal-margin-v2,2.0,0.5,0.0,0.62890625,0.0625,0.0,-2.7936878204345703,0.10637544095516205,2.9000630378723145,False,False
causal_target_4_feature_188_beta_2_lambda_0.001_seed_20260905,causal,188,4,2.0,0.001,20260905,0.005338685121387243,1.3667033910751343,0.8463541865348816,0.8463541865348816,0.0,00111011101011101111000000100011,00111111101011101111000000100011,1,0.8641,0.8644,-0.00029999999999996696,0.0,0.096,0.4414,0.4414,649.756103515625,0.1993843184709549,causal-margin-v2,2.0,0.5,0.0,0.421875,0.0625,0.0,-2.8582816123962402,-0.06772273778915405,2.7905590534210205,False,False
causal_target_4_feature_188_beta_2_lambda_0.001_seed_20260906,causal,188,4,2.0,0.001,20260906,0.005338685121387243,1.3667033910751343,0.8463541865348816,0.8463541865348816,0.0,00111011101011101111000000100011,00111111101011101111000000100011,1,0.8641,0.8644,-0.00029999999999996696,0.0,0.096,0.5403,0.5403,598.6575317382812,0.2265246958732605,causal-margin-v2,2.0,0.5,0.0,0.49609375,0.0625,0.0,-2.964168071746826,-0.04204796254634857,2.9221200942993164,False,False
causal_target_4_feature_217_beta_2_lambda_0.001_seed_20260904,causal,217,4,2.0,0.001,20260904,0.007662106771022081,1.9614993333816528,0.8463541865348816,0.8463541865348816,0.0,00111011111110110001001001101001,00111111111110110001001001101001,1,0.8641,0.8641,0.0,0.0,0.0947,0.0375,0.0375,749.9788208007812,0.13192146348953246,causal-margin-v2,2.0,0.5,0.0,0.05859375,0.0625,0.0,-2.629866123199463,-0.5058212280273438,2.124044895172119,False,False
causal_target_4_feature_217_beta_2_lambda_0.001_seed_20260905,causal,217,4,2.0,0.001,20260905,0.007662106771022081,1.9614993333816528,0.8463541865348816,0.8463541865348816,0.0,00111011111110110001001001101001,00111111111110110001001001101001,1,0.8641,0.8641,0.0,0.0,0.0947,0.0426,0.0426,820.2191162109375,0.08221319258213043,causal-margin-v2,2.0,0.5,0.0,0.0390625,0.0625,0.0,-2.7033298015594482,-0.4484659433364868,2.254863977432251,False,False
causal_target_4_feature_217_beta_2_lambda_0.001_seed_20260906,causal,217,4,2.0,0.001,20260906,0.007662106771022081,1.9614993333816528,0.8463541865348816,0.8463541865348816,0.0,00111011111110110001001001101001,00111111111110110001001001101001,1,0.8641,0.8641,0.0,0.0,0.0947,0.0445,0.0445,849.021484375,0.06903677973747253,causal-margin-v2,2.0,0.5,0.0,0.06640625,0.0625,0.0,-2.688899517059326,-0.39297720789909363,2.29592227935791,False,False
causal_target_4_feature_224_beta_2_lambda_0.001_seed_20260904,causal,224,4,2.0,0.001,20260904,0.06824527680873871,1.0919244289398193,0.8463541865348816,0.8463541865348816,0.0,00111101100010111100010000101110,00111111100010111100010000101110,1,0.8641,0.8641,0.0,0.0,0.0995,0.4431,0.4431,736.7534790039062,0.13717458155155182,causal-margin-v2,2.0,0.5,0.0,0.47265625,0.06640625,0.0,-2.6255507469177246,-0.06307239830493927,2.5624780654907227,False,False
causal_target_4_feature_224_beta_2_lambda_0.001_seed_20260905,causal,224,4,2.0,0.001,20260905,0.06824527680873871,1.0919244289398193,0.8463541865348816,0.8463541865348816,0.0,00111101100010111100010000101110,00111111100010111100010000101110,1,0.8641,0.8641,0.0,0.0,0.0995,0.3067,0.3067,672.2200927734375,0.1809410795688629,causal-margin-v2,2.0,0.5,0.0,0.33203125,0.06640625,0.0,-2.779965400695801,-0.21739953756332397,2.562565803527832,False,False
causal_target_4_feature_224_beta_2_lambda_0.001_seed_20260906,causal,224,4,2.0,0.001,20260906,0.06824527680873871,1.0919244289398193,0.8463541865348816,0.8463541865348816,0.0,00111101100010111100010000101110,00111111100010111100010000101110,1,0.8641,0.8641,0.0,0.0,0.0995,0.2883,0.2883,707.9716186523438,0.1474952357530594,causal-margin-v2,2.0,0.5,0.0,0.28515625,0.06640625,0.0,-2.733820915222168,-0.17802420258522034,2.5557971000671387,False,False
causal_target_4_feature_229_beta_2_lambda_0.001_seed_20260904,causal,229,4,2.0,0.001,20260904,0.10185454040765762,1.629672646522522,0.8463541865348816,0.8463541865348816,0.0,00111101110100001001100100011101,00111111110100001001100100011101,1,0.8641,0.8638,0.00029999999999996696,0.0,0.1011,0.8924,0.8924,660.9116821289062,0.18367967350482942,causal-margin-v2,2.0,0.5,0.0,0.91015625,0.0703125,-0.00390625,-3.034749984741211,0.3400936722755432,3.3748435974121094,False,True
causal_target_4_feature_229_beta_2_lambda_0.001_seed_20260905,causal,229,4,2.0,0.001,20260905,0.10185454040765762,1.629672646522522,0.8463541865348816,0.8463541865348816,0.0,00111101110100001001100100011101,00111111110100001001100100011101,1,0.8641,0.8638,0.00029999999999996696,0.0,0.1011,0.5146,0.5146,620.2676391601562,0.21898266775608063,causal-margin-v2,2.0,0.5,0.0,0.48828125,0.0703125,-0.00390625,-2.793145179748535,0.014068827033042908,2.8072142601013184,False,False
causal_target_4_feature_229_beta_2_lambda_0.001_seed_20260906,causal,229,4,2.0,0.001,20260906,0.10185454040765762,1.629672646522522,0.8463541865348816,0.8463541865348816,0.0,00111101110100001001100100011101,00111111110100001001100100011101,1,0.8641,0.8638,0.00029999999999996696,0.0,0.1011,0.656,0.656,627.8988647460938,0.21202873742580414,causal-margin-v2,2.0,0.5,0.0,0.62890625,0.0703125,-0.00390625,-2.8889026641845703,0.0969543606042862,2.9858572483062744,False,False
causal_target_4_feature_236_beta_2_lambda_0.001_seed_20260904,causal,236,4,2.0,0.001,20260904,0.09108572453260422,1.4573715925216675,0.8463541865348816,0.8463541865348816,0.0,00111101101110101000101100100111,00111111101110101000101100100111,1,0.8641,0.8639,0.00019999999999997797,0.0,0.0979,0.8683,0.8683,693.6016845703125,0.15109667823314668,causal-margin-v2,2.0,0.5,0.0,0.86328125,0.06640625,-0.00390625,-3.0934057235717773,0.34641364216804504,3.4398193359375,False,False
causal_target_4_feature_236_beta_2_lambda_0.001_seed_20260905,causal,236,4,2.0,0.001,20260905,0.09108572453260422,1.4573715925216675,0.8463541865348816,0.8463541865348816,0.0,00111101101110101000101100100111,00111111101110101000101100100111,1,0.8641,0.8639,0.00019999999999997797,0.0,0.0979,0.7543,0.7543,642.1366577148438,0.19146734657287598,causal-margin-v2,2.0,0.5,0.0,0.73828125,0.06640625,-0.00390625,-2.9314146041870117,0.22086724638938904,3.1522817611694336,False,False
causal_target_4_feature_236_beta_2_lambda_0.001_seed_20260906,causal,236,4,2.0,0.001,20260906,0.09108572453260422,1.4573715925216675,0.8463541865348816,0.8463541865348816,0.0,00111101101110101000101100100111,00111111101110101000101100100111,1,0.8641,0.8639,0.00019999999999997797,0.0,0.0979,0.9108,0.9108,684.5868530273438,0.15482436640262603,causal-margin-v2,2.0,0.5,0.0,0.91015625,0.06640625,-0.00390625,-3.0980257987976074,0.4656984508037567,3.5637240409851074,True,True
causal_target_4_feature_239_beta_2_lambda_0.001_seed_20260904,causal,239,4,2.0,0.001,20260904,0.09321412444114685,1.4914259910583496,0.8463541865348816,0.8463541865348816,0.0,00111101101111101110011100001100,00111111101111101110011100001100,1,0.8641,0.8642,-9.999999999998899e-05,0.0,0.0996,0.5407,0.5407,683.9529418945312,0.19986000912189483,causal-margin-v2,2.0,0.5,0.0,0.5546875,0.0625,0.0,-2.606205701828003,0.06942102313041687,2.675626754760742,False,False
causal_target_4_feature_239_beta_2_lambda_0.001_seed_20260905,causal,239,4,2.0,0.001,20260905,0.09321412444114685,1.4914259910583496,0.8463541865348816,0.8463541865348816,0.0,00111101101111101110011100001100,00111111101111101110011100001100,1,0.8641,0.8642,-9.999999999998899e-05,0.0,0.0996,0.7318,0.7318,709.3304443359375,0.1769548172712326,causal-margin-v2,2.0,0.5,0.0,0.73046875,0.0625,0.0,-2.554521322250366,0.23046408593654633,2.7849855422973633,False,False
causal_target_4_feature_239_beta_2_lambda_0.001_seed_20260906,causal,239,4,2.0,0.001,20260906,0.09321412444114685,1.4914259910583496,0.8463541865348816,0.8463541865348816,0.0,00111101101111101110011100001100,00111111101111101110011100001100,1,0.8641,0.8642,-9.999999999998899e-05,0.0,0.0996,0.6645,0.6645,686.8167724609375,0.16435113797187806,causal-margin-v2,2.0,0.5,0.0,0.6796875,0.0625,0.0,-2.864114284515381,0.15249457955360413,3.016608953475952,False,False
causal_target_4_feature_240_beta_2_lambda_0.001_seed_20260904,causal,240,4,2.0,0.001,20260904,0.08288417756557465,1.3261468410491943,0.8463541865348816,0.8463541865348816,0.0,00111101101010011011111100101110,00111111101010011011111100101110,1,0.8641,0.8642,-9.999999999998899e-05,0.0,0.0987,0.3746,0.3746,707.5709228515625,0.1502088064432144,causal-margin-v2,2.0,0.5,0.0,0.4140625,0.0625,0.0,-2.747981071472168,-0.07792116701602936,2.6700596809387207,False,False
causal_target_4_feature_240_beta_2_lambda_0.001_seed_20260905,causal,240,4,2.0,0.001,20260905,0.08288417756557465,1.3261468410491943,0.8463541865348816,0.8463541865348816,0.0,00111101101010011011111100101110,00111111101010011011111100101110,1,0.8641,0.8642,-9.999999999998899e-05,0.0,0.0987,0.5442,0.5442,687.910888671875,0.16565597112178804,causal-margin-v2,2.0,0.5,0.0,0.5625,0.0625,0.0,-2.812582492828369,0.02723648026585579,2.8398189544677734,False,False
causal_target_4_feature_240_beta_2_lambda_0.001_seed_20260906,causal,240,4,2.0,0.001,20260906,0.08288417756557465,1.3261468410491943,0.8463541865348816,0.8463541865348816,0.0,00111101101010011011111100101110,00111111101010011011111100101110,1,0.8641,0.8642,-9.999999999998899e-05,0.0,0.0987,0.5125,0.5125,672.8786010742188,0.16453815727233886,causal-margin-v2,2.0,0.5,0.0,0.48828125,0.0625,0.0,-2.8350319862365723,-0.025071684271097183,2.80996036529541,False,False
causal_target_4_feature_255_beta_2_lambda_0.001_seed_20260904,causal,255,4,2.0,0.001,20260904,0.007605192717164755,1.9469293355941772,0.8463541865348816,0.84765625,-0.0013020634651184082,00111011111110010011010011111011,00111111111110010011010011111011,1,0.8641,0.864,9.999999999998899e-05,0.0,0.0967,0.1089,0.1089,734.877197265625,0.17611870834827423,causal-margin-v2,2.0,0.5,0.0,0.09375,0.0625,0.0,-2.5523595809936523,-0.4208218455314636,2.131537914276123,False,False
causal_target_4_feature_255_beta_2_lambda_0.001_seed_20260905,causal,255,4,2.0,0.001,20260905,0.007605192717164755,1.9469293355941772,0.8463541865348816,0.84765625,-0.0013020634651184082,00111011111110010011010011111011,00111111111110010011010011111011,1,0.8641,0.864,9.999999999998899e-05,0.0001,0.0967,0.1982,0.1981,694.6222534179688,0.2064464639186859,causal-margin-v2,2.0,0.5,0.0,0.2265625,0.0625,0.0,-2.462897300720215,-0.376187801361084,2.086709499359131,False,False
causal_target_4_feature_255_beta_2_lambda_0.001_seed_20260906,causal,255,4,2.0,0.001,20260906,0.007605192717164755,1.9469293355941772,0.8463541865348816,0.84765625,-0.0013020634651184082,00111011111110010011010011111011,00111111111110010011010011111011,1,0.8641,0.864,9.999999999998899e-05,0.0,0.0967,0.251,0.251,765.513916015625,0.13608709542751313,causal-margin-v2,2.0,0.5,0.0,0.2578125,0.0625,0.0,-2.6490681171417236,-0.16609500348567963,2.482973098754883,False,False
causal_target_4_feature_276_beta_2_lambda_0.001_seed_20260904,causal,276,4,2.0,0.001,20260904,0.00721814576536417,1.8478453159332275,0.8463541865348816,0.8463541865348816,0.0,00111011111011001000011000110010,00111111111011001000011000110010,1,0.8641,0.8642,-9.999999999998899e-05,0.0,0.0954,0.894,0.894,665.61376953125,0.16955701279640198,causal-margin-v2,2.0,0.5,0.0,0.86328125,0.06640625,-0.00390625,-3.045506000518799,0.44736337661743164,3.4928693771362305,False,False
causal_target_4_feature_276_beta_2_lambda_0.001_seed_20260905,causal,276,4,2.0,0.001,20260905,0.00721814576536417,1.8478453159332275,0.8463541865348816,0.8463541865348816,0.0,00111011111011001000011000110010,00111111111011001000011000110010,1,0.8641,0.8642,-9.999999999998899e-05,0.0,0.0954,0.8258,0.8258,658.3214111328125,0.17631317989826203,causal-margin-v2,2.0,0.5,0.0,0.81640625,0.06640625,-0.00390625,-3.0200181007385254,0.2773805260658264,3.297398567199707,False,False
causal_target_4_feature_276_beta_2_lambda_0.001_seed_20260906,causal,276,4,2.0,0.001,20260906,0.00721814576536417,1.8478453159332275,0.8463541865348816,0.8463541865348816,0.0,00111011111011001000011000110010,00111111111011001000011000110010,1,0.8641,0.8642,-9.999999999998899e-05,0.0,0.0954,0.9396,0.9396,630.6521606445312,0.19237161717414855,causal-margin-v2,2.0,0.5,0.0,0.9296875,0.06640625,-0.00390625,-3.268728733062744,0.6283149719238281,3.8970437049865723,True,True
causal_target_4_feature_302_beta_2_lambda_0.001_seed_20260904,causal,302,4,2.0,0.001,20260904,0.09202246367931366,1.4723594188690186,0.8463541865348816,0.8463541865348816,0.0,00111101101111000111011001000110,00111111101111000111011001000110,1,0.8641,0.8641,0.0,0.0,0.0973,0.9349,0.9349,705.323486328125,0.1499511265039444,causal-margin-v2,2.0,0.5,0.0,0.91796875,0.0625,0.0,-3.1605358123779297,0.6025827527046204,3.7631185054779053,True,True
causal_target_4_feature_302_beta_2_lambda_0.001_seed_20260905,causal,302,4,2.0,0.001,20260905,0.09202246367931366,1.4723594188690186,0.8463541865348816,0.8463541865348816,0.0,00111101101111000111011001000110,00111111101111000111011001000110,1,0.8641,0.8641,0.0,0.0,0.0973,0.812,0.812,662.9945068359375,0.20608107795715333,causal-margin-v2,2.0,0.5,0.0,0.828125,0.0625,0.0,-2.5212888717651367,0.4193010926246643,2.9405899047851562,False,False
causal_target_4_feature_302_beta_2_lambda_0.001_seed_20260906,causal,302,4,2.0,0.001,20260906,0.09202246367931366,1.4723594188690186,0.8463541865348816,0.8463541865348816,0.0,00111101101111000111011001000110,00111111101111000111011001000110,1,0.8641,0.8641,0.0,0.0,0.0973,0.873,0.873,707.0387573242188,0.15236523594856263,causal-margin-v2,2.0,0.5,0.0,0.81640625,0.0625,0.0,-3.107729911804199,0.37645310163497925,3.484182834625244,False,False
causal_target_4_feature_361_beta_2_lambda_0.001_seed_20260904,causal,361,4,2.0,0.001,20260904,0.07814192026853561,1.2502707242965698,0.8463541865348816,0.8463541865348816,0.0,00111101101000000000100011011111,00111111101000000000100011011111,1,0.8641,0.8635,0.0005999999999999339,0.0002,0.0988,0.4248,0.42460000000000003,707.3843994140625,0.1602186168909073,causal-margin-v2,2.0,0.5,0.0,0.41015625,0.06640625,0.0,-2.7405614852905273,-0.05274198576807976,2.687819719314575,False,False
causal_target_4_feature_361_beta_2_lambda_0.001_seed_20260905,causal,361,4,2.0,0.001,20260905,0.07814192026853561,1.2502707242965698,0.8463541865348816,0.8463541865348816,0.0,00111101101000000000100011011111,00111111101000000000100011011111,1,0.8641,0.8635,0.0005999999999999339,0.0,0.0988,0.3447,0.3447,703.2989501953125,0.15941020157337188,causal-margin-v2,2.0,0.5,0.0,0.390625,0.06640625,0.0,-2.701503276824951,-0.08237415552139282,2.619129180908203,False,False
causal_target_4_feature_361_beta_2_lambda_0.001_seed_20260906,causal,361,4,2.0,0.001,20260906,0.07814192026853561,1.2502707242965698,0.8463541865348816,0.8463541865348816,0.0,00111101101000000000100011011111,00111111101000000000100011011111,1,0.8641,0.8635,0.0005999999999999339,0.0001,0.0988,0.4318,0.43170000000000003,693.6846313476562,0.18239632062911987,causal-margin-v2,2.0,0.5,0.0,0.43359375,0.06640625,0.0,-2.3581759929656982,-0.0460800901055336,2.3120956420898438,False,False
causal_target_4_feature_373_beta_2_lambda_0.001_seed_20260904,causal,373,4,2.0,0.001,20260904,0.11785858124494553,1.8857372999191284,0.8463541865348816,0.8463541865348816,0.0,00111101111100010101111111010111,00111111111100010101111111010111,1,0.8641,0.8641,0.0,0.0,0.1019,0.9686,0.9686,681.6185302734375,0.1595967171192169,causal-margin-v2,2.0,0.5,0.0,0.95703125,0.0703125,-0.00390625,-3.178842544555664,0.7479231357574463,3.9267659187316895,True,True
causal_target_4_feature_373_beta_2_lambda_0.001_seed_20260905,causal,373,4,2.0,0.001,20260905,0.11785858124494553,1.8857372999191284,0.8463541865348816,0.8463541865348816,0.0,00111101111100010101111111010111,00111111111100010101111111010111,1,0.8641,0.8641,0.0,0.0,0.1019,0.9647,0.9647,635.9981079101562,0.18935033831596373,causal-margin-v2,2.0,0.5,0.0,0.97265625,0.0703125,-0.00390625,-3.1822915077209473,0.7384509444236755,3.9207425117492676,True,True
causal_target_4_feature_373_beta_2_lambda_0.001_seed_20260906,causal,373,4,2.0,0.001,20260906,0.11785858124494553,1.8857372999191284,0.8463541865348816,0.8463541865348816,0.0,00111101111100010101111111010111,00111111111100010101111111010111,1,0.8641,0.8641,0.0,0.0,0.1019,0.9065,0.9065,668.7806396484375,0.18253726119995117,causal-margin-v2,2.0,0.5,0.0,0.89453125,0.0703125,-0.00390625,-2.780698299407959,0.4349140524864197,3.2156126499176025,True,False
causal_target_4_feature_375_beta_2_lambda_0.001_seed_20260904,causal,375,4,2.0,0.001,20260904,0.1027338057756424,1.6437408924102783,0.8463541865348816,0.8463541865348816,0.0,00111101110100100110011000011010,00111111110100100110011000011010,1,0.8641,0.8643,-0.00019999999999997797,0.0,0.1002,0.3985,0.3985,820.2493896484375,0.09140970362424851,causal-margin-v2,2.0,0.5,0.0,0.40625,0.0625,0.0,-2.4882588386535645,-0.06585172563791275,2.4224071502685547,False,False
causal_target_4_feature_375_beta_2_lambda_0.001_seed_20260905,causal,375,4,2.0,0.001,20260905,0.1027338057756424,1.6437408924102783,0.8463541865348816,0.8463541865348816,0.0,00111101110100100110011000011010,00111111110100100110011000011010,1,0.8641,0.8643,-0.00019999999999997797,0.0001,0.1002,0.6424,0.6423,715.8145751953125,0.166367067360878,causal-margin-v2,2.0,0.5,0.0,0.6171875,0.0625,0.0,-2.012324810028076,0.08515500277280807,2.097479820251465,False,False
causal_target_4_feature_375_beta_2_lambda_0.001_seed_20260906,causal,375,4,2.0,0.001,20260906,0.1027338057756424,1.6437408924102783,0.8463541865348816,0.8463541865348816,0.0,00111101110100100110011000011010,00111111110100100110011000011010,1,0.8641,0.8643,-0.00019999999999997797,0.0,0.1002,0.969,0.969,843.6373901367188,0.0820219842672348,causal-margin-v2,2.0,0.5,0.0,0.96875,0.0625,0.0,-1.9967751502990723,0.49203211069107056,2.488807201385498,True,True
causal_target_4_feature_425_beta_2_lambda_0.001_seed_20260904,causal,425,4,2.0,0.001,20260904,0.09792939573526382,1.5668703317642212,0.8463541865348816,0.8463541865348816,0.0,00111101110010001000111100110101,00111111110010001000111100110101,1,0.8641,0.8638,0.00029999999999996696,0.0,0.1017,0.4295,0.4295,712.0424194335938,0.15926529366970063,causal-margin-v2,2.0,0.5,0.0,0.40625,0.06640625,0.0,-2.7058558464050293,-0.10498672723770142,2.6008691787719727,False,False
causal_target_4_feature_425_beta_2_lambda_0.001_seed_20260905,causal,425,4,2.0,0.001,20260905,0.09792939573526382,1.5668703317642212,0.8463541865348816,0.8463541865348816,0.0,00111101110010001000111100110101,00111111110010001000111100110101,1,0.8641,0.8638,0.00029999999999996696,0.0,0.1017,0.4238,0.4238,676.5092163085938,0.18082913835048675,causal-margin-v2,2.0,0.5,0.0,0.42578125,0.06640625,0.0,-2.804932117462158,-0.09990274161100388,2.7050294876098633,False,False
causal_target_4_feature_425_beta_2_lambda_0.001_seed_20260906,causal,425,4,2.0,0.001,20260906,0.09792939573526382,1.5668703317642212,0.8463541865348816,0.8463541865348816,0.0,00111101110010001000111100110101,00111111110010001000111100110101,1,0.8641,0.8638,0.00029999999999996696,0.0001,0.1017,0.4559,0.45580000000000004,695.6358642578125,0.16433641135692598,causal-margin-v2,2.0,0.5,0.0,0.4765625,0.06640625,0.0,-2.7567825317382812,-0.032156795263290405,2.724625587463379,False,False
causal_target_4_feature_495_beta_2_lambda_0.001_seed_20260904,causal,495,4,2.0,0.001,20260904,0.08594324439764023,1.3750919103622437,0.8463541865348816,0.8463541865348816,0.0,00111101101100000000001100000011,00111111101100000000001100000011,1,0.8641,0.8635,0.0005999999999999339,0.0,0.097,0.7118,0.7118,717.0259399414062,0.14543008728027343,causal-margin-v2,2.0,0.5,0.0,0.67578125,0.0625,0.0,-2.4931633472442627,0.1884377896785736,2.681601047515869,False,False
causal_target_4_feature_495_beta_2_lambda_0.001_seed_20260905,causal,495,4,2.0,0.001,20260905,0.08594324439764023,1.3750919103622437,0.8463541865348816,0.8463541865348816,0.0,00111101101100000000001100000011,00111111101100000000001100000011,1,0.8641,0.8635,0.0005999999999999339,0.0,0.097,0.49,0.49,726.0103149414062,0.13356703140735626,causal-margin-v2,2.0,0.5,0.0,0.484375,0.0625,0.0,-2.784090757369995,-0.0042270272970199585,2.7798638343811035,False,False
causal_target_4_feature_495_beta_2_lambda_0.001_seed_20260906,causal,495,4,2.0,0.001,20260906,0.08594324439764023,1.3750919103622437,0.8463541865348816,0.8463541865348816,0.0,00111101101100000000001100000011,00111111101100000000001100000011,1,0.8641,0.8635,0.0005999999999999339,0.0,0.097,0.2632,0.2632,824.527587890625,0.08380135247707367,causal-margin-v2,2.0,0.5,0.0,0.25390625,0.0625,0.0,-2.7073278427124023,-0.18844518065452576,2.5188827514648438,False,False
causal_target_4_feature_500_beta_2_lambda_0.001_seed_20260904,causal,500,4,2.0,0.001,20260904,0.08238535374403,1.31816565990448,0.8463541865348816,0.8463541865348816,0.0,00111101101010001011100110100111,00111111101010001011100110100111,1,0.8641,0.8636,0.0004999999999999449,0.0,0.0984,0.6492,0.6492,674.5279541015625,0.1707353353023529,causal-margin-v2,2.0,0.5,0.0,0.7109375,0.0625,0.0,-2.7979774475097656,0.18284177780151367,2.9808194637298584,False,False
causal_target_4_feature_500_beta_2_lambda_0.001_seed_20260905,causal,500,4,2.0,0.001,20260905,0.08238535374403,1.31816565990448,0.8463541865348816,0.8463541865348816,0.0,00111101101010001011100110100111,00111111101010001011100110100111,1,0.8641,0.8636,0.0004999999999999449,0.0,0.0984,0.5592,0.5592,667.4989624023438,0.18394612352848053,causal-margin-v2,2.0,0.5,0.0,0.56640625,0.0625,0.0,-2.818800687789917,0.04129832610487938,2.8600993156433105,False,False
causal_target_4_feature_500_beta_2_lambda_0.001_seed_20260906,causal,500,4,2.0,0.001,20260906,0.08238535374403,1.31816565990448,0.8463541865348816,0.8463541865348816,0.0,00111101101010001011100110100111,00111111101010001011100110100111,1,0.8641,0.8636,0.0004999999999999449,0.0,0.0984,0.7072,0.7072,666.986328125,0.1732926368713379,causal-margin-v2,2.0,0.5,0.0,0.6796875,0.0625,0.0,-2.9426326751708984,0.13268634676933289,3.075319290161133,False,False
causal_target_4_feature_501_beta_2_lambda_0.001_seed_20260904,causal,501,4,2.0,0.001,20260904,0.08702527731657028,1.3924044370651245,0.8463541865348816,0.8463541865348816,0.0,00111101101100100011101001001111,00111111101100100011101001001111,1,0.8641,0.8636,0.0004999999999999449,0.0,0.0999,0.8213,0.8213,685.9530639648438,0.1894654515981674,causal-margin-v2,2.0,0.5,0.0,0.8203125,0.06640625,0.0,-2.294440984725952,0.35952678322792053,2.6539676189422607,False,False
causal_target_4_feature_501_beta_2_lambda_0.001_seed_20260905,causal,501,4,2.0,0.001,20260905,0.08702527731657028,1.3924044370651245,0.8463541865348816,0.8463541865348816,0.0,00111101101100100011101001001111,00111111101100100011101001001111,1,0.8641,0.8636,0.0004999999999999449,0.0,0.0999,0.7081,0.7081,699.6556396484375,0.17613512814044952,causal-margin-v2,2.0,0.5,0.0,0.72265625,0.06640625,0.0,-2.4415993690490723,0.2231956422328949,2.664794921875,False,False
causal_target_4_feature_501_beta_2_lambda_0.001_seed_20260906,causal,501,4,2.0,0.001,20260906,0.08702527731657028,1.3924044370651245,0.8463541865348816,0.8463541865348816,0.0,00111101101100100011101001001111,00111111101100100011101001001111,1,0.8641,0.8636,0.0004999999999999449,0.0,0.0999,0.4766,0.4766,659.0006103515625,0.18754227383136748,causal-margin-v2,2.0,0.5,0.0,0.5234375,0.06640625,0.0,-2.8224191665649414,-0.05348630249500275,2.768932819366455,False,False
causal_target_5_feature_9_beta_2_lambda_0.001_seed_20260904,causal,9,5,2.0,0.001,20260904,0.06355847418308258,1.0169355869293213,0.8463541865348816,0.8463541865348816,0.0,00111101100000100010101011110010,00111111100000100010101011110010,1,0.8641,0.8644,-0.00029999999999996696,0.0049,0.0988,0.0739,0.06899999999999999,556.306884765625,0.3298799535751343,causal-margin-v2,2.0,0.5,0.00390625,0.0546875,0.08984375,-0.00390625,-2.3742032051086426,-1.2025461196899414,1.1716570854187012,False,False
causal_target_5_feature_9_beta_2_lambda_0.001_seed_20260905,causal,9,5,2.0,0.001,20260905,0.06355847418308258,1.0169355869293213,0.8463541865348816,0.8463541865348816,0.0,00111101100000100010101011110010,00111111100000100010101011110010,1,0.8641,0.8644,-0.00029999999999996696,0.0025,0.0988,0.0517,0.0492,554.3258056640625,0.32310236258506775,causal-margin-v2,2.0,0.5,0.00390625,0.06640625,0.08984375,-0.00390625,-2.4819579124450684,-1.2528526782989502,1.2291053533554077,False,False
causal_target_5_feature_9_beta_2_lambda_0.001_seed_20260906,causal,9,5,2.0,0.001,20260906,0.06355847418308258,1.0169355869293213,0.8463541865348816,0.8463541865348816,0.0,00111101100000100010101011110010,00111111100000100010101011110010,1,0.8641,0.8644,-0.00029999999999996696,0.0008,0.0988,0.074,0.0732,611.0874633789062,0.24345076336860658,causal-margin-v2,2.0,0.5,0.0,0.09375,0.08984375,-0.00390625,-2.4962716102600098,-0.9904484748840332,1.5058231353759766,False,False
causal_target_5_feature_18_beta_2_lambda_0.001_seed_20260904,causal,18,5,2.0,0.001,20260904,0.08086159825325012,1.293785572052002,0.8463541865348816,0.8463541865348816,0.0,00111101101001011001101011000100,00111111101001011001101011000100,1,0.8641,0.8644,-0.00029999999999996696,0.0,0.0996,0.3172,0.3172,775.7017822265625,0.11979692789316178,causal-margin-v2,2.0,0.5,0.0,0.33984375,0.0859375,-0.00390625,-2.582979679107666,-0.07922479510307312,2.5037548542022705,False,False
causal_target_5_feature_18_beta_2_lambda_0.001_seed_20260905,causal,18,5,2.0,0.001,20260905,0.08086159825325012,1.293785572052002,0.8463541865348816,0.8463541865348816,0.0,00111101101001011001101011000100,00111111101001011001101011000100,1,0.8641,0.8644,-0.00029999999999996696,0.0,0.0996,0.5842,0.5842,745.7006225585938,0.14034124214649202,causal-margin-v2,2.0,0.5,0.0,0.5625,0.0859375,-0.00390625,-2.604961395263672,0.031774893403053284,2.6367363929748535,False,False
causal_target_5_feature_18_beta_2_lambda_0.001_seed_20260906,causal,18,5,2.0,0.001,20260906,0.08086159825325012,1.293785572052002,0.8463541865348816,0.8463541865348816,0.0,00111101101001011001101011000100,00111111101001011001101011000100,1,0.8641,0.8644,-0.00029999999999996696,0.0,0.0996,0.3822,0.3822,721.9119262695312,0.14560628447532653,causal-margin-v2,2.0,0.5,0.0,0.37109375,0.0859375,-0.00390625,-2.7736971378326416,-0.12166374921798706,2.6520333290100098,False,False
causal_target_5_feature_20_beta_2_lambda_0.001_seed_20260904,causal,20,5,2.0,0.001,20260904,0.10804256796836853,1.7286810874938965,0.8463541865348816,0.84765625,-0.0013020634651184082,00111101110111010100010101101100,00111111110111010100010101101100,1,0.8641,0.8635,0.0005999999999999339,0.0,0.0994,0.9939,0.9939,624.7108764648438,0.19411423115730286,causal-margin-v2,2.0,0.5,0.0,0.99609375,0.08984375,-0.00390625,-3.5696120262145996,1.2073912620544434,4.777003288269043,True,True
causal_target_5_feature_20_beta_2_lambda_0.001_seed_20260905,causal,20,5,2.0,0.001,20260905,0.10804256796836853,1.7286810874938965,0.8463541865348816,0.84765625,-0.0013020634651184082,00111101110111010100010101101100,00111111110111010100010101101100,1,0.8641,0.8635,0.0005999999999999339,0.0,0.0994,0.9853,0.9853,643.859130859375,0.19499765539169311,causal-margin-v2,2.0,0.5,0.0,0.98046875,0.08984375,-0.00390625,-3.4028027057647705,0.8639079332351685,4.2667107582092285,True,True
causal_target_5_feature_20_beta_2_lambda_0.001_seed_20260906,causal,20,5,2.0,0.001,20260906,0.10804256796836853,1.7286810874938965,0.8463541865348816,0.84765625,-0.0013020634651184082,00111101110111010100010101101100,00111111110111010100010101101100,1,0.8641,0.8635,0.0005999999999999339,0.0,0.0994,0.9806,0.9806,676.5577392578125,0.17253840687274932,causal-margin-v2,2.0,0.5,0.0,0.9765625,0.08984375,-0.00390625,-3.4376044273376465,0.8965059518814087,4.334110260009766,True,True
causal_target_5_feature_29_beta_2_lambda_0.001_seed_20260904,causal,29,5,2.0,0.001,20260904,0.0633544772863388,1.013671636581421,0.8463541865348816,0.8463541865348816,0.0,00111101100000011011111111111110,00111111100000011011111111111110,1,0.8641,0.8643,-0.00019999999999997797,0.0,0.0963,0.01,0.01,553.7794799804688,0.28150034170150756,causal-margin-v2,2.0,0.5,0.0,0.01171875,0.0859375,-0.00390625,-2.2927074432373047,-1.2867088317871094,1.0059984922409058,False,False
causal_target_5_feature_29_beta_2_lambda_0.001_seed_20260905,causal,29,5,2.0,0.001,20260905,0.0633544772863388,1.013671636581421,0.8463541865348816,0.8463541865348816,0.0,00111101100000011011111111111110,00111111100000011011111111111110,1,0.8641,0.8643,-0.00019999999999997797,0.0001,0.0963,0.0114,0.011300000000000001,566.8026733398438,0.24366045219898225,causal-margin-v2,2.0,0.5,0.00390625,0.0234375,0.0859375,-0.00390625,-2.319239616394043,-1.1368041038513184,1.1824356317520142,False,False
causal_target_5_feature_29_beta_2_lambda_0.001_seed_20260906,causal,29,5,2.0,0.001,20260906,0.0633544772863388,1.013671636581421,0.8463541865348816,0.8463541865348816,0.0,00111101100000011011111111111110,00111111100000011011111111111110,1,0.8641,0.8643,-0.00019999999999997797,0.0001,0.0963,0.0053,0.0052,538.2512817382812,0.34971542139053347,causal-margin-v2,2.0,0.5,0.0,0.01171875,0.0859375,-0.00390625,-2.309436321258545,-1.5559349060058594,0.7535014152526855,False,False
causal_target_5_feature_31_beta_2_lambda_0.001_seed_20260904,causal,31,5,2.0,0.001,20260904,0.08030932396650314,1.2849491834640503,0.8463541865348816,0.8463541865348816,0.0,00111101101001000111100100110111,00111111101001000111100100110111,1,0.8641,0.8647,-0.0006000000000000449,0.0,0.0974,0.2913,0.2913,845.08056640625,0.0752303415775299,causal-margin-v2,2.0,0.5,0.0,0.26953125,0.08984375,-0.00390625,-2.5875205993652344,-0.10447175055742264,2.483048677444458,False,False
causal_target_5_feature_31_beta_2_lambda_0.001_seed_20260905,causal,31,5,2.0,0.001,20260905,0.08030932396650314,1.2849491834640503,0.8463541865348816,0.8463541865348816,0.0,00111101101001000111100100110111,00111111101001000111100100110111,1,0.8641,0.8647,-0.0006000000000000449,0.0,0.0974,0.2136,0.2136,828.3153076171875,0.0805580686211586,causal-margin-v2,2.0,0.5,0.0,0.234375,0.08984375,-0.00390625,-2.6667065620422363,-0.18522222340106964,2.4814844131469727,False,False
causal_target_5_feature_31_beta_2_lambda_0.001_seed_20260906,causal,31,5,2.0,0.001,20260906,0.08030932396650314,1.2849491834640503,0.8463541865348816,0.8463541865348816,0.0,00111101101001000111100100110111,00111111101001000111100100110111,1,0.8641,0.8647,-0.0006000000000000449,0.0,0.0974,0.422,0.422,767.7168579101562,0.12118209993839264,causal-margin-v2,2.0,0.5,0.0,0.43359375,0.08984375,-0.00390625,-2.676842212677002,-0.07283178716897964,2.6040103435516357,False,False
causal_target_5_feature_37_beta_2_lambda_0.001_seed_20260904,causal,37,5,2.0,0.001,20260904,0.10301338136196136,1.6482141017913818,0.8463541865348816,0.84765625,-0.0013020634651184082,00111101110100101111100010101110,00111111110100101111100010101110,1,0.8641,0.8643,-0.00019999999999997797,0.0,0.0998,0.9316,0.9316,658.440673828125,0.20397432134151458,causal-margin-v2,2.0,0.5,0.0,0.92578125,0.0859375,0.0,-3.4512898921966553,0.8616237640380859,4.31291389465332,True,True
causal_target_5_feature_37_beta_2_lambda_0.001_seed_20260905,causal,37,5,2.0,0.001,20260905,0.10301338136196136,1.6482141017913818,0.8463541865348816,0.84765625,-0.0013020634651184082,00111101110100101111100010101110,00111111110100101111100010101110,1,0.8641,0.8643,-0.00019999999999997797,0.0,0.0998,0.8896,0.8896,637.1593017578125,0.21531856999397278,causal-margin-v2,2.0,0.5,0.0,0.88671875,0.0859375,0.0,-3.1595542430877686,0.5225780010223389,3.6821322441101074,False,False
causal_target_5_feature_37_beta_2_lambda_0.001_seed_20260906,causal,37,5,2.0,0.001,20260906,0.10301338136196136,1.6482141017913818,0.8463541865348816,0.84765625,-0.0013020634651184082,00111101110100101111100010101110,00111111110100101111100010101110,1,0.8641,0.8643,-0.00019999999999997797,0.0,0.0998,0.9649,0.9649,672.1868286132812,0.18276855099201203,causal-margin-v2,2.0,0.5,0.0,0.96484375,0.0859375,0.0,-3.348851203918457,0.8210256099700928,4.169877052307129,True,True
causal_target_5_feature_55_beta_2_lambda_0.001_seed_20260904,causal,55,5,2.0,0.001,20260904,0.07044227421283722,1.1270763874053955,0.8463541865348816,0.8463541865348816,0.0,00111101100100000100010000001010,00111111100100000100010000001010,1,0.8641,0.8645,-0.00040000000000006697,0.0037,0.0983,0.0277,0.024,474.1479187011719,0.41954287352561953,causal-margin-v2,2.0,0.5,0.0,0.03515625,0.08984375,-0.00390625,-2.2261524200439453,-1.530128836631775,0.69602370262146,False,False
causal_target_5_feature_55_beta_2_lambda_0.001_seed_20260905,causal,55,5,2.0,0.001,20260905,0.07044227421283722,1.1270763874053955,0.8463541865348816,0.8463541865348816,0.0,00111101100100000100010000001010,00111111100100000100010000001010,1,0.8641,0.8645,-0.00040000000000006697,0.0,0.0983,0.0195,0.0195,747.1633911132812,0.12797051956653596,causal-margin-v2,2.0,0.5,0.0,0.03125,0.08984375,-0.00390625,-2.4465713500976562,-0.7910009622573853,1.6555705070495605,False,False
causal_target_5_feature_55_beta_2_lambda_0.001_seed_20260906,causal,55,5,2.0,0.001,20260906,0.07044227421283722,1.1270763874053955,0.8463541865348816,0.8463541865348816,0.0,00111101100100000100010000001010,00111111100100000100010000001010,1,0.8641,0.8645,-0.00040000000000006697,0.0067,0.0983,0.0246,0.0179,494.87225341796875,0.40478461437225344,causal-margin-v2,2.0,0.5,0.0,0.02734375,0.08984375,-0.00390625,-2.1920595169067383,-1.6102027893066406,0.5818566679954529,False,False
causal_target_5_feature_60_beta_2_lambda_0.001_seed_20260904,causal,60,5,2.0,0.001,20260904,0.08551955223083496,1.3683128356933594,0.8463541865348816,0.8463541865348816,0.0,00111101101011110010010011100000,00111111101011110010010011100000,1,0.8641,0.8641,0.0,0.0,0.1015,0.9286,0.9286,686.7257690429688,0.17205640602111816,causal-margin-v2,2.0,0.5,0.0,0.93359375,0.08984375,-0.00390625,-3.260122299194336,0.7139573097229004,3.9740793704986572,True,True
causal_target_5_feature_60_beta_2_lambda_0.001_seed_20260905,causal,60,5,2.0,0.001,20260905,0.08551955223083496,1.3683128356933594,0.8463541865348816,0.8463541865348816,0.0,00111101101011110010010011100000,00111111101011110010010011100000,1,0.8641,0.8641,0.0,0.0,0.1015,0.8676,0.8676,665.612060546875,0.17795018224716186,causal-margin-v2,2.0,0.5,0.0,0.828125,0.08984375,-0.00390625,-3.033195734024048,0.4078602194786072,3.4410557746887207,False,False
causal_target_5_feature_60_beta_2_lambda_0.001_seed_20260906,causal,60,5,2.0,0.001,20260906,0.08551955223083496,1.3683128356933594,0.8463541865348816,0.8463541865348816,0.0,00111101101011110010010011100000,00111111101011110010010011100000,1,0.8641,0.8641,0.0,0.0,0.1015,0.9843,0.9843,689.7047119140625,0.17327448194026948,causal-margin-v2,2.0,0.5,0.0,0.96875,0.08984375,-0.00390625,-2.5258145332336426,1.2266196012496948,3.752434253692627,True,True
causal_target_5_feature_63_beta_2_lambda_0.001_seed_20260904,causal,63,5,2.0,0.001,20260904,0.11067614704370499,1.7708183526992798,0.8463541865348816,0.84765625,-0.0013020634651184082,00111101111000101010101000101101,00111111111000101010101000101101,1,0.8641,0.8641,0.0,0.0001,0.1014,0.8545,0.8544,687.670166015625,0.18052144191265107,causal-margin-v2,2.0,0.5,0.0,0.86328125,0.08984375,-0.00390625,-2.727726459503174,0.49898451566696167,3.226710796356201,False,False
causal_target_5_feature_63_beta_2_lambda_0.001_seed_20260905,causal,63,5,2.0,0.001,20260905,0.11067614704370499,1.7708183526992798,0.8463541865348816,0.84765625,-0.0013020634651184082,00111101111000101010101000101101,00111111111000101010101000101101,1,0.8641,0.8641,0.0,0.0,0.1014,0.9391,0.9391,713.1668090820312,0.1426191079378128,causal-margin-v2,2.0,0.5,0.0,0.9140625,0.08984375,-0.00390625,-3.179647445678711,0.6235833764076233,3.8032307624816895,True,True
causal_target_5_feature_63_beta_2_lambda_0.001_seed_20260906,causal,63,5,2.0,0.001,20260906,0.11067614704370499,1.7708183526992798,0.8463541865348816,0.84765625,-0.0013020634651184082,00111101111000101010101000101101,00111111111000101010101000101101,1,0.8641,0.8641,0.0,0.0001,0.1014,0.7603,0.7602,701.1012573242188,0.16538621904850007,causal-margin-v2,2.0,0.5,0.0,0.73828125,0.08984375,-0.00390625,-2.8868515491485596,0.25932586193084717,3.1461777687072754,False,False
causal_target_5_feature_73_beta_2_lambda_0.001_seed_20260904,causal,73,5,2.0,0.001,20260904,0.006010614801198244,1.5387173891067505,0.8463541865348816,0.8463541865348816,0.0,00111011110001001111010010110001,00111111110001001111010010110001,1,0.8641,0.8638,0.00029999999999996696,0.0,0.0945,0.0092,0.0092,570.21142578125,0.30993049516677856,causal-margin-v2,2.0,0.5,0.0,0.01171875,0.0859375,-0.00390625,-2.484299659729004,-1.3325347900390625,1.1517648696899414,False,False
causal_target_5_feature_73_beta_2_lambda_0.001_seed_20260905,causal,73,5,2.0,0.001,20260905,0.006010614801198244,1.5387173891067505,0.8463541865348816,0.8463541865348816,0.0,00111011110001001111010010110001,00111111110001001111010010110001,1,0.8641,0.8638,0.00029999999999996696,0.0017,0.0945,0.0088,0.0071,525.9688720703125,0.4015602919578552,causal-margin-v2,2.0,0.5,0.0,0.01953125,0.0859375,-0.00390625,-2.335966110229492,-1.7447960376739502,0.5911701917648315,False,False
causal_target_5_feature_73_beta_2_lambda_0.001_seed_20260906,causal,73,5,2.0,0.001,20260906,0.006010614801198244,1.5387173891067505,0.8463541865348816,0.8463541865348816,0.0,00111011110001001111010010110001,00111111110001001111010010110001,1,0.8641,0.8638,0.00029999999999996696,0.0008,0.0945,0.0152,0.0144,550.106689453125,0.3670071802139282,causal-margin-v2,2.0,0.5,0.0,0.015625,0.0859375,-0.00390625,-2.386949062347412,-1.5795667171478271,0.8073822259902954,False,False
causal_target_5_feature_75_beta_2_lambda_0.001_seed_20260904,causal,75,5,2.0,0.001,20260904,0.07184965908527374,1.1495945453643799,0.8463541865348816,0.8463541865348816,0.0,00111101100100110010010111101010,00111111100100110010010111101010,1,0.8641,0.8645,-0.00040000000000006697,0.0046,0.0968,0.0351,0.0305,536.1110229492188,0.3824753628253937,causal-margin-v2,2.0,0.5,0.0,0.03125,0.08203125,0.0,-2.3587422370910645,-1.5190761089324951,0.8396662473678589,False,False
causal_target_5_feature_75_beta_2_lambda_0.001_seed_20260905,causal,75,5,2.0,0.001,20260905,0.07184965908527374,1.1495945453643799,0.8463541865348816,0.8463541865348816,0.0,00111101100100110010010111101010,00111111100100110010010111101010,1,0.8641,0.8645,-0.00040000000000006697,0.0006,0.0968,0.1275,0.1269,654.46630859375,0.21306532933712005,causal-margin-v2,2.0,0.5,0.0,0.1484375,0.08203125,0.0,-2.4273128509521484,-0.6577953100204468,1.7695176601409912,False,False
causal_target_5_feature_75_beta_2_lambda_0.001_seed_20260906,causal,75,5,2.0,0.001,20260906,0.07184965908527374,1.1495945453643799,0.8463541865348816,0.8463541865348816,0.0,00111101100100110010010111101010,00111111100100110010010111101010,1,0.8641,0.8645,-0.00040000000000006697,0.0,0.0968,0.0473,0.0473,726.8334350585938,0.15404082834720612,causal-margin-v2,2.0,0.5,0.0,0.0703125,0.08203125,0.0,-2.52139949798584,-0.6043017506599426,1.917097568511963,False,False
causal_target_5_feature_82_beta_2_lambda_0.001_seed_20260904,causal,82,5,2.0,0.001,20260904,0.004521110560745001,1.1574043035507202,0.8463541865348816,0.8463541865348816,0.0,00111011100101000010010111010011,00111111100101000010010111010011,1,0.8641,0.8642,-9.999999999998899e-05,0.0001,0.0952,0.0162,0.0161,687.6636352539062,0.15357970662117004,causal-margin-v2,2.0,0.5,0.0,0.03125,0.08203125,0.0,-2.49039888381958,-0.8441682457923889,1.646230697631836,False,False
causal_target_5_feature_82_beta_2_lambda_0.001_seed_20260905,causal,82,5,2.0,0.001,20260905,0.004521110560745001,1.1574043035507202,0.8463541865348816,0.8463541865348816,0.0,00111011100101000010010111010011,00111111100101000010010111010011,1,0.8641,0.8642,-9.999999999998899e-05,0.0008,0.0952,0.0422,0.0414,574.2906494140625,0.26795293593406677,causal-margin-v2,2.0,0.5,0.0,0.05078125,0.08203125,0.0,-2.477510452270508,-1.1615264415740967,1.3159840106964111,False,False
causal_target_5_feature_82_beta_2_lambda_0.001_seed_20260906,causal,82,5,2.0,0.001,20260906,0.004521110560745001,1.1574043035507202,0.8463541865348816,0.8463541865348816,0.0,00111011100101000010010111010011,00111111100101000010010111010011,1,0.8641,0.8642,-9.999999999998899e-05,0.0001,0.0952,0.0268,0.0267,622.7254638671875,0.2420493772983551,causal-margin-v2,2.0,0.5,0.0,0.02734375,0.08203125,0.0,-2.487729072570801,-1.069897174835205,1.4178321361541748,False,False
causal_target_5_feature_94_beta_2_lambda_0.001_seed_20260904,causal,94,5,2.0,0.001,20260904,0.00576931843534112,1.4769455194473267,0.8463541865348816,0.8489583730697632,-0.002604186534881592,00111011101111010000110010001101,00111111101111010000110010001101,1,0.8641,0.8643,-0.00019999999999997797,0.0,0.0976,0.0303,0.0303,606.77392578125,0.2748712560176849,causal-margin-v2,2.0,0.5,0.0,0.05859375,0.0859375,0.0,-2.6611735820770264,-1.0869901180267334,1.574183464050293,False,False
causal_target_5_feature_94_beta_2_lambda_0.001_seed_20260905,causal,94,5,2.0,0.001,20260905,0.00576931843534112,1.4769455194473267,0.8463541865348816,0.8489583730697632,-0.002604186534881592,00111011101111010000110010001101,00111111101111010000110010001101,1,0.8641,0.8643,-0.00019999999999997797,0.0017,0.0976,0.0415,0.0398,553.574462890625,0.36729982209205625,causal-margin-v2,2.0,0.5,0.00390625,0.0625,0.0859375,0.0,-2.535634756088257,-1.3093929290771484,1.226241946220398,False,False
causal_target_5_feature_94_beta_2_lambda_0.001_seed_20260906,causal,94,5,2.0,0.001,20260906,0.00576931843534112,1.4769455194473267,0.8463541865348816,0.8489583730697632,-0.002604186534881592,00111011101111010000110010001101,00111111101111010000110010001101,1,0.8641,0.8643,-0.00019999999999997797,0.0001,0.0976,0.0608,0.0607,605.1278686523438,0.2700867263793945,causal-margin-v2,2.0,0.5,0.0,0.06640625,0.0859375,0.0,-2.481245994567871,-0.9138403534889221,1.5674057006835938,False,False
causal_target_5_feature_96_beta_2_lambda_0.001_seed_20260904,causal,96,5,2.0,0.001,20260904,0.08196262270212173,1.3114019632339478,0.8463541865348816,0.8463541865348816,0.0,00111101101001111101110000000101,00111111101001111101110000000101,1,0.8641,0.8641,0.0,0.0,0.1011,0.8987,0.8987,711.0035400390625,0.15184714481830597,causal-margin-v2,2.0,0.5,0.0,0.8828125,0.08984375,-0.00390625,-3.116158962249756,0.46362483501434326,3.5797836780548096,False,False
causal_target_5_feature_96_beta_2_lambda_0.001_seed_20260905,causal,96,5,2.0,0.001,20260905,0.08196262270212173,1.3114019632339478,0.8463541865348816,0.8463541865348816,0.0,00111101101001111101110000000101,00111111101001111101110000000101,1,0.8641,0.8641,0.0,0.0,0.1011,0.7681,0.7681,728.6014404296875,0.14438400123119355,causal-margin-v2,2.0,0.5,0.0,0.79296875,0.08984375,-0.00390625,-2.9164443016052246,0.26136747002601624,3.177811622619629,False,False
causal_target_5_feature_96_beta_2_lambda_0.001_seed_20260906,causal,96,5,2.0,0.001,20260906,0.08196262270212173,1.3114019632339478,0.8463541865348816,0.8463541865348816,0.0,00111101101001111101110000000101,00111111101001111101110000000101,1,0.8641,0.8641,0.0,0.0,0.1011,0.8183,0.8183,707.7484130859375,0.15677817232608796,causal-margin-v2,2.0,0.5,0.0,0.8203125,0.08984375,-0.00390625,-2.936790943145752,0.34541651606559753,3.282207727432251,False,False
causal_target_5_feature_109_beta_2_lambda_0.001_seed_20260904,causal,109,5,2.0,0.001,20260904,0.1245289221405983,1.9924627542495728,0.8463541865348816,0.8463541865348816,0.0,00111101111111110000100100000101,00111111111111110000100100000101,1,0.8641,0.8635,0.0005999999999999339,0.0,0.1012,0.9629,0.9629,615.748046875,0.21421570489406586,causal-margin-v2,2.0,0.5,0.0,0.97265625,0.08984375,-0.00390625,-3.3580334186553955,0.8884783387184143,4.246511936187744,True,True
causal_target_5_feature_109_beta_2_lambda_0.001_seed_20260905,causal,109,5,2.0,0.001,20260905,0.1245289221405983,1.9924627542495728,0.8463541865348816,0.8463541865348816,0.0,00111101111111110000100100000101,00111111111111110000100100000101,1,0.8641,0.8635,0.0005999999999999339,0.0,0.1012,0.9984,0.9984,645.2449340820312,0.18748810758590698,causal-margin-v2,2.0,0.5,0.0,1.0,0.08984375,-0.00390625,-3.48689603805542,1.2039986848831177,4.690894603729248,True,True
causal_target_5_feature_109_beta_2_lambda_0.001_seed_20260906,causal,109,5,2.0,0.001,20260906,0.1245289221405983,1.9924627542495728,0.8463541865348816,0.8463541865348816,0.0,00111101111111110000100100000101,00111111111111110000100100000101,1,0.8641,0.8635,0.0005999999999999339,0.0,0.1012,0.9793,0.9793,663.8060913085938,0.17960510563850401,causal-margin-v2,2.0,0.5,0.0,0.9765625,0.08984375,-0.00390625,-3.599813222885132,1.1538265943527222,4.7536396980285645,True,True
causal_target_5_feature_122_beta_2_lambda_0.001_seed_20260904,causal,122,5,2.0,0.001,20260904,0.0625973492860794,1.0015575885772705,0.8463541865348816,0.84765625,-0.0013020634651184082,00111101100000000011001100001010,00111111100000000011001100001010,1,0.8641,0.8644,-0.00029999999999996696,0.0003,0.0988,0.025,0.0247,570.3084716796875,0.2822946044921875,causal-margin-v2,2.0,0.5,0.0,0.03125,0.0859375,0.0,-2.317309856414795,-1.056792974472046,1.260516881942749,False,False
causal_target_5_feature_122_beta_2_lambda_0.001_seed_20260905,causal,122,5,2.0,0.001,20260905,0.0625973492860794,1.0015575885772705,0.8463541865348816,0.84765625,-0.0013020634651184082,00111101100000000011001100001010,00111111100000000011001100001010,1,0.8641,0.8644,-0.00029999999999996696,0.0006,0.0988,0.0467,0.046099999999999995,647.030029296875,0.21935034561157227,causal-margin-v2,2.0,0.5,0.0,0.06640625,0.0859375,0.0,-2.4054808616638184,-0.9092453122138977,1.4962356090545654,False,False
causal_target_5_feature_122_beta_2_lambda_0.001_seed_20260906,causal,122,5,2.0,0.001,20260906,0.0625973492860794,1.0015575885772705,0.8463541865348816,0.84765625,-0.0013020634651184082,00111101100000000011001100001010,00111111100000000011001100001010,1,0.8641,0.8644,-0.00029999999999996696,0.0002,0.0988,0.0384,0.0382,630.88720703125,0.20637109665870668,causal-margin-v2,2.0,0.5,0.0,0.05078125,0.0859375,0.0,-2.3045616149902344,-0.8851245045661926,1.4194369316101074,False,False
causal_target_5_feature_130_beta_2_lambda_0.001_seed_20260904,causal,130,5,2.0,0.001,20260904,0.06619230657815933,1.0590769052505493,0.8463541865348816,0.8463541865348816,0.0,00111101100001111000111111010101,00111111100001111000111111010101,1,0.8641,0.8638,0.00029999999999996696,0.0,0.0995,0.5562,0.5562,773.101806640625,0.12176612391471862,causal-margin-v2,2.0,0.5,0.0,0.55859375,0.08984375,-0.00390625,-2.379918098449707,0.018195975571870804,2.3981142044067383,False,False
causal_target_5_feature_130_beta_2_lambda_0.001_seed_20260905,causal,130,5,2.0,0.001,20260905,0.06619230657815933,1.0590769052505493,0.8463541865348816,0.8463541865348816,0.0,00111101100001111000111111010101,00111111100001111000111111010101,1,0.8641,0.8638,0.00029999999999996696,0.0,0.0995,0.2499,0.2499,793.6434936523438,0.10676259515285492,causal-margin-v2,2.0,0.5,0.0,0.26953125,0.08984375,-0.00390625,-2.739081382751465,-0.23067781329154968,2.508403778076172,False,False
causal_target_5_feature_130_beta_2_lambda_0.001_seed_20260906,causal,130,5,2.0,0.001,20260906,0.06619230657815933,1.0590769052505493,0.8463541865348816,0.8463541865348816,0.0,00111101100001111000111111010101,00111111100001111000111111010101,1,0.8641,0.8638,0.00029999999999996696,0.0,0.0995,0.266,0.266,768.0617065429688,0.12270718152523041,causal-margin-v2,2.0,0.5,0.0,0.29296875,0.08984375,-0.00390625,-2.7665910720825195,-0.22505049407482147,2.5415406227111816,False,False
causal_target_5_feature_155_beta_2_lambda_0.001_seed_20260904,causal,155,5,2.0,0.001,20260904,0.06299398839473724,1.007903814315796,0.8463541865348816,0.8463541865348816,0.0,00111101100000010000001011111110,00111111100000010000001011111110,1,0.8641,0.8642,-9.999999999998899e-05,0.0,0.0981,0.0885,0.0885,775.8115844726562,0.10794711204767227,causal-margin-v2,2.0,0.5,0.0,0.1171875,0.0859375,-0.00390625,-2.495159149169922,-0.4377591013908386,2.0573999881744385,False,False
causal_target_5_feature_155_beta_2_lambda_0.001_seed_20260905,causal,155,5,2.0,0.001,20260905,0.06299398839473724,1.007903814315796,0.8463541865348816,0.8463541865348816,0.0,00111101100000010000001011111110,00111111100000010000001011111110,1,0.8641,0.8642,-9.999999999998899e-05,0.0,0.0981,0.0409,0.0409,754.2527465820312,0.12336943604946136,causal-margin-v2,2.0,0.5,0.0,0.05078125,0.0859375,-0.00390625,-2.489328384399414,-0.6185963749885559,1.8707318305969238,False,False
causal_target_5_feature_155_beta_2_lambda_0.001_seed_20260906,causal,155,5,2.0,0.001,20260906,0.06299398839473724,1.007903814315796,0.8463541865348816,0.8463541865348816,0.0,00111101100000010000001011111110,00111111100000010000001011111110,1,0.8641,0.8642,-9.999999999998899e-05,0.0,0.0981,0.0714,0.0714,801.8294677734375,0.09547420836687089,causal-margin-v2,2.0,0.5,0.0,0.08984375,0.0859375,-0.00390625,-2.564812660217285,-0.43546614050865173,2.1293466091156006,False,False
causal_target_5_feature_164_beta_2_lambda_0.001_seed_20260904,causal,164,5,2.0,0.001,20260904,0.08172665536403656,1.307626485824585,0.8463541865348816,0.8463541865348816,0.0,00111101101001110110000001001110,00111111101001110110000001001110,1,0.8641,0.8639,0.00019999999999997797,0.0,0.0957,0.9883,0.9883,611.3623657226562,0.2119588275909424,causal-margin-v2,2.0,0.5,0.0,0.9921875,0.08203125,0.0,-3.477330207824707,1.1020500659942627,4.579380035400391,True,True
causal_target_5_feature_164_beta_2_lambda_0.001_seed_20260905,causal,164,5,2.0,0.001,20260905,0.08172665536403656,1.307626485824585,0.8463541865348816,0.8463541865348816,0.0,00111101101001110110000001001110,00111111101001110110000001001110,1,0.8641,0.8639,0.00019999999999997797,0.0,0.0957,0.9952,0.9952,611.3330688476562,0.2129513300895691,causal-margin-v2,2.0,0.5,0.0,0.9921875,0.08203125,0.0,-3.620953321456909,1.092205286026001,4.71315860748291,True,True
causal_target_5_feature_164_beta_2_lambda_0.001_seed_20260906,causal,164,5,2.0,0.001,20260906,0.08172665536403656,1.307626485824585,0.8463541865348816,0.8463541865348816,0.0,00111101101001110110000001001110,00111111101001110110000001001110,1,0.8641,0.8639,0.00019999999999997797,0.0,0.0957,0.9913,0.9913,639.2484130859375,0.19798148658275605,causal-margin-v2,2.0,0.5,0.0,0.98828125,0.08203125,0.0,-3.764298915863037,1.2336883544921875,4.997987270355225,True,True
causal_target_5_feature_167_beta_2_lambda_0.001_seed_20260904,causal,167,5,2.0,0.001,20260904,0.06539700925350189,1.0463521480560303,0.8463541865348816,0.84765625,-0.0013020634651184082,00111101100001011110111011011110,00111111100001011110111011011110,1,0.8641,0.8642,-9.999999999998899e-05,0.0035,0.0982,0.0695,0.066,598.556884765625,0.2866612337112427,causal-margin-v2,2.0,0.5,0.0078125,0.08203125,0.0859375,0.0,-2.403698444366455,-1.0243947505950928,1.3793039321899414,False,False
causal_target_5_feature_167_beta_2_lambda_0.001_seed_20260905,causal,167,5,2.0,0.001,20260905,0.06539700925350189,1.0463521480560303,0.8463541865348816,0.84765625,-0.0013020634651184082,00111101100001011110111011011110,00111111100001011110111011011110,1,0.8641,0.8642,-9.999999999998899e-05,0.0005,0.0982,0.0748,0.0743,659.4647827148438,0.20941554441452026,causal-margin-v2,2.0,0.5,0.0,0.05859375,0.0859375,0.0,-2.0017576217651367,-0.5947110652923584,1.4070467948913574,False,False
causal_target_5_feature_167_beta_2_lambda_0.001_seed_20260906,causal,167,5,2.0,0.001,20260906,0.06539700925350189,1.0463521480560303,0.8463541865348816,0.84765625,-0.0013020634651184082,00111101100001011110111011011110,00111111100001011110111011011110,1,0.8641,0.8642,-9.999999999998899e-05,0.0003,0.0982,0.0259,0.025599999999999998,610.7630615234375,0.2622139738082886,causal-margin-v2,2.0,0.5,0.0,0.0390625,0.0859375,0.0,-2.383209228515625,-1.0085997581481934,1.3746092319488525,False,False
causal_target_5_feature_181_beta_2_lambda_0.001_seed_20260904,causal,181,5,2.0,0.001,20260904,0.06520433723926544,1.043269395828247,0.8463541865348816,0.8463541865348816,0.0,00111101100001011000100111011010,00111111100001011000100111011010,1,0.8641,0.8638,0.00029999999999996696,0.0,0.0955,0.2978,0.2978,706.7579345703125,0.14181858973503111,causal-margin-v2,2.0,0.5,0.0,0.29296875,0.08203125,0.0,-2.757932186126709,-0.17059437930583954,2.5873377323150635,False,False
causal_target_5_feature_181_beta_2_lambda_0.001_seed_20260905,causal,181,5,2.0,0.001,20260905,0.06520433723926544,1.043269395828247,0.8463541865348816,0.8463541865348816,0.0,00111101100001011000100111011010,00111111100001011000100111011010,1,0.8641,0.8638,0.00029999999999996696,0.0,0.0955,0.3797,0.3797,724.9367065429688,0.137255877161026,causal-margin-v2,2.0,0.5,0.0,0.3828125,0.08203125,0.0,-2.777263641357422,-0.08566348254680634,2.6916000843048096,False,False
causal_target_5_feature_181_beta_2_lambda_0.001_seed_20260906,causal,181,5,2.0,0.001,20260906,0.06520433723926544,1.043269395828247,0.8463541865348816,0.8463541865348816,0.0,00111101100001011000100111011010,00111111100001011000100111011010,1,0.8641,0.8638,0.00029999999999996696,0.0,0.0955,0.178,0.178,809.5076904296875,0.09486094732284546,causal-margin-v2,2.0,0.5,0.0,0.1640625,0.08203125,0.0,-2.751303195953369,-0.19656547904014587,2.5547375679016113,False,False
causal_target_5_feature_189_beta_2_lambda_0.001_seed_20260904,causal,189,5,2.0,0.001,20260904,0.11044403910636902,1.7671046257019043,0.8463541865348816,0.84765625,-0.0013020634651184082,00111101111000100011000001111100,00111111111000100011000001111100,1,0.8641,0.8645,-0.00040000000000006697,0.0,0.1019,0.9741,0.9741,682.6846313476562,0.17214462716579437,causal-margin-v2,2.0,0.5,0.0,0.98828125,0.08984375,-0.00390625,-3.3544015884399414,0.9153602719306946,4.26976203918457,True,True
causal_target_5_feature_189_beta_2_lambda_0.001_seed_20260905,causal,189,5,2.0,0.001,20260905,0.11044403910636902,1.7671046257019043,0.8463541865348816,0.84765625,-0.0013020634651184082,00111101111000100011000001111100,00111111111000100011000001111100,1,0.8641,0.8645,-0.00040000000000006697,0.0,0.1019,0.659,0.659,626.4737548828125,0.2267554047346115,causal-margin-v2,2.0,0.5,0.0,0.671875,0.08984375,-0.00390625,-2.8187618255615234,0.2441660612821579,3.0629281997680664,False,False
causal_target_5_feature_189_beta_2_lambda_0.001_seed_20260906,causal,189,5,2.0,0.001,20260906,0.11044403910636902,1.7671046257019043,0.8463541865348816,0.84765625,-0.0013020634651184082,00111101111000100011000001111100,00111111111000100011000001111100,1,0.8641,0.8645,-0.00040000000000006697,0.0,0.1019,0.7976,0.7976,677.2788696289062,0.1779346964597702,causal-margin-v2,2.0,0.5,0.0,0.7734375,0.08984375,-0.00390625,-3.009127616882324,0.3630186915397644,3.3721463680267334,False,False
causal_target_5_feature_195_beta_2_lambda_0.001_seed_20260904,causal,195,5,2.0,0.001,20260904,0.06675834953784943,1.0681335926055908,0.8463541865348816,0.8463541865348816,0.0,00111101100010001011100010011010,00111111100010001011100010011010,1,0.8641,0.864,9.999999999998899e-05,0.0,0.1002,0.7974,0.7974,699.744140625,0.15863338949680328,causal-margin-v2,2.0,0.5,0.0,0.7734375,0.08984375,-0.00390625,-3.0541086196899414,0.2404700666666031,3.2945785522460938,False,False
causal_target_5_feature_195_beta_2_lambda_0.001_seed_20260905,causal,195,5,2.0,0.001,20260905,0.06675834953784943,1.0681335926055908,0.8463541865348816,0.8463541865348816,0.0,00111101100010001011100010011010,00111111100010001011100010011010,1,0.8641,0.864,9.999999999998899e-05,0.0,0.1002,0.9487,0.9487,720.6560668945312,0.14777414231300354,causal-margin-v2,2.0,0.5,0.0,0.94921875,0.08984375,-0.00390625,-2.9938907623291016,0.5655250549316406,3.559415578842163,True,True
causal_target_5_feature_195_beta_2_lambda_0.001_seed_20260906,causal,195,5,2.0,0.001,20260906,0.06675834953784943,1.0681335926055908,0.8463541865348816,0.8463541865348816,0.0,00111101100010001011100010011010,00111111100010001011100010011010,1,0.8641,0.864,9.999999999998899e-05,0.0,0.1002,0.8719,0.8719,695.3148803710938,0.16116673872470855,causal-margin-v2,2.0,0.5,0.0,0.84765625,0.08984375,-0.00390625,-3.075127601623535,0.34737294912338257,3.4225006103515625,False,False
causal_target_5_feature_218_beta_2_lambda_0.001_seed_20260904,causal,218,5,2.0,0.001,20260904,0.00502826739102602,1.2872364521026611,0.8463541865348816,0.8463541865348816,0.0,00111011101001001100010000101010,00111111101001001100010000101010,1,0.8641,0.8642,-9.999999999998899e-05,0.0,0.0967,0.0174,0.0174,680.462890625,0.1803827177286148,causal-margin-v2,2.0,0.5,0.0,0.0390625,0.08203125,0.0,-2.5800576210021973,-0.775562047958374,1.8044955730438232,False,False
causal_target_5_feature_218_beta_2_lambda_0.001_seed_20260905,causal,218,5,2.0,0.001,20260905,0.00502826739102602,1.2872364521026611,0.8463541865348816,0.8463541865348816,0.0,00111011101001001100010000101010,00111111101001001100010000101010,1,0.8641,0.8642,-9.999999999998899e-05,0.0002,0.0967,0.025,0.024800000000000003,677.7432861328125,0.1963603963136673,causal-margin-v2,2.0,0.5,0.0,0.05078125,0.08203125,0.0,-2.530691146850586,-0.9757180213928223,1.5549733638763428,False,False
causal_target_5_feature_218_beta_2_lambda_0.001_seed_20260906,causal,218,5,2.0,0.001,20260906,0.00502826739102602,1.2872364521026611,0.8463541865348816,0.8463541865348816,0.0,00111011101001001100010000101010,00111111101001001100010000101010,1,0.8641,0.8642,-9.999999999998899e-05,0.0001,0.0967,0.0219,0.0218,656.2470703125,0.2088292778491974,causal-margin-v2,2.0,0.5,0.0,0.02734375,0.08203125,0.0,-2.5943591594696045,-1.0133988857269287,1.5809602737426758,False,False
causal_target_5_feature_238_beta_2_lambda_0.001_seed_20260904,causal,238,5,2.0,0.001,20260904,0.0839323103427887,1.3429169654846191,0.8463541865348816,0.8463541865348816,0.0,00111101101010111110010010110100,00111111101010111110010010110100,1,0.8641,0.8639,0.00019999999999997797,0.0,0.0978,0.5995,0.5995,653.1519165039062,0.19283617470264436,causal-margin-v2,2.0,0.5,0.0,0.625,0.08984375,-0.00390625,-2.8800952434539795,0.07614278048276901,2.956238031387329,False,False
causal_target_5_feature_238_beta_2_lambda_0.001_seed_20260905,causal,238,5,2.0,0.001,20260905,0.0839323103427887,1.3429169654846191,0.8463541865348816,0.8463541865348816,0.0,00111101101010111110010010110100,00111111101010111110010010110100,1,0.8641,0.8639,0.00019999999999997797,0.0,0.0978,0.6853,0.6853,690.2978515625,0.1797515040874481,causal-margin-v2,2.0,0.5,0.0,0.6875,0.08984375,-0.00390625,-2.8954684734344482,0.20640882849693298,3.101877212524414,False,False
causal_target_5_feature_238_beta_2_lambda_0.001_seed_20260906,causal,238,5,2.0,0.001,20260906,0.0839323103427887,1.3429169654846191,0.8463541865348816,0.8463541865348816,0.0,00111101101010111110010010110100,00111111101010111110010010110100,1,0.8641,0.8639,0.00019999999999997797,0.0001,0.0978,0.6398,0.6397,715.0513305664062,0.16229439661502837,causal-margin-v2,2.0,0.5,0.0,0.640625,0.08984375,-0.00390625,-2.9138519763946533,0.11422987282276154,3.0280818939208984,False,False
causal_target_5_feature_240_beta_2_lambda_0.001_seed_20260904,causal,240,5,2.0,0.001,20260904,0.07901455461978912,1.264232873916626,0.8463541865348816,0.8463541865348816,0.0,00111101101000011101001001100010,00111111101000011101001001100010,1,0.8641,0.8639,0.00019999999999997797,0.0,0.0982,0.3902,0.3902,690.77783203125,0.16566712651252746,causal-margin-v2,2.0,0.5,0.0,0.35546875,0.0859375,0.0,-2.760497570037842,-0.08258926868438721,2.677908420562744,False,False
causal_target_5_feature_240_beta_2_lambda_0.001_seed_20260905,causal,240,5,2.0,0.001,20260905,0.07901455461978912,1.264232873916626,0.8463541865348816,0.8463541865348816,0.0,00111101101000011101001001100010,00111111101000011101001001100010,1,0.8641,0.8639,0.00019999999999997797,0.0,0.0982,0.4208,0.4208,735.2496337890625,0.1447334197282791,causal-margin-v2,2.0,0.5,0.0,0.41796875,0.0859375,0.0,-2.6863789558410645,-0.07277246564626694,2.6136064529418945,False,False
causal_target_5_feature_240_beta_2_lambda_0.001_seed_20260906,causal,240,5,2.0,0.001,20260906,0.07901455461978912,1.264232873916626,0.8463541865348816,0.8463541865348816,0.0,00111101101000011101001001100010,00111111101000011101001001100010,1,0.8641,0.8639,0.00019999999999997797,0.0,0.0982,0.4344,0.4344,691.9891357421875,0.16534818074703217,causal-margin-v2,2.0,0.5,0.0,0.4296875,0.0859375,0.0,-2.7588958740234375,-0.043235182762145996,2.715660572052002,False,False
causal_target_5_feature_244_beta_2_lambda_0.001_seed_20260904,causal,244,5,2.0,0.001,20260904,0.06899276375770569,1.103884220123291,0.8463541865348816,0.8463541865348816,0.0,00111101100011010100110000010100,00111111100011010100110000010100,1,0.8641,0.8645,-0.00040000000000006697,0.0,0.0978,0.0619,0.0619,684.04541015625,0.1780452672958374,causal-margin-v2,2.0,0.5,0.0,0.06640625,0.0859375,-0.00390625,-2.3074817657470703,-0.6864089965820312,1.621072769165039,False,False
causal_target_5_feature_244_beta_2_lambda_0.001_seed_20260905,causal,244,5,2.0,0.001,20260905,0.06899276375770569,1.103884220123291,0.8463541865348816,0.8463541865348816,0.0,00111101100011010100110000010100,00111111100011010100110000010100,1,0.8641,0.8645,-0.00040000000000006697,0.0053,0.0978,0.0314,0.026099999999999998,546.5682983398438,0.3658685835361481,causal-margin-v2,2.0,0.5,0.0078125,0.04296875,0.0859375,-0.00390625,-2.165696144104004,-1.3992564678192139,0.7664395570755005,False,False
causal_target_5_feature_244_beta_2_lambda_0.001_seed_20260906,causal,244,5,2.0,0.001,20260906,0.06899276375770569,1.103884220123291,0.8463541865348816,0.8463541865348816,0.0,00111101100011010100110000010100,00111111100011010100110000010100,1,0.8641,0.8645,-0.00040000000000006697,0.0014,0.0978,0.0319,0.0305,568.7501831054688,0.32198646125793456,causal-margin-v2,2.0,0.5,0.0,0.046875,0.0859375,-0.00390625,-2.2628297805786133,-1.2431118488311768,1.0197179317474365,False,False
causal_target_5_feature_247_beta_2_lambda_0.001_seed_20260904,causal,247,5,2.0,0.001,20260904,0.09488973766565323,1.5182358026504517,0.8463541865348816,0.8463541865348816,0.0,00111101110000100101010110001101,00111111110000100101010110001101,1,0.8641,0.8643,-0.00019999999999997797,0.0,0.1,0.9864,0.9864,668.2332153320312,0.18577259843349456,causal-margin-v2,2.0,0.5,0.0,0.99609375,0.0859375,-0.00390625,-3.5284345149993896,1.0519009828567505,4.58033561706543,True,True
causal_target_5_feature_247_beta_2_lambda_0.001_seed_20260905,causal,247,5,2.0,0.001,20260905,0.09488973766565323,1.5182358026504517,0.8463541865348816,0.8463541865348816,0.0,00111101110000100101010110001101,00111111110000100101010110001101,1,0.8641,0.8643,-0.00019999999999997797,0.0,0.1,0.9482,0.9482,658.7049560546875,0.18893951869010925,causal-margin-v2,2.0,0.5,0.0,0.9609375,0.0859375,-0.00390625,-3.287341356277466,0.7244194149971008,4.011760711669922,True,True
causal_target_5_feature_247_beta_2_lambda_0.001_seed_20260906,causal,247,5,2.0,0.001,20260906,0.09488973766565323,1.5182358026504517,0.8463541865348816,0.8463541865348816,0.0,00111101110000100101010110001101,00111111110000100101010110001101,1,0.8641,0.8643,-0.00019999999999997797,0.0,0.1,0.9948,0.9948,669.4838256835938,0.1826352285385132,causal-margin-v2,2.0,0.5,0.0,1.0,0.0859375,-0.00390625,-3.336359739303589,1.3934767246246338,4.729836463928223,True,True
causal_target_5_feature_260_beta_2_lambda_0.001_seed_20260904,causal,260,5,2.0,0.001,20260904,0.06873265653848648,1.0997225046157837,0.8463541865348816,0.8463541865348816,0.0,00111101100011001100001110110101,00111111100011001100001110110101,1,0.8641,0.8645,-0.00040000000000006697,0.0,0.0953,0.7449,0.7449,708.429931640625,0.15634828851222993,causal-margin-v2,2.0,0.5,0.0,0.75,0.0859375,-0.00390625,-2.8953747749328613,0.23961172997951508,3.134986400604248,False,False
causal_target_5_feature_260_beta_2_lambda_0.001_seed_20260905,causal,260,5,2.0,0.001,20260905,0.06873265653848648,1.0997225046157837,0.8463541865348816,0.8463541865348816,0.0,00111101100011001100001110110101,00111111100011001100001110110101,1,0.8641,0.8645,-0.00040000000000006697,0.0,0.0953,0.6472,0.6472,697.88134765625,0.15156664996147157,causal-margin-v2,2.0,0.5,0.0,0.62109375,0.0859375,-0.00390625,-2.964855670928955,0.09515637904405594,3.060011863708496,False,False
causal_target_5_feature_260_beta_2_lambda_0.001_seed_20260906,causal,260,5,2.0,0.001,20260906,0.06873265653848648,1.0997225046157837,0.8463541865348816,0.8463541865348816,0.0,00111101100011001100001110110101,00111111100011001100001110110101,1,0.8641,0.8645,-0.00040000000000006697,0.0,0.0953,0.7765,0.7765,692.4536743164062,0.16859023821353913,causal-margin-v2,2.0,0.5,0.0,0.75,0.0859375,-0.00390625,-3.098132610321045,0.25997135043144226,3.3581039905548096,False,False
causal_target_5_feature_261_beta_2_lambda_0.001_seed_20260904,causal,261,5,2.0,0.001,20260904,0.07737729698419571,1.2380367517471313,0.8463541865348816,0.8463541865348816,0.0,00111101100111100111011111111101,00111111100111100111011111111101,1,0.8641,0.8647,-0.0006000000000000449,0.0,0.0989,0.6825,0.6825,717.5252685546875,0.14915879359245302,causal-margin-v2,2.0,0.5,0.0,0.703125,0.0859375,-0.00390625,-2.8243815898895264,0.12752053141593933,2.951902151107788,False,False
causal_target_5_feature_261_beta_2_lambda_0.001_seed_20260905,causal,261,5,2.0,0.001,20260905,0.07737729698419571,1.2380367517471313,0.8463541865348816,0.8463541865348816,0.0,00111101100111100111011111111101,00111111100111100111011111111101,1,0.8641,0.8647,-0.0006000000000000449,0.0,0.0989,0.7789,0.7789,720.0074462890625,0.152536394906044,causal-margin-v2,2.0,0.5,0.0,0.76171875,0.0859375,-0.00390625,-2.407547950744629,0.22916948795318604,2.6367175579071045,False,False
causal_target_5_feature_261_beta_2_lambda_0.001_seed_20260906,causal,261,5,2.0,0.001,20260906,0.07737729698419571,1.2380367517471313,0.8463541865348816,0.8463541865348816,0.0,00111101100111100111011111111101,00111111100111100111011111111101,1,0.8641,0.8647,-0.0006000000000000449,0.0,0.0989,0.5978,0.5978,736.3306884765625,0.13606308388710023,causal-margin-v2,2.0,0.5,0.0,0.609375,0.0859375,-0.00390625,-2.8497095108032227,0.07217524945735931,2.921884775161743,False,False
causal_target_5_feature_262_beta_2_lambda_0.001_seed_20260904,causal,262,5,2.0,0.001,20260904,0.10098828375339508,1.6158125400543213,0.8463541865348816,0.8463541865348816,0.0,00111101110011101101001011110010,00111111110011101101001011110010,1,0.8641,0.8636,0.0004999999999999449,0.0,0.0991,0.9196,0.9196,659.582275390625,0.19341497776508332,causal-margin-v2,2.0,0.5,0.0,0.91796875,0.0859375,0.0,-3.053758144378662,0.5180870294570923,3.571845054626465,True,True
causal_target_5_feature_262_beta_2_lambda_0.001_seed_20260905,causal,262,5,2.0,0.001,20260905,0.10098828375339508,1.6158125400543213,0.8463541865348816,0.8463541865348816,0.0,00111101110011101101001011110010,00111111110011101101001011110010,1,0.8641,0.8636,0.0004999999999999449,0.0,0.0991,0.9087,0.9087,609.1572875976562,0.2255574198961258,causal-margin-v2,2.0,0.5,0.0,0.921875,0.0859375,0.0,-3.1614632606506348,0.5911787152290344,3.7526419162750244,True,True
causal_target_5_feature_262_beta_2_lambda_0.001_seed_20260906,causal,262,5,2.0,0.001,20260906,0.10098828375339508,1.6158125400543213,0.8463541865348816,0.8463541865348816,0.0,00111101110011101101001011110010,00111111110011101101001011110010,1,0.8641,0.8636,0.0004999999999999449,0.0,0.0991,0.8267,0.8267,662.3321533203125,0.19595861809253692,causal-margin-v2,2.0,0.5,0.0,0.83984375,0.0859375,0.0,-3.0210652351379395,0.4181636571884155,3.4392287731170654,False,False
causal_target_5_feature_265_beta_2_lambda_0.001_seed_20260904,causal,265,5,2.0,0.001,20260904,0.06872516870498657,1.0996026992797852,0.8463541865348816,0.8463541865348816,0.0,00111101100011001011111111001000,00111111100011001011111111001000,1,0.8641,0.864,9.999999999998899e-05,0.0,0.0978,0.3178,0.3178,735.4610595703125,0.13169558839797973,causal-margin-v2,2.0,0.5,0.0,0.2578125,0.0859375,0.0,-2.783379554748535,-0.1981010138988495,2.5852785110473633,False,False
causal_target_5_feature_265_beta_2_lambda_0.001_seed_20260905,causal,265,5,2.0,0.001,20260905,0.06872516870498657,1.0996026992797852,0.8463541865348816,0.8463541865348816,0.0,00111101100011001011111111001000,00111111100011001011111111001000,1,0.8641,0.864,9.999999999998899e-05,0.0,0.0978,0.1914,0.1914,817.3739624023438,0.09156439235210419,causal-margin-v2,2.0,0.5,0.0,0.1953125,0.0859375,0.0,-2.699503183364868,-0.20481425523757935,2.4946889877319336,False,False
causal_target_5_feature_265_beta_2_lambda_0.001_seed_20260906,causal,265,5,2.0,0.001,20260906,0.06872516870498657,1.0996026992797852,0.8463541865348816,0.8463541865348816,0.0,00111101100011001011111111001000,00111111100011001011111111001000,1,0.8641,0.864,9.999999999998899e-05,0.0,0.0978,0.323,0.323,757.6253662109375,0.12797694330215453,causal-margin-v2,2.0,0.5,0.0,0.33984375,0.0859375,0.0,-2.730044364929199,-0.11356410384178162,2.6164803504943848,False,False
causal_target_5_feature_271_beta_2_lambda_0.001_seed_20260904,causal,271,5,2.0,0.001,20260904,0.0963955819606781,1.5423293113708496,0.8463541865348816,0.8463541865348816,0.0,00111101110001010110101100001100,00111111110001010110101100001100,1,0.8641,0.864,9.999999999998899e-05,0.0,0.1007,0.9233,0.9233,736.5385131835938,0.13917280321121217,causal-margin-v2,2.0,0.5,0.0,0.8984375,0.08984375,-0.00390625,-2.955418825149536,0.5249877572059631,3.4804065227508545,True,False
causal_target_5_feature_271_beta_2_lambda_0.001_seed_20260905,causal,271,5,2.0,0.001,20260905,0.0963955819606781,1.5423293113708496,0.8463541865348816,0.8463541865348816,0.0,00111101110001010110101100001100,00111111110001010110101100001100,1,0.8641,0.864,9.999999999998899e-05,0.0,0.1007,0.3022,0.3022,808.7492065429688,0.09367858693599701,causal-margin-v2,2.0,0.5,0.0,0.30859375,0.08984375,-0.00390625,-2.5764381885528564,-0.1510719507932663,2.4253664016723633,False,False
causal_target_5_feature_271_beta_2_lambda_0.001_seed_20260906,causal,271,5,2.0,0.001,20260906,0.0963955819606781,1.5423293113708496,0.8463541865348816,0.8463541865348816,0.0,00111101110001010110101100001100,00111111110001010110101100001100,1,0.8641,0.864,9.999999999998899e-05,0.0,0.1007,0.8934,0.8934,718.505126953125,0.14769413921833038,causal-margin-v2,2.0,0.5,0.0,0.90625,0.08984375,-0.00390625,-3.0254549980163574,0.4609891176223755,3.4864442348480225,False,True
causal_target_5_feature_287_beta_2_lambda_0.001_seed_20260904,causal,287,5,2.0,0.001,20260904,0.08004161715507507,1.2806658744812012,0.8463541865348816,0.8463541865348816,0.0,00111101101000111110110011011100,00111111101000111110110011011100,1,0.8641,0.8641,0.0,0.0,0.1004,0.6823,0.6823,714.9223022460938,0.1440730232477188,causal-margin-v2,2.0,0.5,0.0,0.671875,0.08984375,-0.00390625,-2.8813183307647705,0.14235317707061768,3.0236716270446777,False,False
causal_target_5_feature_287_beta_2_lambda_0.001_seed_20260905,causal,287,5,2.0,0.001,20260905,0.08004161715507507,1.2806658744812012,0.8463541865348816,0.8463541865348816,0.0,00111101101000111110110011011100,00111111101000111110110011011100,1,0.8641,0.8641,0.0,0.0,0.1004,0.7151,0.7151,733.8703002929688,0.13715737555027008,causal-margin-v2,2.0,0.5,0.0,0.71484375,0.08984375,-0.00390625,-2.8978216648101807,0.16648438572883606,3.0643057823181152,False,False
causal_target_5_feature_287_beta_2_lambda_0.001_seed_20260906,causal,287,5,2.0,0.001,20260906,0.08004161715507507,1.2806658744812012,0.8463541865348816,0.8463541865348816,0.0,00111101101000111110110011011100,00111111101000111110110011011100,1,0.8641,0.8641,0.0,0.0,0.1004,0.687,0.687,717.1270751953125,0.14037539458274842,causal-margin-v2,2.0,0.5,0.0,0.69921875,0.08984375,-0.00390625,-2.8602042198181152,0.15013039112091064,3.0103344917297363,False,False
causal_target_5_feature_289_beta_2_lambda_0.001_seed_20260904,causal,289,5,2.0,0.001,20260904,0.06360555440187454,1.0176888704299927,0.8463541865348816,0.8463541865348816,0.0,00111101100000100100001110100001,00111111100000100100001110100001,1,0.8641,0.8648,-0.0007000000000000339,0.0,0.0983,0.0576,0.0576,729.9798583984375,0.1524964676141739,causal-margin-v2,2.0,0.5,0.0,0.078125,0.0859375,-0.00390625,-2.4345476627349854,-0.5792794227600098,1.8552682399749756,False,False
causal_target_5_feature_289_beta_2_lambda_0.001_seed_20260905,causal,289,5,2.0,0.001,20260905,0.06360555440187454,1.0176888704299927,0.8463541865348816,0.8463541865348816,0.0,00111101100000100100001110100001,00111111100000100100001110100001,1,0.8641,0.8648,-0.0007000000000000339,0.0018,0.0983,0.0133,0.0115,531.680908203125,0.3930356475830078,causal-margin-v2,2.0,0.5,0.0,0.01953125,0.0859375,-0.00390625,-2.3826684951782227,-1.6329071521759033,0.7497615218162537,False,False
causal_target_5_feature_289_beta_2_lambda_0.001_seed_20260906,causal,289,5,2.0,0.001,20260906,0.06360555440187454,1.0176888704299927,0.8463541865348816,0.8463541865348816,0.0,00111101100000100100001110100001,00111111100000100100001110100001,1,0.8641,0.8648,-0.0007000000000000339,0.0,0.0983,0.0348,0.0348,725.7610473632812,0.1407494185447693,causal-margin-v2,2.0,0.5,0.0,0.04296875,0.0859375,-0.00390625,-2.5118486881256104,-0.5743896961212158,1.9374589920043945,False,False
causal_target_5_feature_301_beta_2_lambda_0.001_seed_20260904,causal,301,5,2.0,0.001,20260904,0.11902247369289398,1.9043595790863037,0.8463541865348816,0.8463541865348816,0.0,00111101111100111100001000001110,00111111111100111100001000001110,1,0.8641,0.8646,-0.000500000000000056,0.0,0.1006,0.9539,0.9539,691.2611694335938,0.16806076245307922,causal-margin-v2,2.0,0.5,0.0,0.93359375,0.0859375,-0.00390625,-3.2205233573913574,0.6695239543914795,3.890047311782837,True,True
causal_target_5_feature_301_beta_2_lambda_0.001_seed_20260905,causal,301,5,2.0,0.001,20260905,0.11902247369289398,1.9043595790863037,0.8463541865348816,0.8463541865348816,0.0,00111101111100111100001000001110,00111111111100111100001000001110,1,0.8641,0.8646,-0.000500000000000056,0.0,0.1006,0.7746,0.7746,628.8006591796875,0.22283701131343842,causal-margin-v2,2.0,0.5,0.0,0.7265625,0.0859375,-0.00390625,-2.8949837684631348,0.2742283344268799,3.1692121028900146,False,False
causal_target_5_feature_301_beta_2_lambda_0.001_seed_20260906,causal,301,5,2.0,0.001,20260906,0.11902247369289398,1.9043595790863037,0.8463541865348816,0.8463541865348816,0.0,00111101111100111100001000001110,00111111111100111100001000001110,1,0.8641,0.8646,-0.000500000000000056,0.0,0.1006,0.9108,0.9108,665.4207763671875,0.1770772031545639,causal-margin-v2,2.0,0.5,0.0,0.91796875,0.0859375,-0.00390625,-3.1218907833099365,0.5887859463691711,3.710676908493042,True,True
causal_target_5_feature_303_beta_2_lambda_0.001_seed_20260904,causal,303,5,2.0,0.001,20260904,0.10004951804876328,1.6007922887802124,0.8463541865348816,0.8463541865348816,0.0,00111101110011001110011011000011,00111111110011001110011011000011,1,0.8641,0.8646,-0.000500000000000056,0.0,0.1012,0.5874,0.5874,706.6690673828125,0.17134824755191802,causal-margin-v2,2.0,0.5,0.0,0.57421875,0.0859375,-0.00390625,-2.863628625869751,0.06418202817440033,2.9278106689453125,False,False
causal_target_5_feature_303_beta_2_lambda_0.001_seed_20260905,causal,303,5,2.0,0.001,20260905,0.10004951804876328,1.6007922887802124,0.8463541865348816,0.8463541865348816,0.0,00111101110011001110011011000011,00111111110011001110011011000011,1,0.8641,0.8646,-0.000500000000000056,0.0,0.1012,0.7826,0.7826,708.9002685546875,0.16793392851352693,causal-margin-v2,2.0,0.5,0.0,0.796875,0.0859375,-0.00390625,-2.381239175796509,0.2811638414859772,2.662403106689453,False,False
causal_target_5_feature_303_beta_2_lambda_0.001_seed_20260906,causal,303,5,2.0,0.001,20260906,0.10004951804876328,1.6007922887802124,0.8463541865348816,0.8463541865348816,0.0,00111101110011001110011011000011,00111111110011001110011011000011,1,0.8641,0.8646,-0.000500000000000056,0.0,0.1012,0.4219,0.4219,674.3455200195312,0.19734760382175445,causal-margin-v2,2.0,0.5,0.0,0.4921875,0.0859375,-0.00390625,-2.7427868843078613,-0.08892468363046646,2.6538619995117188,False,False
causal_target_5_feature_310_beta_2_lambda_0.001_seed_20260904,causal,310,5,2.0,0.001,20260904,0.08292366564273834,1.3267786502838135,0.8463541865348816,0.8463541865348816,0.0,00111101101010011101001111100010,00111111101010011101001111100010,1,0.8641,0.8641,0.0,0.0,0.095,0.8429,0.8429,734.39697265625,0.13682486832141877,causal-margin-v2,2.0,0.5,0.0,0.8125,0.08203125,0.0,-3.0996909141540527,0.2908859848976135,3.3905768394470215,False,False
causal_target_5_feature_310_beta_2_lambda_0.001_seed_20260905,causal,310,5,2.0,0.001,20260905,0.08292366564273834,1.3267786502838135,0.8463541865348816,0.8463541865348816,0.0,00111101101010011101001111100010,00111111101010011101001111100010,1,0.8641,0.8641,0.0,0.0,0.095,0.8189,0.8189,727.3446044921875,0.14138363287448882,causal-margin-v2,2.0,0.5,0.0,0.8125,0.08203125,0.0,-2.7802939414978027,0.28041014075279236,3.060703992843628,False,False
causal_target_5_feature_310_beta_2_lambda_0.001_seed_20260906,causal,310,5,2.0,0.001,20260906,0.08292366564273834,1.3267786502838135,0.8463541865348816,0.8463541865348816,0.0,00111101101010011101001111100010,00111111101010011101001111100010,1,0.8641,0.8641,0.0,0.0,0.095,0.4549,0.4549,738.7929077148438,0.13252234201431273,causal-margin-v2,2.0,0.5,0.0,0.46875,0.08203125,0.0,-2.733458995819092,-0.03800666332244873,2.6954522132873535,False,False
causal_target_5_feature_317_beta_2_lambda_0.001_seed_20260904,causal,317,5,2.0,0.001,20260904,0.06336233019828796,1.0137972831726074,0.8463541865348816,0.8463541865348816,0.0,00111101100000011100010000011100,00111111100000011100010000011100,1,0.8641,0.8646,-0.000500000000000056,0.0,0.0988,0.509,0.509,726.11474609375,0.14879908790588378,causal-margin-v2,2.0,0.5,0.0,0.46875,0.0859375,-0.00390625,-2.9271090030670166,-0.054441146552562714,2.8726677894592285,False,False
causal_target_5_feature_317_beta_2_lambda_0.001_seed_20260905,causal,317,5,2.0,0.001,20260905,0.06336233019828796,1.0137972831726074,0.8463541865348816,0.8463541865348816,0.0,00111101100000011100010000011100,00111111100000011100010000011100,1,0.8641,0.8646,-0.000500000000000056,0.0,0.0988,0.6254,0.6254,716.3799438476562,0.15559468984603883,causal-margin-v2,2.0,0.5,0.0,0.6015625,0.0859375,-0.00390625,-2.67775559425354,0.07957299798727036,2.757328510284424,False,False
causal_target_5_feature_317_beta_2_lambda_0.001_seed_20260906,causal,317,5,2.0,0.001,20260906,0.06336233019828796,1.0137972831726074,0.8463541865348816,0.8463541865348816,0.0,00111101100000011100010000011100,00111111100000011100010000011100,1,0.8641,0.8646,-0.000500000000000056,0.0,0.0988,0.5633,0.5633,730.3504638671875,0.14769970095157622,causal-margin-v2,2.0,0.5,0.0,0.609375,0.0859375,-0.00390625,-2.8565874099731445,0.07504240423440933,2.9316296577453613,False,False
causal_target_5_feature_318_beta_2_lambda_0.001_seed_20260904,causal,318,5,2.0,0.001,20260904,0.07441525161266327,1.1906440258026123,0.8463541865348816,0.8463541865348816,0.0,00111101100110000110011100000110,00111111100110000110011100000110,1,0.8641,0.8638,0.00029999999999996696,0.0,0.0977,0.3915,0.3915,690.6140747070312,0.16702656736373903,causal-margin-v2,2.0,0.5,0.0,0.3984375,0.0859375,0.0,-2.7537105083465576,-0.07598190754652023,2.6777286529541016,False,False
causal_target_5_feature_318_beta_2_lambda_0.001_seed_20260905,causal,318,5,2.0,0.001,20260905,0.07441525161266327,1.1906440258026123,0.8463541865348816,0.8463541865348816,0.0,00111101100110000110011100000110,00111111100110000110011100000110,1,0.8641,0.8638,0.00029999999999996696,0.0,0.0977,0.4896,0.4896,702.8588256835938,0.1556731302022934,causal-margin-v2,2.0,0.5,0.0,0.51953125,0.0859375,0.0,-2.74790358543396,0.006323918700218201,2.754227638244629,False,False
causal_target_5_feature_318_beta_2_lambda_0.001_seed_20260906,causal,318,5,2.0,0.001,20260906,0.07441525161266327,1.1906440258026123,0.8463541865348816,0.8463541865348816,0.0,00111101100110000110011100000110,00111111100110000110011100000110,1,0.8641,0.8638,0.00029999999999996696,0.0,0.0977,0.4017,0.4017,720.3831176757812,0.1571889750957489,causal-margin-v2,2.0,0.5,0.0,0.390625,0.0859375,0.0,-2.7522659301757812,-0.07977206259965897,2.6724939346313477,False,False
causal_target_5_feature_328_beta_2_lambda_0.001_seed_20260904,causal,328,5,2.0,0.001,20260904,0.10738037526607513,1.7180860042572021,0.8463541865348816,0.84765625,-0.0013020634651184082,00111101110110111110101000111110,00111111110110111110101000111110,1,0.8641,0.8639,0.00019999999999997797,0.0,0.0988,0.9962,0.9962,606.4881591796875,0.22288325335979461,causal-margin-v2,2.0,0.5,0.0,0.99609375,0.08203125,0.0,-3.9732723236083984,1.5728065967559814,5.546078681945801,True,True
causal_target_5_feature_328_beta_2_lambda_0.001_seed_20260905,causal,328,5,2.0,0.001,20260905,0.10738037526607513,1.7180860042572021,0.8463541865348816,0.84765625,-0.0013020634651184082,00111101110110111110101000111110,00111111110110111110101000111110,1,0.8641,0.8639,0.00019999999999997797,0.0,0.0988,0.9932,0.9932,655.464111328125,0.19157666437625884,causal-margin-v2,2.0,0.5,0.0,0.99609375,0.08203125,0.0,-4.036806106567383,1.6273112297058105,5.664116859436035,True,True
causal_target_5_feature_328_beta_2_lambda_0.001_seed_20260906,causal,328,5,2.0,0.001,20260906,0.10738037526607513,1.7180860042572021,0.8463541865348816,0.84765625,-0.0013020634651184082,00111101110110111110101000111110,00111111110110111110101000111110,1,0.8641,0.8639,0.00019999999999997797,0.0,0.0988,0.9922,0.9922,634.2621459960938,0.20622217836380005,causal-margin-v2,2.0,0.5,0.0,0.984375,0.08203125,0.0,-4.059769630432129,1.7502751350402832,5.810044765472412,True,True
causal_target_5_feature_341_beta_2_lambda_0.001_seed_20260904,causal,341,5,2.0,0.001,20260904,0.07918400317430496,1.2669440507888794,0.8463541865348816,0.8463541865348816,0.0,00111101101000100010101100111001,00111111101000100010101100111001,1,0.8641,0.8641,0.0,0.0,0.0971,0.6502,0.6502,682.2097778320312,0.16374423921108247,causal-margin-v2,2.0,0.5,0.0,0.64453125,0.08203125,0.0,-2.8236184120178223,0.1089220717549324,2.9325406551361084,False,False
causal_target_5_feature_341_beta_2_lambda_0.001_seed_20260905,causal,341,5,2.0,0.001,20260905,0.07918400317430496,1.2669440507888794,0.8463541865348816,0.8463541865348816,0.0,00111101101000100010101100111001,00111111101000100010101100111001,1,0.8641,0.8641,0.0,0.0,0.0971,0.6417,0.6417,695.125732421875,0.15849419672489165,causal-margin-v2,2.0,0.5,0.0,0.66015625,0.08203125,0.0,-2.826183557510376,0.11858786642551422,2.9447715282440186,False,False
causal_target_5_feature_341_beta_2_lambda_0.001_seed_20260906,causal,341,5,2.0,0.001,20260906,0.07918400317430496,1.2669440507888794,0.8463541865348816,0.8463541865348816,0.0,00111101101000100010101100111001,00111111101000100010101100111001,1,0.8641,0.8641,0.0,0.0,0.0971,0.5094,0.5094,703.8141479492188,0.15900798604488373,causal-margin-v2,2.0,0.5,0.0,0.47265625,0.08203125,0.0,-2.894662380218506,-0.07989636063575745,2.8147659301757812,False,False
causal_target_5_feature_355_beta_2_lambda_0.001_seed_20260904,causal,355,5,2.0,0.001,20260904,0.006820156238973141,1.745959997177124,0.8463541865348816,0.8463541865348816,0.0,00111011110111110111101110011110,00111111110111110111101110011110,1,0.8641,0.8642,-9.999999999998899e-05,0.0,0.0971,0.273,0.273,725.3602294921875,0.14033964819908143,causal-margin-v2,2.0,0.5,0.0,0.2890625,0.0859375,-0.00390625,-2.7910656929016113,-0.18532365560531616,2.6057419776916504,False,False
causal_target_5_feature_355_beta_2_lambda_0.001_seed_20260905,causal,355,5,2.0,0.001,20260905,0.006820156238973141,1.745959997177124,0.8463541865348816,0.8463541865348816,0.0,00111011110111110111101110011110,00111111110111110111101110011110,1,0.8641,0.8642,-9.999999999998899e-05,0.0,0.0971,0.4681,0.4681,689.4619750976562,0.16139734933376312,causal-margin-v2,2.0,0.5,0.0,0.5,0.0859375,-0.00390625,-2.858397960662842,-0.038047607988119125,2.820350170135498,False,False
causal_target_5_feature_355_beta_2_lambda_0.001_seed_20260906,causal,355,5,2.0,0.001,20260906,0.006820156238973141,1.745959997177124,0.8463541865348816,0.8463541865348816,0.0,00111011110111110111101110011110,00111111110111110111101110011110,1,0.8641,0.8642,-9.999999999998899e-05,0.0,0.0971,0.4869,0.4869,705.116455078125,0.1528320366382599,causal-margin-v2,2.0,0.5,0.0,0.4765625,0.0859375,-0.00390625,-2.873379707336426,-0.04510851204395294,2.82827091217041,False,False
causal_target_5_feature_357_beta_2_lambda_0.001_seed_20260904,causal,357,5,2.0,0.001,20260904,0.07115751504898071,1.1385202407836914,0.8463541865348816,0.84765625,-0.0013020634651184082,00111101100100011011101100001000,00111111100100011011101100001000,1,0.8641,0.8643,-0.00019999999999997797,0.0,0.0994,0.7377,0.7377,717.0233764648438,0.13838496737480163,causal-margin-v2,2.0,0.5,0.0,0.703125,0.0859375,0.0,-3.0185699462890625,0.19616161286830902,3.2147316932678223,False,False
causal_target_5_feature_357_beta_2_lambda_0.001_seed_20260905,causal,357,5,2.0,0.001,20260905,0.07115751504898071,1.1385202407836914,0.8463541865348816,0.84765625,-0.0013020634651184082,00111101100100011011101100001000,00111111100100011011101100001000,1,0.8641,0.8643,-0.00019999999999997797,0.0,0.0994,0.3177,0.3177,745.6090087890625,0.1326529646873474,causal-margin-v2,2.0,0.5,0.0,0.3203125,0.0859375,0.0,-2.7802467346191406,-0.1597663164138794,2.6204802989959717,False,False
causal_target_5_feature_357_beta_2_lambda_0.001_seed_20260906,causal,357,5,2.0,0.001,20260906,0.07115751504898071,1.1385202407836914,0.8463541865348816,0.84765625,-0.0013020634651184082,00111101100100011011101100001000,00111111100100011011101100001000,1,0.8641,0.8643,-0.00019999999999997797,0.0,0.0994,0.5033,0.5033,697.021240234375,0.1638187455177307,causal-margin-v2,2.0,0.5,0.0,0.55078125,0.0859375,0.0,-2.746767282485962,-0.0076999664306640625,2.739067316055298,False,False
causal_target_5_feature_365_beta_2_lambda_0.001_seed_20260904,causal,365,5,2.0,0.001,20260904,0.0853034183382988,1.3648546934127808,0.8463541865348816,0.8463541865348816,0.0,00111101101011101011001110001111,00111111101011101011001110001111,1,0.8641,0.8649,-0.0008000000000000229,0.0,0.0989,0.9065,0.9065,696.2163696289062,0.17073338050842285,causal-margin-v2,2.0,0.5,0.0,0.91796875,0.0859375,-0.00390625,-2.8419008255004883,0.5286378860473633,3.3705387115478516,True,True
causal_target_5_feature_365_beta_2_lambda_0.001_seed_20260905,causal,365,5,2.0,0.001,20260905,0.0853034183382988,1.3648546934127808,0.8463541865348816,0.8463541865348816,0.0,00111101101011101011001110001111,00111111101011101011001110001111,1,0.8641,0.8649,-0.0008000000000000229,0.0,0.0989,0.8724,0.8724,693.5009765625,0.15619928154945373,causal-margin-v2,2.0,0.5,0.0,0.87890625,0.0859375,-0.00390625,-3.1087865829467773,0.4589623212814331,3.5677490234375,False,False
causal_target_5_feature_365_beta_2_lambda_0.001_seed_20260906,causal,365,5,2.0,0.001,20260906,0.0853034183382988,1.3648546934127808,0.8463541865348816,0.8463541865348816,0.0,00111101101011101011001110001111,00111111101011101011001110001111,1,0.8641,0.8649,-0.0008000000000000229,0.0,0.0989,0.7784,0.7784,718.3671264648438,0.1400354251384735,causal-margin-v2,2.0,0.5,0.0,0.7578125,0.0859375,-0.00390625,-2.8300905227661133,0.24639084935188293,3.076481342315674,False,False
causal_target_5_feature_403_beta_2_lambda_0.001_seed_20260904,causal,403,5,2.0,0.001,20260904,0.07926791906356812,1.2682867050170898,0.8463541865348816,0.8463541865348816,0.0,00111101101000100101011100111000,00111111101000100101011100111000,1,0.8641,0.8637,0.00039999999999995595,0.0,0.0971,0.8386,0.8386,694.1944580078125,0.1713924712896347,causal-margin-v2,2.0,0.5,0.0,0.82421875,0.08984375,-0.00390625,-3.1243724822998047,0.3900381028652191,3.5144104957580566,False,False
causal_target_5_feature_403_beta_2_lambda_0.001_seed_20260905,causal,403,5,2.0,0.001,20260905,0.07926791906356812,1.2682867050170898,0.8463541865348816,0.8463541865348816,0.0,00111101101000100101011100111000,00111111101000100101011100111000,1,0.8641,0.8637,0.00039999999999995595,0.0,0.0971,0.8683,0.8683,687.186279296875,0.17446720278263092,causal-margin-v2,2.0,0.5,0.0,0.8359375,0.08984375,-0.00390625,-3.1030941009521484,0.44309496879577637,3.546189069747925,False,False
causal_target_5_feature_403_beta_2_lambda_0.001_seed_20260906,causal,403,5,2.0,0.001,20260906,0.07926791906356812,1.2682867050170898,0.8463541865348816,0.8463541865348816,0.0,00111101101000100101011100111000,00111111101000100101011100111000,1,0.8641,0.8637,0.00039999999999995595,0.0002,0.0971,0.6759,0.6757,739.0166015625,0.15730234551429748,causal-margin-v2,2.0,0.5,0.00390625,0.65234375,0.08984375,-0.00390625,-2.9624640941619873,0.18295533955097198,3.1454193592071533,False,False
causal_target_5_feature_420_beta_2_lambda_0.001_seed_20260904,causal,420,5,2.0,0.001,20260904,0.005579041317105293,1.428234577178955,0.8463541865348816,0.8463541865348816,0.0,00111011101101101101000001100100,00111111101101101101000001100100,1,0.8641,0.8646,-0.000500000000000056,0.0012,0.0973,0.0417,0.0405,554.9812622070312,0.3662684413909912,causal-margin-v2,2.0,0.5,0.0,0.0546875,0.0859375,-0.00390625,-2.5115089416503906,-1.202906847000122,1.3086020946502686,False,False
causal_target_5_feature_420_beta_2_lambda_0.001_seed_20260905,causal,420,5,2.0,0.001,20260905,0.005579041317105293,1.428234577178955,0.8463541865348816,0.8463541865348816,0.0,00111011101101101101000001100100,00111111101101101101000001100100,1,0.8641,0.8646,-0.000500000000000056,0.0004,0.0973,0.0219,0.0215,558.0514526367188,0.3597773063182831,causal-margin-v2,2.0,0.5,0.0,0.0234375,0.0859375,-0.00390625,-2.5372767448425293,-1.2822431325912476,1.2550334930419922,False,False
causal_target_5_feature_420_beta_2_lambda_0.001_seed_20260906,causal,420,5,2.0,0.001,20260906,0.005579041317105293,1.428234577178955,0.8463541865348816,0.8463541865348816,0.0,00111011101101101101000001100100,00111111101101101101000001100100,1,0.8641,0.8646,-0.000500000000000056,0.0038,0.0973,0.0341,0.030299999999999997,546.0120849609375,0.39314314384460447,causal-margin-v2,2.0,0.5,0.0,0.03125,0.0859375,-0.00390625,-2.62715744972229,-1.7304089069366455,0.8967485427856445,False,False
causal_target_5_feature_421_beta_2_lambda_0.001_seed_20260904,causal,421,5,2.0,0.001,20260904,0.004906060174107552,1.2559514045715332,0.8463541865348816,0.8463541865348816,0.0,00111011101000001100001100000100,00111111101000001100001100000100,1,0.8641,0.8644,-0.00029999999999996696,0.0,0.0952,0.0717,0.0717,831.9837646484375,0.08428384034633636,causal-margin-v2,2.0,0.5,0.0,0.08984375,0.08203125,0.0,-2.711179256439209,-0.30633652210235596,2.4048428535461426,False,False
causal_target_5_feature_421_beta_2_lambda_0.001_seed_20260905,causal,421,5,2.0,0.001,20260905,0.004906060174107552,1.2559514045715332,0.8463541865348816,0.8463541865348816,0.0,00111011101000001100001100000100,00111111101000001100001100000100,1,0.8641,0.8644,-0.00029999999999996696,0.0,0.0952,0.0638,0.0638,723.2915649414062,0.1497302966594696,causal-margin-v2,2.0,0.5,0.0,0.09375,0.08203125,0.0,-2.6174917221069336,-0.46005815267562866,2.1574337482452393,False,False
causal_target_5_feature_421_beta_2_lambda_0.001_seed_20260906,causal,421,5,2.0,0.001,20260906,0.004906060174107552,1.2559514045715332,0.8463541865348816,0.8463541865348816,0.0,00111011101000001100001100000100,00111111101000001100001100000100,1,0.8641,0.8644,-0.00029999999999996696,0.0017,0.0952,0.0381,0.0364,561.6571044921875,0.34754928379058836,causal-margin-v2,2.0,0.5,0.00390625,0.05859375,0.08203125,0.0,-2.4552273750305176,-1.3872017860412598,1.0680257081985474,False,False
causal_target_5_feature_427_beta_2_lambda_0.001_seed_20260904,causal,427,5,2.0,0.001,20260904,0.06887799501419067,1.1020479202270508,0.8463541865348816,0.8463541865348816,0.0,00111101100011010000111111101000,00111111100011010000111111101000,1,0.8641,0.8643,-0.00019999999999997797,0.0,0.0976,0.042,0.042,720.9388427734375,0.15712175915241242,causal-margin-v2,2.0,0.5,0.0,0.05859375,0.08984375,-0.00390625,-2.397127151489258,-0.7222669124603271,1.6748600006103516,False,False
causal_target_5_feature_427_beta_2_lambda_0.001_seed_20260905,causal,427,5,2.0,0.001,20260905,0.06887799501419067,1.1020479202270508,0.8463541865348816,0.8463541865348816,0.0,00111101100011010000111111101000,00111111100011010000111111101000,1,0.8641,0.8643,-0.00019999999999997797,0.0132,0.0976,0.0742,0.061,520.6774291992188,0.33370119581222535,causal-margin-v2,2.0,0.5,0.02734375,0.1015625,0.08984375,-0.00390625,-1.9100568294525146,-1.1205971240997314,0.7894595861434937,False,False
causal_target_5_feature_427_beta_2_lambda_0.001_seed_20260906,causal,427,5,2.0,0.001,20260906,0.06887799501419067,1.1020479202270508,0.8463541865348816,0.8463541865348816,0.0,00111101100011010000111111101000,00111111100011010000111111101000,1,0.8641,0.8643,-0.00019999999999997797,0.0002,0.0976,0.048,0.0478,647.6516723632812,0.22786974017620087,causal-margin-v2,2.0,0.5,0.0,0.05078125,0.08984375,-0.00390625,-2.29072904586792,-0.9705699682235718,1.3201591968536377,False,False
causal_target_5_feature_434_beta_2_lambda_0.001_seed_20260904,causal,434,5,2.0,0.001,20260904,0.07827035337686539,1.2523256540298462,0.8463541865348816,0.8463541865348816,0.0,00111101101000000100110000110101,00111111101000000100110000110101,1,0.8641,0.8643,-0.00019999999999997797,0.0,0.0978,0.9413,0.9413,695.3514404296875,0.165444508934021,causal-margin-v2,2.0,0.5,0.0,0.921875,0.08984375,-0.00390625,-3.3513734340667725,0.7901436686515808,4.141517162322998,True,True
causal_target_5_feature_434_beta_2_lambda_0.001_seed_20260905,causal,434,5,2.0,0.001,20260905,0.07827035337686539,1.2523256540298462,0.8463541865348816,0.8463541865348816,0.0,00111101101000000100110000110101,00111111101000000100110000110101,1,0.8641,0.8643,-0.00019999999999997797,0.0,0.0978,0.9454,0.9454,700.8802490234375,0.162356481552124,causal-margin-v2,2.0,0.5,0.0,0.94140625,0.08984375,-0.00390625,-3.3441061973571777,0.8830849528312683,4.22719144821167,True,True
causal_target_5_feature_434_beta_2_lambda_0.001_seed_20260906,causal,434,5,2.0,0.001,20260906,0.07827035337686539,1.2523256540298462,0.8463541865348816,0.8463541865348816,0.0,00111101101000000100110000110101,00111111101000000100110000110101,1,0.8641,0.8643,-0.00019999999999997797,0.0,0.0978,0.9822,0.9822,709.598876953125,0.1613452158689499,causal-margin-v2,2.0,0.5,0.0,0.96875,0.08984375,-0.00390625,-3.2007524967193604,1.0012421607971191,4.2019944190979,True,True
causal_target_5_feature_436_beta_2_lambda_0.001_seed_20260904,causal,436,5,2.0,0.001,20260904,0.06619402766227722,1.0591044425964355,0.8463541865348816,0.8463541865348816,0.0,00111101100001111001000010111100,00111111100001111001000010111100,1,0.8641,0.8644,-0.00029999999999996696,0.0001,0.0988,0.0604,0.0603,688.2654418945312,0.18496425194740296,causal-margin-v2,2.0,0.5,0.0,0.0703125,0.08984375,-0.00390625,-2.49853253364563,-0.7127673625946045,1.7857650518417358,False,False
causal_target_5_feature_436_beta_2_lambda_0.001_seed_20260905,causal,436,5,2.0,0.001,20260905,0.06619402766227722,1.0591044425964355,0.8463541865348816,0.8463541865348816,0.0,00111101100001111001000010111100,00111111100001111001000010111100,1,0.8641,0.8644,-0.00029999999999996696,0.0,0.0988,0.0357,0.0357,704.4310302734375,0.1637623965024948,causal-margin-v2,2.0,0.5,0.0,0.04296875,0.08984375,-0.00390625,-2.480884313583374,-0.7101017832756042,1.7707825899124146,False,False
causal_target_5_feature_436_beta_2_lambda_0.001_seed_20260906,causal,436,5,2.0,0.001,20260906,0.06619402766227722,1.0591044425964355,0.8463541865348816,0.8463541865348816,0.0,00111101100001111001000010111100,00111111100001111001000010111100,1,0.8641,0.8644,-0.00029999999999996696,0.0,0.0988,0.079,0.079,817.3285522460938,0.0889697416305542,causal-margin-v2,2.0,0.5,0.0,0.1328125,0.08984375,-0.00390625,-2.613759756088257,-0.31092244386672974,2.302837371826172,False,False
causal_target_5_feature_438_beta_2_lambda_0.001_seed_20260904,causal,438,5,2.0,0.001,20260904,0.08151393383741379,1.3042229413986206,0.8463541865348816,0.84765625,-0.0013020634651184082,00111101101001101111000011000111,00111111101001101111000011000111,1,0.8641,0.8648,-0.0007000000000000339,0.0,0.1002,0.3576,0.3576,728.8898315429688,0.15987362325191498,causal-margin-v2,2.0,0.5,0.0,0.33984375,0.08984375,-0.00390625,-2.4352962970733643,-0.14638347923755646,2.288912773132324,False,False
causal_target_5_feature_438_beta_2_lambda_0.001_seed_20260905,causal,438,5,2.0,0.001,20260905,0.08151393383741379,1.3042229413986206,0.8463541865348816,0.84765625,-0.0013020634651184082,00111101101001101111000011000111,00111111101001101111000011000111,1,0.8641,0.8648,-0.0007000000000000339,0.0,0.1002,0.0762,0.0762,752.149658203125,0.1300475581407547,causal-margin-v2,2.0,0.5,0.0,0.07421875,0.08984375,-0.00390625,-2.5106310844421387,-0.5166508555412292,1.993980050086975,False,False
causal_target_5_feature_438_beta_2_lambda_0.001_seed_20260906,causal,438,5,2.0,0.001,20260906,0.08151393383741379,1.3042229413986206,0.8463541865348816,0.84765625,-0.0013020634651184082,00111101101001101111000011000111,00111111101001101111000011000111,1,0.8641,0.8648,-0.0007000000000000339,0.0,0.1002,0.7064,0.7064,728.9647827148438,0.1335672755241394,causal-margin-v2,2.0,0.5,0.0,0.73046875,0.08984375,-0.00390625,-2.5661938190460205,0.1454077959060669,2.711601734161377,False,False
causal_target_5_feature_445_beta_2_lambda_0.001_seed_20260904,causal,445,5,2.0,0.001,20260904,0.0758642628788948,1.213828206062317,0.8463541865348816,0.8463541865348816,0.0,00111101100110110101111010111001,00111111100110110101111010111001,1,0.8641,0.8638,0.00029999999999996696,0.0,0.0982,0.6194,0.6194,727.43603515625,0.1592760796546936,causal-margin-v2,2.0,0.5,0.0,0.609375,0.08984375,-0.00390625,-2.8781344890594482,0.14154967665672302,3.019684314727783,False,False
causal_target_5_feature_445_beta_2_lambda_0.001_seed_20260905,causal,445,5,2.0,0.001,20260905,0.0758642628788948,1.213828206062317,0.8463541865348816,0.8463541865348816,0.0,00111101100110110101111010111001,00111111100110110101111010111001,1,0.8641,0.8638,0.00029999999999996696,0.0001,0.0982,0.5835,0.5834,720.0420532226562,0.16147256042957306,causal-margin-v2,2.0,0.5,0.0,0.5703125,0.08984375,-0.00390625,-2.8845291137695312,0.04380527883768082,2.9283342361450195,False,False
causal_target_5_feature_445_beta_2_lambda_0.001_seed_20260906,causal,445,5,2.0,0.001,20260906,0.0758642628788948,1.213828206062317,0.8463541865348816,0.8463541865348816,0.0,00111101100110110101111010111001,00111111100110110101111010111001,1,0.8641,0.8638,0.00029999999999996696,0.0,0.0982,0.7508,0.7508,735.8043823242188,0.16287429974079132,causal-margin-v2,2.0,0.5,0.0,0.734375,0.08984375,-0.00390625,-2.4958977699279785,0.21913987398147583,2.7150375843048096,False,False
causal_target_5_feature_452_beta_2_lambda_0.001_seed_20260904,causal,452,5,2.0,0.001,20260904,0.0654355138540268,1.0469682216644287,0.8463541865348816,0.8463541865348816,0.0,00111101100001100000001100001110,00111111100001100000001100001110,1,0.8641,0.8651,-0.0010000000000000009,0.0,0.0964,0.7318,0.7318,710.1837768554688,0.14772877402305604,causal-margin-v2,2.0,0.5,0.0,0.69921875,0.0859375,-0.00390625,-3.007673740386963,0.12842527031898499,3.136098861694336,False,False
causal_target_5_feature_452_beta_2_lambda_0.001_seed_20260905,causal,452,5,2.0,0.001,20260905,0.0654355138540268,1.0469682216644287,0.8463541865348816,0.8463541865348816,0.0,00111101100001100000001100001110,00111111100001100000001100001110,1,0.8641,0.8651,-0.0010000000000000009,0.0,0.0964,0.8463,0.8463,715.5060424804688,0.13568975820541382,causal-margin-v2,2.0,0.5,0.0,0.8671875,0.0859375,-0.00390625,-3.0261285305023193,0.31748297810554504,3.343611478805542,False,False
causal_target_5_feature_452_beta_2_lambda_0.001_seed_20260906,causal,452,5,2.0,0.001,20260906,0.0654355138540268,1.0469682216644287,0.8463541865348816,0.8463541865348816,0.0,00111101100001100000001100001110,00111111100001100000001100001110,1,0.8641,0.8651,-0.0010000000000000009,0.0,0.0964,0.7745,0.7745,730.53759765625,0.13351778001785278,causal-margin-v2,2.0,0.5,0.0,0.7578125,0.0859375,-0.00390625,-2.9767119884490967,0.19103935360908508,3.1677513122558594,False,False
causal_target_5_feature_455_beta_2_lambda_0.001_seed_20260904,causal,455,5,2.0,0.001,20260904,0.08896174281835556,1.423387885093689,0.8463541865348816,0.8463541865348816,0.0,00111101101101100011000110010011,00111111101101100011000110010011,1,0.8641,0.8643,-0.00019999999999997797,0.0,0.102,0.5117,0.5117,657.9074096679688,0.2064222249507904,causal-margin-v2,2.0,0.5,0.0,0.5546875,0.08984375,-0.00390625,-2.7964797019958496,0.025660865008831024,2.822140693664551,False,False
causal_target_5_feature_455_beta_2_lambda_0.001_seed_20260905,causal,455,5,2.0,0.001,20260905,0.08896174281835556,1.423387885093689,0.8463541865348816,0.8463541865348816,0.0,00111101101101100011000110010011,00111111101101100011000110010011,1,0.8641,0.8643,-0.00019999999999997797,0.0,0.102,0.6372,0.6372,663.4705810546875,0.19404548456668855,causal-margin-v2,2.0,0.5,0.0,0.60546875,0.08984375,-0.00390625,-2.9141976833343506,0.09286075830459595,3.007058620452881,False,False
causal_target_5_feature_455_beta_2_lambda_0.001_seed_20260906,causal,455,5,2.0,0.001,20260906,0.08896174281835556,1.423387885093689,0.8463541865348816,0.8463541865348816,0.0,00111101101101100011000110010011,00111111101101100011000110010011,1,0.8641,0.8643,-0.00019999999999997797,0.0,0.102,0.502,0.502,647.2316284179688,0.20419729747772217,causal-margin-v2,2.0,0.5,0.0,0.5390625,0.08984375,-0.00390625,-2.7813942432403564,-0.023661214858293533,2.7577333450317383,False,False
causal_target_5_feature_462_beta_2_lambda_0.001_seed_20260904,causal,462,5,2.0,0.001,20260904,0.07802590727806091,1.2484145164489746,0.8463541865348816,0.8463541865348816,0.0,00111101100111111100110000001100,00111111100111111100110000001100,1,0.8641,0.8641,0.0,0.0,0.0974,0.4148,0.4148,706.3421630859375,0.14272480161190032,causal-margin-v2,2.0,0.5,0.0,0.40234375,0.0859375,-0.00390625,-2.7727279663085938,-0.08328011631965637,2.6894478797912598,False,False
causal_target_5_feature_462_beta_2_lambda_0.001_seed_20260905,causal,462,5,2.0,0.001,20260905,0.07802590727806091,1.2484145164489746,0.8463541865348816,0.8463541865348816,0.0,00111101100111111100110000001100,00111111100111111100110000001100,1,0.8641,0.8641,0.0,0.0,0.0974,0.2534,0.2534,783.5863647460938,0.10170722522735595,causal-margin-v2,2.0,0.5,0.0,0.25390625,0.0859375,-0.00390625,-2.517702102661133,-0.25203078985214233,2.2656712532043457,False,False
causal_target_5_feature_462_beta_2_lambda_0.001_seed_20260906,causal,462,5,2.0,0.001,20260906,0.07802590727806091,1.2484145164489746,0.8463541865348816,0.8463541865348816,0.0,00111101100111111100110000001100,00111111100111111100110000001100,1,0.8641,0.8641,0.0,0.0,0.0974,0.3145,0.3145,750.0317993164062,0.129899032330513,causal-margin-v2,2.0,0.5,0.0,0.3203125,0.0859375,-0.00390625,-2.4761710166931152,-0.21528038382530212,2.260890483856201,False,False
causal_target_5_feature_466_beta_2_lambda_0.001_seed_20260904,causal,466,5,2.0,0.001,20260904,0.005853170063346624,1.4984115362167358,0.8463541865348816,0.8463541865348816,0.0,00111011101111111100101111110011,00111111101111111100101111110011,1,0.8641,0.8642,-9.999999999998899e-05,0.0,0.0963,0.3711,0.3711,676.4414672851562,0.18241763558387755,causal-margin-v2,2.0,0.5,0.0,0.40625,0.0859375,-0.00390625,-2.7987136840820312,-0.14657726883888245,2.6521365642547607,False,False
causal_target_5_feature_466_beta_2_lambda_0.001_seed_20260905,causal,466,5,2.0,0.001,20260905,0.005853170063346624,1.4984115362167358,0.8463541865348816,0.8463541865348816,0.0,00111011101111111100101111110011,00111111101111111100101111110011,1,0.8641,0.8642,-9.999999999998899e-05,0.0001,0.0963,0.4166,0.41650000000000004,678.0089721679688,0.19485489857196808,causal-margin-v2,2.0,0.5,0.0,0.37109375,0.0859375,-0.00390625,-2.809065818786621,-0.15420719981193542,2.654858350753784,False,False
causal_target_5_feature_466_beta_2_lambda_0.001_seed_20260906,causal,466,5,2.0,0.001,20260906,0.005853170063346624,1.4984115362167358,0.8463541865348816,0.8463541865348816,0.0,00111011101111111100101111110011,00111111101111111100101111110011,1,0.8641,0.8642,-9.999999999998899e-05,0.0,0.0963,0.4307,0.4307,699.2366943359375,0.175699906206131,causal-margin-v2,2.0,0.5,0.0,0.41015625,0.0859375,-0.00390625,-2.703699827194214,-0.10466749966144562,2.599032402038574,False,False
causal_target_5_feature_483_beta_2_lambda_0.001_seed_20260904,causal,483,5,2.0,0.001,20260904,0.114515520632267,1.832248330116272,0.8463541865348816,0.8463541865348816,0.0,00111101111010101000011100011101,00111111111010101000011100011101,1,0.8641,0.8638,0.00029999999999996696,0.0,0.101,0.5859,0.5859,675.4963989257812,0.18250468335151673,causal-margin-v2,2.0,0.5,0.0,0.5859375,0.08984375,-0.00390625,-2.760051965713501,0.07214126735925674,2.832193374633789,False,False
causal_target_5_feature_483_beta_2_lambda_0.001_seed_20260905,causal,483,5,2.0,0.001,20260905,0.114515520632267,1.832248330116272,0.8463541865348816,0.8463541865348816,0.0,00111101111010101000011100011101,00111111111010101000011100011101,1,0.8641,0.8638,0.00029999999999996696,0.0,0.101,0.2746,0.2746,744.7748413085938,0.14712990279197694,causal-margin-v2,2.0,0.5,0.0,0.28515625,0.08984375,-0.00390625,-2.3537893295288086,-0.24931098520755768,2.104478359222412,False,False
causal_target_5_feature_483_beta_2_lambda_0.001_seed_20260906,causal,483,5,2.0,0.001,20260906,0.114515520632267,1.832248330116272,0.8463541865348816,0.8463541865348816,0.0,00111101111010101000011100011101,00111111111010101000011100011101,1,0.8641,0.8638,0.00029999999999996696,0.0,0.101,0.5438,0.5438,809.1065673828125,0.10932656798362732,causal-margin-v2,2.0,0.5,0.0,0.51953125,0.08984375,-0.00390625,-2.436744451522827,0.0012191757559776306,2.4379634857177734,False,False
causal_target_5_feature_492_beta_2_lambda_0.001_seed_20260904,causal,492,5,2.0,0.001,20260904,0.08247058093547821,1.3195292949676514,0.8463541865348816,0.8463541865348816,0.0,00111101101010001110011001010110,00111111101010001110011001010110,1,0.8641,0.8637,0.00039999999999995595,0.0,0.0993,0.0491,0.0491,701.1968994140625,0.16833338985443116,causal-margin-v2,2.0,0.5,0.0,0.08984375,0.08984375,-0.00390625,-2.435415267944336,-0.5934802889823914,1.8419349193572998,False,False
causal_target_5_feature_492_beta_2_lambda_0.001_seed_20260905,causal,492,5,2.0,0.001,20260905,0.08247058093547821,1.3195292949676514,0.8463541865348816,0.8463541865348816,0.0,00111101101010001110011001010110,00111111101010001110011001010110,1,0.8641,0.8637,0.00039999999999995595,0.0,0.0993,0.0893,0.0893,796.9962158203125,0.09812179973125458,causal-margin-v2,2.0,0.5,0.0,0.11328125,0.08984375,-0.00390625,-2.523000717163086,-0.3762719929218292,2.146728992462158,False,False
causal_target_5_feature_492_beta_2_lambda_0.001_seed_20260906,causal,492,5,2.0,0.001,20260906,0.08247058093547821,1.3195292949676514,0.8463541865348816,0.8463541865348816,0.0,00111101101010001110011001010110,00111111101010001110011001010110,1,0.8641,0.8637,0.00039999999999995595,0.017,0.0993,0.045,0.027999999999999997,528.5830688476562,0.4160295031547546,causal-margin-v2,2.0,0.5,0.01171875,0.0703125,0.08984375,-0.00390625,-1.9440038204193115,-1.4862505197525024,0.4577535390853882,False,False
causal_target_5_feature_501_beta_2_lambda_0.001_seed_20260904,causal,501,5,2.0,0.001,20260904,0.004448621068149805,1.13884699344635,0.8463541865348816,0.8463541865348816,0.0,00111011100100011100010110111101,00111111100100011100010110111101,1,0.8641,0.864,9.999999999998899e-05,0.0003,0.0972,0.015,0.0147,550.43701171875,0.35468151259422304,causal-margin-v2,2.0,0.5,0.0,0.03515625,0.0859375,0.0,-2.5004563331604004,-1.2818464040756226,1.2186098098754883,False,False
causal_target_5_feature_501_beta_2_lambda_0.001_seed_20260905,causal,501,5,2.0,0.001,20260905,0.004448621068149805,1.13884699344635,0.8463541865348816,0.8463541865348816,0.0,00111011100100011100010110111101,00111111100100011100010110111101,1,0.8641,0.864,9.999999999998899e-05,0.0001,0.0972,0.0177,0.0176,582.1861572265625,0.29556310482025144,causal-margin-v2,2.0,0.5,0.0,0.02734375,0.0859375,0.0,-2.516911506652832,-1.1552468538284302,1.3616647720336914,False,False
causal_target_5_feature_501_beta_2_lambda_0.001_seed_20260906,causal,501,5,2.0,0.001,20260906,0.004448621068149805,1.13884699344635,0.8463541865348816,0.8463541865348816,0.0,00111011100100011100010110111101,00111111100100011100010110111101,1,0.8641,0.864,9.999999999998899e-05,0.0062,0.0972,0.0186,0.012399999999999998,531.3323974609375,0.41654405989646914,causal-margin-v2,2.0,0.5,0.0078125,0.03515625,0.0859375,0.0,-2.6394433975219727,-2.046168804168701,0.5932745337486267,False,False
causal_target_5_feature_504_beta_2_lambda_0.001_seed_20260904,causal,504,5,2.0,0.001,20260904,0.11531242728233337,1.844998836517334,0.8463541865348816,0.8463541865348816,0.0,00111101111011000010100011101100,00111111111011000010100011101100,1,0.8641,0.8642,-9.999999999998899e-05,0.0,0.1008,0.9613,0.9613,720.2767333984375,0.14744205367565155,causal-margin-v2,2.0,0.5,0.0,0.94921875,0.0859375,-0.00390625,-3.244785785675049,0.7355881929397583,3.9803740978240967,True,True
causal_target_5_feature_504_beta_2_lambda_0.001_seed_20260905,causal,504,5,2.0,0.001,20260905,0.11531242728233337,1.844998836517334,0.8463541865348816,0.8463541865348816,0.0,00111101111011000010100011101100,00111111111011000010100011101100,1,0.8641,0.8642,-9.999999999998899e-05,0.0,0.1008,0.7396,0.7396,748.3132934570312,0.13133982667922975,causal-margin-v2,2.0,0.5,0.0,0.78515625,0.0859375,-0.00390625,-2.82594895362854,0.2109678089618683,3.036916732788086,False,False
causal_target_5_feature_504_beta_2_lambda_0.001_seed_20260906,causal,504,5,2.0,0.001,20260906,0.11531242728233337,1.844998836517334,0.8463541865348816,0.8463541865348816,0.0,00111101111011000010100011101100,00111111111011000010100011101100,1,0.8641,0.8642,-9.999999999998899e-05,0.0,0.1008,0.8414,0.8414,725.9935302734375,0.14561047739982605,causal-margin-v2,2.0,0.5,0.0,0.8046875,0.0859375,-0.00390625,-3.0251479148864746,0.33959972858428955,3.3647475242614746,False,False
causal_target_6_feature_1_beta_2_lambda_0.001_seed_20260904,causal,1,6,2.0,0.001,20260904,0.06775947660207748,1.0841516256332397,0.8463541865348816,0.8463541865348816,0.0,00111101100010101100010101111011,00111111100010101100010101111011,1,0.8641,0.864,9.999999999998899e-05,0.0,0.1089,0.2316,0.2316,803.170166015625,0.09599655113220215,causal-margin-v2,2.0,0.5,0.0,0.25390625,0.14453125,-0.00390625,-2.7248921394348145,-0.17833015322685242,2.5465619564056396,False,False
causal_target_6_feature_1_beta_2_lambda_0.001_seed_20260905,causal,1,6,2.0,0.001,20260905,0.06775947660207748,1.0841516256332397,0.8463541865348816,0.8463541865348816,0.0,00111101100010101100010101111011,00111111100010101100010101111011,1,0.8641,0.864,9.999999999998899e-05,0.0249,0.1089,0.1089,0.08399999999999999,532.4120483398438,0.3315435206413269,causal-margin-v2,2.0,0.5,0.03515625,0.15234375,0.14453125,-0.00390625,-2.014291524887085,-1.0777209997177124,0.9365705251693726,False,False
causal_target_6_feature_1_beta_2_lambda_0.001_seed_20260906,causal,1,6,2.0,0.001,20260906,0.06775947660207748,1.0841516256332397,0.8463541865348816,0.8463541865348816,0.0,00111101100010101100010101111011,00111111100010101100010101111011,1,0.8641,0.864,9.999999999998899e-05,0.0003,0.1089,0.1549,0.15460000000000002,684.723388671875,0.18871561696529388,causal-margin-v2,2.0,0.5,0.0,0.19140625,0.14453125,-0.00390625,-2.264472484588623,-0.4582671821117401,1.8062055110931396,False,False
causal_target_6_feature_5_beta_2_lambda_0.001_seed_20260904,causal,5,6,2.0,0.001,20260904,0.06388364732265472,1.0221383571624756,0.8463541865348816,0.8463541865348816,0.0,00111101100000101101010101101110,00111111100000101101010101101110,1,0.8641,0.8644,-0.00029999999999996696,0.0,0.1076,0.2699,0.2699,751.85302734375,0.12083887926340103,causal-margin-v2,2.0,0.5,0.0,0.30078125,0.13671875,-0.00390625,-2.6822216510772705,-0.1353764832019806,2.5468451976776123,False,False
causal_target_6_feature_5_beta_2_lambda_0.001_seed_20260905,causal,5,6,2.0,0.001,20260905,0.06388364732265472,1.0221383571624756,0.8463541865348816,0.8463541865348816,0.0,00111101100000101101010101101110,00111111100000101101010101101110,1,0.8641,0.8644,-0.00029999999999996696,0.0,0.1076,0.1508,0.1508,736.8197631835938,0.13903095030784607,causal-margin-v2,2.0,0.5,0.0,0.15625,0.13671875,-0.00390625,-2.647002696990967,-0.34677809476852417,2.300224542617798,False,False
causal_target_6_feature_5_beta_2_lambda_0.001_seed_20260906,causal,5,6,2.0,0.001,20260906,0.06388364732265472,1.0221383571624756,0.8463541865348816,0.8463541865348816,0.0,00111101100000101101010101101110,00111111100000101101010101101110,1,0.8641,0.8644,-0.00029999999999996696,0.0,0.1076,0.0717,0.0717,689.67578125,0.17428482491970063,causal-margin-v2,2.0,0.5,0.0,0.0859375,0.13671875,-0.00390625,-2.5113813877105713,-0.5987250804901123,1.912656307220459,False,False
causal_target_6_feature_6_beta_2_lambda_0.001_seed_20260904,causal,6,6,2.0,0.001,20260904,0.0044213770888745785,1.131872534751892,0.8463541865348816,0.84765625,-0.0013020634651184082,00111011100100001110000100110011,00111111100100001110000100110011,1,0.8641,0.8644,-0.00029999999999996696,0.0059,0.1073,0.0098,0.0039,504.6170654296875,0.4317915794372559,causal-margin-v2,2.0,0.5,0.01171875,0.0234375,0.1328125,0.0,-2.284297466278076,-2.0044240951538086,0.27987343072891235,False,False
causal_target_6_feature_6_beta_2_lambda_0.001_seed_20260905,causal,6,6,2.0,0.001,20260905,0.0044213770888745785,1.131872534751892,0.8463541865348816,0.84765625,-0.0013020634651184082,00111011100100001110000100110011,00111111100100001110000100110011,1,0.8641,0.8644,-0.00029999999999996696,0.0015,0.1073,0.0202,0.018699999999999998,504.594970703125,0.41794934878349305,causal-margin-v2,2.0,0.5,0.0,0.02734375,0.1328125,0.0,-2.1878302097320557,-1.4197797775268555,0.7680505514144897,False,False
causal_target_6_feature_6_beta_2_lambda_0.001_seed_20260906,causal,6,6,2.0,0.001,20260906,0.0044213770888745785,1.131872534751892,0.8463541865348816,0.84765625,-0.0013020634651184082,00111011100100001110000100110011,00111111100100001110000100110011,1,0.8641,0.8644,-0.00029999999999996696,0.0013,0.1073,0.0039,0.0026,502.7844543457031,0.41339255542755127,causal-margin-v2,2.0,0.5,0.00390625,0.01171875,0.1328125,0.0,-2.2191805839538574,-1.8192157745361328,0.3999648690223694,False,False
causal_target_6_feature_19_beta_2_lambda_0.001_seed_20260904,causal,19,6,2.0,0.001,20260904,0.07388781011104584,1.1822049617767334,0.8463541865348816,0.8463541865348816,0.0,00111101100101110101001001111110,00111111100101110101001001111110,1,0.8641,0.8642,-9.999999999998899e-05,0.0012,0.1088,0.01,0.0088,484.2926330566406,0.4007328308582306,causal-margin-v2,2.0,0.5,0.00390625,0.03125,0.140625,-0.00390625,-2.1053571701049805,-1.5676429271697998,0.5377144813537598,False,False
causal_target_6_feature_19_beta_2_lambda_0.001_seed_20260905,causal,19,6,2.0,0.001,20260905,0.07388781011104584,1.1822049617767334,0.8463541865348816,0.8463541865348816,0.0,00111101100101110101001001111110,00111111100101110101001001111110,1,0.8641,0.8642,-9.999999999998899e-05,0.0032,0.1088,0.0132,0.01,517.2919921875,0.37492526206970217,causal-margin-v2,2.0,0.5,0.00390625,0.02734375,0.140625,-0.00390625,-2.0595929622650146,-1.5477471351623535,0.5118457078933716,False,False
causal_target_6_feature_19_beta_2_lambda_0.001_seed_20260906,causal,19,6,2.0,0.001,20260906,0.07388781011104584,1.1822049617767334,0.8463541865348816,0.8463541865348816,0.0,00111101100101110101001001111110,00111111100101110101001001111110,1,0.8641,0.8642,-9.999999999998899e-05,0.0052,0.1088,0.0172,0.012,448.9151306152344,0.4254419212341309,causal-margin-v2,2.0,0.5,0.0078125,0.02734375,0.140625,-0.00390625,-2.137259006500244,-1.6852421760559082,0.45201700925827026,False,False
causal_target_6_feature_28_beta_2_lambda_0.001_seed_20260904,causal,28,6,2.0,0.001,20260904,0.007444762624800205,1.9058592319488525,0.8463541865348816,0.8463541865348816,0.0,00111011111100111111001100110010,00111111111100111111001100110010,1,0.8641,0.8645,-0.00040000000000006697,0.0,0.1069,0.3851,0.3851,743.5632934570312,0.144656764793396,causal-margin-v2,2.0,0.5,0.0,0.42578125,0.1328125,0.0,-2.765185832977295,-0.08621634542942047,2.678969621658325,False,False
causal_target_6_feature_28_beta_2_lambda_0.001_seed_20260905,causal,28,6,2.0,0.001,20260905,0.007444762624800205,1.9058592319488525,0.8463541865348816,0.8463541865348816,0.0,00111011111100111111001100110010,00111111111100111111001100110010,1,0.8641,0.8645,-0.00040000000000006697,0.0,0.1069,0.3724,0.3724,699.2122192382812,0.1793215652704239,causal-margin-v2,2.0,0.5,0.0,0.3671875,0.1328125,0.0,-2.7518341541290283,-0.133466899394989,2.6183671951293945,False,False
causal_target_6_feature_28_beta_2_lambda_0.001_seed_20260906,causal,28,6,2.0,0.001,20260906,0.007444762624800205,1.9058592319488525,0.8463541865348816,0.8463541865348816,0.0,00111011111100111111001100110010,00111111111100111111001100110010,1,0.8641,0.8645,-0.00040000000000006697,0.0001,0.1069,0.4351,0.435,677.583984375,0.1912976856470108,causal-margin-v2,2.0,0.5,0.0,0.39453125,0.1328125,0.0,-2.820554494857788,-0.10234794020652771,2.7182064056396484,False,False
causal_target_6_feature_33_beta_2_lambda_0.001_seed_20260904,causal,33,6,2.0,0.001,20260904,0.12096419185400009,1.9354270696640015,0.8463541865348816,0.8463541865348816,0.0,00111101111101111011110000010011,00111111111101111011110000010011,1,0.8641,0.863,0.0010999999999999899,0.0,0.1119,0.9917,0.9917,697.1656494140625,0.188872820019722,causal-margin-v2,2.0,0.5,0.0,1.0,0.14453125,-0.00390625,-3.9644384384155273,1.5533084869384766,5.517746925354004,False,True
causal_target_6_feature_33_beta_2_lambda_0.001_seed_20260905,causal,33,6,2.0,0.001,20260905,0.12096419185400009,1.9354270696640015,0.8463541865348816,0.8463541865348816,0.0,00111101111101111011110000010011,00111111111101111011110000010011,1,0.8641,0.863,0.0010999999999999899,0.0001,0.1119,0.9937,0.9936,654.2579345703125,0.22736169278621673,causal-margin-v2,2.0,0.5,0.0,1.0,0.14453125,-0.00390625,-3.7668190002441406,1.4462957382202148,5.2131147384643555,False,True
causal_target_6_feature_33_beta_2_lambda_0.001_seed_20260906,causal,33,6,2.0,0.001,20260906,0.12096419185400009,1.9354270696640015,0.8463541865348816,0.8463541865348816,0.0,00111101111101111011110000010011,00111111111101111011110000010011,1,0.8641,0.863,0.0010999999999999899,0.0,0.1119,0.998,0.998,657.27783203125,0.20256880955696105,causal-margin-v2,2.0,0.5,0.0,1.0,0.14453125,-0.00390625,-4.1514387130737305,1.818129062652588,5.96956729888916,False,True
causal_target_6_feature_34_beta_2_lambda_0.001_seed_20260904,causal,34,6,2.0,0.001,20260904,0.067364402115345,1.07783043384552,0.8463541865348816,0.8463541865348816,0.0,00111101100010011111011001011001,00111111100010011111011001011001,1,0.8641,0.8635,0.0005999999999999339,0.0,0.1087,0.4496,0.4496,798.0807495117188,0.10404846301078796,causal-margin-v2,2.0,0.5,0.0,0.4609375,0.140625,-0.00390625,-2.5903069972991943,-0.03307662904262543,2.5572304725646973,False,False
causal_target_6_feature_34_beta_2_lambda_0.001_seed_20260905,causal,34,6,2.0,0.001,20260905,0.067364402115345,1.07783043384552,0.8463541865348816,0.8463541865348816,0.0,00111101100010011111011001011001,00111111100010011111011001011001,1,0.8641,0.8635,0.0005999999999999339,0.0,0.1087,0.2874,0.2874,807.62939453125,0.0951467213511467,causal-margin-v2,2.0,0.5,0.0,0.3203125,0.140625,-0.00390625,-2.669109344482422,-0.15209080278873444,2.5170183181762695,False,False
causal_target_6_feature_34_beta_2_lambda_0.001_seed_20260906,causal,34,6,2.0,0.001,20260906,0.067364402115345,1.07783043384552,0.8463541865348816,0.8463541865348816,0.0,00111101100010011111011001011001,00111111100010011111011001011001,1,0.8641,0.8635,0.0005999999999999339,0.0,0.1087,0.2697,0.2697,787.1575317382812,0.10597051969766617,causal-margin-v2,2.0,0.5,0.0,0.21484375,0.140625,-0.00390625,-2.7635910511016846,-0.22454211115837097,2.5390491485595703,False,False
causal_target_6_feature_36_beta_2_lambda_0.001_seed_20260904,causal,36,6,2.0,0.001,20260904,0.08351557701826096,1.3362492322921753,0.8463541865348816,0.84765625,-0.0013020634651184082,00111101101010110000101000110111,00111111101010110000101000110111,1,0.8641,0.8643,-0.00019999999999997797,0.0002,0.1079,0.9268,0.9266,721.7545776367188,0.14597421095371246,causal-margin-v2,2.0,0.5,0.0,0.92578125,0.1328125,0.0,-3.079577922821045,0.5647571086883545,3.6443347930908203,True,True
causal_target_6_feature_36_beta_2_lambda_0.001_seed_20260905,causal,36,6,2.0,0.001,20260905,0.08351557701826096,1.3362492322921753,0.8463541865348816,0.84765625,-0.0013020634651184082,00111101101010110000101000110111,00111111101010110000101000110111,1,0.8641,0.8643,-0.00019999999999997797,0.0002,0.1079,0.811,0.8108000000000001,656.9957275390625,0.19792576587200164,causal-margin-v2,2.0,0.5,0.0,0.79296875,0.1328125,0.0,-2.9400482177734375,0.33295947313308716,3.27300763130188,False,False
causal_target_6_feature_36_beta_2_lambda_0.001_seed_20260906,causal,36,6,2.0,0.001,20260906,0.08351557701826096,1.3362492322921753,0.8463541865348816,0.84765625,-0.0013020634651184082,00111101101010110000101000110111,00111111101010110000101000110111,1,0.8641,0.8643,-0.00019999999999997797,0.0,0.1079,0.8454,0.8454,680.232421875,0.1834891988992691,causal-margin-v2,2.0,0.5,0.0,0.8046875,0.1328125,0.0,-3.0649030208587646,0.4460676312446594,3.5109708309173584,False,False
causal_target_6_feature_40_beta_2_lambda_0.001_seed_20260904,causal,40,6,2.0,0.001,20260904,0.00754559226334095,1.9316716194152832,0.8463541865348816,0.8463541865348816,0.0,00111011111101110100000100000100,00111111111101110100000100000100,1,0.8641,0.864,9.999999999998899e-05,0.0,0.1092,0.2032,0.2032,794.9286499023438,0.09817713663578033,causal-margin-v2,2.0,0.5,0.0,0.21484375,0.140625,-0.00390625,-2.7009711265563965,-0.17474310100078583,2.526228189468384,False,False
causal_target_6_feature_40_beta_2_lambda_0.001_seed_20260905,causal,40,6,2.0,0.001,20260905,0.00754559226334095,1.9316716194152832,0.8463541865348816,0.8463541865348816,0.0,00111011111101110100000100000100,00111111111101110100000100000100,1,0.8641,0.864,9.999999999998899e-05,0.0,0.1092,0.1674,0.1674,764.4639892578125,0.12413898577690125,causal-margin-v2,2.0,0.5,0.0,0.17578125,0.140625,-0.00390625,-2.774282217025757,-0.2767394185066223,2.4975428581237793,False,False
causal_target_6_feature_40_beta_2_lambda_0.001_seed_20260906,causal,40,6,2.0,0.001,20260906,0.00754559226334095,1.9316716194152832,0.8463541865348816,0.8463541865348816,0.0,00111011111101110100000100000100,00111111111101110100000100000100,1,0.8641,0.864,9.999999999998899e-05,0.0,0.1092,0.144,0.144,780.5008544921875,0.11569476590156555,causal-margin-v2,2.0,0.5,0.0,0.140625,0.140625,-0.00390625,-2.729153633117676,-0.2775385081768036,2.451615333557129,False,False
causal_target_6_feature_43_beta_2_lambda_0.001_seed_20260904,causal,43,6,2.0,0.001,20260904,0.06789074093103409,1.0862518548965454,0.8463541865348816,0.8463541865348816,0.0,00111101100010110000101001001101,00111111100010110000101001001101,1,0.8641,0.8638,0.00029999999999996696,0.0003,0.1089,0.0607,0.060399999999999995,746.4881591796875,0.12063547486066818,causal-margin-v2,2.0,0.5,0.0,0.06640625,0.140625,-0.00390625,-2.477454423904419,-0.483642578125,1.993811845779419,False,False
causal_target_6_feature_43_beta_2_lambda_0.001_seed_20260905,causal,43,6,2.0,0.001,20260905,0.06789074093103409,1.0862518548965454,0.8463541865348816,0.8463541865348816,0.0,00111101100010110000101001001101,00111111100010110000101001001101,1,0.8641,0.8638,0.00029999999999996696,0.0,0.1089,0.0625,0.0625,696.05126953125,0.15997212481498718,causal-margin-v2,2.0,0.5,0.0,0.0703125,0.140625,-0.00390625,-2.498098373413086,-0.5604661107063293,1.9376322031021118,False,False
causal_target_6_feature_43_beta_2_lambda_0.001_seed_20260906,causal,43,6,2.0,0.001,20260906,0.06789074093103409,1.0862518548965454,0.8463541865348816,0.8463541865348816,0.0,00111101100010110000101001001101,00111111100010110000101001001101,1,0.8641,0.8638,0.00029999999999996696,0.0,0.1089,0.0579,0.0579,666.759765625,0.18553067598342896,causal-margin-v2,2.0,0.5,0.0,0.08203125,0.140625,-0.00390625,-2.389181613922119,-0.6313023567199707,1.7578792572021484,False,False
causal_target_6_feature_51_beta_2_lambda_0.001_seed_20260904,causal,51,6,2.0,0.001,20260904,0.0062203602865338326,1.5924122333526611,0.8463541865348816,0.8463541865348816,0.0,00111011110010111101010000101010,00111111110010111101010000101010,1,0.8641,0.8646,-0.000500000000000056,0.0,0.1082,0.7441,0.7441,678.3311157226562,0.16239622762203215,causal-margin-v2,2.0,0.5,0.0,0.73046875,0.140625,-0.00390625,-2.964090347290039,0.2027963101863861,3.166886806488037,False,False
causal_target_6_feature_51_beta_2_lambda_0.001_seed_20260905,causal,51,6,2.0,0.001,20260905,0.0062203602865338326,1.5924122333526611,0.8463541865348816,0.8463541865348816,0.0,00111011110010111101010000101010,00111111110010111101010000101010,1,0.8641,0.8646,-0.000500000000000056,0.0,0.1082,0.3951,0.3951,645.482421875,0.1933267083644867,causal-margin-v2,2.0,0.5,0.0,0.4140625,0.140625,-0.00390625,-2.803323745727539,-0.05270649865269661,2.750617265701294,False,False
causal_target_6_feature_51_beta_2_lambda_0.001_seed_20260906,causal,51,6,2.0,0.001,20260906,0.0062203602865338326,1.5924122333526611,0.8463541865348816,0.8463541865348816,0.0,00111011110010111101010000101010,00111111110010111101010000101010,1,0.8641,0.8646,-0.000500000000000056,0.0,0.1082,0.5345,0.5345,662.0386352539062,0.18828102040290834,causal-margin-v2,2.0,0.5,0.0,0.54296875,0.140625,-0.00390625,-2.8508265018463135,0.05366913974285126,2.9044954776763916,False,False
causal_target_6_feature_54_beta_2_lambda_0.001_seed_20260904,causal,54,6,2.0,0.001,20260904,0.06772962212562561,1.0836739540100098,0.8463541865348816,0.8463541865348816,0.0,00111101100010101011010111010100,00111111100010101011010111010100,1,0.8641,0.8639,0.00019999999999997797,0.0,0.1088,0.1651,0.1651,858.207763671875,0.06302319391965866,causal-margin-v2,2.0,0.5,0.0,0.17578125,0.140625,-0.00390625,-2.692548990249634,-0.18992894887924194,2.502620220184326,False,False
causal_target_6_feature_54_beta_2_lambda_0.001_seed_20260905,causal,54,6,2.0,0.001,20260905,0.06772962212562561,1.0836739540100098,0.8463541865348816,0.8463541865348816,0.0,00111101100010101011010111010100,00111111100010101011010111010100,1,0.8641,0.8639,0.00019999999999997797,0.0,0.1088,0.2152,0.2152,789.4287719726562,0.1119419325709343,causal-margin-v2,2.0,0.5,0.0,0.22265625,0.140625,-0.00390625,-2.6174683570861816,-0.23894470930099487,2.378523826599121,False,False
causal_target_6_feature_54_beta_2_lambda_0.001_seed_20260906,causal,54,6,2.0,0.001,20260906,0.06772962212562561,1.0836739540100098,0.8463541865348816,0.8463541865348816,0.0,00111101100010101011010111010100,00111111100010101011010111010100,1,0.8641,0.8639,0.00019999999999997797,0.0,0.1088,0.2095,0.2095,787.852294921875,0.10227471084594726,causal-margin-v2,2.0,0.5,0.0,0.22265625,0.140625,-0.00390625,-2.7034952640533447,-0.24113263189792633,2.462362766265869,False,False
causal_target_6_feature_56_beta_2_lambda_0.001_seed_20260904,causal,56,6,2.0,0.001,20260904,0.07851739227771759,1.2562782764434814,0.8463541865348816,0.8463541865348816,0.0,00111101101000001100110110111010,00111111101000001100110110111010,1,0.8641,0.864,9.999999999998899e-05,0.0002,0.1094,0.6157,0.6155,704.8651733398438,0.16090424773693085,causal-margin-v2,2.0,0.5,0.00390625,0.57421875,0.140625,-0.00390625,-2.692620277404785,0.10199981927871704,2.7946200370788574,False,False
causal_target_6_feature_56_beta_2_lambda_0.001_seed_20260905,causal,56,6,2.0,0.001,20260905,0.07851739227771759,1.2562782764434814,0.8463541865348816,0.8463541865348816,0.0,00111101101000001100110110111010,00111111101000001100110110111010,1,0.8641,0.864,9.999999999998899e-05,0.0,0.1094,0.418,0.418,690.8388671875,0.16350046014785766,causal-margin-v2,2.0,0.5,0.0,0.40234375,0.140625,-0.00390625,-2.7501139640808105,-0.05304323136806488,2.697070598602295,False,False
causal_target_6_feature_56_beta_2_lambda_0.001_seed_20260906,causal,56,6,2.0,0.001,20260906,0.07851739227771759,1.2562782764434814,0.8463541865348816,0.8463541865348816,0.0,00111101101000001100110110111010,00111111101000001100110110111010,1,0.8641,0.864,9.999999999998899e-05,0.0002,0.1094,0.6603,0.6601,717.1694946289062,0.1678514562368393,causal-margin-v2,2.0,0.5,0.00390625,0.6640625,0.140625,-0.00390625,-2.42258358001709,0.17734983563423157,2.599933385848999,False,False
causal_target_6_feature_58_beta_2_lambda_0.001_seed_20260904,causal,58,6,2.0,0.001,20260904,0.10671299695968628,1.7074079513549805,0.8463541865348816,0.8463541865348816,0.0,00111101110110101000110001011000,00111111110110101000110001011000,1,0.8641,0.8639,0.00019999999999997797,0.0,0.1096,0.9711,0.9711,664.3139038085938,0.18266496517658234,causal-margin-v2,2.0,0.5,0.0,0.9765625,0.140625,-0.00390625,-3.2767720222473145,0.8931252956390381,4.169897079467773,True,True
causal_target_6_feature_58_beta_2_lambda_0.001_seed_20260905,causal,58,6,2.0,0.001,20260905,0.10671299695968628,1.7074079513549805,0.8463541865348816,0.8463541865348816,0.0,00111101110110101000110001011000,00111111110110101000110001011000,1,0.8641,0.8639,0.00019999999999997797,0.0001,0.1096,0.9498,0.9497,619.85302734375,0.21727191038131713,causal-margin-v2,2.0,0.5,0.0,0.953125,0.140625,-0.00390625,-3.0818192958831787,0.6596232652664185,3.7414424419403076,True,True
causal_target_6_feature_58_beta_2_lambda_0.001_seed_20260906,causal,58,6,2.0,0.001,20260906,0.10671299695968628,1.7074079513549805,0.8463541865348816,0.8463541865348816,0.0,00111101110110101000110001011000,00111111110110101000110001011000,1,0.8641,0.8639,0.00019999999999997797,0.0,0.1096,0.9416,0.9416,658.20361328125,0.20523282561302186,causal-margin-v2,2.0,0.5,0.0,0.94140625,0.140625,-0.00390625,-3.088268756866455,0.6995837092399597,3.7878525257110596,True,True
causal_target_6_feature_61_beta_2_lambda_0.001_seed_20260904,causal,61,6,2.0,0.001,20260904,0.06582839041948318,1.053254246711731,0.8463541865348816,0.8463541865348816,0.0,00111101100001101101000100001001,00111111100001101101000100001001,1,0.8641,0.864,9.999999999998899e-05,0.0001,0.1083,0.8737,0.8736,684.732421875,0.16508109464645385,causal-margin-v2,2.0,0.5,0.0,0.859375,0.140625,-0.00390625,-3.036996841430664,0.414877325296402,3.451874256134033,False,False
causal_target_6_feature_61_beta_2_lambda_0.001_seed_20260905,causal,61,6,2.0,0.001,20260905,0.06582839041948318,1.053254246711731,0.8463541865348816,0.8463541865348816,0.0,00111101100001101101000100001001,00111111100001101101000100001001,1,0.8641,0.864,9.999999999998899e-05,0.0002,0.1083,0.5613,0.5611,685.880126953125,0.18248829641342162,causal-margin-v2,2.0,0.5,0.00390625,0.55078125,0.140625,-0.00390625,-2.8255162239074707,0.0749514102935791,2.9004673957824707,False,False
causal_target_6_feature_61_beta_2_lambda_0.001_seed_20260906,causal,61,6,2.0,0.001,20260906,0.06582839041948318,1.053254246711731,0.8463541865348816,0.8463541865348816,0.0,00111101100001101101000100001001,00111111100001101101000100001001,1,0.8641,0.864,9.999999999998899e-05,0.0,0.1083,0.6622,0.6622,714.3392944335938,0.1656248016357422,causal-margin-v2,2.0,0.5,0.0,0.65234375,0.140625,-0.00390625,-2.860537052154541,0.17364954948425293,3.034186363220215,False,False
causal_target_6_feature_72_beta_2_lambda_0.001_seed_20260904,causal,72,6,2.0,0.001,20260904,0.09079897403717041,1.4527835845947266,0.8463541865348816,0.8463541865348816,0.0,00111101101110011111010011010000,00111111101110011111010011010000,1,0.8641,0.8639,0.00019999999999997797,0.0,0.109,0.6202,0.6202,681.42724609375,0.1592098855495453,causal-margin-v2,2.0,0.5,0.0,0.62890625,0.140625,-0.00390625,-2.7856664657592773,0.14602336287498474,2.931689739227295,False,False
causal_target_6_feature_72_beta_2_lambda_0.001_seed_20260905,causal,72,6,2.0,0.001,20260905,0.09079897403717041,1.4527835845947266,0.8463541865348816,0.8463541865348816,0.0,00111101101110011111010011010000,00111111101110011111010011010000,1,0.8641,0.8639,0.00019999999999997797,0.0,0.109,0.5195,0.5195,670.4854736328125,0.18052081356048583,causal-margin-v2,2.0,0.5,0.0,0.55859375,0.140625,-0.00390625,-2.7551631927490234,0.06960249692201614,2.824765682220459,False,False
causal_target_6_feature_72_beta_2_lambda_0.001_seed_20260906,causal,72,6,2.0,0.001,20260906,0.09079897403717041,1.4527835845947266,0.8463541865348816,0.8463541865348816,0.0,00111101101110011111010011010000,00111111101110011111010011010000,1,0.8641,0.8639,0.00019999999999997797,0.0,0.109,0.656,0.656,684.4609375,0.17371529808044434,causal-margin-v2,2.0,0.5,0.0,0.6171875,0.140625,-0.00390625,-2.827293872833252,0.12654918432235718,2.953843116760254,False,False
causal_target_6_feature_74_beta_2_lambda_0.001_seed_20260904,causal,74,6,2.0,0.001,20260904,0.0797036662697792,1.2752586603164673,0.8463541865348816,0.8463541865348816,0.0,00111101101000110011101110101101,00111111101000110011101110101101,1,0.8641,0.8635,0.0005999999999999339,0.0,0.1083,0.8738,0.8738,694.348876953125,0.180129368185997,causal-margin-v2,2.0,0.5,0.0,0.84375,0.13671875,-0.00390625,-2.2902755737304688,0.4605688750743866,2.7508444786071777,False,False
causal_target_6_feature_74_beta_2_lambda_0.001_seed_20260905,causal,74,6,2.0,0.001,20260905,0.0797036662697792,1.2752586603164673,0.8463541865348816,0.8463541865348816,0.0,00111101101000110011101110101101,00111111101000110011101110101101,1,0.8641,0.8635,0.0005999999999999339,0.0,0.1083,0.485,0.485,655.3482055664062,0.18753308711051941,causal-margin-v2,2.0,0.5,0.0,0.51953125,0.13671875,-0.00390625,-2.7963223457336426,0.020765893161296844,2.8170881271362305,False,False
causal_target_6_feature_74_beta_2_lambda_0.001_seed_20260906,causal,74,6,2.0,0.001,20260906,0.0797036662697792,1.2752586603164673,0.8463541865348816,0.8463541865348816,0.0,00111101101000110011101110101101,00111111101000110011101110101101,1,0.8641,0.8635,0.0005999999999999339,0.0,0.1083,0.472,0.472,696.735107421875,0.1683647346496582,causal-margin-v2,2.0,0.5,0.0,0.49609375,0.13671875,-0.00390625,-2.799009323120117,-0.016491688787937164,2.782517433166504,False,False
causal_target_6_feature_81_beta_2_lambda_0.001_seed_20260904,causal,81,6,2.0,0.001,20260904,0.08144336193799973,1.3030937910079956,0.8463541865348816,0.8463541865348816,0.0,00111101101001101100101111000111,00111111101001101100101111000111,1,0.8641,0.8634,0.0007000000000000339,0.0,0.1107,0.9696,0.9696,675.539306640625,0.17205374813079835,causal-margin-v2,2.0,0.5,0.0,0.96484375,0.14453125,-0.00390625,-3.264747381210327,0.800412118434906,4.065159797668457,True,True
causal_target_6_feature_81_beta_2_lambda_0.001_seed_20260905,causal,81,6,2.0,0.001,20260905,0.08144336193799973,1.3030937910079956,0.8463541865348816,0.8463541865348816,0.0,00111101101001101100101111000111,00111111101001101100101111000111,1,0.8641,0.8634,0.0007000000000000339,0.0,0.1107,0.8554,0.8554,660.809326171875,0.19574642972946166,causal-margin-v2,2.0,0.5,0.0,0.81640625,0.14453125,-0.00390625,-3.0733389854431152,0.43269771337509155,3.5060367584228516,False,False
causal_target_6_feature_81_beta_2_lambda_0.001_seed_20260906,causal,81,6,2.0,0.001,20260906,0.08144336193799973,1.3030937910079956,0.8463541865348816,0.8463541865348816,0.0,00111101101001101100101111000111,00111111101001101100101111000111,1,0.8641,0.8634,0.0007000000000000339,0.0001,0.1107,0.9449,0.9448,687.5037231445312,0.17980136218070983,causal-margin-v2,2.0,0.5,0.0,0.96484375,0.14453125,-0.00390625,-3.258291244506836,0.6740261912345886,3.9323172569274902,True,True
causal_target_6_feature_88_beta_2_lambda_0.001_seed_20260904,causal,88,6,2.0,0.001,20260904,0.06600701063871384,1.0561121702194214,0.8463541865348816,0.8463541865348816,0.0,00111101100001110010111010101111,00111111100001110010111010101111,1,0.8641,0.8641,0.0,0.0,0.109,0.1915,0.1915,807.2076416015625,0.09557714543342591,causal-margin-v2,2.0,0.5,0.0,0.19140625,0.140625,-0.00390625,-2.7159132957458496,-0.1933881640434265,2.5225253105163574,False,False
causal_target_6_feature_88_beta_2_lambda_0.001_seed_20260905,causal,88,6,2.0,0.001,20260905,0.06600701063871384,1.0561121702194214,0.8463541865348816,0.8463541865348816,0.0,00111101100001110010111010101111,00111111100001110010111010101111,1,0.8641,0.8641,0.0,0.0,0.109,0.0221,0.0221,661.3112182617188,0.18593729503154754,causal-margin-v2,2.0,0.5,0.0,0.03125,0.140625,-0.00390625,-2.416043281555176,-0.7467829585075378,1.6692601442337036,False,False
causal_target_6_feature_88_beta_2_lambda_0.001_seed_20260906,causal,88,6,2.0,0.001,20260906,0.06600701063871384,1.0561121702194214,0.8463541865348816,0.8463541865348816,0.0,00111101100001110010111010101111,00111111100001110010111010101111,1,0.8641,0.8641,0.0,0.0,0.109,0.0962,0.0962,715.7616577148438,0.1478936723470688,causal-margin-v2,2.0,0.5,0.0,0.10546875,0.140625,-0.00390625,-2.5713906288146973,-0.5439878106117249,2.027402877807617,False,False
causal_target_6_feature_93_beta_2_lambda_0.001_seed_20260904,causal,93,6,2.0,0.001,20260904,0.11067208647727966,1.7707533836364746,0.8463541865348816,0.8463541865348816,0.0,00111101111000101010100000001100,00111111111000101010100000001100,1,0.8641,0.8636,0.0004999999999999449,0.0,0.1115,0.9353,0.9353,611.5922241210938,0.22472021663188935,causal-margin-v2,2.0,0.5,0.0,0.91796875,0.14453125,-0.00390625,-3.274280548095703,0.6802449226379395,3.9545252323150635,True,True
causal_target_6_feature_93_beta_2_lambda_0.001_seed_20260905,causal,93,6,2.0,0.001,20260905,0.11067208647727966,1.7707533836364746,0.8463541865348816,0.8463541865348816,0.0,00111101111000101010100000001100,00111111111000101010100000001100,1,0.8641,0.8636,0.0004999999999999449,0.0,0.1115,0.9854,0.9854,571.4368896484375,0.26621002798080445,causal-margin-v2,2.0,0.5,0.0,0.984375,0.14453125,-0.00390625,-3.3220458030700684,0.81364905834198,4.13569450378418,True,True
causal_target_6_feature_93_beta_2_lambda_0.001_seed_20260906,causal,93,6,2.0,0.001,20260906,0.11067208647727966,1.7707533836364746,0.8463541865348816,0.8463541865348816,0.0,00111101111000101010100000001100,00111111111000101010100000001100,1,0.8641,0.8636,0.0004999999999999449,0.0,0.1115,0.9532,0.9532,616.6978759765625,0.23123758220672608,causal-margin-v2,2.0,0.5,0.0,0.95703125,0.14453125,-0.00390625,-3.17067813873291,0.6681233644485474,3.838801383972168,True,True
causal_target_6_feature_99_beta_2_lambda_0.001_seed_20260904,causal,99,6,2.0,0.001,20260904,0.1031259074807167,1.6500145196914673,0.8463541865348816,0.8463541865348816,0.0,00111101110100110011001110101101,00111111110100110011001110101101,1,0.8641,0.863,0.0010999999999999899,0.0,0.1108,0.9917,0.9917,677.9080810546875,0.1622340832233429,causal-margin-v2,2.0,0.5,0.0,0.98046875,0.140625,-0.00390625,-3.4708991050720215,1.0182127952575684,4.48911190032959,False,True
causal_target_6_feature_99_beta_2_lambda_0.001_seed_20260905,causal,99,6,2.0,0.001,20260905,0.1031259074807167,1.6500145196914673,0.8463541865348816,0.8463541865348816,0.0,00111101110100110011001110101101,00111111110100110011001110101101,1,0.8641,0.863,0.0010999999999999899,0.0,0.1108,0.9462,0.9462,639.7852172851562,0.20218505840301515,causal-margin-v2,2.0,0.5,0.0,0.9453125,0.140625,-0.00390625,-3.2707746028900146,0.7750312089920044,4.045805931091309,False,True
causal_target_6_feature_99_beta_2_lambda_0.001_seed_20260906,causal,99,6,2.0,0.001,20260906,0.1031259074807167,1.6500145196914673,0.8463541865348816,0.8463541865348816,0.0,00111101110100110011001110101101,00111111110100110011001110101101,1,0.8641,0.863,0.0010999999999999899,0.0,0.1108,0.9584,0.9584,662.7027587890625,0.17625139610767365,causal-margin-v2,2.0,0.5,0.0,0.94921875,0.140625,-0.00390625,-3.2611000537872314,0.7423162460327148,4.003416061401367,False,True
causal_target_6_feature_116_beta_2_lambda_0.001_seed_20260904,causal,116,6,2.0,0.001,20260904,0.06921577453613281,1.107452392578125,0.8463541865348816,0.8463541865348816,0.0,00111101100011011100000100000000,00111111100011011100000100000000,1,0.8641,0.8641,0.0,0.0005,0.1092,0.0292,0.0287,587.147216796875,0.30186937670707703,causal-margin-v2,2.0,0.5,0.0,0.046875,0.140625,-0.00390625,-2.355208396911621,-1.055737853050232,1.2994705438613892,False,False
causal_target_6_feature_116_beta_2_lambda_0.001_seed_20260905,causal,116,6,2.0,0.001,20260905,0.06921577453613281,1.107452392578125,0.8463541865348816,0.8463541865348816,0.0,00111101100011011100000100000000,00111111100011011100000100000000,1,0.8641,0.8641,0.0,0.0005,0.1092,0.0516,0.0511,587.1996459960938,0.28829467310905454,causal-margin-v2,2.0,0.5,0.0,0.05859375,0.140625,-0.00390625,-2.372786045074463,-1.0021475553512573,1.370638370513916,False,False
causal_target_6_feature_116_beta_2_lambda_0.001_seed_20260906,causal,116,6,2.0,0.001,20260906,0.06921577453613281,1.107452392578125,0.8463541865348816,0.8463541865348816,0.0,00111101100011011100000100000000,00111111100011011100000100000000,1,0.8641,0.8641,0.0,0.0007,0.1092,0.0332,0.0325,568.9041137695312,0.32961406264305115,causal-margin-v2,2.0,0.5,0.00390625,0.046875,0.140625,-0.00390625,-2.3110475540161133,-1.1675097942352295,1.1435377597808838,False,False
causal_target_6_feature_120_beta_2_lambda_0.001_seed_20260904,causal,120,6,2.0,0.001,20260904,0.12271922081708908,1.9635075330734253,0.8463541865348816,0.8463541865348816,0.0,00111101111110110101010000110111,00111111111110110101010000110111,1,0.8641,0.8639,0.00019999999999997797,0.0,0.1089,0.9951,0.9951,599.6004028320312,0.24003914725780487,causal-margin-v2,2.0,0.5,0.0,1.0,0.1328125,0.0,-3.8038034439086914,1.3856993913650513,5.189502716064453,True,True
causal_target_6_feature_120_beta_2_lambda_0.001_seed_20260905,causal,120,6,2.0,0.001,20260905,0.12271922081708908,1.9635075330734253,0.8463541865348816,0.8463541865348816,0.0,00111101111110110101010000110111,00111111111110110101010000110111,1,0.8641,0.8639,0.00019999999999997797,0.0,0.1089,0.9843,0.9843,624.4119873046875,0.2190815030813217,causal-margin-v2,2.0,0.5,0.0,0.984375,0.1328125,0.0,-3.6511356830596924,1.2367160320281982,4.887851715087891,True,True
causal_target_6_feature_120_beta_2_lambda_0.001_seed_20260906,causal,120,6,2.0,0.001,20260906,0.12271922081708908,1.9635075330734253,0.8463541865348816,0.8463541865348816,0.0,00111101111110110101010000110111,00111111111110110101010000110111,1,0.8641,0.8639,0.00019999999999997797,0.0,0.1089,0.9882,0.9882,621.8546752929688,0.23889765591621398,causal-margin-v2,2.0,0.5,0.0,0.9921875,0.1328125,0.0,-3.601545572280884,1.2713567018508911,4.872901916503906,True,True
causal_target_6_feature_128_beta_2_lambda_0.001_seed_20260904,causal,128,6,2.0,0.001,20260904,0.06320621073246002,1.0112993717193604,0.8463541865348816,0.8463541865348816,0.0,00111101100000010111001001000010,00111111100000010111001001000010,1,0.8641,0.8644,-0.00029999999999996696,0.0001,0.1081,0.0992,0.0991,827.5944213867188,0.08607466044425964,causal-margin-v2,2.0,0.5,0.0,0.1171875,0.1328125,0.0,-2.6184864044189453,-0.3252885639667511,2.2931978702545166,False,False
causal_target_6_feature_128_beta_2_lambda_0.001_seed_20260905,causal,128,6,2.0,0.001,20260905,0.06320621073246002,1.0112993717193604,0.8463541865348816,0.8463541865348816,0.0,00111101100000010111001001000010,00111111100000010111001001000010,1,0.8641,0.8644,-0.00029999999999996696,0.0001,0.1081,0.1053,0.1052,727.0817260742188,0.15123405108451843,causal-margin-v2,2.0,0.5,0.0,0.08984375,0.1328125,0.0,-2.6057677268981934,-0.45673638582229614,2.149031162261963,False,False
causal_target_6_feature_128_beta_2_lambda_0.001_seed_20260906,causal,128,6,2.0,0.001,20260906,0.06320621073246002,1.0112993717193604,0.8463541865348816,0.8463541865348816,0.0,00111101100000010111001001000010,00111111100000010111001001000010,1,0.8641,0.8644,-0.00029999999999996696,0.0,0.1081,0.0698,0.0698,723.3629760742188,0.1498102000951767,causal-margin-v2,2.0,0.5,0.0,0.1171875,0.1328125,0.0,-2.5431370735168457,-0.5025351047515869,2.040601968765259,False,False
causal_target_6_feature_144_beta_2_lambda_0.001_seed_20260904,causal,144,6,2.0,0.001,20260904,0.08487627655267715,1.3580204248428345,0.8463541865348816,0.8463541865348816,0.0,00111101101011011101001110011101,00111111101011011101001110011101,1,0.8641,0.8641,0.0,0.0003,0.1088,0.7158,0.7155,709.5341186523438,0.14620434532165527,causal-margin-v2,2.0,0.5,0.00390625,0.671875,0.140625,-0.00390625,-2.899102210998535,0.1430578976869583,3.0421600341796875,False,False
causal_target_6_feature_144_beta_2_lambda_0.001_seed_20260905,causal,144,6,2.0,0.001,20260905,0.08487627655267715,1.3580204248428345,0.8463541865348816,0.8463541865348816,0.0,00111101101011011101001110011101,00111111101011011101001110011101,1,0.8641,0.8641,0.0,0.0,0.1088,0.4062,0.4062,705.9537963867188,0.15436890761852265,causal-margin-v2,2.0,0.5,0.0,0.4140625,0.140625,-0.00390625,-2.759781837463379,-0.07787887752056122,2.681903123855591,False,False
causal_target_6_feature_144_beta_2_lambda_0.001_seed_20260906,causal,144,6,2.0,0.001,20260906,0.08487627655267715,1.3580204248428345,0.8463541865348816,0.8463541865348816,0.0,00111101101011011101001110011101,00111111101011011101001110011101,1,0.8641,0.8641,0.0,0.0,0.1088,0.473,0.473,711.6211547851562,0.16058384077548982,causal-margin-v2,2.0,0.5,0.0,0.48828125,0.140625,-0.00390625,-2.7672476768493652,-0.009843021631240845,2.7574048042297363,False,False
causal_target_6_feature_178_beta_2_lambda_0.001_seed_20260904,causal,178,6,2.0,0.001,20260904,0.006035399157553911,1.5450621843338013,0.8463541865348816,0.8463541865348816,0.0,00111011110001011100010010011001,00111111110001011100010010011001,1,0.8641,0.8639,0.00019999999999997797,0.0001,0.1085,0.1692,0.1691,763.53076171875,0.12271259529590607,causal-margin-v2,2.0,0.5,0.0,0.16796875,0.140625,-0.00390625,-2.3149216175079346,-0.31408312916755676,2.0008385181427,False,False
causal_target_6_feature_178_beta_2_lambda_0.001_seed_20260905,causal,178,6,2.0,0.001,20260905,0.006035399157553911,1.5450621843338013,0.8463541865348816,0.8463541865348816,0.0,00111011110001011100010010011001,00111111110001011100010010011001,1,0.8641,0.8639,0.00019999999999997797,0.0,0.1085,0.0128,0.0128,672.7860107421875,0.1909271966934204,causal-margin-v2,2.0,0.5,0.0,0.01953125,0.140625,-0.00390625,-2.539246082305908,-0.927352786064148,1.6118931770324707,False,False
causal_target_6_feature_178_beta_2_lambda_0.001_seed_20260906,causal,178,6,2.0,0.001,20260906,0.006035399157553911,1.5450621843338013,0.8463541865348816,0.8463541865348816,0.0,00111011110001011100010010011001,00111111110001011100010010011001,1,0.8641,0.8639,0.00019999999999997797,0.0,0.1085,0.0708,0.0708,735.665283203125,0.14412928097248076,causal-margin-v2,2.0,0.5,0.0,0.09375,0.140625,-0.00390625,-2.5279645919799805,-0.537726879119873,1.990237832069397,False,False
causal_target_6_feature_179_beta_2_lambda_0.001_seed_20260904,causal,179,6,2.0,0.001,20260904,0.08353891223669052,1.3366225957870483,0.8463541865348816,0.8463541865348816,0.0,00111101101010110001011001110011,00111111101010110001011001110011,1,0.8641,0.8635,0.0005999999999999339,0.0,0.1086,0.3774,0.3774,803.7890014648438,0.10555499861240387,causal-margin-v2,2.0,0.5,0.0,0.37109375,0.13671875,0.0,-2.5933632850646973,-0.08872315287590027,2.5046401023864746,False,False
causal_target_6_feature_179_beta_2_lambda_0.001_seed_20260905,causal,179,6,2.0,0.001,20260905,0.08353891223669052,1.3366225957870483,0.8463541865348816,0.8463541865348816,0.0,00111101101010110001011001110011,00111111101010110001011001110011,1,0.8641,0.8635,0.0005999999999999339,0.0001,0.1086,0.6747,0.6746,703.8618774414062,0.16807762138843538,causal-margin-v2,2.0,0.5,0.0,0.6875,0.13671875,0.0,-2.878880500793457,0.20924660563468933,3.088127374649048,False,False
causal_target_6_feature_179_beta_2_lambda_0.001_seed_20260906,causal,179,6,2.0,0.001,20260906,0.08353891223669052,1.3366225957870483,0.8463541865348816,0.8463541865348816,0.0,00111101101010110001011001110011,00111111101010110001011001110011,1,0.8641,0.8635,0.0005999999999999339,0.0,0.1086,0.4517,0.4517,739.1285400390625,0.14044559688568115,causal-margin-v2,2.0,0.5,0.0,0.4296875,0.13671875,0.0,-2.754314422607422,-0.05956829711794853,2.6947460174560547,False,False
causal_target_6_feature_180_beta_2_lambda_0.001_seed_20260904,causal,180,6,2.0,0.001,20260904,0.08022591471672058,1.2836146354675293,0.8463541865348816,0.8463541865348816,0.0,00111101101001000100110101111100,00111111101001000100110101111100,1,0.8641,0.8644,-0.00029999999999996696,0.0,0.1087,0.5838,0.5838,709.8904418945312,0.14661631162166597,causal-margin-v2,2.0,0.5,0.0,0.53125,0.140625,-0.00390625,-2.8495936393737793,0.03630967438220978,2.8859033584594727,False,False
causal_target_6_feature_180_beta_2_lambda_0.001_seed_20260905,causal,180,6,2.0,0.001,20260905,0.08022591471672058,1.2836146354675293,0.8463541865348816,0.8463541865348816,0.0,00111101101001000100110101111100,00111111101001000100110101111100,1,0.8641,0.8644,-0.00029999999999996696,0.0001,0.1087,0.3944,0.3943,669.2105712890625,0.17985247271060945,causal-margin-v2,2.0,0.5,0.0,0.41796875,0.140625,-0.00390625,-2.7518744468688965,-0.06277574598789215,2.689098596572876,False,False
causal_target_6_feature_180_beta_2_lambda_0.001_seed_20260906,causal,180,6,2.0,0.001,20260906,0.08022591471672058,1.2836146354675293,0.8463541865348816,0.8463541865348816,0.0,00111101101001000100110101111100,00111111101001000100110101111100,1,0.8641,0.8644,-0.00029999999999996696,0.0,0.1087,0.499,0.499,724.1873779296875,0.1555691951751709,causal-margin-v2,2.0,0.5,0.0,0.484375,0.140625,-0.00390625,-2.7803280353546143,0.01821696013212204,2.7985451221466064,False,False
causal_target_6_feature_237_beta_2_lambda_0.001_seed_20260904,causal,237,6,2.0,0.001,20260904,0.0719323456287384,1.1509175300598145,0.8463541865348816,0.8463541865348816,0.0,00111101100100110101000101000100,00111111100100110101000101000100,1,0.8641,0.864,9.999999999998899e-05,0.0,0.1088,0.3875,0.3875,748.1087036132812,0.1274372011423111,causal-margin-v2,2.0,0.5,0.0,0.40625,0.140625,-0.00390625,-2.74544358253479,-0.08435554802417755,2.661087989807129,False,False
causal_target_6_feature_237_beta_2_lambda_0.001_seed_20260905,causal,237,6,2.0,0.001,20260905,0.0719323456287384,1.1509175300598145,0.8463541865348816,0.8463541865348816,0.0,00111101100100110101000101000100,00111111100100110101000101000100,1,0.8641,0.864,9.999999999998899e-05,0.0,0.1088,0.3994,0.3994,727.8242797851562,0.14639846851825714,causal-margin-v2,2.0,0.5,0.0,0.35546875,0.140625,-0.00390625,-2.7451820373535156,-0.1016525998711586,2.6435294151306152,False,False
causal_target_6_feature_237_beta_2_lambda_0.001_seed_20260906,causal,237,6,2.0,0.001,20260906,0.0719323456287384,1.1509175300598145,0.8463541865348816,0.8463541865348816,0.0,00111101100100110101000101000100,00111111100100110101000101000100,1,0.8641,0.864,9.999999999998899e-05,0.0,0.1088,0.3414,0.3414,751.6192626953125,0.12889065062999724,causal-margin-v2,2.0,0.5,0.0,0.3515625,0.140625,-0.00390625,-2.7072386741638184,-0.11500132083892822,2.5922372341156006,False,False
causal_target_6_feature_245_beta_2_lambda_0.001_seed_20260904,causal,245,6,2.0,0.001,20260904,0.09905551373958588,1.584888219833374,0.8463541865348816,0.8463541865348816,0.0,00111101110010101101110110011110,00111111110010101101110110011110,1,0.8641,0.8639,0.00019999999999997797,0.0,0.1087,0.9215,0.9215,678.827392578125,0.16409998919963836,causal-margin-v2,2.0,0.5,0.0,0.9453125,0.13671875,-0.00390625,-3.1319565773010254,0.5703594088554382,3.7023162841796875,True,True
causal_target_6_feature_245_beta_2_lambda_0.001_seed_20260905,causal,245,6,2.0,0.001,20260905,0.09905551373958588,1.584888219833374,0.8463541865348816,0.8463541865348816,0.0,00111101110010101101110110011110,00111111110010101101110110011110,1,0.8641,0.8639,0.00019999999999997797,0.0001,0.1087,0.7243,0.7242000000000001,641.1283569335938,0.20028212616443633,causal-margin-v2,2.0,0.5,0.0,0.67578125,0.13671875,-0.00390625,-2.877371311187744,0.1766451597213745,3.054016590118408,False,False
causal_target_6_feature_245_beta_2_lambda_0.001_seed_20260906,causal,245,6,2.0,0.001,20260906,0.09905551373958588,1.584888219833374,0.8463541865348816,0.8463541865348816,0.0,00111101110010101101110110011110,00111111110010101101110110011110,1,0.8641,0.8639,0.00019999999999997797,0.0,0.1087,0.7745,0.7745,672.2132568359375,0.17855808007717133,causal-margin-v2,2.0,0.5,0.0,0.76953125,0.13671875,-0.00390625,-2.9010233879089355,0.28420260548591614,3.1852259635925293,False,False
causal_target_6_feature_248_beta_2_lambda_0.001_seed_20260904,causal,248,6,2.0,0.001,20260904,0.07445180416107178,1.1912288665771484,0.8463541865348816,0.8463541865348816,0.0,00111101100110000111101000110000,00111111100110000111101000110000,1,0.8641,0.8642,-9.999999999998899e-05,0.0001,0.1083,0.7464,0.7463,744.8153686523438,0.12586289777755738,causal-margin-v2,2.0,0.5,0.0,0.72265625,0.140625,-0.00390625,-2.9003307819366455,0.21853205561637878,3.1188626289367676,False,False
causal_target_6_feature_248_beta_2_lambda_0.001_seed_20260905,causal,248,6,2.0,0.001,20260905,0.07445180416107178,1.1912288665771484,0.8463541865348816,0.8463541865348816,0.0,00111101100110000111101000110000,00111111100110000111101000110000,1,0.8641,0.8642,-9.999999999998899e-05,0.0,0.1083,0.2829,0.2829,762.0726318359375,0.1307138157606125,causal-margin-v2,2.0,0.5,0.0,0.26171875,0.140625,-0.00390625,-2.721698045730591,-0.16164088249206543,2.5600574016571045,False,False
causal_target_6_feature_248_beta_2_lambda_0.001_seed_20260906,causal,248,6,2.0,0.001,20260906,0.07445180416107178,1.1912288665771484,0.8463541865348816,0.8463541865348816,0.0,00111101100110000111101000110000,00111111100110000111101000110000,1,0.8641,0.8642,-9.999999999998899e-05,0.0001,0.1083,0.7539,0.7538,740.896728515625,0.14058387908935546,causal-margin-v2,2.0,0.5,0.0,0.73046875,0.140625,-0.00390625,-2.453162670135498,0.24338224530220032,2.696545124053955,False,False
causal_target_6_feature_275_beta_2_lambda_0.001_seed_20260904,causal,275,6,2.0,0.001,20260904,0.08596225827932358,1.3753961324691772,0.8463541865348816,0.8463541865348816,0.0,00111101101100000000110011111011,00111111101100000000110011111011,1,0.8641,0.8638,0.00029999999999996696,0.0,0.1088,0.1493,0.1493,789.964599609375,0.10100163626670837,causal-margin-v2,2.0,0.5,0.0,0.19140625,0.13671875,-0.00390625,-2.5491409301757812,-0.298824667930603,2.250316619873047,False,False
causal_target_6_feature_275_beta_2_lambda_0.001_seed_20260905,causal,275,6,2.0,0.001,20260905,0.08596225827932358,1.3753961324691772,0.8463541865348816,0.8463541865348816,0.0,00111101101100000000110011111011,00111111101100000000110011111011,1,0.8641,0.8638,0.00029999999999996696,0.0021,0.1088,0.0274,0.0253,533.9794311523438,0.3804762697696686,causal-margin-v2,2.0,0.5,0.0,0.04296875,0.13671875,-0.00390625,-2.1491823196411133,-1.2867224216461182,0.8624597787857056,False,False
causal_target_6_feature_275_beta_2_lambda_0.001_seed_20260906,causal,275,6,2.0,0.001,20260906,0.08596225827932358,1.3753961324691772,0.8463541865348816,0.8463541865348816,0.0,00111101101100000000110011111011,00111111101100000000110011111011,1,0.8641,0.8638,0.00029999999999996696,0.001,0.1088,0.0699,0.0689,617.1688232421875,0.265777729511261,causal-margin-v2,2.0,0.5,0.00390625,0.109375,0.13671875,-0.00390625,-2.324514389038086,-0.8272994756698608,1.497214913368225,False,False
causal_target_6_feature_278_beta_2_lambda_0.001_seed_20260904,causal,278,6,2.0,0.001,20260904,0.09309476613998413,1.489516258239746,0.8463541865348816,0.8463541865348816,0.0,00111101101111101010100001111000,00111111101111101010100001111000,1,0.8641,0.8637,0.00039999999999995595,0.0,0.1089,0.899,0.899,682.095703125,0.15388366804122924,causal-margin-v2,2.0,0.5,0.0,0.8828125,0.13671875,-0.00390625,-3.0571162700653076,0.422400563955307,3.4795169830322266,False,False
causal_target_6_feature_278_beta_2_lambda_0.001_seed_20260905,causal,278,6,2.0,0.001,20260905,0.09309476613998413,1.489516258239746,0.8463541865348816,0.8463541865348816,0.0,00111101101111101010100001111000,00111111101111101010100001111000,1,0.8641,0.8637,0.00039999999999995595,0.0,0.1089,0.74,0.74,666.3920288085938,0.17743280165195466,causal-margin-v2,2.0,0.5,0.0,0.74609375,0.13671875,-0.00390625,-2.919768810272217,0.24854156374931335,3.1683101654052734,False,False
causal_target_6_feature_278_beta_2_lambda_0.001_seed_20260906,causal,278,6,2.0,0.001,20260906,0.09309476613998413,1.489516258239746,0.8463541865348816,0.8463541865348816,0.0,00111101101111101010100001111000,00111111101111101010100001111000,1,0.8641,0.8637,0.00039999999999995595,0.0,0.1089,0.7724,0.7724,689.3106079101562,0.1645387523174286,causal-margin-v2,2.0,0.5,0.0,0.79296875,0.13671875,-0.00390625,-2.9540863037109375,0.3250083327293396,3.279094696044922,False,False
causal_target_6_feature_286_beta_2_lambda_0.001_seed_20260904,causal,286,6,2.0,0.001,20260904,0.06656590104103088,1.0650544166564941,0.8463541865348816,0.8463541865348816,0.0,00111101100010000101001110110100,00111111100010000101001110110100,1,0.8641,0.8638,0.00029999999999996696,0.0038,0.1084,0.0178,0.014,519.01806640625,0.409957271528244,causal-margin-v2,2.0,0.5,0.0,0.03125,0.13671875,-0.00390625,-2.1084280014038086,-1.5536900758743286,0.5547377467155457,False,False
causal_target_6_feature_286_beta_2_lambda_0.001_seed_20260905,causal,286,6,2.0,0.001,20260905,0.06656590104103088,1.0650544166564941,0.8463541865348816,0.8463541865348816,0.0,00111101100010000101001110110100,00111111100010000101001110110100,1,0.8641,0.8638,0.00029999999999996696,0.0047,0.1084,0.02,0.015300000000000001,520.3668212890625,0.3904479202747345,causal-margin-v2,2.0,0.5,0.0234375,0.0546875,0.13671875,-0.00390625,-2.1816554069519043,-1.5909391641616821,0.5907161235809326,False,False
causal_target_6_feature_286_beta_2_lambda_0.001_seed_20260906,causal,286,6,2.0,0.001,20260906,0.06656590104103088,1.0650544166564941,0.8463541865348816,0.8463541865348816,0.0,00111101100010000101001110110100,00111111100010000101001110110100,1,0.8641,0.8638,0.00029999999999996696,0.0,0.1084,0.0224,0.0224,644.3248291015625,0.21043081946372985,causal-margin-v2,2.0,0.5,0.0,0.03125,0.13671875,-0.00390625,-2.430856466293335,-0.8766027688980103,1.5542536973953247,False,False
causal_target_6_feature_288_beta_2_lambda_0.001_seed_20260904,causal,288,6,2.0,0.001,20260904,0.07301946729421616,1.1683114767074585,0.8463541865348816,0.8463541865348816,0.0,00111101100101011000101100111011,00111111100101011000101100111011,1,0.8641,0.8643,-0.00019999999999997797,0.0,0.1079,0.8032,0.8032,656.01904296875,0.17723612627983093,causal-margin-v2,2.0,0.5,0.0,0.78125,0.140625,-0.00390625,-3.000523090362549,0.30532151460647583,3.30584454536438,False,False
causal_target_6_feature_288_beta_2_lambda_0.001_seed_20260905,causal,288,6,2.0,0.001,20260905,0.07301946729421616,1.1683114767074585,0.8463541865348816,0.8463541865348816,0.0,00111101100101011000101100111011,00111111100101011000101100111011,1,0.8641,0.8643,-0.00019999999999997797,0.0,0.1079,0.7712,0.7712,647.4786987304688,0.1938476180791855,causal-margin-v2,2.0,0.5,0.0,0.73828125,0.140625,-0.00390625,-2.9922995567321777,0.2454272210597992,3.2377266883850098,False,False
causal_target_6_feature_288_beta_2_lambda_0.001_seed_20260906,causal,288,6,2.0,0.001,20260906,0.07301946729421616,1.1683114767074585,0.8463541865348816,0.8463541865348816,0.0,00111101100101011000101100111011,00111111100101011000101100111011,1,0.8641,0.8643,-0.00019999999999997797,0.0,0.1079,0.7388,0.7388,674.11962890625,0.17895812375545503,causal-margin-v2,2.0,0.5,0.0,0.74609375,0.140625,-0.00390625,-2.922487258911133,0.24133169651031494,3.163818836212158,False,False
causal_target_6_feature_297_beta_2_lambda_0.001_seed_20260904,causal,297,6,2.0,0.001,20260904,0.08099663257598877,1.2959461212158203,0.8463541865348816,0.8463541865348816,0.0,00111101101001011110000110010000,00111111101001011110000110010000,1,0.8641,0.8642,-9.999999999998899e-05,0.0,0.1089,0.3413,0.3413,825.7864379882812,0.09087927441596985,causal-margin-v2,2.0,0.5,0.0,0.34765625,0.140625,-0.00390625,-2.6096041202545166,-0.06064953655004501,2.548954486846924,False,False
causal_target_6_feature_297_beta_2_lambda_0.001_seed_20260905,causal,297,6,2.0,0.001,20260905,0.08099663257598877,1.2959461212158203,0.8463541865348816,0.8463541865348816,0.0,00111101101001011110000110010000,00111111101001011110000110010000,1,0.8641,0.8642,-9.999999999998899e-05,0.0,0.1089,0.1686,0.1686,759.4637451171875,0.12353440315723418,causal-margin-v2,2.0,0.5,0.0,0.16796875,0.140625,-0.00390625,-2.634833335876465,-0.2974192500114441,2.337414026260376,False,False
causal_target_6_feature_297_beta_2_lambda_0.001_seed_20260906,causal,297,6,2.0,0.001,20260906,0.08099663257598877,1.2959461212158203,0.8463541865348816,0.8463541865348816,0.0,00111101101001011110000110010000,00111111101001011110000110010000,1,0.8641,0.8642,-9.999999999998899e-05,0.0001,0.1089,0.099,0.0989,701.9448852539062,0.1601430299282074,causal-margin-v2,2.0,0.5,0.0,0.10546875,0.140625,-0.00390625,-2.4728822708129883,-0.5963488221168518,1.8765335083007812,False,False
causal_target_6_feature_301_beta_2_lambda_0.001_seed_20260904,causal,301,6,2.0,0.001,20260904,0.004369643982499838,1.1186288595199585,0.8463541865348816,0.84765625,-0.0013020634651184082,00111011100011110010111100111011,00111111100011110010111100111011,1,0.8641,0.8642,-9.999999999998899e-05,0.0,0.1075,0.6043,0.6043,718.4287719726562,0.14489855806827545,causal-margin-v2,2.0,0.5,0.0,0.61328125,0.1328125,0.0,-2.88142728805542,0.10378105193376541,2.98520827293396,False,False
causal_target_6_feature_301_beta_2_lambda_0.001_seed_20260905,causal,301,6,2.0,0.001,20260905,0.004369643982499838,1.1186288595199585,0.8463541865348816,0.84765625,-0.0013020634651184082,00111011100011110010111100111011,00111111100011110010111100111011,1,0.8641,0.8642,-9.999999999998899e-05,0.0,0.1075,0.5814,0.5814,690.2120361328125,0.16915452103614806,causal-margin-v2,2.0,0.5,0.0,0.59765625,0.1328125,0.0,-2.8598108291625977,0.08274506032466888,2.9425559043884277,False,False
causal_target_6_feature_301_beta_2_lambda_0.001_seed_20260906,causal,301,6,2.0,0.001,20260906,0.004369643982499838,1.1186288595199585,0.8463541865348816,0.84765625,-0.0013020634651184082,00111011100011110010111100111011,00111111100011110010111100111011,1,0.8641,0.8642,-9.999999999998899e-05,0.0,0.1075,0.6772,0.6772,714.0820922851562,0.1552975814819336,causal-margin-v2,2.0,0.5,0.0,0.71875,0.1328125,0.0,-2.8969242572784424,0.18928807973861694,3.086212635040283,False,False
causal_target_6_feature_304_beta_2_lambda_0.001_seed_20260904,causal,304,6,2.0,0.001,20260904,0.06982707232236862,1.117233157157898,0.8463541865348816,0.8463541865348816,0.0,00111101100011110000000101111111,00111111100011110000000101111111,1,0.8641,0.864,9.999999999998899e-05,0.0,0.109,0.2278,0.2278,826.2894287109375,0.08550339289903641,causal-margin-v2,2.0,0.5,0.0,0.25390625,0.140625,-0.00390625,-2.694600820541382,-0.1725170612335205,2.5220837593078613,False,False
causal_target_6_feature_304_beta_2_lambda_0.001_seed_20260905,causal,304,6,2.0,0.001,20260905,0.06982707232236862,1.117233157157898,0.8463541865348816,0.8463541865348816,0.0,00111101100011110000000101111111,00111111100011110000000101111111,1,0.8641,0.864,9.999999999998899e-05,0.0,0.109,0.1649,0.1649,772.784912109375,0.11674820162057876,causal-margin-v2,2.0,0.5,0.0,0.1796875,0.140625,-0.00390625,-2.593247652053833,-0.3070908486843109,2.28615665435791,False,False
causal_target_6_feature_304_beta_2_lambda_0.001_seed_20260906,causal,304,6,2.0,0.001,20260906,0.06982707232236862,1.117233157157898,0.8463541865348816,0.8463541865348816,0.0,00111101100011110000000101111111,00111111100011110000000101111111,1,0.8641,0.864,9.999999999998899e-05,0.0,0.109,0.1625,0.1625,811.2481689453125,0.09467628560066223,causal-margin-v2,2.0,0.5,0.0,0.203125,0.140625,-0.00390625,-2.562419891357422,-0.22676806151866913,2.3356518745422363,False,False
causal_target_6_feature_310_beta_2_lambda_0.001_seed_20260904,causal,310,6,2.0,0.001,20260904,0.07536853849887848,1.2058966159820557,0.8463541865348816,0.8463541865348816,0.0,00111101100110100101101011010010,00111111100110100101101011010010,1,0.8641,0.8646,-0.000500000000000056,0.0,0.1081,0.761,0.761,712.4884643554688,0.14972526333332062,causal-margin-v2,2.0,0.5,0.0,0.75,0.1328125,0.0,-2.9102611541748047,0.2593100965023041,3.1695713996887207,False,False
causal_target_6_feature_310_beta_2_lambda_0.001_seed_20260905,causal,310,6,2.0,0.001,20260905,0.07536853849887848,1.2058966159820557,0.8463541865348816,0.8463541865348816,0.0,00111101100110100101101011010010,00111111100110100101101011010010,1,0.8641,0.8646,-0.000500000000000056,0.0,0.1081,0.4138,0.4138,694.5120239257812,0.1650224364042282,causal-margin-v2,2.0,0.5,0.0,0.39453125,0.1328125,0.0,-2.7869012355804443,-0.053756438195705414,2.733144760131836,False,False
causal_target_6_feature_310_beta_2_lambda_0.001_seed_20260906,causal,310,6,2.0,0.001,20260906,0.07536853849887848,1.2058966159820557,0.8463541865348816,0.8463541865348816,0.0,00111101100110100101101011010010,00111111100110100101101011010010,1,0.8641,0.8646,-0.000500000000000056,0.0,0.1081,0.6571,0.6571,733.4778442382812,0.15099443743228913,causal-margin-v2,2.0,0.5,0.0,0.64453125,0.1328125,0.0,-2.85377836227417,0.11779340356588364,2.971571683883667,False,False
causal_target_6_feature_311_beta_2_lambda_0.001_seed_20260904,causal,311,6,2.0,0.001,20260904,0.06328291445970535,1.0125266313552856,0.8463541865348816,0.8463541865348816,0.0,00111101100000011001101001111001,00111111100000011001101001111001,1,0.8641,0.8643,-0.00019999999999997797,0.0,0.1087,0.0625,0.0625,763.3316040039062,0.12150369219779968,causal-margin-v2,2.0,0.5,0.0,0.05859375,0.140625,-0.00390625,-2.5426342487335205,-0.3714756965637207,2.1711585521698,False,False
causal_target_6_feature_311_beta_2_lambda_0.001_seed_20260905,causal,311,6,2.0,0.001,20260905,0.06328291445970535,1.0125266313552856,0.8463541865348816,0.8463541865348816,0.0,00111101100000011001101001111001,00111111100000011001101001111001,1,0.8641,0.8643,-0.00019999999999997797,0.0,0.1087,0.0558,0.0558,663.2640380859375,0.19833979437351226,causal-margin-v2,2.0,0.5,0.0,0.05859375,0.140625,-0.00390625,-2.531470537185669,-0.6639363765716553,1.8675341606140137,False,False
causal_target_6_feature_311_beta_2_lambda_0.001_seed_20260906,causal,311,6,2.0,0.001,20260906,0.06328291445970535,1.0125266313552856,0.8463541865348816,0.8463541865348816,0.0,00111101100000011001101001111001,00111111100000011001101001111001,1,0.8641,0.8643,-0.00019999999999997797,0.0,0.1087,0.0701,0.0701,748.4724731445312,0.13410546844005586,causal-margin-v2,2.0,0.5,0.0,0.05859375,0.140625,-0.00390625,-2.5863897800445557,-0.4159742593765259,2.1704154014587402,False,False
causal_target_6_feature_312_beta_2_lambda_0.001_seed_20260904,causal,312,6,2.0,0.001,20260904,0.08501144498586655,1.3601831197738647,0.8463541865348816,0.8463541865348816,0.0,00111101101011100001101001111011,00111111101011100001101001111011,1,0.8641,0.8639,0.00019999999999997797,0.0,0.1085,0.6663,0.6663,718.1754150390625,0.1478357872724533,causal-margin-v2,2.0,0.5,0.0,0.69140625,0.13671875,-0.00390625,-2.595755100250244,0.15675577521324158,2.7525110244750977,False,False
causal_target_6_feature_312_beta_2_lambda_0.001_seed_20260905,causal,312,6,2.0,0.001,20260905,0.08501144498586655,1.3601831197738647,0.8463541865348816,0.8463541865348816,0.0,00111101101011100001101001111011,00111111101011100001101001111011,1,0.8641,0.8639,0.00019999999999997797,0.0,0.1085,0.4521,0.4521,700.180908203125,0.1555789971113205,causal-margin-v2,2.0,0.5,0.0,0.484375,0.13671875,-0.00390625,-2.753683090209961,-0.016201011836528778,2.7374820709228516,False,False
causal_target_6_feature_312_beta_2_lambda_0.001_seed_20260906,causal,312,6,2.0,0.001,20260906,0.08501144498586655,1.3601831197738647,0.8463541865348816,0.8463541865348816,0.0,00111101101011100001101001111011,00111111101011100001101001111011,1,0.8641,0.8639,0.00019999999999997797,0.0,0.1085,0.4902,0.4902,714.4517211914062,0.14638603115081786,causal-margin-v2,2.0,0.5,0.0,0.4921875,0.13671875,-0.00390625,-2.7892725467681885,-0.03373941779136658,2.755533218383789,False,False
causal_target_6_feature_342_beta_2_lambda_0.001_seed_20260904,causal,342,6,2.0,0.001,20260904,0.006813381798565388,1.7442257404327393,0.8463541865348816,0.8463541865348816,0.0,00111011110111110100001011001010,00111111110111110100001011001010,1,0.8641,0.8645,-0.00040000000000006697,0.0,0.1075,0.1313,0.1313,771.8544311523438,0.12404594027996063,causal-margin-v2,2.0,0.5,0.0,0.16015625,0.13671875,0.0,-2.567183494567871,-0.2804489731788635,2.2867345809936523,False,False
causal_target_6_feature_342_beta_2_lambda_0.001_seed_20260905,causal,342,6,2.0,0.001,20260905,0.006813381798565388,1.7442257404327393,0.8463541865348816,0.8463541865348816,0.0,00111011110111110100001011001010,00111111110111110100001011001010,1,0.8641,0.8645,-0.00040000000000006697,0.0,0.1075,0.0868,0.0868,669.4168701171875,0.20219912095069886,causal-margin-v2,2.0,0.5,0.0,0.12109375,0.13671875,0.0,-2.5497779846191406,-0.5474863648414612,2.002291679382324,False,False
causal_target_6_feature_342_beta_2_lambda_0.001_seed_20260906,causal,342,6,2.0,0.001,20260906,0.006813381798565388,1.7442257404327393,0.8463541865348816,0.8463541865348816,0.0,00111011110111110100001011001010,00111111110111110100001011001010,1,0.8641,0.8645,-0.00040000000000006697,0.0,0.1075,0.0238,0.0238,692.658203125,0.16708726685047148,causal-margin-v2,2.0,0.5,0.0,0.02734375,0.13671875,0.0,-2.5750842094421387,-0.6985569596290588,1.8765270709991455,False,False
causal_target_6_feature_351_beta_2_lambda_0.001_seed_20260904,causal,351,6,2.0,0.001,20260904,0.09478523582220078,1.5165637731552124,0.8463541865348816,0.8463541865348816,0.0,00111101110000100001111011000011,00111111110000100001111011000011,1,0.8641,0.8639,0.00019999999999997797,0.0,0.1099,0.906,0.906,676.008056640625,0.16957428052425386,causal-margin-v2,2.0,0.5,0.0,0.89453125,0.140625,-0.00390625,-3.0398623943328857,0.40725189447402954,3.4471144676208496,True,False
causal_target_6_feature_351_beta_2_lambda_0.001_seed_20260905,causal,351,6,2.0,0.001,20260905,0.09478523582220078,1.5165637731552124,0.8463541865348816,0.8463541865348816,0.0,00111101110000100001111011000011,00111111110000100001111011000011,1,0.8641,0.8639,0.00019999999999997797,0.0,0.1099,0.7308,0.7308,664.2171630859375,0.18895839886665344,causal-margin-v2,2.0,0.5,0.0,0.71875,0.140625,-0.00390625,-2.8589186668395996,0.20407742261886597,3.0629963874816895,False,False
causal_target_6_feature_351_beta_2_lambda_0.001_seed_20260906,causal,351,6,2.0,0.001,20260906,0.09478523582220078,1.5165637731552124,0.8463541865348816,0.8463541865348816,0.0,00111101110000100001111011000011,00111111110000100001111011000011,1,0.8641,0.8639,0.00019999999999997797,0.0,0.1099,0.7288,0.7288,652.5325317382812,0.20106866030693055,causal-margin-v2,2.0,0.5,0.0,0.7109375,0.140625,-0.00390625,-2.8419549465179443,0.2368549108505249,3.0788097381591797,False,False
causal_target_6_feature_354_beta_2_lambda_0.001_seed_20260904,causal,354,6,2.0,0.001,20260904,0.09881405532360077,1.5810248851776123,0.8463541865348816,0.8463541865348816,0.0,00111101110010100101111100000110,00111111110010100101111100000110,1,0.8641,0.8631,0.0010000000000000009,0.0,0.1095,0.9748,0.9748,664.0675659179688,0.17292483830451966,causal-margin-v2,2.0,0.5,0.0,0.98046875,0.140625,-0.00390625,-3.351113796234131,0.8721802234649658,4.223294258117676,False,True
causal_target_6_feature_354_beta_2_lambda_0.001_seed_20260905,causal,354,6,2.0,0.001,20260905,0.09881405532360077,1.5810248851776123,0.8463541865348816,0.8463541865348816,0.0,00111101110010100101111100000110,00111111110010100101111100000110,1,0.8641,0.8631,0.0010000000000000009,0.0,0.1095,0.9707,0.9707,696.4129638671875,0.1709437085866928,causal-margin-v2,2.0,0.5,0.0,0.984375,0.140625,-0.00390625,-3.4105005264282227,0.9209620952606201,4.331462860107422,False,True
causal_target_6_feature_354_beta_2_lambda_0.001_seed_20260906,causal,354,6,2.0,0.001,20260906,0.09881405532360077,1.5810248851776123,0.8463541865348816,0.8463541865348816,0.0,00111101110010100101111100000110,00111111110010100101111100000110,1,0.8641,0.8631,0.0010000000000000009,0.0,0.1095,0.9923,0.9923,693.680908203125,0.1682396047115326,causal-margin-v2,2.0,0.5,0.0,0.984375,0.140625,-0.00390625,-3.460700035095215,1.0335774421691895,4.494277477264404,False,True
causal_target_6_feature_358_beta_2_lambda_0.001_seed_20260904,causal,358,6,2.0,0.001,20260904,0.06538375467061996,1.0461400747299194,0.8463541865348816,0.8463541865348816,0.0,00111101100001011110011111101011,00111111100001011110011111101011,1,0.8641,0.864,9.999999999998899e-05,0.0,0.1084,0.532,0.532,724.5713500976562,0.14744126102924346,causal-margin-v2,2.0,0.5,0.0,0.50390625,0.13671875,-0.00390625,-2.720520496368408,0.02601269632577896,2.7465333938598633,False,False
causal_target_6_feature_358_beta_2_lambda_0.001_seed_20260905,causal,358,6,2.0,0.001,20260905,0.06538375467061996,1.0461400747299194,0.8463541865348816,0.8463541865348816,0.0,00111101100001011110011111101011,00111111100001011110011111101011,1,0.8641,0.864,9.999999999998899e-05,0.0001,0.1084,0.3683,0.3682,747.5946044921875,0.12951691019535064,causal-margin-v2,2.0,0.5,0.0,0.35546875,0.13671875,-0.00390625,-2.7359209060668945,-0.11011362075805664,2.625807285308838,False,False
causal_target_6_feature_358_beta_2_lambda_0.001_seed_20260906,causal,358,6,2.0,0.001,20260906,0.06538375467061996,1.0461400747299194,0.8463541865348816,0.8463541865348816,0.0,00111101100001011110011111101011,00111111100001011110011111101011,1,0.8641,0.864,9.999999999998899e-05,0.0,0.1084,0.3463,0.3463,769.8265991210938,0.11954958221912385,causal-margin-v2,2.0,0.5,0.0,0.37109375,0.13671875,-0.00390625,-2.6962389945983887,-0.07181202620267868,2.62442684173584,False,False
causal_target_6_feature_360_beta_2_lambda_0.001_seed_20260904,causal,360,6,2.0,0.001,20260904,0.09405730664730072,1.5049169063568115,0.8463541865348816,0.8463541865348816,0.0,00111101110000001010000100011110,00111111110000001010000100011110,1,0.8641,0.8641,0.0,0.0,0.1085,0.448,0.448,720.6937866210938,0.13620539116859437,causal-margin-v2,2.0,0.5,0.0,0.47265625,0.13671875,-0.00390625,-2.713146209716797,-0.04262088984251022,2.670525312423706,False,False
causal_target_6_feature_360_beta_2_lambda_0.001_seed_20260905,causal,360,6,2.0,0.001,20260905,0.09405730664730072,1.5049169063568115,0.8463541865348816,0.8463541865348816,0.0,00111101110000001010000100011110,00111111110000001010000100011110,1,0.8641,0.8641,0.0,0.0,0.1085,0.182,0.182,795.154296875,0.11317940438985824,causal-margin-v2,2.0,0.5,0.0,0.15625,0.13671875,-0.00390625,-2.515577793121338,-0.24038037657737732,2.2751975059509277,False,False
causal_target_6_feature_360_beta_2_lambda_0.001_seed_20260906,causal,360,6,2.0,0.001,20260906,0.09405730664730072,1.5049169063568115,0.8463541865348816,0.8463541865348816,0.0,00111101110000001010000100011110,00111111110000001010000100011110,1,0.8641,0.8641,0.0,0.0,0.1085,0.4183,0.4183,805.4674072265625,0.1042460336446762,causal-margin-v2,2.0,0.5,0.0,0.41015625,0.13671875,-0.00390625,-2.562197208404541,-0.04077661782503128,2.521420478820801,False,False
causal_target_6_feature_365_beta_2_lambda_0.001_seed_20260904,causal,365,6,2.0,0.001,20260904,0.06602184474468231,1.056349515914917,0.8463541865348816,0.84765625,-0.0013020634651184082,00111101100001110011011001110110,00111111100001110011011001110110,1,0.8641,0.8639,0.00019999999999997797,0.0001,0.1081,0.8209,0.8208,718.9730224609375,0.15703643794059755,causal-margin-v2,2.0,0.5,0.0,0.76953125,0.13671875,0.0,-2.436328649520874,0.3292565643787384,2.765585422515869,False,False
causal_target_6_feature_365_beta_2_lambda_0.001_seed_20260905,causal,365,6,2.0,0.001,20260905,0.06602184474468231,1.056349515914917,0.8463541865348816,0.84765625,-0.0013020634651184082,00111101100001110011011001110110,00111111100001110011011001110110,1,0.8641,0.8639,0.00019999999999997797,0.0,0.1081,0.4762,0.4762,697.4246215820312,0.17221318461894988,causal-margin-v2,2.0,0.5,0.0,0.46484375,0.13671875,0.0,-2.7761478424072266,0.02117672562599182,2.7973246574401855,False,False
causal_target_6_feature_365_beta_2_lambda_0.001_seed_20260906,causal,365,6,2.0,0.001,20260906,0.06602184474468231,1.056349515914917,0.8463541865348816,0.84765625,-0.0013020634651184082,00111101100001110011011001110110,00111111100001110011011001110110,1,0.8641,0.8639,0.00019999999999997797,0.0,0.1081,0.4226,0.4226,719.6388549804688,0.15394397225379944,causal-margin-v2,2.0,0.5,0.0,0.4140625,0.13671875,0.0,-2.7903268337249756,-0.06729081273078918,2.7230358123779297,False,False
causal_target_6_feature_368_beta_2_lambda_0.001_seed_20260904,causal,368,6,2.0,0.001,20260904,0.005628741811960936,1.4409579038619995,0.8463541865348816,0.84765625,-0.0013020634651184082,00111011101110000111000101001111,00111111101110000111000101001111,1,0.8641,0.8639,0.00019999999999997797,0.0,0.1075,0.0621,0.0621,846.1561889648438,0.0704909383058548,causal-margin-v2,2.0,0.5,0.0,0.078125,0.1328125,0.0,-2.7450246810913086,-0.35067492723464966,2.3943495750427246,False,False
causal_target_6_feature_368_beta_2_lambda_0.001_seed_20260905,causal,368,6,2.0,0.001,20260905,0.005628741811960936,1.4409579038619995,0.8463541865348816,0.84765625,-0.0013020634651184082,00111011101110000111000101001111,00111111101110000111000101001111,1,0.8641,0.8639,0.00019999999999997797,0.0,0.1075,0.1034,0.1034,752.5252075195312,0.12891214282512664,causal-margin-v2,2.0,0.5,0.0,0.12109375,0.1328125,0.0,-2.71394944190979,-0.383746862411499,2.330202579498291,False,False
causal_target_6_feature_368_beta_2_lambda_0.001_seed_20260906,causal,368,6,2.0,0.001,20260906,0.005628741811960936,1.4409579038619995,0.8463541865348816,0.84765625,-0.0013020634651184082,00111011101110000111000101001111,00111111101110000111000101001111,1,0.8641,0.8639,0.00019999999999997797,0.0,0.1075,0.0387,0.0387,655.4482421875,0.21334921777248383,causal-margin-v2,2.0,0.5,0.0,0.046875,0.1328125,0.0,-2.519761085510254,-0.8061415553092957,1.7136194705963135,False,False
causal_target_6_feature_370_beta_2_lambda_0.001_seed_20260904,causal,370,6,2.0,0.001,20260904,0.07101704925298691,1.1362727880477905,0.8463541865348816,0.8463541865348816,0.0,00111101100100010111000101100011,00111111100100010111000101100011,1,0.8641,0.8639,0.00019999999999997797,0.0,0.1086,0.2631,0.2631,748.4291381835938,0.11811137498617172,causal-margin-v2,2.0,0.5,0.0,0.28125,0.13671875,-0.00390625,-2.6806960105895996,-0.13254323601722717,2.5481529235839844,False,False
causal_target_6_feature_370_beta_2_lambda_0.001_seed_20260905,causal,370,6,2.0,0.001,20260905,0.07101704925298691,1.1362727880477905,0.8463541865348816,0.8463541865348816,0.0,00111101100100010111000101100011,00111111100100010111000101100011,1,0.8641,0.8639,0.00019999999999997797,0.0,0.1086,0.2929,0.2929,740.0650024414062,0.14509287340641022,causal-margin-v2,2.0,0.5,0.0,0.29296875,0.13671875,-0.00390625,-2.7132344245910645,-0.17253264784812927,2.5407021045684814,False,False
causal_target_6_feature_370_beta_2_lambda_0.001_seed_20260906,causal,370,6,2.0,0.001,20260906,0.07101704925298691,1.1362727880477905,0.8463541865348816,0.8463541865348816,0.0,00111101100100010111000101100011,00111111100100010111000101100011,1,0.8641,0.8639,0.00019999999999997797,0.0,0.1086,0.2463,0.2463,790.40380859375,0.10677027560472488,causal-margin-v2,2.0,0.5,0.0,0.24609375,0.13671875,-0.00390625,-2.716064453125,-0.18660953640937805,2.5294547080993652,False,False
causal_target_6_feature_381_beta_2_lambda_0.001_seed_20260904,causal,381,6,2.0,0.001,20260904,2.8909371394547634e-05,1.8946045637130737,0.8463541865348816,0.8463541865348816,0.0,00110111111100101000001001100111,00111111111100101000001001100111,1,0.8641,0.8644,-0.00029999999999996696,0.0001,0.1066,0.0129,0.0128,622.9278564453125,0.23697860021591186,causal-margin-v2,2.0,0.5,0.0,0.0390625,0.1328125,0.0,-2.4029054641723633,-1.0206184387207031,1.3822870254516602,False,False
causal_target_6_feature_381_beta_2_lambda_0.001_seed_20260905,causal,381,6,2.0,0.001,20260905,2.8909371394547634e-05,1.8946045637130737,0.8463541865348816,0.8463541865348816,0.0,00110111111100101000001001100111,00111111111100101000001001100111,1,0.8641,0.8644,-0.00029999999999996696,0.0025,0.1066,0.0256,0.023100000000000002,527.9412841796875,0.39654053564071656,causal-margin-v2,2.0,0.5,0.0,0.03515625,0.1328125,0.0,-2.3272624015808105,-1.4221256971359253,0.9051365852355957,False,False
causal_target_6_feature_381_beta_2_lambda_0.001_seed_20260906,causal,381,6,2.0,0.001,20260906,2.8909371394547634e-05,1.8946045637130737,0.8463541865348816,0.8463541865348816,0.0,00110111111100101000001001100111,00111111111100101000001001100111,1,0.8641,0.8644,-0.00029999999999996696,0.0003,0.1066,0.0086,0.0083,572.0389404296875,0.3374658902645111,causal-margin-v2,2.0,0.5,0.0,0.015625,0.1328125,0.0,-2.3496041297912598,-1.3438992500305176,1.0057048797607422,False,False
causal_target_6_feature_384_beta_2_lambda_0.001_seed_20260904,causal,384,6,2.0,0.001,20260904,0.07001947611570358,1.1203116178512573,0.8463541865348816,0.8463541865348816,0.0,00111101100011110110011001011111,00111111100011110110011001011111,1,0.8641,0.8638,0.00029999999999996696,0.0001,0.1086,0.3256,0.3255,756.8307495117188,0.1233257893204689,causal-margin-v2,2.0,0.5,0.0,0.34375,0.140625,-0.00390625,-2.7017717361450195,-0.08783486485481262,2.6139369010925293,False,False
causal_target_6_feature_384_beta_2_lambda_0.001_seed_20260905,causal,384,6,2.0,0.001,20260905,0.07001947611570358,1.1203116178512573,0.8463541865348816,0.8463541865348816,0.0,00111101100011110110011001011111,00111111100011110110011001011111,1,0.8641,0.8638,0.00029999999999996696,0.0,0.1086,0.145,0.145,757.5655517578125,0.13340277154445648,causal-margin-v2,2.0,0.5,0.0,0.16015625,0.140625,-0.00390625,-2.542933464050293,-0.3493156433105469,2.193617820739746,False,False
causal_target_6_feature_384_beta_2_lambda_0.001_seed_20260906,causal,384,6,2.0,0.001,20260906,0.07001947611570358,1.1203116178512573,0.8463541865348816,0.8463541865348816,0.0,00111101100011110110011001011111,00111111100011110110011001011111,1,0.8641,0.8638,0.00029999999999996696,0.0,0.1086,0.0931,0.0931,756.7780151367188,0.12969759390354157,causal-margin-v2,2.0,0.5,0.0,0.109375,0.140625,-0.00390625,-2.5313498973846436,-0.31330543756484985,2.2180445194244385,False,False
causal_target_6_feature_392_beta_2_lambda_0.001_seed_20260904,causal,392,6,2.0,0.001,20260904,0.06537753343582153,1.0460405349731445,0.8463541865348816,0.8463541865348816,0.0,00111101100001011110010010101000,00111111100001011110010010101000,1,0.8641,0.864,9.999999999998899e-05,0.0045,0.1084,0.0404,0.0359,547.1409912109375,0.2775001171588898,causal-margin-v2,2.0,0.5,0.01171875,0.05859375,0.13671875,-0.00390625,-2.015758752822876,-1.1243131160736084,0.8914457559585571,False,False
causal_target_6_feature_392_beta_2_lambda_0.001_seed_20260905,causal,392,6,2.0,0.001,20260905,0.06537753343582153,1.0460405349731445,0.8463541865348816,0.8463541865348816,0.0,00111101100001011110010010101000,00111111100001011110010010101000,1,0.8641,0.864,9.999999999998899e-05,0.0049,0.1084,0.0074,0.0025000000000000005,429.6637268066406,0.4816680203914642,causal-margin-v2,2.0,0.5,0.0,0.01171875,0.13671875,-0.00390625,-2.158855438232422,-2.03645396232605,0.12240149080753326,False,False
causal_target_6_feature_392_beta_2_lambda_0.001_seed_20260906,causal,392,6,2.0,0.001,20260906,0.06537753343582153,1.0460405349731445,0.8463541865348816,0.8463541865348816,0.0,00111101100001011110010010101000,00111111100001011110010010101000,1,0.8641,0.864,9.999999999998899e-05,0.0033,0.1084,0.0231,0.019799999999999998,557.3645629882812,0.29348531489372254,causal-margin-v2,2.0,0.5,0.0,0.03515625,0.13671875,-0.00390625,-2.263101816177368,-1.3585877418518066,0.9045141935348511,False,False
causal_target_6_feature_393_beta_2_lambda_0.001_seed_20260904,causal,393,6,2.0,0.001,20260904,0.0640408992767334,1.0246543884277344,0.8463541865348816,0.84765625,-0.0013020634651184082,00111101100000110010011111100000,00111111100000110010011111100000,1,0.8641,0.864,9.999999999998899e-05,0.0025,0.1077,0.0519,0.0494,619.91650390625,0.23064671578407286,causal-margin-v2,2.0,0.5,0.0,0.04296875,0.1328125,0.0,-1.97968590259552,-0.8819715976715088,1.0977143049240112,False,False
causal_target_6_feature_393_beta_2_lambda_0.001_seed_20260905,causal,393,6,2.0,0.001,20260905,0.0640408992767334,1.0246543884277344,0.8463541865348816,0.84765625,-0.0013020634651184082,00111101100000110010011111100000,00111111100000110010011111100000,1,0.8641,0.864,9.999999999998899e-05,0.0074,0.1077,0.0225,0.015099999999999999,508.2677917480469,0.4149536992073059,causal-margin-v2,2.0,0.5,0.015625,0.046875,0.1328125,0.0,-2.066511631011963,-1.5506583452224731,0.5158532857894897,False,False
causal_target_6_feature_393_beta_2_lambda_0.001_seed_20260906,causal,393,6,2.0,0.001,20260906,0.0640408992767334,1.0246543884277344,0.8463541865348816,0.84765625,-0.0013020634651184082,00111101100000110010011111100000,00111111100000110010011111100000,1,0.8641,0.864,9.999999999998899e-05,0.004,0.1077,0.0218,0.0178,538.1006469726562,0.3628380738735199,causal-margin-v2,2.0,0.5,0.00390625,0.03125,0.1328125,0.0,-2.165940523147583,-1.4922902584075928,0.6736504435539246,False,False
causal_target_6_feature_402_beta_2_lambda_0.001_seed_20260904,causal,402,6,2.0,0.001,20260904,0.004794258624315262,1.227330207824707,0.8463541865348816,0.84765625,-0.0013020634651184082,00111011100111010001100100101000,00111111100111010001100100101000,1,0.8641,0.8642,-9.999999999998899e-05,0.0,0.1075,0.2509,0.2509,748.873046875,0.11821419817209244,causal-margin-v2,2.0,0.5,0.0,0.2734375,0.13671875,0.0,-2.7684812545776367,-0.19496797025203705,2.5735130310058594,False,False
causal_target_6_feature_402_beta_2_lambda_0.001_seed_20260905,causal,402,6,2.0,0.001,20260905,0.004794258624315262,1.227330207824707,0.8463541865348816,0.84765625,-0.0013020634651184082,00111011100111010001100100101000,00111111100111010001100100101000,1,0.8641,0.8642,-9.999999999998899e-05,0.0,0.1075,0.1193,0.1193,738.01025390625,0.13550921335220337,causal-margin-v2,2.0,0.5,0.0,0.1484375,0.13671875,0.0,-2.7306137084960938,-0.3256676495075226,2.4049458503723145,False,False
causal_target_6_feature_402_beta_2_lambda_0.001_seed_20260906,causal,402,6,2.0,0.001,20260906,0.004794258624315262,1.227330207824707,0.8463541865348816,0.84765625,-0.0013020634651184082,00111011100111010001100100101000,00111111100111010001100100101000,1,0.8641,0.8642,-9.999999999998899e-05,0.0,0.1075,0.1385,0.1385,800.6947631835938,0.10245373312234879,causal-margin-v2,2.0,0.5,0.0,0.12890625,0.13671875,0.0,-2.775237798690796,-0.2866361141204834,2.4886016845703125,False,False
causal_target_6_feature_415_beta_2_lambda_0.001_seed_20260904,causal,415,6,2.0,0.001,20260904,0.06780838966369629,1.0849342346191406,0.8463541865348816,0.8463541865348816,0.0,00111101100010101101111100100000,00111111100010101101111100100000,1,0.8641,0.8632,0.0009000000000000119,0.0,0.1087,0.4431,0.4431,798.492431640625,0.11181976270675659,causal-margin-v2,2.0,0.5,0.0,0.42578125,0.140625,-0.00390625,-2.560502290725708,-0.03202974796295166,2.528472423553467,False,False
causal_target_6_feature_415_beta_2_lambda_0.001_seed_20260905,causal,415,6,2.0,0.001,20260905,0.06780838966369629,1.0849342346191406,0.8463541865348816,0.8463541865348816,0.0,00111101100010101101111100100000,00111111100010101101111100100000,1,0.8641,0.8632,0.0009000000000000119,0.0001,0.1087,0.1168,0.1167,720.9603271484375,0.16136911733150483,causal-margin-v2,2.0,0.5,0.0,0.12109375,0.140625,-0.00390625,-2.578307628631592,-0.43721309304237366,2.14109468460083,False,False
causal_target_6_feature_415_beta_2_lambda_0.001_seed_20260906,causal,415,6,2.0,0.001,20260906,0.06780838966369629,1.0849342346191406,0.8463541865348816,0.8463541865348816,0.0,00111101100010101101111100100000,00111111100010101101111100100000,1,0.8641,0.8632,0.0009000000000000119,0.0,0.1087,0.2369,0.2369,783.63916015625,0.10893427987098694,causal-margin-v2,2.0,0.5,0.0,0.234375,0.140625,-0.00390625,-2.674791097640991,-0.17380744218826294,2.500983715057373,False,False
causal_target_6_feature_419_beta_2_lambda_0.001_seed_20260904,causal,419,6,2.0,0.001,20260904,0.08317378908395767,1.3307806253433228,0.8463541865348816,0.8463541865348816,0.0,00111101101010100101011100000101,00111111101010100101011100000101,1,0.8641,0.8638,0.00029999999999996696,0.0001,0.1091,0.3303,0.3302,762.0755615234375,0.12670167548656464,causal-margin-v2,2.0,0.5,0.0,0.3515625,0.140625,-0.00390625,-2.5436697006225586,-0.15053582191467285,2.3931338787078857,False,False
causal_target_6_feature_419_beta_2_lambda_0.001_seed_20260905,causal,419,6,2.0,0.001,20260905,0.08317378908395767,1.3307806253433228,0.8463541865348816,0.8463541865348816,0.0,00111101101010100101011100000101,00111111101010100101011100000101,1,0.8641,0.8638,0.00029999999999996696,0.0,0.1091,0.2055,0.2055,746.5856323242188,0.14116196727752686,causal-margin-v2,2.0,0.5,0.0,0.23828125,0.140625,-0.00390625,-2.566378593444824,-0.2579761743545532,2.3084025382995605,False,False
causal_target_6_feature_419_beta_2_lambda_0.001_seed_20260906,causal,419,6,2.0,0.001,20260906,0.08317378908395767,1.3307806253433228,0.8463541865348816,0.8463541865348816,0.0,00111101101010100101011100000101,00111111101010100101011100000101,1,0.8641,0.8638,0.00029999999999996696,0.0002,0.1091,0.1943,0.1941,716.7291259765625,0.17180329797267913,causal-margin-v2,2.0,0.5,0.0,0.22265625,0.140625,-0.00390625,-2.455282211303711,-0.3152979016304016,2.139984130859375,False,False
causal_target_6_feature_424_beta_2_lambda_0.001_seed_20260904,causal,424,6,2.0,0.001,20260904,0.09094826877117157,1.4551723003387451,0.8463541865348816,0.8463541865348816,0.0,00111101101110100100001100010110,00111111101110100100001100010110,1,0.8641,0.8635,0.0005999999999999339,0.0001,0.1096,0.8037,0.8036,663.9965209960938,0.1796644326210022,causal-margin-v2,2.0,0.5,0.0,0.828125,0.14453125,-0.00390625,-2.6337380409240723,0.31687450408935547,2.950612783432007,False,False
causal_target_6_feature_424_beta_2_lambda_0.001_seed_20260905,causal,424,6,2.0,0.001,20260905,0.09094826877117157,1.4551723003387451,0.8463541865348816,0.8463541865348816,0.0,00111101101110100100001100010110,00111111101110100100001100010110,1,0.8641,0.8635,0.0005999999999999339,0.0,0.1096,0.6138,0.6138,684.7236938476562,0.1702678314447403,causal-margin-v2,2.0,0.5,0.0,0.609375,0.14453125,-0.00390625,-2.8069281578063965,0.10257367789745331,2.909501552581787,False,False
causal_target_6_feature_424_beta_2_lambda_0.001_seed_20260906,causal,424,6,2.0,0.001,20260906,0.09094826877117157,1.4551723003387451,0.8463541865348816,0.8463541865348816,0.0,00111101101110100100001100010110,00111111101110100100001100010110,1,0.8641,0.8635,0.0005999999999999339,0.0,0.1096,0.5789,0.5789,716.6845703125,0.15168876008987428,causal-margin-v2,2.0,0.5,0.0,0.57421875,0.14453125,-0.00390625,-2.7784910202026367,0.10943489521741867,2.887925624847412,False,False
causal_target_6_feature_444_beta_2_lambda_0.001_seed_20260904,causal,444,6,2.0,0.001,20260904,0.005532009992748499,1.4161945581436157,0.8463541865348816,0.8463541865348816,0.0,00111011101101010100010111011101,00111111101101010100010111011101,1,0.8641,0.864,9.999999999998899e-05,0.0,0.1082,0.3368,0.3368,727.5736694335938,0.1352486175775528,causal-margin-v2,2.0,0.5,0.0,0.30859375,0.140625,-0.00390625,-2.804239511489868,-0.14326420426368713,2.660975456237793,False,False
causal_target_6_feature_444_beta_2_lambda_0.001_seed_20260905,causal,444,6,2.0,0.001,20260905,0.005532009992748499,1.4161945581436157,0.8463541865348816,0.8463541865348816,0.0,00111011101101010100010111011101,00111111101101010100010111011101,1,0.8641,0.864,9.999999999998899e-05,0.0,0.1082,0.2897,0.2897,757.0235595703125,0.1289019775867462,causal-margin-v2,2.0,0.5,0.0,0.2890625,0.140625,-0.00390625,-2.774021625518799,-0.17944321036338806,2.594578742980957,False,False
causal_target_6_feature_444_beta_2_lambda_0.001_seed_20260906,causal,444,6,2.0,0.001,20260906,0.005532009992748499,1.4161945581436157,0.8463541865348816,0.8463541865348816,0.0,00111011101101010100010111011101,00111111101101010100010111011101,1,0.8641,0.864,9.999999999998899e-05,0.0,0.1082,0.2504,0.2504,763.2543334960938,0.1207223432302475,causal-margin-v2,2.0,0.5,0.0,0.30078125,0.140625,-0.00390625,-2.755232810974121,-0.20533250272274017,2.549900531768799,False,False
causal_target_6_feature_452_beta_2_lambda_0.001_seed_20260904,causal,452,6,2.0,0.001,20260904,0.06535787135362625,1.04572594165802,0.8463541865348816,0.8463541865348816,0.0,00111101100001011101101001011001,00111111100001011101101001011001,1,0.8641,0.8643,-0.00019999999999997797,0.0,0.1083,0.8056,0.8056,724.1646728515625,0.13922640125751495,causal-margin-v2,2.0,0.5,0.0,0.8125,0.1328125,0.0,-2.9230031967163086,0.2757803499698639,3.1987833976745605,False,False
causal_target_6_feature_452_beta_2_lambda_0.001_seed_20260905,causal,452,6,2.0,0.001,20260905,0.06535787135362625,1.04572594165802,0.8463541865348816,0.8463541865348816,0.0,00111101100001011101101001011001,00111111100001011101101001011001,1,0.8641,0.8643,-0.00019999999999997797,0.0,0.1083,0.6197,0.6197,712.6577758789062,0.15235637226104737,causal-margin-v2,2.0,0.5,0.0,0.6640625,0.1328125,0.0,-2.8360061645507812,0.12173686921596527,2.9577431678771973,False,False
causal_target_6_feature_452_beta_2_lambda_0.001_seed_20260906,causal,452,6,2.0,0.001,20260906,0.06535787135362625,1.04572594165802,0.8463541865348816,0.8463541865348816,0.0,00111101100001011101101001011001,00111111100001011101101001011001,1,0.8641,0.8643,-0.00019999999999997797,0.0,0.1083,0.7196,0.7196,691.9644165039062,0.1675370240688324,causal-margin-v2,2.0,0.5,0.0,0.6875,0.1328125,0.0,-2.953280210494995,0.16818001866340637,3.1214599609375,False,False
causal_target_6_feature_469_beta_2_lambda_0.001_seed_20260904,causal,469,6,2.0,0.001,20260904,0.0814608559012413,1.3033736944198608,0.8463541865348816,0.84765625,-0.0013020634651184082,00111101101001101101010011110011,00111111101001101101010011110011,1,0.8641,0.864,9.999999999998899e-05,0.0002,0.1083,0.2291,0.2289,774.6660766601562,0.11807620313167572,causal-margin-v2,2.0,0.5,0.0,0.25,0.1328125,0.0,-2.475175619125366,-0.30773013830184937,2.167445182800293,False,False
causal_target_6_feature_469_beta_2_lambda_0.001_seed_20260905,causal,469,6,2.0,0.001,20260905,0.0814608559012413,1.3033736944198608,0.8463541865348816,0.84765625,-0.0013020634651184082,00111101101001101101010011110011,00111111101001101101010011110011,1,0.8641,0.864,9.999999999998899e-05,0.0,0.1083,0.1502,0.1502,747.258056640625,0.1317560857772827,causal-margin-v2,2.0,0.5,0.0,0.16015625,0.1328125,0.0,-2.549790382385254,-0.2928459048271179,2.2569446563720703,False,False
causal_target_6_feature_469_beta_2_lambda_0.001_seed_20260906,causal,469,6,2.0,0.001,20260906,0.0814608559012413,1.3033736944198608,0.8463541865348816,0.84765625,-0.0013020634651184082,00111101101001101101010011110011,00111111101001101101010011110011,1,0.8641,0.864,9.999999999998899e-05,0.0,0.1083,0.3298,0.3298,770.9783935546875,0.11677433640956879,causal-margin-v2,2.0,0.5,0.0,0.37109375,0.1328125,0.0,-2.671149492263794,-0.1252874732017517,2.5458621978759766,False,False
causal_target_6_feature_474_beta_2_lambda_0.001_seed_20260904,causal,474,6,2.0,0.001,20260904,0.06517800688743591,1.0428481101989746,0.8463541865348816,0.84765625,-0.0013020634651184082,00111101100001010111110000001100,00111111100001010111110000001100,1,0.8641,0.8644,-0.00029999999999996696,0.0,0.1071,0.7365,0.7365,661.543701171875,0.16836209740638733,causal-margin-v2,2.0,0.5,0.0,0.7421875,0.1328125,0.0,-2.944380760192871,0.22055429220199585,3.1649351119995117,False,False
causal_target_6_feature_474_beta_2_lambda_0.001_seed_20260905,causal,474,6,2.0,0.001,20260905,0.06517800688743591,1.0428481101989746,0.8463541865348816,0.84765625,-0.0013020634651184082,00111101100001010111110000001100,00111111100001010111110000001100,1,0.8641,0.8644,-0.00029999999999996696,0.0001,0.1071,0.5816,0.5815,675.3914794921875,0.17516393563747407,causal-margin-v2,2.0,0.5,0.0,0.625,0.1328125,0.0,-2.807675361633301,0.13089033961296082,2.938565731048584,False,False
causal_target_6_feature_474_beta_2_lambda_0.001_seed_20260906,causal,474,6,2.0,0.001,20260906,0.06517800688743591,1.0428481101989746,0.8463541865348816,0.84765625,-0.0013020634651184082,00111101100001010111110000001100,00111111100001010111110000001100,1,0.8641,0.8644,-0.00029999999999996696,0.0001,0.1071,0.6182,0.6181,694.0669555664062,0.15750091195106505,causal-margin-v2,2.0,0.5,0.0,0.625,0.1328125,0.0,-2.882051467895508,0.13502848148345947,3.017080068588257,False,False
causal_target_6_feature_482_beta_2_lambda_0.001_seed_20260904,causal,482,6,2.0,0.001,20260904,0.11922784149646759,1.9076454639434814,0.8463541865348816,0.8463541865348816,0.0,00111101111101000010110110111010,00111111111101000010110110111010,1,0.8641,0.8634,0.0007000000000000339,0.0,0.1101,0.9355,0.9355,666.8772583007812,0.1779156769514084,causal-margin-v2,2.0,0.5,0.0,0.921875,0.14453125,-0.00390625,-3.1630194187164307,0.6457098126411438,3.808729410171509,True,True
causal_target_6_feature_482_beta_2_lambda_0.001_seed_20260905,causal,482,6,2.0,0.001,20260905,0.11922784149646759,1.9076454639434814,0.8463541865348816,0.8463541865348816,0.0,00111101111101000010110110111010,00111111111101000010110110111010,1,0.8641,0.8634,0.0007000000000000339,0.0,0.1101,0.9947,0.9947,683.790283203125,0.17738949010372163,causal-margin-v2,2.0,0.5,0.0,0.99609375,0.14453125,-0.00390625,-3.7402243614196777,1.5404759645462036,5.28070068359375,True,True
causal_target_6_feature_482_beta_2_lambda_0.001_seed_20260906,causal,482,6,2.0,0.001,20260906,0.11922784149646759,1.9076454639434814,0.8463541865348816,0.8463541865348816,0.0,00111101111101000010110110111010,00111111111101000010110110111010,1,0.8641,0.8634,0.0007000000000000339,0.0,0.1101,0.9964,0.9964,707.8367919921875,0.15836700143814086,causal-margin-v2,2.0,0.5,0.0,1.0,0.14453125,-0.00390625,-3.844010591506958,1.445044994354248,5.289055824279785,True,True
causal_target_6_feature_492_beta_2_lambda_0.001_seed_20260904,causal,492,6,2.0,0.001,20260904,0.00497092679142952,1.272557258605957,0.8463541865348816,0.84765625,-0.0013020634651184082,00111011101000101110001100101000,00111111101000101110001100101000,1,0.8641,0.8643,-0.00019999999999997797,0.0004,0.1074,0.0365,0.0361,640.6718139648438,0.231491583609581,causal-margin-v2,2.0,0.5,0.00390625,0.0703125,0.1328125,0.0,-2.4463136196136475,-0.9659678339958191,1.4803458452224731,False,False
causal_target_6_feature_492_beta_2_lambda_0.001_seed_20260905,causal,492,6,2.0,0.001,20260905,0.00497092679142952,1.272557258605957,0.8463541865348816,0.84765625,-0.0013020634651184082,00111011101000101110001100101000,00111111101000101110001100101000,1,0.8641,0.8643,-0.00019999999999997797,0.0,0.1074,0.0216,0.0216,649.5310668945312,0.2092170388698578,causal-margin-v2,2.0,0.5,0.0,0.03125,0.1328125,0.0,-2.402707099914551,-0.8987374901771545,1.5039695501327515,False,False
causal_target_6_feature_492_beta_2_lambda_0.001_seed_20260906,causal,492,6,2.0,0.001,20260906,0.00497092679142952,1.272557258605957,0.8463541865348816,0.84765625,-0.0013020634651184082,00111011101000101110001100101000,00111111101000101110001100101000,1,0.8641,0.8643,-0.00019999999999997797,0.0,0.1074,0.0465,0.0465,736.66650390625,0.13809735236167908,causal-margin-v2,2.0,0.5,0.0,0.08203125,0.1328125,0.0,-2.5188984870910645,-0.6332502365112305,1.885648250579834,False,False
causal_target_6_feature_496_beta_2_lambda_0.001_seed_20260904,causal,496,6,2.0,0.001,20260904,0.11466922610998154,1.8347076177597046,0.8463541865348816,0.8463541865348816,0.0,00111101111010101101011110110011,00111111111010101101011110110011,1,0.8641,0.8634,0.0007000000000000339,0.0,0.1102,0.9956,0.9956,671.8576049804688,0.17749427726268768,causal-margin-v2,2.0,0.5,0.0,1.0,0.140625,-0.00390625,-3.578423500061035,1.1817673444747925,4.760190963745117,True,True
causal_target_6_feature_496_beta_2_lambda_0.001_seed_20260905,causal,496,6,2.0,0.001,20260905,0.11466922610998154,1.8347076177597046,0.8463541865348816,0.8463541865348816,0.0,00111101111010101101011110110011,00111111111010101101011110110011,1,0.8641,0.8634,0.0007000000000000339,0.0,0.1102,0.9925,0.9925,625.1857299804688,0.23441138813495635,causal-margin-v2,2.0,0.5,0.0,1.0,0.140625,-0.00390625,-3.5016658306121826,1.2033500671386719,4.705016136169434,True,True
causal_target_6_feature_496_beta_2_lambda_0.001_seed_20260906,causal,496,6,2.0,0.001,20260906,0.11466922610998154,1.8347076177597046,0.8463541865348816,0.8463541865348816,0.0,00111101111010101101011110110011,00111111111010101101011110110011,1,0.8641,0.8634,0.0007000000000000339,0.0004,0.1102,0.9678,0.9674,643.6425170898438,0.21812273852825165,causal-margin-v2,2.0,0.5,0.0,0.9765625,0.140625,-0.00390625,-3.3992018699645996,1.0749841928482056,4.474185943603516,True,True
causal_target_6_feature_503_beta_2_lambda_0.001_seed_20260904,causal,503,6,2.0,0.001,20260904,0.0062474957667291164,1.5993589162826538,0.8463541865348816,0.8463541865348816,0.0,00111011110011001011011111001011,00111111110011001011011111001011,1,0.8641,0.8644,-0.00029999999999996696,0.0,0.1068,0.4856,0.4856,704.3197021484375,0.15124795870780944,causal-margin-v2,2.0,0.5,0.0,0.46875,0.140625,-0.00390625,-2.8310389518737793,0.011656612157821655,2.842695713043213,False,False
causal_target_6_feature_503_beta_2_lambda_0.001_seed_20260905,causal,503,6,2.0,0.001,20260905,0.0062474957667291164,1.5993589162826538,0.8463541865348816,0.8463541865348816,0.0,00111011110011001011011111001011,00111111110011001011011111001011,1,0.8641,0.8644,-0.00029999999999996696,0.0,0.1068,0.3746,0.3746,691.284423828125,0.17274649760723115,causal-margin-v2,2.0,0.5,0.0,0.3671875,0.140625,-0.00390625,-2.843348979949951,-0.08283665031194687,2.760512351989746,False,False
causal_target_6_feature_503_beta_2_lambda_0.001_seed_20260906,causal,503,6,2.0,0.001,20260906,0.0062474957667291164,1.5993589162826538,0.8463541865348816,0.8463541865348816,0.0,00111011110011001011011111001011,00111111110011001011011111001011,1,0.8641,0.8644,-0.00029999999999996696,0.0,0.1068,0.3662,0.3662,716.966796875,0.15185676364898681,causal-margin-v2,2.0,0.5,0.0,0.3671875,0.140625,-0.00390625,-2.811336040496826,-0.11087910085916519,2.7004570960998535,False,False
causal_target_6_feature_506_beta_2_lambda_0.001_seed_20260904,causal,506,6,2.0,0.001,20260904,0.06585999578237534,1.0537599325180054,0.8463541865348816,0.8463541865348816,0.0,00111101100001101110000110011011,00111111100001101110000110011011,1,0.8641,0.8642,-9.999999999998899e-05,0.0001,0.1079,0.0328,0.0327,674.2979125976562,0.1781327401638031,causal-margin-v2,2.0,0.5,0.0,0.04296875,0.140625,-0.00390625,-2.129523754119873,-0.7209267616271973,1.4085969924926758,False,False
causal_target_6_feature_506_beta_2_lambda_0.001_seed_20260905,causal,506,6,2.0,0.001,20260905,0.06585999578237534,1.0537599325180054,0.8463541865348816,0.8463541865348816,0.0,00111101100001101110000110011011,00111111100001101110000110011011,1,0.8641,0.8642,-9.999999999998899e-05,0.0006,0.1079,0.0259,0.0253,607.5739135742188,0.2690124624252319,causal-margin-v2,2.0,0.5,0.0,0.0390625,0.140625,-0.00390625,-2.2966384887695312,-1.137096881866455,1.1595416069030762,False,False
causal_target_6_feature_506_beta_2_lambda_0.001_seed_20260906,causal,506,6,2.0,0.001,20260906,0.06585999578237534,1.0537599325180054,0.8463541865348816,0.8463541865348816,0.0,00111101100001101110000110011011,00111111100001101110000110011011,1,0.8641,0.8642,-9.999999999998899e-05,0.0004,0.1079,0.0219,0.0215,596.4631958007812,0.3010233487606049,causal-margin-v2,2.0,0.5,0.00390625,0.05078125,0.140625,-0.00390625,-2.2922887802124023,-1.2470498085021973,1.0452388525009155,False,False
causal_target_6_feature_507_beta_2_lambda_0.001_seed_20260904,causal,507,6,2.0,0.001,20260904,0.004797331523150206,1.2281168699264526,0.8463541865348816,0.8463541865348816,0.0,00111011100111010011001011101111,00111111100111010011001011101111,1,0.8641,0.8645,-0.00040000000000006697,0.0,0.1073,0.0827,0.0827,804.3214111328125,0.10228299651145935,causal-margin-v2,2.0,0.5,0.0,0.11328125,0.1328125,0.0,-2.7396697998046875,-0.3664866089820862,2.373183012008667,False,False
causal_target_6_feature_507_beta_2_lambda_0.001_seed_20260905,causal,507,6,2.0,0.001,20260905,0.004797331523150206,1.2281168699264526,0.8463541865348816,0.8463541865348816,0.0,00111011100111010011001011101111,00111111100111010011001011101111,1,0.8641,0.8645,-0.00040000000000006697,0.0,0.1073,0.1597,0.1597,720.384033203125,0.14541973502635955,causal-margin-v2,2.0,0.5,0.0,0.16015625,0.1328125,0.0,-2.7772505283355713,-0.26379287242889404,2.513457775115967,False,False
causal_target_6_feature_507_beta_2_lambda_0.001_seed_20260906,causal,507,6,2.0,0.001,20260906,0.004797331523150206,1.2281168699264526,0.8463541865348816,0.8463541865348816,0.0,00111011100111010011001011101111,00111111100111010011001011101111,1,0.8641,0.8645,-0.00040000000000006697,0.0,0.1073,0.1799,0.1799,767.8374633789062,0.11709367272853852,causal-margin-v2,2.0,0.5,0.0,0.16796875,0.1328125,0.0,-2.7295889854431152,-0.21558856964111328,2.514000415802002,False,False
causal_target_6_feature_508_beta_2_lambda_0.001_seed_20260904,causal,508,6,2.0,0.001,20260904,0.10690490156412125,1.71047842502594,0.8463541865348816,0.8463541865348816,0.0,00111101110110101111000011110101,00111111110110101111000011110101,1,0.8641,0.8641,0.0,0.0,0.1089,0.9841,0.9841,618.8488159179688,0.20206292572021484,causal-margin-v2,2.0,0.5,0.0,0.97265625,0.1328125,0.0,-3.4174442291259766,1.0360407829284668,4.453485012054443,True,True
causal_target_6_feature_508_beta_2_lambda_0.001_seed_20260905,causal,508,6,2.0,0.001,20260905,0.10690490156412125,1.71047842502594,0.8463541865348816,0.8463541865348816,0.0,00111101110110101111000011110101,00111111110110101111000011110101,1,0.8641,0.8641,0.0,0.0,0.1089,0.9605,0.9605,636.8790283203125,0.2022074692249298,causal-margin-v2,2.0,0.5,0.0,0.96484375,0.1328125,0.0,-3.2677392959594727,0.8772313594818115,4.144970893859863,True,True
causal_target_6_feature_508_beta_2_lambda_0.001_seed_20260906,causal,508,6,2.0,0.001,20260906,0.10690490156412125,1.71047842502594,0.8463541865348816,0.8463541865348816,0.0,00111101110110101111000011110101,00111111110110101111000011110101,1,0.8641,0.8641,0.0,0.0,0.1089,0.9398,0.9398,643.8663330078125,0.19944781472682954,causal-margin-v2,2.0,0.5,0.0,0.94921875,0.1328125,0.0,-3.179487705230713,0.6674903631210327,3.846978187561035,True,True
causal_target_7_feature_10_beta_2_lambda_0.001_seed_20260904,causal,10,7,2.0,0.001,20260904,0.06287577003240585,1.0060123205184937,0.8463541865348816,0.8463541865348816,0.0,00111101100000001100010100000011,00111111100000001100010100000011,1,0.8641,0.8645,-0.00040000000000006697,0.0,0.1007,0.0081,0.0081,767.0869140625,0.12286689167022705,causal-margin-v2,2.0,0.5,0.0,0.0234375,0.0859375,0.0,-2.4957313537597656,-0.6978610157966614,1.797870397567749,False,False
causal_target_7_feature_10_beta_2_lambda_0.001_seed_20260905,causal,10,7,2.0,0.001,20260905,0.06287577003240585,1.0060123205184937,0.8463541865348816,0.8463541865348816,0.0,00111101100000001100010100000011,00111111100000001100010100000011,1,0.8641,0.8645,-0.00040000000000006697,0.0003,0.1007,0.0309,0.0306,589.1090087890625,0.3023479229927063,causal-margin-v2,2.0,0.5,0.0,0.0546875,0.0859375,0.0,-2.308107376098633,-1.1135423183441162,1.1945652961730957,False,False
causal_target_7_feature_10_beta_2_lambda_0.001_seed_20260906,causal,10,7,2.0,0.001,20260906,0.06287577003240585,1.0060123205184937,0.8463541865348816,0.8463541865348816,0.0,00111101100000001100010100000011,00111111100000001100010100000011,1,0.8641,0.8645,-0.00040000000000006697,0.0001,0.1007,0.1158,0.1157,689.8071899414062,0.1762501420736313,causal-margin-v2,2.0,0.5,0.0,0.09375,0.0859375,0.0,-2.122600555419922,-0.5090827345848083,1.6135179996490479,False,False
causal_target_7_feature_15_beta_2_lambda_0.001_seed_20260904,causal,15,7,2.0,0.001,20260904,0.09867711365222931,1.578833818435669,0.8463541865348816,0.84765625,-0.0013020634651184082,00111101110010100001011100111010,00111111110010100001011100111010,1,0.8641,0.8646,-0.000500000000000056,0.0,0.1009,0.6017,0.6017,707.509033203125,0.1799163259983063,causal-margin-v2,2.0,0.5,0.0,0.578125,0.0859375,0.0,-2.6133995056152344,0.062326498329639435,2.6757259368896484,False,False
causal_target_7_feature_15_beta_2_lambda_0.001_seed_20260905,causal,15,7,2.0,0.001,20260905,0.09867711365222931,1.578833818435669,0.8463541865348816,0.84765625,-0.0013020634651184082,00111101110010100001011100111010,00111111110010100001011100111010,1,0.8641,0.8646,-0.000500000000000056,0.0,0.1009,0.3812,0.3812,714.8749389648438,0.18735680792331696,causal-margin-v2,2.0,0.5,0.0,0.4296875,0.0859375,0.0,-2.6451048851013184,-0.17034907639026642,2.4747557640075684,False,False
causal_target_7_feature_15_beta_2_lambda_0.001_seed_20260906,causal,15,7,2.0,0.001,20260906,0.09867711365222931,1.578833818435669,0.8463541865348816,0.84765625,-0.0013020634651184082,00111101110010100001011100111010,00111111110010100001011100111010,1,0.8641,0.8646,-0.000500000000000056,0.0,0.1009,0.6074,0.6074,709.2318115234375,0.18127031862735749,causal-margin-v2,2.0,0.5,0.0,0.5859375,0.0859375,0.0,-2.5695502758026123,0.055476002395153046,2.625026226043701,False,False
causal_target_7_feature_21_beta_2_lambda_0.001_seed_20260904,causal,21,7,2.0,0.001,20260904,0.10391196608543396,1.6625914573669434,0.8463541865348816,0.8489583730697632,-0.002604186534881592,00111101110101001100111111001100,00111111110101001100111111001100,1,0.8641,0.8647,-0.0006000000000000449,0.0,0.102,0.6794,0.6794,634.0731201171875,0.20920675814151765,causal-margin-v2,2.0,0.5,0.0,0.6484375,0.08984375,0.0,-2.9238853454589844,0.12420143932104111,3.0480868816375732,False,False
causal_target_7_feature_21_beta_2_lambda_0.001_seed_20260905,causal,21,7,2.0,0.001,20260905,0.10391196608543396,1.6625914573669434,0.8463541865348816,0.8489583730697632,-0.002604186534881592,00111101110101001100111111001100,00111111110101001100111111001100,1,0.8641,0.8647,-0.0006000000000000449,0.0,0.102,0.7249,0.7249,660.54638671875,0.20114023830890657,causal-margin-v2,2.0,0.5,0.0,0.74609375,0.08984375,0.0,-2.8402745723724365,0.28742021322250366,3.127695083618164,False,False
causal_target_7_feature_21_beta_2_lambda_0.001_seed_20260906,causal,21,7,2.0,0.001,20260906,0.10391196608543396,1.6625914573669434,0.8463541865348816,0.8489583730697632,-0.002604186534881592,00111101110101001100111111001100,00111111110101001100111111001100,1,0.8641,0.8647,-0.0006000000000000449,0.0,0.102,0.7358,0.7358,645.4872436523438,0.20816520164012908,causal-margin-v2,2.0,0.5,0.0,0.73046875,0.08984375,0.0,-2.9271368980407715,0.20926880836486816,3.1364054679870605,False,False
causal_target_7_feature_27_beta_2_lambda_0.001_seed_20260904,causal,27,7,2.0,0.001,20260904,0.09378787875175476,1.5006060600280762,0.8463541865348816,0.8489583730697632,-0.002604186534881592,00111101110000000001001111011100,00111111110000000001001111011100,1,0.8641,0.8651,-0.0010000000000000009,0.0,0.1029,0.3106,0.3106,783.8824462890625,0.1259380644798279,causal-margin-v2,2.0,0.5,0.0,0.34765625,0.08984375,0.0,-2.654510974884033,-0.11347023397684097,2.5410406589508057,False,False
causal_target_7_feature_27_beta_2_lambda_0.001_seed_20260905,causal,27,7,2.0,0.001,20260905,0.09378787875175476,1.5006060600280762,0.8463541865348816,0.8489583730697632,-0.002604186534881592,00111101110000000001001111011100,00111111110000000001001111011100,1,0.8641,0.8651,-0.0010000000000000009,0.0,0.1029,0.3124,0.3124,727.989013671875,0.164101131272316,causal-margin-v2,2.0,0.5,0.0,0.3828125,0.08984375,0.0,-2.448391914367676,-0.1818765252828598,2.2665152549743652,False,False
causal_target_7_feature_27_beta_2_lambda_0.001_seed_20260906,causal,27,7,2.0,0.001,20260906,0.09378787875175476,1.5006060600280762,0.8463541865348816,0.8489583730697632,-0.002604186534881592,00111101110000000001001111011100,00111111110000000001001111011100,1,0.8641,0.8651,-0.0010000000000000009,0.0,0.1029,0.4012,0.4012,710.9946899414062,0.16611878018379211,causal-margin-v2,2.0,0.5,0.0,0.4453125,0.08984375,0.0,-2.711618423461914,-0.09003611654043198,2.621582508087158,False,False
causal_target_7_feature_30_beta_2_lambda_0.001_seed_20260904,causal,30,7,2.0,0.001,20260904,0.08719852566719055,1.3951764106750488,0.8463541865348816,0.8489583730697632,-0.002604186534881592,00111101101100101001010100100100,00111111101100101001010100100100,1,0.8641,0.8651,-0.0010000000000000009,0.0,0.102,0.302,0.302,793.4020385742188,0.11389032741785049,causal-margin-v2,2.0,0.5,0.0,0.33203125,0.08984375,0.0,-2.684500217437744,-0.10552706569433212,2.5789730548858643,False,False
causal_target_7_feature_30_beta_2_lambda_0.001_seed_20260905,causal,30,7,2.0,0.001,20260905,0.08719852566719055,1.3951764106750488,0.8463541865348816,0.8489583730697632,-0.002604186534881592,00111101101100101001010100100100,00111111101100101001010100100100,1,0.8641,0.8651,-0.0010000000000000009,0.0,0.102,0.5636,0.5636,794.6431884765625,0.12113277380466461,causal-margin-v2,2.0,0.5,0.0,0.546875,0.08984375,0.0,-2.327000617980957,0.02561217173933983,2.3526129722595215,False,False
causal_target_7_feature_30_beta_2_lambda_0.001_seed_20260906,causal,30,7,2.0,0.001,20260906,0.08719852566719055,1.3951764106750488,0.8463541865348816,0.8489583730697632,-0.002604186534881592,00111101101100101001010100100100,00111111101100101001010100100100,1,0.8641,0.8651,-0.0010000000000000009,0.0021,0.102,0.495,0.4929,683.3972778320312,0.20069890367984772,causal-margin-v2,2.0,0.5,0.0,0.4921875,0.08984375,0.0,-1.7430309057235718,0.008900407701730728,1.7519314289093018,False,False
causal_target_7_feature_36_beta_2_lambda_0.001_seed_20260904,causal,36,7,2.0,0.001,20260904,0.10642999410629272,1.7028799057006836,0.8463541865348816,0.8463541865348816,0.0,00111101110110011111011111111000,00111111110110011111011111111000,1,0.8641,0.864,9.999999999998899e-05,0.0,0.1007,0.9781,0.9781,680.0420532226562,0.17539055252075195,causal-margin-v2,2.0,0.5,0.0,0.9609375,0.0859375,0.0,-3.6526451110839844,1.019801378250122,4.672446250915527,True,True
causal_target_7_feature_36_beta_2_lambda_0.001_seed_20260905,causal,36,7,2.0,0.001,20260905,0.10642999410629272,1.7028799057006836,0.8463541865348816,0.8463541865348816,0.0,00111101110110011111011111111000,00111111110110011111011111111000,1,0.8641,0.864,9.999999999998899e-05,0.0,0.1007,0.984,0.984,678.4955444335938,0.171746080493927,causal-margin-v2,2.0,0.5,0.0,0.9921875,0.0859375,0.0,-3.3370466232299805,1.0134317874908447,4.350478172302246,True,True
causal_target_7_feature_36_beta_2_lambda_0.001_seed_20260906,causal,36,7,2.0,0.001,20260906,0.10642999410629272,1.7028799057006836,0.8463541865348816,0.8463541865348816,0.0,00111101110110011111011111111000,00111111110110011111011111111000,1,0.8641,0.864,9.999999999998899e-05,0.0,0.1007,0.9722,0.9722,678.7822875976562,0.17404932277202606,causal-margin-v2,2.0,0.5,0.0,0.98828125,0.0859375,0.0,-3.4330568313598633,0.8663524389266968,4.29940938949585,True,True
causal_target_7_feature_46_beta_2_lambda_0.001_seed_20260904,causal,46,7,2.0,0.001,20260904,0.08578496426343918,1.3725594282150269,0.8463541865348816,0.8463541865348816,0.0,00111101101011111011000000000111,00111111101011111011000000000111,1,0.8641,0.8645,-0.00040000000000006697,0.0,0.1014,0.4756,0.4756,751.0364990234375,0.1348251420021057,causal-margin-v2,2.0,0.5,0.0,0.421875,0.08984375,0.0,-2.8314409255981445,-0.10524502396583557,2.726195812225342,False,False
causal_target_7_feature_46_beta_2_lambda_0.001_seed_20260905,causal,46,7,2.0,0.001,20260905,0.08578496426343918,1.3725594282150269,0.8463541865348816,0.8463541865348816,0.0,00111101101011111011000000000111,00111111101011111011000000000111,1,0.8641,0.8645,-0.00040000000000006697,0.0,0.1014,0.3513,0.3513,766.9378662109375,0.1306050217151642,causal-margin-v2,2.0,0.5,0.0,0.3984375,0.08984375,0.0,-2.6924667358398438,-0.10665444284677505,2.5858120918273926,False,False
causal_target_7_feature_46_beta_2_lambda_0.001_seed_20260906,causal,46,7,2.0,0.001,20260906,0.08578496426343918,1.3725594282150269,0.8463541865348816,0.8463541865348816,0.0,00111101101011111011000000000111,00111111101011111011000000000111,1,0.8641,0.8645,-0.00040000000000006697,0.0,0.1014,0.2038,0.2038,809.8387451171875,0.09803293067216873,causal-margin-v2,2.0,0.5,0.0,0.25,0.08984375,0.0,-2.6498780250549316,-0.1610545516014099,2.488823413848877,False,False
causal_target_7_feature_51_beta_2_lambda_0.001_seed_20260904,causal,51,7,2.0,0.001,20260904,0.0040265098214149475,1.0307865142822266,0.8463541865348816,0.8463541865348816,0.0,00111011100000111111000011010000,00111111100000111111000011010000,1,0.8641,0.8645,-0.00040000000000006697,0.0021,0.0999,0.0182,0.0161,528.737060546875,0.40998012218475344,causal-margin-v2,2.0,0.5,0.0,0.0234375,0.0859375,0.0,-2.423539638519287,-1.621047019958496,0.802492618560791,False,False
causal_target_7_feature_51_beta_2_lambda_0.001_seed_20260905,causal,51,7,2.0,0.001,20260905,0.0040265098214149475,1.0307865142822266,0.8463541865348816,0.8463541865348816,0.0,00111011100000111111000011010000,00111111100000111111000011010000,1,0.8641,0.8645,-0.00040000000000006697,0.0003,0.0999,0.0113,0.011,575.5770874023438,0.2936989957809448,causal-margin-v2,2.0,0.5,0.0,0.02734375,0.0859375,0.0,-2.4528703689575195,-1.1635444164276123,1.2893258333206177,False,False
causal_target_7_feature_51_beta_2_lambda_0.001_seed_20260906,causal,51,7,2.0,0.001,20260906,0.0040265098214149475,1.0307865142822266,0.8463541865348816,0.8463541865348816,0.0,00111011100000111111000011010000,00111111100000111111000011010000,1,0.8641,0.8645,-0.00040000000000006697,0.0026,0.0999,0.0126,0.01,535.6778564453125,0.40286347608566286,causal-margin-v2,2.0,0.5,0.0078125,0.03125,0.0859375,0.0,-2.4404916763305664,-1.7017714977264404,0.7387202382087708,False,False
causal_target_7_feature_57_beta_2_lambda_0.001_seed_20260904,causal,57,7,2.0,0.001,20260904,0.0926886796951294,1.4830188751220703,0.8463541865348816,0.8489583730697632,-0.002604186534881592,00111101101111011101001110010000,00111111101111011101001110010000,1,0.8641,0.8648,-0.0007000000000000339,0.0,0.1027,0.7125,0.7125,643.6875,0.19545136034488678,causal-margin-v2,2.0,0.5,0.0,0.703125,0.0859375,0.0,-2.88900089263916,0.19540856778621674,3.084409475326538,False,False
causal_target_7_feature_57_beta_2_lambda_0.001_seed_20260905,causal,57,7,2.0,0.001,20260905,0.0926886796951294,1.4830188751220703,0.8463541865348816,0.8489583730697632,-0.002604186534881592,00111101101111011101001110010000,00111111101111011101001110010000,1,0.8641,0.8648,-0.0007000000000000339,0.0,0.1027,0.6105,0.6105,623.885986328125,0.22345221819877625,causal-margin-v2,2.0,0.5,0.0,0.62109375,0.0859375,0.0,-2.888493537902832,0.07929010689258575,2.9677836894989014,False,False
causal_target_7_feature_57_beta_2_lambda_0.001_seed_20260906,causal,57,7,2.0,0.001,20260906,0.0926886796951294,1.4830188751220703,0.8463541865348816,0.8489583730697632,-0.002604186534881592,00111101101111011101001110010000,00111111101111011101001110010000,1,0.8641,0.8648,-0.0007000000000000339,0.0,0.1027,0.4605,0.4605,650.5150146484375,0.2033152065038681,causal-margin-v2,2.0,0.5,0.0,0.46484375,0.0859375,0.0,-2.7877745628356934,-0.05619485303759575,2.7315800189971924,False,False
causal_target_7_feature_58_beta_2_lambda_0.001_seed_20260904,causal,58,7,2.0,0.001,20260904,0.005150158423930407,1.318440556526184,0.8463541865348816,0.84765625,-0.0013020634651184082,00111011101010001100001010101001,00111111101010001100001010101001,1,0.8641,0.8639,0.00019999999999997797,0.0,0.0992,0.0422,0.0422,728.8078002929688,0.15829103536605835,causal-margin-v2,2.0,0.5,0.0,0.046875,0.08203125,0.00390625,-2.6669843196868896,-0.6124701499938965,2.054514169692993,False,False
causal_target_7_feature_58_beta_2_lambda_0.001_seed_20260905,causal,58,7,2.0,0.001,20260905,0.005150158423930407,1.318440556526184,0.8463541865348816,0.84765625,-0.0013020634651184082,00111011101010001100001010101001,00111111101010001100001010101001,1,0.8641,0.8639,0.00019999999999997797,0.0,0.0992,0.025,0.025,783.0698852539062,0.10555100469589233,causal-margin-v2,2.0,0.5,0.0,0.03125,0.08203125,0.00390625,-2.8396968841552734,-0.39719754457473755,2.4424996376037598,False,False
causal_target_7_feature_58_beta_2_lambda_0.001_seed_20260906,causal,58,7,2.0,0.001,20260906,0.005150158423930407,1.318440556526184,0.8463541865348816,0.84765625,-0.0013020634651184082,00111011101010001100001010101001,00111111101010001100001010101001,1,0.8641,0.8639,0.00019999999999997797,0.0001,0.0992,0.0127,0.0126,577.3847045898438,0.31691762652397154,causal-margin-v2,2.0,0.5,0.0,0.0234375,0.08203125,0.00390625,-2.565274715423584,-1.2252177000045776,1.3400570154190063,False,False
causal_target_7_feature_76_beta_2_lambda_0.001_seed_20260904,causal,76,7,2.0,0.001,20260904,0.0858922079205513,1.3742753267288208,0.8463541865348816,0.84765625,-0.0013020634651184082,00111101101011111110100001000001,00111111101011111110100001000001,1,0.8641,0.8649,-0.0008000000000000229,0.0001,0.1007,0.1659,0.1658,658.8972778320312,0.2195029814004898,causal-margin-v2,2.0,0.5,0.0,0.15625,0.0859375,0.0,-2.4730300903320312,-0.4953613877296448,1.9776686429977417,False,False
causal_target_7_feature_76_beta_2_lambda_0.001_seed_20260905,causal,76,7,2.0,0.001,20260905,0.0858922079205513,1.3742753267288208,0.8463541865348816,0.84765625,-0.0013020634651184082,00111101101011111110100001000001,00111111101011111110100001000001,1,0.8641,0.8649,-0.0008000000000000229,0.0,0.1007,0.1644,0.1644,767.828125,0.1162145775437355,causal-margin-v2,2.0,0.5,0.0,0.171875,0.0859375,0.0,-2.6149158477783203,-0.2855185270309448,2.329397201538086,False,False
causal_target_7_feature_76_beta_2_lambda_0.001_seed_20260906,causal,76,7,2.0,0.001,20260906,0.0858922079205513,1.3742753267288208,0.8463541865348816,0.84765625,-0.0013020634651184082,00111101101011111110100001000001,00111111101011111110100001000001,1,0.8641,0.8649,-0.0008000000000000229,0.0,0.1007,0.8263,0.8263,745.5059814453125,0.13424955410957337,causal-margin-v2,2.0,0.5,0.0,0.82421875,0.0859375,0.0,-2.2553348541259766,0.2710026800632477,2.5263376235961914,False,False
causal_target_7_feature_84_beta_2_lambda_0.001_seed_20260904,causal,84,7,2.0,0.001,20260904,0.07644432038068771,1.2231091260910034,0.8463541865348816,0.8463541865348816,0.0,00111101100111001000111011010111,00111111100111001000111011010111,1,0.8641,0.8644,-0.00029999999999996696,0.0003,0.1012,0.0267,0.0264,607.0781860351562,0.2679458257675171,causal-margin-v2,2.0,0.5,0.0,0.04296875,0.08984375,0.0,-2.279944896697998,-0.9748789072036743,1.3050661087036133,False,False
causal_target_7_feature_84_beta_2_lambda_0.001_seed_20260905,causal,84,7,2.0,0.001,20260905,0.07644432038068771,1.2231091260910034,0.8463541865348816,0.8463541865348816,0.0,00111101100111001000111011010111,00111111100111001000111011010111,1,0.8641,0.8644,-0.00029999999999996696,0.0002,0.1012,0.0242,0.024,577.6138305664062,0.31560184850692746,causal-margin-v2,2.0,0.5,0.0,0.0390625,0.08984375,0.0,-2.2220945358276367,-1.1355528831481934,1.0865418910980225,False,False
causal_target_7_feature_84_beta_2_lambda_0.001_seed_20260906,causal,84,7,2.0,0.001,20260906,0.07644432038068771,1.2231091260910034,0.8463541865348816,0.8463541865348816,0.0,00111101100111001000111011010111,00111111100111001000111011010111,1,0.8641,0.8644,-0.00029999999999996696,0.0033,0.1012,0.0342,0.0309,565.4203491210938,0.35415636615753177,causal-margin-v2,2.0,0.5,0.00390625,0.0546875,0.08984375,0.0,-2.2866318225860596,-1.3747498989105225,0.9118818640708923,False,False
causal_target_7_feature_107_beta_2_lambda_0.001_seed_20260904,causal,107,7,2.0,0.001,20260904,0.1060044914484024,1.6960718631744385,0.8463541865348816,0.8489583730697632,-0.002604186534881592,00111101110110010001100011100010,00111111110110010001100011100010,1,0.8641,0.865,-0.0009000000000000119,0.0,0.1028,0.7829,0.7829,644.1331787109375,0.2009874509334564,causal-margin-v2,2.0,0.5,0.0,0.75,0.08984375,0.0,-2.9668807983398438,0.306109756231308,3.2729902267456055,False,False
causal_target_7_feature_107_beta_2_lambda_0.001_seed_20260905,causal,107,7,2.0,0.001,20260905,0.1060044914484024,1.6960718631744385,0.8463541865348816,0.8489583730697632,-0.002604186534881592,00111101110110010001100011100010,00111111110110010001100011100010,1,0.8641,0.865,-0.0009000000000000119,0.0,0.1028,0.7992,0.7992,622.42041015625,0.22685082969665527,causal-margin-v2,2.0,0.5,0.0,0.7890625,0.08984375,0.0,-3.0365657806396484,0.377493292093277,3.4140589237213135,False,False
causal_target_7_feature_107_beta_2_lambda_0.001_seed_20260906,causal,107,7,2.0,0.001,20260906,0.1060044914484024,1.6960718631744385,0.8463541865348816,0.8489583730697632,-0.002604186534881592,00111101110110010001100011100010,00111111110110010001100011100010,1,0.8641,0.865,-0.0009000000000000119,0.0,0.1028,0.7457,0.7457,653.8724975585938,0.19595096690654754,causal-margin-v2,2.0,0.5,0.0,0.796875,0.08984375,0.0,-2.899308204650879,0.3726877272129059,3.271996021270752,False,False
causal_target_7_feature_128_beta_2_lambda_0.001_seed_20260904,causal,128,7,2.0,0.001,20260904,0.07095033675432205,1.1352053880691528,0.8463541865348816,0.8463541865348816,0.0,00111101100100010100111001101001,00111111100100010100111001101001,1,0.8641,0.8643,-0.00019999999999997797,0.0,0.1,0.421,0.421,711.4192504882812,0.151802623462677,causal-margin-v2,2.0,0.5,0.0,0.36328125,0.0859375,0.0,-2.828291654586792,-0.1276150643825531,2.700676679611206,False,False
causal_target_7_feature_128_beta_2_lambda_0.001_seed_20260905,causal,128,7,2.0,0.001,20260905,0.07095033675432205,1.1352053880691528,0.8463541865348816,0.8463541865348816,0.0,00111101100100010100111001101001,00111111100100010100111001101001,1,0.8641,0.8643,-0.00019999999999997797,0.0,0.1,0.4384,0.4384,692.3604125976562,0.16190164449214936,causal-margin-v2,2.0,0.5,0.0,0.390625,0.0859375,0.0,-2.81026291847229,-0.08281923830509186,2.7274436950683594,False,False
causal_target_7_feature_128_beta_2_lambda_0.001_seed_20260906,causal,128,7,2.0,0.001,20260906,0.07095033675432205,1.1352053880691528,0.8463541865348816,0.8463541865348816,0.0,00111101100100010100111001101001,00111111100100010100111001101001,1,0.8641,0.8643,-0.00019999999999997797,0.0,0.1,0.2197,0.2197,751.7569580078125,0.12055341558456421,causal-margin-v2,2.0,0.5,0.0,0.21875,0.0859375,0.0,-2.765162467956543,-0.20917260646820068,2.555989980697632,False,False
causal_target_7_feature_133_beta_2_lambda_0.001_seed_20260904,causal,133,7,2.0,0.001,20260904,0.0049745156429708,1.273476004600525,0.8463541865348816,0.84765625,-0.0013020634651184082,00111011101000110000000101000011,00111111101000110000000101000011,1,0.8641,0.8641,0.0,0.0012,0.0994,0.0052,0.004,512.1884765625,0.41861969418525696,causal-margin-v2,2.0,0.5,0.0,0.0078125,0.0859375,0.0,-2.4779367446899414,-1.996063470840454,0.4818732440471649,False,False
causal_target_7_feature_133_beta_2_lambda_0.001_seed_20260905,causal,133,7,2.0,0.001,20260905,0.0049745156429708,1.273476004600525,0.8463541865348816,0.84765625,-0.0013020634651184082,00111011101000110000000101000011,00111111101000110000000101000011,1,0.8641,0.8641,0.0,0.0,0.0994,0.0039,0.0039,603.8365478515625,0.2320378342151642,causal-margin-v2,2.0,0.5,0.0,0.01171875,0.0859375,0.0,-2.482362985610962,-1.3255743980407715,1.15678870677948,False,False
causal_target_7_feature_133_beta_2_lambda_0.001_seed_20260906,causal,133,7,2.0,0.001,20260906,0.0049745156429708,1.273476004600525,0.8463541865348816,0.84765625,-0.0013020634651184082,00111011101000110000000101000011,00111111101000110000000101000011,1,0.8641,0.8641,0.0,0.0,0.0994,0.0041,0.0041,591.4678344726562,0.24580386669635773,causal-margin-v2,2.0,0.5,0.0,0.015625,0.0859375,0.0,-2.4086270332336426,-1.307168960571289,1.1014578342437744,False,False
causal_target_7_feature_147_beta_2_lambda_0.001_seed_20260904,causal,147,7,2.0,0.001,20260904,0.0939769446849823,1.5036311149597168,0.8463541865348816,0.84765625,-0.0013020634651184082,00111101110000000111011011111100,00111111110000000111011011111100,1,0.8641,0.8647,-0.0006000000000000449,0.0,0.1016,0.8219,0.8219,731.5850219726562,0.14077854895591735,causal-margin-v2,2.0,0.5,0.0,0.80078125,0.08984375,0.0,-3.0802550315856934,0.3493173122406006,3.429572105407715,False,False
causal_target_7_feature_147_beta_2_lambda_0.001_seed_20260905,causal,147,7,2.0,0.001,20260905,0.0939769446849823,1.5036311149597168,0.8463541865348816,0.84765625,-0.0013020634651184082,00111101110000000111011011111100,00111111110000000111011011111100,1,0.8641,0.8647,-0.0006000000000000449,0.0,0.1016,0.6721,0.6721,700.62841796875,0.1531332709312439,causal-margin-v2,2.0,0.5,0.0,0.64453125,0.08984375,0.0,-2.8501954078674316,0.13642235100269318,2.9866178035736084,False,False
causal_target_7_feature_147_beta_2_lambda_0.001_seed_20260906,causal,147,7,2.0,0.001,20260906,0.0939769446849823,1.5036311149597168,0.8463541865348816,0.84765625,-0.0013020634651184082,00111101110000000111011011111100,00111111110000000111011011111100,1,0.8641,0.8647,-0.0006000000000000449,0.0,0.1016,0.8054,0.8054,706.758056640625,0.14616345217227936,causal-margin-v2,2.0,0.5,0.0,0.73828125,0.08984375,0.0,-3.057359218597412,0.23515155911445618,3.292510747909546,False,False
causal_target_7_feature_148_beta_2_lambda_0.001_seed_20260904,causal,148,7,2.0,0.001,20260904,0.004543786868453026,1.1632094383239746,0.8463541865348816,0.8463541865348816,0.0,00111011100101001110010000001100,00111111100101001110010000001100,1,0.8641,0.8643,-0.00019999999999997797,0.0004,0.1,0.0054,0.005,546.4264526367188,0.3488942173480988,causal-margin-v2,2.0,0.5,0.0,0.0234375,0.08984375,0.0,-2.442312717437744,-1.5972782373428345,0.8450345396995544,False,False
causal_target_7_feature_148_beta_2_lambda_0.001_seed_20260905,causal,148,7,2.0,0.001,20260905,0.004543786868453026,1.1632094383239746,0.8463541865348816,0.8463541865348816,0.0,00111011100101001110010000001100,00111111100101001110010000001100,1,0.8641,0.8643,-0.00019999999999997797,0.0028,0.1,0.0162,0.013399999999999999,530.392578125,0.39104350457191467,causal-margin-v2,2.0,0.5,0.0078125,0.03125,0.08984375,0.0,-2.3162050247192383,-1.6262710094451904,0.6899341344833374,False,False
causal_target_7_feature_148_beta_2_lambda_0.001_seed_20260906,causal,148,7,2.0,0.001,20260906,0.004543786868453026,1.1632094383239746,0.8463541865348816,0.8463541865348816,0.0,00111011100101001110010000001100,00111111100101001110010000001100,1,0.8641,0.8643,-0.00019999999999997797,0.0,0.1,0.0075,0.0075,601.6131591796875,0.25894182872772215,causal-margin-v2,2.0,0.5,0.0,0.01171875,0.08984375,0.0,-2.392526626586914,-1.2273889780044556,1.165137529373169,False,False
causal_target_7_feature_152_beta_2_lambda_0.001_seed_20260904,causal,152,7,2.0,0.001,20260904,0.09709778428077698,1.5535645484924316,0.8463541865348816,0.8489583730697632,-0.002604186534881592,00111101110001101101101100110100,00111111110001101101101100110100,1,0.8641,0.8645,-0.00040000000000006697,0.0,0.1015,0.8181,0.8181,694.1724853515625,0.17035751628875734,causal-margin-v2,2.0,0.5,0.0,0.80078125,0.08984375,0.0,-2.3660905361175537,0.2996177077293396,2.665708065032959,False,False
causal_target_7_feature_152_beta_2_lambda_0.001_seed_20260905,causal,152,7,2.0,0.001,20260905,0.09709778428077698,1.5535645484924316,0.8463541865348816,0.8489583730697632,-0.002604186534881592,00111101110001101101101100110100,00111111110001101101101100110100,1,0.8641,0.8645,-0.00040000000000006697,0.0,0.1015,0.6423,0.6423,687.420654296875,0.16799722971916198,causal-margin-v2,2.0,0.5,0.0,0.65625,0.08984375,0.0,-2.8146824836730957,0.1373317986726761,2.952014446258545,False,False
causal_target_7_feature_152_beta_2_lambda_0.001_seed_20260906,causal,152,7,2.0,0.001,20260906,0.09709778428077698,1.5535645484924316,0.8463541865348816,0.8489583730697632,-0.002604186534881592,00111101110001101101101100110100,00111111110001101101101100110100,1,0.8641,0.8645,-0.00040000000000006697,0.0,0.1015,0.4695,0.4695,677.7420654296875,0.17670606932640076,causal-margin-v2,2.0,0.5,0.0,0.5,0.08984375,0.0,-2.742072582244873,-0.048750944435596466,2.693321466445923,False,False
causal_target_7_feature_157_beta_2_lambda_0.001_seed_20260904,causal,157,7,2.0,0.001,20260904,0.09490446746349335,1.5184714794158936,0.8463541865348816,0.8489583730697632,-0.002604186534881592,00111101110000100101110101000110,00111111110000100101110101000110,1,0.8641,0.865,-0.0009000000000000119,0.0,0.1029,0.8004,0.8004,657.5767822265625,0.20592203252315522,causal-margin-v2,2.0,0.5,0.0,0.828125,0.08984375,0.0,-3.0461316108703613,0.42270427942276,3.4688360691070557,False,False
causal_target_7_feature_157_beta_2_lambda_0.001_seed_20260905,causal,157,7,2.0,0.001,20260905,0.09490446746349335,1.5184714794158936,0.8463541865348816,0.8489583730697632,-0.002604186534881592,00111101110000100101110101000110,00111111110000100101110101000110,1,0.8641,0.865,-0.0009000000000000119,0.0,0.1029,0.8155,0.8155,677.3267211914062,0.1900638072013855,causal-margin-v2,2.0,0.5,0.0,0.82421875,0.08984375,0.0,-3.041863441467285,0.43020790815353394,3.4720711708068848,False,False
causal_target_7_feature_157_beta_2_lambda_0.001_seed_20260906,causal,157,7,2.0,0.001,20260906,0.09490446746349335,1.5184714794158936,0.8463541865348816,0.8489583730697632,-0.002604186534881592,00111101110000100101110101000110,00111111110000100101110101000110,1,0.8641,0.865,-0.0009000000000000119,0.0001,0.1029,0.8875,0.8874,642.7103271484375,0.2247601907491684,causal-margin-v2,2.0,0.5,0.0,0.91796875,0.08984375,0.0,-2.678101062774658,0.6267164945602417,3.3048174381256104,False,True
causal_target_7_feature_159_beta_2_lambda_0.001_seed_20260904,causal,159,7,2.0,0.001,20260904,0.07563389092683792,1.2101422548294067,0.8463541865348816,0.8463541865348816,0.0,00111101100110101110010111110001,00111111100110101110010111110001,1,0.8641,0.8644,-0.00029999999999996696,0.0001,0.1006,0.849,0.8489,761.984130859375,0.1408353665828705,causal-margin-v2,2.0,0.5,0.0,0.80859375,0.0859375,0.0,-1.898261547088623,0.3571314811706543,2.2553930282592773,False,False
causal_target_7_feature_159_beta_2_lambda_0.001_seed_20260905,causal,159,7,2.0,0.001,20260905,0.07563389092683792,1.2101422548294067,0.8463541865348816,0.8463541865348816,0.0,00111101100110101110010111110001,00111111100110101110010111110001,1,0.8641,0.8644,-0.00029999999999996696,0.0,0.1006,0.1447,0.1447,740.4736938476562,0.15393369529247283,causal-margin-v2,2.0,0.5,0.0,0.14453125,0.0859375,0.0,-2.4375505447387695,-0.3659200072288513,2.0716307163238525,False,False
causal_target_7_feature_159_beta_2_lambda_0.001_seed_20260906,causal,159,7,2.0,0.001,20260906,0.07563389092683792,1.2101422548294067,0.8463541865348816,0.8463541865348816,0.0,00111101100110101110010111110001,00111111100110101110010111110001,1,0.8641,0.8644,-0.00029999999999996696,0.0,0.1006,0.4199,0.4199,719.7152099609375,0.16994089822769165,causal-margin-v2,2.0,0.5,0.0,0.421875,0.0859375,0.0,-2.0592093467712402,-0.1021176129579544,1.9570916891098022,False,False
causal_target_7_feature_166_beta_2_lambda_0.001_seed_20260904,causal,166,7,2.0,0.001,20260904,0.07283578813076019,1.165372610092163,0.8463541865348816,0.8463541865348816,0.0,00111101100101010010101011101110,00111111100101010010101011101110,1,0.8641,0.8644,-0.00029999999999996696,0.0001,0.1011,0.6926,0.6925,787.642578125,0.11415537413358688,causal-margin-v2,2.0,0.5,0.0,0.66796875,0.08984375,0.0,-1.8006913661956787,0.1648758351802826,1.9655673503875732,False,False
causal_target_7_feature_166_beta_2_lambda_0.001_seed_20260905,causal,166,7,2.0,0.001,20260905,0.07283578813076019,1.165372610092163,0.8463541865348816,0.8463541865348816,0.0,00111101100101010010101011101110,00111111100101010010101011101110,1,0.8641,0.8644,-0.00029999999999996696,0.0017,0.1011,0.0341,0.0324,557.81982421875,0.3481589126110077,causal-margin-v2,2.0,0.5,0.00390625,0.05078125,0.08984375,0.0,-2.280024528503418,-1.1888943910598755,1.091130018234253,False,False
causal_target_7_feature_166_beta_2_lambda_0.001_seed_20260906,causal,166,7,2.0,0.001,20260906,0.07283578813076019,1.165372610092163,0.8463541865348816,0.8463541865348816,0.0,00111101100101010010101011101110,00111111100101010010101011101110,1,0.8641,0.8644,-0.00029999999999996696,0.0,0.1011,0.0944,0.0944,726.0574951171875,0.15315835311412812,causal-margin-v2,2.0,0.5,0.0,0.109375,0.08984375,0.0,-2.526350975036621,-0.577815055847168,1.9485357999801636,False,False
causal_target_7_feature_167_beta_2_lambda_0.001_seed_20260904,causal,167,7,2.0,0.001,20260904,0.07151785492897034,1.1442856788635254,0.8463541865348816,0.84765625,-0.0013020634651184082,00111101100100100111011111110100,00111111100100100111011111110100,1,0.8641,0.8649,-0.0008000000000000229,0.0041,0.102,0.2129,0.2088,608.9592895507812,0.24514406177997589,causal-margin-v2,2.0,0.5,0.0,0.26171875,0.08984375,0.0,-1.7666661739349365,-0.4061504304409027,1.360515832901001,False,False
causal_target_7_feature_167_beta_2_lambda_0.001_seed_20260905,causal,167,7,2.0,0.001,20260905,0.07151785492897034,1.1442856788635254,0.8463541865348816,0.84765625,-0.0013020634651184082,00111101100100100111011111110100,00111111100100100111011111110100,1,0.8641,0.8649,-0.0008000000000000229,0.0,0.102,0.0406,0.0406,683.4176635742188,0.18316606860160828,causal-margin-v2,2.0,0.5,0.0,0.05859375,0.08984375,0.0,-2.3621578216552734,-0.7361305952072144,1.6260271072387695,False,False
causal_target_7_feature_167_beta_2_lambda_0.001_seed_20260906,causal,167,7,2.0,0.001,20260906,0.07151785492897034,1.1442856788635254,0.8463541865348816,0.84765625,-0.0013020634651184082,00111101100100100111011111110100,00111111100100100111011111110100,1,0.8641,0.8649,-0.0008000000000000229,0.005,0.102,0.0379,0.032900000000000006,535.6150512695312,0.3842200032234192,causal-margin-v2,2.0,0.5,0.015625,0.06640625,0.08984375,0.0,-2.121445894241333,-1.3173903226852417,0.8040555715560913,False,False
causal_target_7_feature_191_beta_2_lambda_0.001_seed_20260904,causal,191,7,2.0,0.001,20260904,0.09638082981109619,1.542093276977539,0.8463541865348816,0.84765625,-0.0013020634651184082,00111101110001010110001101010000,00111111110001010110001101010000,1,0.8641,0.8647,-0.0006000000000000449,0.0,0.1016,0.856,0.856,703.1500854492188,0.15992374277114868,causal-margin-v2,2.0,0.5,0.0,0.84765625,0.0859375,0.0,-3.0950498580932617,0.4614683985710144,3.556518316268921,False,False
causal_target_7_feature_191_beta_2_lambda_0.001_seed_20260905,causal,191,7,2.0,0.001,20260905,0.09638082981109619,1.542093276977539,0.8463541865348816,0.84765625,-0.0013020634651184082,00111101110001010110001101010000,00111111110001010110001101010000,1,0.8641,0.8647,-0.0006000000000000449,0.0,0.1016,0.9126,0.9126,676.07080078125,0.17610001862049102,causal-margin-v2,2.0,0.5,0.0,0.8984375,0.0859375,0.0,-3.1649668216705322,0.4937164783477783,3.6586833000183105,True,False
causal_target_7_feature_191_beta_2_lambda_0.001_seed_20260906,causal,191,7,2.0,0.001,20260906,0.09638082981109619,1.542093276977539,0.8463541865348816,0.84765625,-0.0013020634651184082,00111101110001010110001101010000,00111111110001010110001101010000,1,0.8641,0.8647,-0.0006000000000000449,0.0,0.1016,0.4285,0.4285,667.5850830078125,0.18323787817955017,causal-margin-v2,2.0,0.5,0.0,0.41015625,0.0859375,0.0,-2.7762327194213867,-0.07762864977121353,2.698604106903076,False,False
causal_target_7_feature_197_beta_2_lambda_0.001_seed_20260904,causal,197,7,2.0,0.001,20260904,0.08699934184551239,1.3919894695281982,0.8463541865348816,0.8463541865348816,0.0,00111101101100100010110010110110,00111111101100100010110010110110,1,0.8641,0.8645,-0.00040000000000006697,0.0,0.1014,0.7769,0.7769,731.4447631835938,0.15554417033195495,causal-margin-v2,2.0,0.5,0.0,0.7265625,0.08984375,0.0,-3.038177490234375,0.3073538541793823,3.3455312252044678,False,False
causal_target_7_feature_197_beta_2_lambda_0.001_seed_20260905,causal,197,7,2.0,0.001,20260905,0.08699934184551239,1.3919894695281982,0.8463541865348816,0.8463541865348816,0.0,00111101101100100010110010110110,00111111101100100010110010110110,1,0.8641,0.8645,-0.00040000000000006697,0.0,0.1014,0.7326,0.7326,737.1787109375,0.1518024614572525,causal-margin-v2,2.0,0.5,0.0,0.7578125,0.08984375,0.0,-2.9361953735351562,0.287266343832016,3.223461627960205,False,False
causal_target_7_feature_197_beta_2_lambda_0.001_seed_20260906,causal,197,7,2.0,0.001,20260906,0.08699934184551239,1.3919894695281982,0.8463541865348816,0.8463541865348816,0.0,00111101101100100010110010110110,00111111101100100010110010110110,1,0.8641,0.8645,-0.00040000000000006697,0.0,0.1014,0.5451,0.5451,740.1539306640625,0.14184499187469482,causal-margin-v2,2.0,0.5,0.0,0.59765625,0.08984375,0.0,-2.803959369659424,0.036790698766708374,2.840750217437744,False,False
causal_target_7_feature_198_beta_2_lambda_0.001_seed_20260904,causal,198,7,2.0,0.001,20260904,0.0892036110162735,1.427257776260376,0.8463541865348816,0.84765625,-0.0013020634651184082,00111101101101101011000001100010,00111111101101101011000001100010,1,0.8641,0.8645,-0.00040000000000006697,0.0,0.102,0.2292,0.2292,817.36865234375,0.09745196537971497,causal-margin-v2,2.0,0.5,0.0,0.2421875,0.08984375,0.0,-2.368752956390381,-0.17263314127922058,2.196120023727417,False,False
causal_target_7_feature_198_beta_2_lambda_0.001_seed_20260905,causal,198,7,2.0,0.001,20260905,0.0892036110162735,1.427257776260376,0.8463541865348816,0.84765625,-0.0013020634651184082,00111101101101101011000001100010,00111111101101101011000001100010,1,0.8641,0.8645,-0.00040000000000006697,0.0,0.102,0.1631,0.1631,823.2749633789062,0.09133282548189163,causal-margin-v2,2.0,0.5,0.0,0.19921875,0.08984375,0.0,-2.597245693206787,-0.2588554322719574,2.338390350341797,False,False
causal_target_7_feature_198_beta_2_lambda_0.001_seed_20260906,causal,198,7,2.0,0.001,20260906,0.0892036110162735,1.427257776260376,0.8463541865348816,0.84765625,-0.0013020634651184082,00111101101101101011000001100010,00111111101101101011000001100010,1,0.8641,0.8645,-0.00040000000000006697,0.0,0.102,0.1369,0.1369,801.5355834960938,0.11236656883955001,causal-margin-v2,2.0,0.5,0.0,0.17578125,0.08984375,0.0,-2.544471263885498,-0.3277990221977234,2.216672420501709,False,False
causal_target_7_feature_204_beta_2_lambda_0.001_seed_20260904,causal,204,7,2.0,0.001,20260904,0.06880881637334824,1.1009410619735718,0.8463541865348816,0.84765625,-0.0013020634651184082,00111101100011001110101110100011,00111111100011001110101110100011,1,0.8641,0.8648,-0.0007000000000000339,0.0023,0.1002,0.0267,0.0244,530.3432006835938,0.38373985800743105,causal-margin-v2,2.0,0.5,0.0,0.04296875,0.0859375,0.0,-2.380169630050659,-1.4823482036590576,0.8978214263916016,False,False
causal_target_7_feature_204_beta_2_lambda_0.001_seed_20260905,causal,204,7,2.0,0.001,20260905,0.06880881637334824,1.1009410619735718,0.8463541865348816,0.84765625,-0.0013020634651184082,00111101100011001110101110100011,00111111100011001110101110100011,1,0.8641,0.8648,-0.0007000000000000339,0.0001,0.1002,0.0169,0.0168,531.7799072265625,0.3330756643295288,causal-margin-v2,2.0,0.5,0.0,0.02734375,0.0859375,0.0,-2.3883931636810303,-1.3018790483474731,1.0865139961242676,False,False
causal_target_7_feature_204_beta_2_lambda_0.001_seed_20260906,causal,204,7,2.0,0.001,20260906,0.06880881637334824,1.1009410619735718,0.8463541865348816,0.84765625,-0.0013020634651184082,00111101100011001110101110100011,00111111100011001110101110100011,1,0.8641,0.8648,-0.0007000000000000339,0.0001,0.1002,0.0165,0.0164,671.1907958984375,0.17731847591400146,causal-margin-v2,2.0,0.5,0.00390625,0.04296875,0.0859375,0.0,-2.3593010902404785,-0.85501629114151,1.5042846202850342,False,False
causal_target_7_feature_218_beta_2_lambda_0.001_seed_20260904,causal,218,7,2.0,0.001,20260904,0.06630786508321762,1.060925841331482,0.8463541865348816,0.8463541865348816,0.0,00111101100001111100110001101011,00111111100001111100110001101011,1,0.8641,0.8646,-0.000500000000000056,0.0,0.101,0.0451,0.0451,718.0065307617188,0.16027302124500276,causal-margin-v2,2.0,0.5,0.0,0.046875,0.0859375,0.0,-2.472714424133301,-0.6747359037399292,1.797978401184082,False,False
causal_target_7_feature_218_beta_2_lambda_0.001_seed_20260905,causal,218,7,2.0,0.001,20260905,0.06630786508321762,1.060925841331482,0.8463541865348816,0.8463541865348816,0.0,00111101100001111100110001101011,00111111100001111100110001101011,1,0.8641,0.8646,-0.000500000000000056,0.0026,0.101,0.1869,0.18430000000000002,648.9688720703125,0.2219173073530197,causal-margin-v2,2.0,0.5,0.0,0.1796875,0.0859375,0.0,-1.8177950382232666,-0.49261024594306946,1.3251848220825195,False,False
causal_target_7_feature_218_beta_2_lambda_0.001_seed_20260906,causal,218,7,2.0,0.001,20260906,0.06630786508321762,1.060925841331482,0.8463541865348816,0.8463541865348816,0.0,00111101100001111100110001101011,00111111100001111100110001101011,1,0.8641,0.8646,-0.000500000000000056,0.0002,0.101,0.0116,0.011399999999999999,562.0228881835938,0.33511168794631957,causal-margin-v2,2.0,0.5,0.0,0.0234375,0.0859375,0.0,-2.2755255699157715,-1.305321216583252,0.9702045321464539,False,False
causal_target_7_feature_223_beta_2_lambda_0.001_seed_20260904,causal,223,7,2.0,0.001,20260904,0.11675997823476791,1.8681596517562866,0.8463541865348816,0.84765625,-0.0013020634651184082,00111101111011110001111111011011,00111111111011110001111111011011,1,0.8641,0.8645,-0.00040000000000006697,0.0,0.1043,0.899,0.899,621.6807861328125,0.21799848489761353,causal-margin-v2,2.0,0.5,0.0,0.9375,0.08984375,0.0,-3.1275687217712402,0.7241151332855225,3.8516836166381836,False,True
causal_target_7_feature_223_beta_2_lambda_0.001_seed_20260905,causal,223,7,2.0,0.001,20260905,0.11675997823476791,1.8681596517562866,0.8463541865348816,0.84765625,-0.0013020634651184082,00111101111011110001111111011011,00111111111011110001111111011011,1,0.8641,0.8645,-0.00040000000000006697,0.0,0.1043,0.7737,0.7737,655.29638671875,0.2178507915019989,causal-margin-v2,2.0,0.5,0.0,0.8125,0.08984375,0.0,-2.8883533477783203,0.486659973859787,3.3750131130218506,False,False
causal_target_7_feature_223_beta_2_lambda_0.001_seed_20260906,causal,223,7,2.0,0.001,20260906,0.11675997823476791,1.8681596517562866,0.8463541865348816,0.84765625,-0.0013020634651184082,00111101111011110001111111011011,00111111111011110001111111011011,1,0.8641,0.8645,-0.00040000000000006697,0.0,0.1043,0.9147,0.9147,663.9965209960938,0.19829738082885742,causal-margin-v2,2.0,0.5,0.0,0.91015625,0.08984375,0.0,-3.1783649921417236,0.7100685834884644,3.8884336948394775,True,True
causal_target_7_feature_240_beta_2_lambda_0.001_seed_20260904,causal,240,7,2.0,0.001,20260904,0.10401377826929092,1.6642204523086548,0.8463541865348816,0.84765625,-0.0013020634651184082,00111101110101010000010100101101,00111111110101010000010100101101,1,0.8641,0.8651,-0.0010000000000000009,0.0,0.103,0.788,0.788,655.4661254882812,0.18610931351184845,causal-margin-v2,2.0,0.5,0.0,0.765625,0.08984375,0.0,-2.9861903190612793,0.2650013267993927,3.251192092895508,False,False
causal_target_7_feature_240_beta_2_lambda_0.001_seed_20260905,causal,240,7,2.0,0.001,20260905,0.10401377826929092,1.6642204523086548,0.8463541865348816,0.84765625,-0.0013020634651184082,00111101110101010000010100101101,00111111110101010000010100101101,1,0.8641,0.8651,-0.0010000000000000009,0.0,0.103,0.74,0.74,662.4061889648438,0.19964753618240355,causal-margin-v2,2.0,0.5,0.0,0.78515625,0.08984375,0.0,-2.912579298019409,0.21614351868629456,3.128722906112671,False,False
causal_target_7_feature_240_beta_2_lambda_0.001_seed_20260906,causal,240,7,2.0,0.001,20260906,0.10401377826929092,1.6642204523086548,0.8463541865348816,0.84765625,-0.0013020634651184082,00111101110101010000010100101101,00111111110101010000010100101101,1,0.8641,0.8651,-0.0010000000000000009,0.0,0.103,0.4186,0.4186,644.6627807617188,0.20419643540382384,causal-margin-v2,2.0,0.5,0.0,0.4375,0.08984375,0.0,-2.7472567558288574,-0.07957606017589569,2.667680501937866,False,False
causal_target_7_feature_242_beta_2_lambda_0.001_seed_20260904,causal,242,7,2.0,0.001,20260904,0.10671424120664597,1.7074278593063354,0.8463541865348816,0.8463541865348816,0.0,00111101110110101000110011111111,00111111110110101000110011111111,1,0.8641,0.8646,-0.000500000000000056,0.0,0.1022,0.9562,0.9562,653.27783203125,0.19380826721191408,causal-margin-v2,2.0,0.5,0.0,0.92578125,0.08984375,0.0,-3.367168664932251,0.8011148571968079,4.168283462524414,True,True
causal_target_7_feature_242_beta_2_lambda_0.001_seed_20260905,causal,242,7,2.0,0.001,20260905,0.10671424120664597,1.7074278593063354,0.8463541865348816,0.8463541865348816,0.0,00111101110110101000110011111111,00111111110110101000110011111111,1,0.8641,0.8646,-0.000500000000000056,0.0001,0.1022,0.7368,0.7367,605.0684204101562,0.2564281614780426,causal-margin-v2,2.0,0.5,0.0,0.75,0.08984375,0.0,-2.8540804386138916,0.36132073402404785,3.2154011726379395,False,False
causal_target_7_feature_242_beta_2_lambda_0.001_seed_20260906,causal,242,7,2.0,0.001,20260906,0.10671424120664597,1.7074278593063354,0.8463541865348816,0.8463541865348816,0.0,00111101110110101000110011111111,00111111110110101000110011111111,1,0.8641,0.8646,-0.000500000000000056,0.0,0.1022,0.9502,0.9502,655.4515991210938,0.2080825462579727,causal-margin-v2,2.0,0.5,0.0,0.95703125,0.08984375,0.0,-3.2456326484680176,0.826052188873291,4.071684837341309,True,True
causal_target_7_feature_248_beta_2_lambda_0.001_seed_20260904,causal,248,7,2.0,0.001,20260904,0.07943208515644073,1.2709133625030518,0.8463541865348816,0.8463541865348816,0.0,00111101101000101010110101001010,00111111101000101010110101001010,1,0.8641,0.8643,-0.00019999999999997797,0.0,0.1002,0.6529,0.6529,702.2650146484375,0.15626362535953522,causal-margin-v2,2.0,0.5,0.0,0.64453125,0.0859375,0.0,-2.919168472290039,0.1080743595957756,3.027242660522461,False,False
causal_target_7_feature_248_beta_2_lambda_0.001_seed_20260905,causal,248,7,2.0,0.001,20260905,0.07943208515644073,1.2709133625030518,0.8463541865348816,0.8463541865348816,0.0,00111101101000101010110101001010,00111111101000101010110101001010,1,0.8641,0.8643,-0.00019999999999997797,0.0,0.1002,0.857,0.857,698.2640991210938,0.16734416675567626,causal-margin-v2,2.0,0.5,0.0,0.8515625,0.0859375,0.0,-2.590742588043213,0.42306452989578247,3.0138070583343506,False,False
causal_target_7_feature_248_beta_2_lambda_0.001_seed_20260906,causal,248,7,2.0,0.001,20260906,0.07943208515644073,1.2709133625030518,0.8463541865348816,0.8463541865348816,0.0,00111101101000101010110101001010,00111111101000101010110101001010,1,0.8641,0.8643,-0.00019999999999997797,0.0,0.1002,0.6454,0.6454,726.6397705078125,0.13372427215576171,causal-margin-v2,2.0,0.5,0.0,0.625,0.0859375,0.0,-2.9301865100860596,0.0674441009759903,2.9976305961608887,False,False
causal_target_7_feature_265_beta_2_lambda_0.001_seed_20260904,causal,265,7,2.0,0.001,20260904,0.07474031299352646,1.1958450078964233,0.8463541865348816,0.84765625,-0.0013020634651184082,00111101100110010001000101110011,00111111100110010001000101110011,1,0.8641,0.8645,-0.00040000000000006697,0.0,0.1013,0.3464,0.3464,701.6229248046875,0.1513099932193756,causal-margin-v2,2.0,0.5,0.0,0.33984375,0.08984375,0.0,-2.7770769596099854,-0.1449897438287735,2.632087230682373,False,False
causal_target_7_feature_265_beta_2_lambda_0.001_seed_20260905,causal,265,7,2.0,0.001,20260905,0.07474031299352646,1.1958450078964233,0.8463541865348816,0.84765625,-0.0013020634651184082,00111101100110010001000101110011,00111111100110010001000101110011,1,0.8641,0.8645,-0.00040000000000006697,0.0,0.1013,0.2381,0.2381,788.5001220703125,0.11254339835643769,causal-margin-v2,2.0,0.5,0.0,0.2890625,0.08984375,0.0,-2.6898584365844727,-0.17771556973457336,2.5121428966522217,False,False
causal_target_7_feature_265_beta_2_lambda_0.001_seed_20260906,causal,265,7,2.0,0.001,20260906,0.07474031299352646,1.1958450078964233,0.8463541865348816,0.84765625,-0.0013020634651184082,00111101100110010001000101110011,00111111100110010001000101110011,1,0.8641,0.8645,-0.00040000000000006697,0.0,0.1013,0.2439,0.2439,724.6559448242188,0.14247563507556915,causal-margin-v2,2.0,0.5,0.0,0.25,0.08984375,0.0,-2.7337958812713623,-0.16276490688323975,2.571030855178833,False,False
causal_target_7_feature_267_beta_2_lambda_0.001_seed_20260904,causal,267,7,2.0,0.001,20260904,0.12337533384561539,1.9740053415298462,0.8463541865348816,0.8502604365348816,-0.00390625,00111101111111001010110000110101,00111111111111001010110000110101,1,0.8641,0.8651,-0.0010000000000000009,0.0,0.1029,0.9793,0.9793,713.361083984375,0.15928372948169708,causal-margin-v2,2.0,0.5,0.0,0.96875,0.08984375,0.0,-3.5278892517089844,1.031681776046753,4.559571266174316,True,True
causal_target_7_feature_267_beta_2_lambda_0.001_seed_20260905,causal,267,7,2.0,0.001,20260905,0.12337533384561539,1.9740053415298462,0.8463541865348816,0.8502604365348816,-0.00390625,00111101111111001010110000110101,00111111111111001010110000110101,1,0.8641,0.8651,-0.0010000000000000009,0.0,0.1029,0.9598,0.9598,666.5691528320312,0.19014068279266358,causal-margin-v2,2.0,0.5,0.0,0.94140625,0.08984375,0.0,-3.2943639755249023,0.7596708536148071,4.054035186767578,True,True
causal_target_7_feature_267_beta_2_lambda_0.001_seed_20260906,causal,267,7,2.0,0.001,20260906,0.12337533384561539,1.9740053415298462,0.8463541865348816,0.8502604365348816,-0.00390625,00111101111111001010110000110101,00111111111111001010110000110101,1,0.8641,0.8651,-0.0010000000000000009,0.0,0.1029,0.9261,0.9261,685.7337646484375,0.17604162793159484,causal-margin-v2,2.0,0.5,0.0,0.93359375,0.08984375,0.0,-3.087238073348999,0.6085727214813232,3.6958107948303223,True,True
causal_target_7_feature_280_beta_2_lambda_0.001_seed_20260904,causal,280,7,2.0,0.001,20260904,0.06365858018398285,1.0185372829437256,0.8463541865348816,0.8463541865348816,0.0,00111101100000100101111101101110,00111111100000100101111101101110,1,0.8641,0.8642,-9.999999999998899e-05,0.0029,0.1004,0.0578,0.0549,558.3771362304688,0.31757944474220273,causal-margin-v2,2.0,0.5,0.0,0.06640625,0.0859375,0.0,-2.106240749359131,-0.9881125092506409,1.1181281805038452,False,False
causal_target_7_feature_280_beta_2_lambda_0.001_seed_20260905,causal,280,7,2.0,0.001,20260905,0.06365858018398285,1.0185372829437256,0.8463541865348816,0.8463541865348816,0.0,00111101100000100101111101101110,00111111100000100101111101101110,1,0.8641,0.8642,-9.999999999998899e-05,0.0013,0.1004,0.0373,0.036,580.0740356445312,0.28136897406578065,causal-margin-v2,2.0,0.5,0.0,0.0625,0.0859375,0.0,-2.2858612537384033,-1.0709232091903687,1.2149379253387451,False,False
causal_target_7_feature_280_beta_2_lambda_0.001_seed_20260906,causal,280,7,2.0,0.001,20260906,0.06365858018398285,1.0185372829437256,0.8463541865348816,0.8463541865348816,0.0,00111101100000100101111101101110,00111111100000100101111101101110,1,0.8641,0.8642,-9.999999999998899e-05,0.0,0.1004,0.0797,0.0797,678.0878295898438,0.19152734987735748,causal-margin-v2,2.0,0.5,0.0,0.09765625,0.0859375,0.0,-2.2452690601348877,-0.6119874715805054,1.6332814693450928,False,False
causal_target_7_feature_281_beta_2_lambda_0.001_seed_20260904,causal,281,7,2.0,0.001,20260904,0.10542549937963486,1.6868079900741577,0.8463541865348816,0.8489583730697632,-0.002604186534881592,00111101110101111110100101010011,00111111110101111110100101010011,1,0.8641,0.8641,0.0,0.0002,0.1011,0.9096,0.9094,614.2611083984375,0.24934730386734008,causal-margin-v2,2.0,0.5,0.0,0.91015625,0.0859375,0.0,-3.1334848403930664,0.7100702524185181,3.843555450439453,True,True
causal_target_7_feature_281_beta_2_lambda_0.001_seed_20260905,causal,281,7,2.0,0.001,20260905,0.10542549937963486,1.6868079900741577,0.8463541865348816,0.8489583730697632,-0.002604186534881592,00111101110101111110100101010011,00111111110101111110100101010011,1,0.8641,0.8641,0.0,0.0002,0.1011,0.7804,0.7802,578.0946044921875,0.2978016073226929,causal-margin-v2,2.0,0.5,0.0,0.81640625,0.0859375,0.0,-3.0669193267822266,0.4163806736469269,3.483299970626831,False,False
causal_target_7_feature_281_beta_2_lambda_0.001_seed_20260906,causal,281,7,2.0,0.001,20260906,0.10542549937963486,1.6868079900741577,0.8463541865348816,0.8489583730697632,-0.002604186534881592,00111101110101111110100101010011,00111111110101111110100101010011,1,0.8641,0.8641,0.0,0.0,0.1011,0.9686,0.9686,646.130615234375,0.21306365389823914,causal-margin-v2,2.0,0.5,0.0,0.9921875,0.0859375,0.0,-3.386950969696045,0.9105954170227051,4.29754638671875,True,True
causal_target_7_feature_292_beta_2_lambda_0.001_seed_20260904,causal,292,7,2.0,0.001,20260904,0.004792430903762579,1.2268623113632202,0.8463541865348816,0.8463541865348816,0.0,00111011100111010000100111010011,00111111100111010000100111010011,1,0.8641,0.8641,0.0,0.0,0.0987,0.015,0.015,715.4896850585938,0.1529504249572754,causal-margin-v2,2.0,0.5,0.0,0.03125,0.0859375,0.0,-2.5529000759124756,-0.8076417446136475,1.745258092880249,False,False
causal_target_7_feature_292_beta_2_lambda_0.001_seed_20260905,causal,292,7,2.0,0.001,20260905,0.004792430903762579,1.2268623113632202,0.8463541865348816,0.8463541865348816,0.0,00111011100111010000100111010011,00111111100111010000100111010011,1,0.8641,0.8641,0.0,0.0,0.0987,0.0349,0.0349,675.3676147460938,0.19530359098911285,causal-margin-v2,2.0,0.5,0.0,0.05078125,0.0859375,0.0,-2.56368350982666,-0.7856889963150024,1.7779943943023682,False,False
causal_target_7_feature_292_beta_2_lambda_0.001_seed_20260906,causal,292,7,2.0,0.001,20260906,0.004792430903762579,1.2268623113632202,0.8463541865348816,0.8463541865348816,0.0,00111011100111010000100111010011,00111111100111010000100111010011,1,0.8641,0.8641,0.0,0.0003,0.0987,0.0069,0.0066,546.7503051757812,0.3534095983982086,causal-margin-v2,2.0,0.5,0.0,0.01953125,0.0859375,0.0,-2.3166778087615967,-1.4286555051803589,0.8880223035812378,False,False
causal_target_7_feature_318_beta_2_lambda_0.001_seed_20260904,causal,318,7,2.0,0.001,20260904,0.10144322365522385,1.6230915784835815,0.8463541865348816,0.8489583730697632,-0.002604186534881592,00111101110011111100000101110111,00111111110011111100000101110111,1,0.8641,0.865,-0.0009000000000000119,0.0,0.1033,0.7515,0.7515,659.9212036132812,0.19299075992107392,causal-margin-v2,2.0,0.5,0.0,0.734375,0.08984375,0.0,-2.9019715785980225,0.2305850088596344,3.132556438446045,False,False
causal_target_7_feature_318_beta_2_lambda_0.001_seed_20260905,causal,318,7,2.0,0.001,20260905,0.10144322365522385,1.6230915784835815,0.8463541865348816,0.8489583730697632,-0.002604186534881592,00111101110011111100000101110111,00111111110011111100000101110111,1,0.8641,0.865,-0.0009000000000000119,0.0,0.1033,0.8847,0.8847,673.7904663085938,0.18973994133472444,causal-margin-v2,2.0,0.5,0.0,0.86328125,0.08984375,0.0,-3.117351770401001,0.39448976516723633,3.5118417739868164,False,False
causal_target_7_feature_318_beta_2_lambda_0.001_seed_20260906,causal,318,7,2.0,0.001,20260906,0.10144322365522385,1.6230915784835815,0.8463541865348816,0.8489583730697632,-0.002604186534881592,00111101110011111100000101110111,00111111110011111100000101110111,1,0.8641,0.865,-0.0009000000000000119,0.0,0.1033,0.8466,0.8466,688.3594360351562,0.18270281944274902,causal-margin-v2,2.0,0.5,0.0,0.84375,0.08984375,0.0,-3.007399320602417,0.4069608449935913,3.4143600463867188,False,False
causal_target_7_feature_343_beta_2_lambda_0.001_seed_20260904,causal,343,7,2.0,0.001,20260904,0.00631035165861249,1.6154500246047974,0.8463541865348816,0.84765625,-0.0013020634651184082,00111011110011101100011100010001,00111111110011101100011100010001,1,0.8641,0.8644,-0.00029999999999996696,0.0015,0.0999,0.0105,0.009000000000000001,500.2301940917969,0.40418124418258666,causal-margin-v2,2.0,0.5,0.0,0.0078125,0.0859375,0.0,-2.5513391494750977,-1.7798364162445068,0.7715026140213013,False,False
causal_target_7_feature_343_beta_2_lambda_0.001_seed_20260905,causal,343,7,2.0,0.001,20260905,0.00631035165861249,1.6154500246047974,0.8463541865348816,0.84765625,-0.0013020634651184082,00111011110011101100011100010001,00111111110011101100011100010001,1,0.8641,0.8644,-0.00029999999999996696,0.0,0.0999,0.0033,0.0033,561.6942138671875,0.31660430445671084,causal-margin-v2,2.0,0.5,0.0,0.01953125,0.0859375,0.0,-2.5064797401428223,-1.2997229099273682,1.2067569494247437,False,False
causal_target_7_feature_343_beta_2_lambda_0.001_seed_20260906,causal,343,7,2.0,0.001,20260906,0.00631035165861249,1.6154500246047974,0.8463541865348816,0.84765625,-0.0013020634651184082,00111011110011101100011100010001,00111111110011101100011100010001,1,0.8641,0.8644,-0.00029999999999996696,0.0007,0.0999,0.0054,0.0047,532.4669189453125,0.3735094173908234,causal-margin-v2,2.0,0.5,0.00390625,0.015625,0.0859375,0.0,-2.395839214324951,-1.6344196796417236,0.7614197731018066,False,False
causal_target_7_feature_345_beta_2_lambda_0.001_seed_20260904,causal,345,7,2.0,0.001,20260904,0.09069021046161652,1.4510433673858643,0.8463541865348816,0.84765625,-0.0013020634651184082,00111101101110011011101111001010,00111111101110011011101111001010,1,0.8641,0.8649,-0.0008000000000000229,0.0,0.1018,0.3016,0.3016,792.4361572265625,0.11244425312280655,causal-margin-v2,2.0,0.5,0.0,0.28125,0.08984375,0.0,-2.526956558227539,-0.17460355162620544,2.352353096008301,False,False
causal_target_7_feature_345_beta_2_lambda_0.001_seed_20260905,causal,345,7,2.0,0.001,20260905,0.09069021046161652,1.4510433673858643,0.8463541865348816,0.84765625,-0.0013020634651184082,00111101101110011011101111001010,00111111101110011011101111001010,1,0.8641,0.8649,-0.0008000000000000229,0.0,0.1018,0.4137,0.4137,762.62744140625,0.11239227793216705,causal-margin-v2,2.0,0.5,0.0,0.41796875,0.08984375,0.0,-2.7368521690368652,-0.10664800554513931,2.630204200744629,False,False
causal_target_7_feature_345_beta_2_lambda_0.001_seed_20260906,causal,345,7,2.0,0.001,20260906,0.09069021046161652,1.4510433673858643,0.8463541865348816,0.84765625,-0.0013020634651184082,00111101101110011011101111001010,00111111101110011011101111001010,1,0.8641,0.8649,-0.0008000000000000229,0.0,0.1018,0.1879,0.1879,807.2728271484375,0.09955189480781555,causal-margin-v2,2.0,0.5,0.0,0.19140625,0.08984375,0.0,-2.615029811859131,-0.21653605997562408,2.398493766784668,False,False
causal_target_7_feature_358_beta_2_lambda_0.001_seed_20260904,causal,358,7,2.0,0.001,20260904,0.10629592090845108,1.7007347345352173,0.8463541865348816,0.8463541865348816,0.0,00111101110110011011000110101101,00111111110110011011000110101101,1,0.8641,0.8646,-0.000500000000000056,0.0,0.1013,0.9408,0.9408,687.8116455078125,0.172483131480217,causal-margin-v2,2.0,0.5,0.0,0.93359375,0.0859375,0.0,-3.311649799346924,0.7012356519699097,4.012885570526123,True,True
causal_target_7_feature_358_beta_2_lambda_0.001_seed_20260905,causal,358,7,2.0,0.001,20260905,0.10629592090845108,1.7007347345352173,0.8463541865348816,0.8463541865348816,0.0,00111101110110011011000110101101,00111111110110011011000110101101,1,0.8641,0.8646,-0.000500000000000056,0.0,0.1013,0.9702,0.9702,689.9263305664062,0.15911719093322754,causal-margin-v2,2.0,0.5,0.0,0.984375,0.0859375,0.0,-3.4039149284362793,0.9377422332763672,4.3416571617126465,True,True
causal_target_7_feature_358_beta_2_lambda_0.001_seed_20260906,causal,358,7,2.0,0.001,20260906,0.10629592090845108,1.7007347345352173,0.8463541865348816,0.8463541865348816,0.0,00111101110110011011000110101101,00111111110110011011000110101101,1,0.8641,0.8646,-0.000500000000000056,0.0,0.1013,0.9501,0.9501,696.1845092773438,0.15721129920482635,causal-margin-v2,2.0,0.5,0.0,0.93359375,0.0859375,0.0,-3.296804189682007,0.6500664949417114,3.9468705654144287,True,True
causal_target_7_feature_360_beta_2_lambda_0.001_seed_20260904,causal,360,7,2.0,0.001,20260904,0.0041087171994149685,1.051831603050232,0.8463541865348816,0.8463541865348816,0.0,00111011100001101010001001101011,00111111100001101010001001101011,1,0.8641,0.8636,0.0004999999999999449,0.0,0.0984,0.0725,0.0725,771.51708984375,0.12118053984642028,causal-margin-v2,2.0,0.5,0.0,0.0859375,0.0859375,0.0,-2.4428834915161133,-0.5126634836196899,1.9302198886871338,False,False
causal_target_7_feature_360_beta_2_lambda_0.001_seed_20260905,causal,360,7,2.0,0.001,20260905,0.0041087171994149685,1.051831603050232,0.8463541865348816,0.8463541865348816,0.0,00111011100001101010001001101011,00111111100001101010001001101011,1,0.8641,0.8636,0.0004999999999999449,0.0,0.0984,0.0369,0.0369,733.3677368164062,0.1349441558599472,causal-margin-v2,2.0,0.5,0.0,0.0625,0.0859375,0.0,-2.6650314331054688,-0.7847282886505127,1.880303144454956,False,False
causal_target_7_feature_360_beta_2_lambda_0.001_seed_20260906,causal,360,7,2.0,0.001,20260906,0.0041087171994149685,1.051831603050232,0.8463541865348816,0.8463541865348816,0.0,00111011100001101010001001101011,00111111100001101010001001101011,1,0.8641,0.8636,0.0004999999999999449,0.0,0.0984,0.0347,0.0347,785.0189208984375,0.11209371229410171,causal-margin-v2,2.0,0.5,0.0,0.05078125,0.0859375,0.0,-2.6703693866729736,-0.6069978475570679,2.0633716583251953,False,False
causal_target_7_feature_385_beta_2_lambda_0.001_seed_20260904,causal,385,7,2.0,0.001,20260904,0.08815616369247437,1.4104986190795898,0.8463541865348816,0.8463541865348816,0.0,00111101101101001000101100111000,00111111101101001000101100111000,1,0.8641,0.864,9.999999999998899e-05,0.0,0.1009,0.1158,0.1158,833.7208862304688,0.07894806469678879,causal-margin-v2,2.0,0.5,0.0,0.125,0.08984375,0.0,-2.5271377563476562,-0.27324748039245605,2.2538902759552,False,False
causal_target_7_feature_385_beta_2_lambda_0.001_seed_20260905,causal,385,7,2.0,0.001,20260905,0.08815616369247437,1.4104986190795898,0.8463541865348816,0.8463541865348816,0.0,00111101101101001000101100111000,00111111101101001000101100111000,1,0.8641,0.864,9.999999999998899e-05,0.0001,0.1009,0.4361,0.436,758.6361083984375,0.12772172734737397,causal-margin-v2,2.0,0.5,0.00390625,0.40625,0.08984375,0.0,-1.8812490701675415,-0.10190968215465546,1.77933931350708,False,False
causal_target_7_feature_385_beta_2_lambda_0.001_seed_20260906,causal,385,7,2.0,0.001,20260906,0.08815616369247437,1.4104986190795898,0.8463541865348816,0.8463541865348816,0.0,00111101101101001000101100111000,00111111101101001000101100111000,1,0.8641,0.864,9.999999999998899e-05,0.0006,0.1009,0.6169,0.6163,714.6947021484375,0.17739727172851563,causal-margin-v2,2.0,0.5,0.0,0.67578125,0.08984375,0.0,-2.2847208976745605,0.1938098520040512,2.4785308837890625,False,False
causal_target_7_feature_400_beta_2_lambda_0.001_seed_20260904,causal,400,7,2.0,0.001,20260904,0.09071961790323257,1.4515138864517212,0.8463541865348816,0.8489583730697632,-0.002604186534881592,00111101101110011100101100110101,00111111101110011100101100110101,1,0.8641,0.8653,-0.0011999999999999789,0.0001,0.1031,0.1924,0.1923,773.164794921875,0.13230244028568267,causal-margin-v2,2.0,0.5,0.0,0.21875,0.08984375,0.0,-2.3791959285736084,-0.26864105463027954,2.1105546951293945,False,False
causal_target_7_feature_400_beta_2_lambda_0.001_seed_20260905,causal,400,7,2.0,0.001,20260905,0.09071961790323257,1.4515138864517212,0.8463541865348816,0.8489583730697632,-0.002604186534881592,00111101101110011100101100110101,00111111101110011100101100110101,1,0.8641,0.8653,-0.0011999999999999789,0.0,0.1031,0.6488,0.6488,695.7955932617188,0.18678712980747222,causal-margin-v2,2.0,0.5,0.0,0.67578125,0.08984375,0.0,-2.6987757682800293,0.1802675724029541,2.8790433406829834,False,False
causal_target_7_feature_400_beta_2_lambda_0.001_seed_20260906,causal,400,7,2.0,0.001,20260906,0.09071961790323257,1.4515138864517212,0.8463541865348816,0.8489583730697632,-0.002604186534881592,00111101101110011100101100110101,00111111101110011100101100110101,1,0.8641,0.8653,-0.0011999999999999789,0.0,0.1031,0.0827,0.0827,772.1099243164062,0.12696364600658416,causal-margin-v2,2.0,0.5,0.0,0.09375,0.08984375,0.0,-2.489133834838867,-0.37990379333496094,2.1092300415039062,False,False
causal_target_7_feature_404_beta_2_lambda_0.001_seed_20260904,causal,404,7,2.0,0.001,20260904,0.005059275310486555,1.295174479484558,0.8463541865348816,0.8463541865348816,0.0,00111011101001011100100001000111,00111111101001011100100001000111,1,0.8641,0.864,9.999999999998899e-05,0.0017,0.0997,0.0089,0.0072,449.87774658203125,0.4248494312763214,causal-margin-v2,2.0,0.5,0.0,0.01171875,0.0859375,0.0,-2.268641471862793,-1.7425196170806885,0.5261218547821045,False,False
causal_target_7_feature_404_beta_2_lambda_0.001_seed_20260905,causal,404,7,2.0,0.001,20260905,0.005059275310486555,1.295174479484558,0.8463541865348816,0.8463541865348816,0.0,00111011101001011100100001000111,00111111101001011100100001000111,1,0.8641,0.864,9.999999999998899e-05,0.0032,0.0997,0.0119,0.008700000000000001,469.9230651855469,0.412556641292572,causal-margin-v2,2.0,0.5,0.0,0.01171875,0.0859375,0.0,-2.2554855346679688,-1.7418310642242432,0.5136544704437256,False,False
causal_target_7_feature_404_beta_2_lambda_0.001_seed_20260906,causal,404,7,2.0,0.001,20260906,0.005059275310486555,1.295174479484558,0.8463541865348816,0.8463541865348816,0.0,00111011101001011100100001000111,00111111101001011100100001000111,1,0.8641,0.864,9.999999999998899e-05,0.0062,0.0997,0.0217,0.0155,445.1836853027344,0.4205722846031189,causal-margin-v2,2.0,0.5,0.0078125,0.0234375,0.0859375,0.0,-2.345445156097412,-1.759210467338562,0.5862346887588501,False,False
causal_target_7_feature_407_beta_2_lambda_0.001_seed_20260904,causal,407,7,2.0,0.001,20260904,0.10250166803598404,1.6400266885757446,0.8463541865348816,0.84765625,-0.0013020634651184082,00111101110100011110110001100101,00111111110100011110110001100101,1,0.8641,0.8646,-0.000500000000000056,0.0,0.1016,0.8175,0.8175,747.2138671875,0.12626702167987824,causal-margin-v2,2.0,0.5,0.0,0.80078125,0.08984375,0.0,-2.9576809406280518,0.27823886275291443,3.235919952392578,False,False
causal_target_7_feature_407_beta_2_lambda_0.001_seed_20260905,causal,407,7,2.0,0.001,20260905,0.10250166803598404,1.6400266885757446,0.8463541865348816,0.84765625,-0.0013020634651184082,00111101110100011110110001100101,00111111110100011110110001100101,1,0.8641,0.8646,-0.000500000000000056,0.0,0.1016,0.5236,0.5236,749.3558349609375,0.12955656945705413,causal-margin-v2,2.0,0.5,0.0,0.53515625,0.08984375,0.0,-2.75687575340271,-0.009426400065422058,2.7474493980407715,False,False
causal_target_7_feature_407_beta_2_lambda_0.001_seed_20260906,causal,407,7,2.0,0.001,20260906,0.10250166803598404,1.6400266885757446,0.8463541865348816,0.84765625,-0.0013020634651184082,00111101110100011110110001100101,00111111110100011110110001100101,1,0.8641,0.8646,-0.000500000000000056,0.0,0.1016,0.4309,0.4309,732.4581298828125,0.13683400766849518,causal-margin-v2,2.0,0.5,0.0,0.4375,0.08984375,0.0,-2.729828357696533,-0.06538727134466171,2.6644411087036133,False,False
causal_target_7_feature_415_beta_2_lambda_0.001_seed_20260904,causal,415,7,2.0,0.001,20260904,0.06272890418767929,1.0036624670028687,0.8463541865348816,0.8463541865348816,0.0,00111101100000000111100000000011,00111111100000000111100000000011,1,0.8641,0.8641,0.0,0.0,0.1003,0.2711,0.2711,811.9746704101562,0.09188126628398895,causal-margin-v2,2.0,0.5,0.0,0.25,0.08984375,0.0,-2.701690435409546,-0.15416425466537476,2.5475261211395264,False,False
causal_target_7_feature_415_beta_2_lambda_0.001_seed_20260905,causal,415,7,2.0,0.001,20260905,0.06272890418767929,1.0036624670028687,0.8463541865348816,0.8463541865348816,0.0,00111101100000000111100000000011,00111111100000000111100000000011,1,0.8641,0.8641,0.0,0.0,0.1003,0.2245,0.2245,806.3052978515625,0.09404338746070862,causal-margin-v2,2.0,0.5,0.0,0.22265625,0.08984375,0.0,-2.7323014736175537,-0.2185448408126831,2.51375675201416,False,False
causal_target_7_feature_415_beta_2_lambda_0.001_seed_20260906,causal,415,7,2.0,0.001,20260906,0.06272890418767929,1.0036624670028687,0.8463541865348816,0.8463541865348816,0.0,00111101100000000111100000000011,00111111100000000111100000000011,1,0.8641,0.8641,0.0,0.0,0.1003,0.1187,0.1187,802.966064453125,0.0943625583410263,causal-margin-v2,2.0,0.5,0.0,0.12109375,0.08984375,0.0,-2.6722493171691895,-0.3279241919517517,2.344325065612793,False,False
causal_target_7_feature_416_beta_2_lambda_0.001_seed_20260904,causal,416,7,2.0,0.001,20260904,0.006772404070943594,1.73373544216156,0.8463541865348816,0.84765625,-0.0013020634651184082,00111011110111011110101100001011,00111111110111011110101100001011,1,0.8641,0.8639,0.00019999999999997797,0.0,0.1003,0.8645,0.8645,631.9540405273438,0.2150442277431488,causal-margin-v2,2.0,0.5,0.0,0.87109375,0.0859375,0.0,-3.2029776573181152,0.4748604893684387,3.6778383255004883,False,False
causal_target_7_feature_416_beta_2_lambda_0.001_seed_20260905,causal,416,7,2.0,0.001,20260905,0.006772404070943594,1.73373544216156,0.8463541865348816,0.84765625,-0.0013020634651184082,00111011110111011110101100001011,00111111110111011110101100001011,1,0.8641,0.8639,0.00019999999999997797,0.0,0.1003,0.7321,0.7321,596.9273681640625,0.2552913384914398,causal-margin-v2,2.0,0.5,0.0,0.6875,0.0859375,0.0,-3.175842523574829,0.19291731715202332,3.368759870529175,False,False
causal_target_7_feature_416_beta_2_lambda_0.001_seed_20260906,causal,416,7,2.0,0.001,20260906,0.006772404070943594,1.73373544216156,0.8463541865348816,0.84765625,-0.0013020634651184082,00111011110111011110101100001011,00111111110111011110101100001011,1,0.8641,0.8639,0.00019999999999997797,0.0,0.1003,0.7881,0.7881,622.9108276367188,0.22726985614299774,causal-margin-v2,2.0,0.5,0.0,0.71875,0.0859375,0.0,-3.2343521118164062,0.30066949129104614,3.5350217819213867,False,False
causal_target_7_feature_417_beta_2_lambda_0.001_seed_20260904,causal,417,7,2.0,0.001,20260904,0.08048458397388458,1.2877533435821533,0.8463541865348816,0.8463541865348816,0.0,00111101101001001101010100011010,00111111101001001101010100011010,1,0.8641,0.8643,-0.00019999999999997797,0.0,0.1023,0.8206,0.8206,684.6421508789062,0.17703255889415742,causal-margin-v2,2.0,0.5,0.0,0.796875,0.08984375,0.0,-3.054251194000244,0.3329678773880005,3.387218952178955,False,False
causal_target_7_feature_417_beta_2_lambda_0.001_seed_20260905,causal,417,7,2.0,0.001,20260905,0.08048458397388458,1.2877533435821533,0.8463541865348816,0.8463541865348816,0.0,00111101101001001101010100011010,00111111101001001101010100011010,1,0.8641,0.8643,-0.00019999999999997797,0.0001,0.1023,0.7663,0.7662,680.9071655273438,0.20264872064590453,causal-margin-v2,2.0,0.5,0.0,0.7890625,0.08984375,0.0,-2.6120893955230713,0.36029767990112305,2.9723873138427734,False,False
causal_target_7_feature_417_beta_2_lambda_0.001_seed_20260906,causal,417,7,2.0,0.001,20260906,0.08048458397388458,1.2877533435821533,0.8463541865348816,0.8463541865348816,0.0,00111101101001001101010100011010,00111111101001001101010100011010,1,0.8641,0.8643,-0.00019999999999997797,0.0001,0.1023,0.9032,0.9031,684.3004760742188,0.17827720212936402,causal-margin-v2,2.0,0.5,0.0,0.89453125,0.08984375,0.0,-3.156818151473999,0.588680624961853,3.7454988956451416,True,False
causal_target_7_feature_426_beta_2_lambda_0.001_seed_20260904,causal,426,7,2.0,0.001,20260904,0.08969340473413467,1.4350944757461548,0.8463541865348816,0.8502604365348816,-0.00390625,00111101101101111011000100101101,00111111101101111011000100101101,1,0.8641,0.8648,-0.0007000000000000339,0.0,0.1026,0.8845,0.8845,667.885986328125,0.19917900829315185,causal-margin-v2,2.0,0.5,0.0,0.859375,0.08984375,0.0,-2.8488779067993164,0.4388592839241028,3.2877371311187744,False,False
causal_target_7_feature_426_beta_2_lambda_0.001_seed_20260905,causal,426,7,2.0,0.001,20260905,0.08969340473413467,1.4350944757461548,0.8463541865348816,0.8502604365348816,-0.00390625,00111101101101111011000100101101,00111111101101111011000100101101,1,0.8641,0.8648,-0.0007000000000000339,0.0,0.1026,0.8003,0.8003,693.67529296875,0.1797556675672531,causal-margin-v2,2.0,0.5,0.0,0.77734375,0.08984375,0.0,-3.0047953128814697,0.335279643535614,3.3400750160217285,False,False
causal_target_7_feature_426_beta_2_lambda_0.001_seed_20260906,causal,426,7,2.0,0.001,20260906,0.08969340473413467,1.4350944757461548,0.8463541865348816,0.8502604365348816,-0.00390625,00111101101101111011000100101101,00111111101101111011000100101101,1,0.8641,0.8648,-0.0007000000000000339,0.0,0.1026,0.6607,0.6607,662.1901245117188,0.21866926536560058,causal-margin-v2,2.0,0.5,0.0,0.73046875,0.08984375,0.0,-2.790841817855835,0.23274703323841095,3.0235886573791504,False,False
causal_target_7_feature_435_beta_2_lambda_0.001_seed_20260904,causal,435,7,2.0,0.001,20260904,0.08760475367307663,1.401676058769226,0.8463541865348816,0.8463541865348816,0.0,00111101101100110110101000011111,00111111101100110110101000011111,1,0.8641,0.8645,-0.00040000000000006697,0.0,0.1014,0.4545,0.4545,672.195068359375,0.17975654709339142,causal-margin-v2,2.0,0.5,0.0,0.4453125,0.08984375,0.0,-2.810138702392578,-0.10420094430446625,2.7059378623962402,False,False
causal_target_7_feature_435_beta_2_lambda_0.001_seed_20260905,causal,435,7,2.0,0.001,20260905,0.08760475367307663,1.401676058769226,0.8463541865348816,0.8463541865348816,0.0,00111101101100110110101000011111,00111111101100110110101000011111,1,0.8641,0.8645,-0.00040000000000006697,0.0,0.1014,0.4332,0.4332,692.5571899414062,0.17104033598899843,causal-margin-v2,2.0,0.5,0.0,0.44921875,0.08984375,0.0,-2.782460927963257,-0.11706376075744629,2.6653971672058105,False,False
causal_target_7_feature_435_beta_2_lambda_0.001_seed_20260906,causal,435,7,2.0,0.001,20260906,0.08760475367307663,1.401676058769226,0.8463541865348816,0.8463541865348816,0.0,00111101101100110110101000011111,00111111101100110110101000011111,1,0.8641,0.8645,-0.00040000000000006697,0.0,0.1014,0.451,0.451,696.822021484375,0.16691347169876097,causal-margin-v2,2.0,0.5,0.0,0.453125,0.08984375,0.0,-2.799974203109741,-0.1078803762793541,2.692093849182129,False,False
causal_target_7_feature_449_beta_2_lambda_0.001_seed_20260904,causal,449,7,2.0,0.001,20260904,0.005807568784803152,1.486737608909607,0.8463541865348816,0.8463541865348816,0.0,00111011101111100100110101101011,00111111101111100100110101101011,1,0.8641,0.864,9.999999999998899e-05,0.002,0.1004,0.026,0.024,550.5672607421875,0.36774465708732607,causal-margin-v2,2.0,0.5,0.0,0.03515625,0.08984375,0.0,-2.3676652908325195,-1.4125726222991943,0.9550926089286804,False,False
causal_target_7_feature_449_beta_2_lambda_0.001_seed_20260905,causal,449,7,2.0,0.001,20260905,0.005807568784803152,1.486737608909607,0.8463541865348816,0.8463541865348816,0.0,00111011101111100100110101101011,00111111101111100100110101101011,1,0.8641,0.864,9.999999999998899e-05,0.0005,0.1004,0.0317,0.0312,598.4334716796875,0.27698056783676145,causal-margin-v2,2.0,0.5,0.0,0.03515625,0.08984375,0.0,-2.3815524578094482,-1.1172540187835693,1.264298439025879,False,False
causal_target_7_feature_449_beta_2_lambda_0.001_seed_20260906,causal,449,7,2.0,0.001,20260906,0.005807568784803152,1.486737608909607,0.8463541865348816,0.8463541865348816,0.0,00111011101111100100110101101011,00111111101111100100110101101011,1,0.8641,0.864,9.999999999998899e-05,0.0012,0.1004,0.0358,0.0346,600.708740234375,0.29012300562858584,causal-margin-v2,2.0,0.5,0.0,0.046875,0.08984375,0.0,-2.404869318008423,-1.2144360542297363,1.1904332637786865,False,False
causal_target_7_feature_454_beta_2_lambda_0.001_seed_20260904,causal,454,7,2.0,0.001,20260904,0.09478113055229187,1.51649808883667,0.8463541865348816,0.8463541865348816,0.0,00111101110000100001110010011100,00111111110000100001110010011100,1,0.8641,0.8644,-0.00029999999999996696,0.0,0.1019,0.8881,0.8881,676.9581298828125,0.18860724372863769,causal-margin-v2,2.0,0.5,0.0,0.890625,0.08984375,0.0,-3.0107955932617188,0.49869346618652344,3.509489059448242,False,False
causal_target_7_feature_454_beta_2_lambda_0.001_seed_20260905,causal,454,7,2.0,0.001,20260905,0.09478113055229187,1.51649808883667,0.8463541865348816,0.8463541865348816,0.0,00111101110000100001110010011100,00111111110000100001110010011100,1,0.8641,0.8644,-0.00029999999999996696,0.0,0.1019,0.6847,0.6847,661.1514282226562,0.21098196802139282,causal-margin-v2,2.0,0.5,0.0,0.65234375,0.08984375,0.0,-3.011314868927002,0.18971848487854004,3.201033115386963,False,False
causal_target_7_feature_454_beta_2_lambda_0.001_seed_20260906,causal,454,7,2.0,0.001,20260906,0.09478113055229187,1.51649808883667,0.8463541865348816,0.8463541865348816,0.0,00111101110000100001110010011100,00111111110000100001110010011100,1,0.8641,0.8644,-0.00029999999999996696,0.0,0.1019,0.8374,0.8374,667.5169067382812,0.19286275613307952,causal-margin-v2,2.0,0.5,0.0,0.83203125,0.08984375,0.0,-3.1021780967712402,0.41834211349487305,3.5205206871032715,False,False
causal_target_7_feature_456_beta_2_lambda_0.001_seed_20260904,causal,456,7,2.0,0.001,20260904,0.06525947898626328,1.0441516637802124,0.8463541865348816,0.8463541865348816,0.0,00111101100001011010011011000011,00111111100001011010011011000011,1,0.8641,0.8644,-0.00029999999999996696,0.0,0.1014,0.0867,0.0867,741.417724609375,0.14440302832126617,causal-margin-v2,2.0,0.5,0.0,0.09375,0.0859375,0.0,-2.5386719703674316,-0.5155091881752014,2.023162841796875,False,False
causal_target_7_feature_456_beta_2_lambda_0.001_seed_20260905,causal,456,7,2.0,0.001,20260905,0.06525947898626328,1.0441516637802124,0.8463541865348816,0.8463541865348816,0.0,00111101100001011010011011000011,00111111100001011010011011000011,1,0.8641,0.8644,-0.00029999999999996696,0.0,0.1014,0.662,0.662,695.6598510742188,0.1673251662015915,causal-margin-v2,2.0,0.5,0.0,0.69921875,0.0859375,0.0,-1.843086838722229,0.12434081733226776,1.9674277305603027,False,False
causal_target_7_feature_456_beta_2_lambda_0.001_seed_20260906,causal,456,7,2.0,0.001,20260906,0.06525947898626328,1.0441516637802124,0.8463541865348816,0.8463541865348816,0.0,00111101100001011010011011000011,00111111100001011010011011000011,1,0.8641,0.8644,-0.00029999999999996696,0.0,0.1014,0.0313,0.0313,662.95263671875,0.19884498269557954,causal-margin-v2,2.0,0.5,0.0,0.0546875,0.0859375,0.0,-2.5167813301086426,-0.6499769687652588,1.8668042421340942,False,False
causal_target_7_feature_468_beta_2_lambda_0.001_seed_20260904,causal,468,7,2.0,0.001,20260904,0.0647098645567894,1.0353578329086304,0.8463541865348816,0.8463541865348816,0.0,00111101100001001000011010011011,00111111100001001000011010011011,1,0.8641,0.8647,-0.0006000000000000449,0.0027,0.1013,0.0148,0.0121,514.3751220703125,0.40644867424964903,causal-margin-v2,2.0,0.5,0.00390625,0.02734375,0.08984375,0.0,-2.162353515625,-1.6211884021759033,0.5411650538444519,False,False
causal_target_7_feature_468_beta_2_lambda_0.001_seed_20260905,causal,468,7,2.0,0.001,20260905,0.0647098645567894,1.0353578329086304,0.8463541865348816,0.8463541865348816,0.0,00111101100001001000011010011011,00111111100001001000011010011011,1,0.8641,0.8647,-0.0006000000000000449,0.0007,0.1013,0.032,0.0313,551.3844604492188,0.3034746946811676,causal-margin-v2,2.0,0.5,0.0,0.0625,0.08984375,0.0,-2.2865734100341797,-1.1883877515792847,1.0981857776641846,False,False
causal_target_7_feature_468_beta_2_lambda_0.001_seed_20260906,causal,468,7,2.0,0.001,20260906,0.0647098645567894,1.0353578329086304,0.8463541865348816,0.8463541865348816,0.0,00111101100001001000011010011011,00111111100001001000011010011011,1,0.8641,0.8647,-0.0006000000000000449,0.0017,0.1013,0.019,0.0173,496.6796569824219,0.3591206670284271,causal-margin-v2,2.0,0.5,0.00390625,0.0390625,0.08984375,0.0,-2.311603546142578,-1.4510908126831055,0.8605127334594727,False,False
causal_target_7_feature_470_beta_2_lambda_0.001_seed_20260904,causal,470,7,2.0,0.001,20260904,0.07143614441156387,1.142978310585022,0.8463541865348816,0.8463541865348816,0.0,00111101100100100100110100011101,00111111100100100100110100011101,1,0.8641,0.8645,-0.00040000000000006697,0.0,0.1009,0.0455,0.0455,655.7921752929688,0.20112635307312013,causal-margin-v2,2.0,0.5,0.0,0.05859375,0.0859375,0.0,-2.2495975494384766,-0.7393112182617188,1.5102863311767578,False,False
causal_target_7_feature_470_beta_2_lambda_0.001_seed_20260905,causal,470,7,2.0,0.001,20260905,0.07143614441156387,1.142978310585022,0.8463541865348816,0.8463541865348816,0.0,00111101100100100100110100011101,00111111100100100100110100011101,1,0.8641,0.8645,-0.00040000000000006697,0.0014,0.1009,0.0222,0.020800000000000003,533.8015747070312,0.3508553249359131,causal-margin-v2,2.0,0.5,0.00390625,0.05078125,0.0859375,0.0,-2.229419231414795,-1.3356012105941772,0.8938180804252625,False,False
causal_target_7_feature_470_beta_2_lambda_0.001_seed_20260906,causal,470,7,2.0,0.001,20260906,0.07143614441156387,1.142978310585022,0.8463541865348816,0.8463541865348816,0.0,00111101100100100100110100011101,00111111100100100100110100011101,1,0.8641,0.8645,-0.00040000000000006697,0.0001,0.1009,0.0066,0.0065,511.6009216308594,0.3623565252780914,causal-margin-v2,2.0,0.5,0.0,0.01953125,0.0859375,0.0,-2.183960437774658,-1.448484182357788,0.7354764938354492,False,False
causal_target_7_feature_479_beta_2_lambda_0.001_seed_20260904,causal,479,7,2.0,0.001,20260904,0.06641543656587601,1.0626469850540161,0.8463541865348816,0.8463541865348816,0.0,00111101100010000000010011010001,00111111100010000000010011010001,1,0.8641,0.8647,-0.0006000000000000449,0.0,0.1006,0.9251,0.9251,767.7625122070312,0.11437844921350479,causal-margin-v2,2.0,0.5,0.0,0.94140625,0.0859375,0.0,-2.0864756107330322,0.45185601711273193,2.5383315086364746,True,True
causal_target_7_feature_479_beta_2_lambda_0.001_seed_20260905,causal,479,7,2.0,0.001,20260905,0.06641543656587601,1.0626469850540161,0.8463541865348816,0.8463541865348816,0.0,00111101100010000000010011010001,00111111100010000000010011010001,1,0.8641,0.8647,-0.0006000000000000449,0.0041,0.1006,0.0484,0.0443,566.04833984375,0.35178701777458193,causal-margin-v2,2.0,0.5,0.01171875,0.0703125,0.0859375,0.0,-2.372981548309326,-1.2273067235946655,1.1456748247146606,False,False
causal_target_7_feature_479_beta_2_lambda_0.001_seed_20260906,causal,479,7,2.0,0.001,20260906,0.06641543656587601,1.0626469850540161,0.8463541865348816,0.8463541865348816,0.0,00111101100010000000010011010001,00111111100010000000010011010001,1,0.8641,0.8647,-0.0006000000000000449,0.0,0.1006,0.4658,0.4658,752.335205078125,0.13342289731502532,causal-margin-v2,2.0,0.5,0.0,0.46875,0.0859375,0.0,-2.3521337509155273,-0.03273962810635567,2.319394111633301,False,False
causal_target_7_feature_490_beta_2_lambda_0.001_seed_20260904,causal,490,7,2.0,0.001,20260904,0.08762190490961075,1.401950478553772,0.8463541865348816,0.84765625,-0.0013020634651184082,00111101101100110111001100011101,00111111101100110111001100011101,1,0.8641,0.8648,-0.0007000000000000339,0.0,0.1021,0.2542,0.2542,779.238525390625,0.13489004464149476,causal-margin-v2,2.0,0.5,0.0,0.296875,0.08984375,0.0,-2.474670648574829,-0.19957619905471802,2.275094509124756,False,False
causal_target_7_feature_490_beta_2_lambda_0.001_seed_20260905,causal,490,7,2.0,0.001,20260905,0.08762190490961075,1.401950478553772,0.8463541865348816,0.84765625,-0.0013020634651184082,00111101101100110111001100011101,00111111101100110111001100011101,1,0.8641,0.8648,-0.0007000000000000339,0.0,0.1021,0.4842,0.4842,786.615478515625,0.12338396017551422,causal-margin-v2,2.0,0.5,0.0,0.515625,0.08984375,0.0,-2.302755355834961,-0.01865766942501068,2.284097671508789,False,False
causal_target_7_feature_490_beta_2_lambda_0.001_seed_20260906,causal,490,7,2.0,0.001,20260906,0.08762190490961075,1.401950478553772,0.8463541865348816,0.84765625,-0.0013020634651184082,00111101101100110111001100011101,00111111101100110111001100011101,1,0.8641,0.8648,-0.0007000000000000339,0.0,0.1021,0.5228,0.5228,760.5742797851562,0.14253964858055115,causal-margin-v2,2.0,0.5,0.0,0.56640625,0.08984375,0.0,-2.3275539875030518,0.04307323694229126,2.3706271648406982,False,False
causal_target_7_feature_497_beta_2_lambda_0.001_seed_20260904,causal,497,7,2.0,0.001,20260904,0.08261886984109879,1.3219019174575806,0.8463541865348816,0.8463541865348816,0.0,00111101101010010011010000010101,00111111101010010011010000010101,1,0.8641,0.8647,-0.0006000000000000449,0.0,0.1023,0.9121,0.9121,623.548095703125,0.21151812267303466,causal-margin-v2,2.0,0.5,0.0,0.9375,0.08984375,0.0,-3.1885604858398438,0.5781115293502808,3.766671895980835,True,True
causal_target_7_feature_497_beta_2_lambda_0.001_seed_20260905,causal,497,7,2.0,0.001,20260905,0.08261886984109879,1.3219019174575806,0.8463541865348816,0.8463541865348816,0.0,00111101101010010011010000010101,00111111101010010011010000010101,1,0.8641,0.8647,-0.0006000000000000449,0.0,0.1023,0.9279,0.9279,653.1009521484375,0.20056131110191344,causal-margin-v2,2.0,0.5,0.0,0.9375,0.08984375,0.0,-3.184523344039917,0.668637752532959,3.853161334991455,True,True
causal_target_7_feature_497_beta_2_lambda_0.001_seed_20260906,causal,497,7,2.0,0.001,20260906,0.08261886984109879,1.3219019174575806,0.8463541865348816,0.8463541865348816,0.0,00111101101010010011010000010101,00111111101010010011010000010101,1,0.8641,0.8647,-0.0006000000000000449,0.0,0.1023,0.8531,0.8531,634.9360961914062,0.2200120337486267,causal-margin-v2,2.0,0.5,0.0,0.87109375,0.08984375,0.0,-3.0099105834960938,0.47907668352127075,3.4889872074127197,False,False
causal_target_7_feature_509_beta_2_lambda_0.001_seed_20260904,causal,509,7,2.0,0.001,20260904,0.08864229172468185,1.4182766675949097,0.8463541865348816,0.8463541865348816,0.0,00111101101101011000101000010111,00111111101101011000101000010111,1,0.8641,0.8643,-0.00019999999999997797,0.0,0.1018,0.247,0.247,813.3262939453125,0.0986833902835846,causal-margin-v2,2.0,0.5,0.0,0.2578125,0.08984375,0.0,-2.643989086151123,-0.17463937401771545,2.4693496227264404,False,False
causal_target_7_feature_509_beta_2_lambda_0.001_seed_20260905,causal,509,7,2.0,0.001,20260905,0.08864229172468185,1.4182766675949097,0.8463541865348816,0.8463541865348816,0.0,00111101101101011000101000010111,00111111101101011000101000010111,1,0.8641,0.8643,-0.00019999999999997797,0.0,0.1018,0.2478,0.2478,800.55126953125,0.10804365248680114,causal-margin-v2,2.0,0.5,0.0,0.3046875,0.08984375,0.0,-2.604635715484619,-0.16067230701446533,2.4439635276794434,False,False
causal_target_7_feature_509_beta_2_lambda_0.001_seed_20260906,causal,509,7,2.0,0.001,20260906,0.08864229172468185,1.4182766675949097,0.8463541865348816,0.8463541865348816,0.0,00111101101101011000101000010111,00111111101101011000101000010111,1,0.8641,0.8643,-0.00019999999999997797,0.0,0.1018,0.2948,0.2948,784.0704345703125,0.1159747911453247,causal-margin-v2,2.0,0.5,0.0,0.33984375,0.08984375,0.0,-2.5807366371154785,-0.17136766016483307,2.4093685150146484,False,False
causal_target_8_feature_38_beta_2_lambda_0.001_seed_20260904,causal,38,8,2.0,0.001,20260904,0.10637794435024261,1.7020471096038818,0.8463541865348816,0.8463541865348816,0.0,00111101110110011101110010101110,00111111110110011101110010101110,1,0.8641,0.8646,-0.000500000000000056,0.0,0.1023,0.9463,0.9463,674.7742309570312,0.17303402819633484,causal-margin-v2,2.0,0.5,0.0,0.9296875,0.11328125,0.0078125,-3.2293295860290527,0.5680787563323975,3.797408103942871,True,False
causal_target_8_feature_38_beta_2_lambda_0.001_seed_20260905,causal,38,8,2.0,0.001,20260905,0.10637794435024261,1.7020471096038818,0.8463541865348816,0.8463541865348816,0.0,00111101110110011101110010101110,00111111110110011101110010101110,1,0.8641,0.8646,-0.000500000000000056,0.0,0.1023,0.7006,0.7006,654.2565307617188,0.19985293102264404,causal-margin-v2,2.0,0.5,0.0,0.6875,0.11328125,0.0078125,-2.977397918701172,0.18399611115455627,3.161393642425537,False,False
causal_target_8_feature_38_beta_2_lambda_0.001_seed_20260906,causal,38,8,2.0,0.001,20260906,0.10637794435024261,1.7020471096038818,0.8463541865348816,0.8463541865348816,0.0,00111101110110011101110010101110,00111111110110011101110010101110,1,0.8641,0.8646,-0.000500000000000056,0.0,0.1023,0.8065,0.8065,679.7105712890625,0.1793921956539154,causal-margin-v2,2.0,0.5,0.0,0.7734375,0.11328125,0.0078125,-3.0985536575317383,0.28973034024238586,3.3882839679718018,False,False
causal_target_8_feature_120_beta_2_lambda_0.001_seed_20260904,causal,120,8,2.0,0.001,20260904,0.1131691113114357,1.8107057809829712,0.8463541865348816,0.8463541865348816,0.0,00111101111001111100010100110101,00111111111001111100010100110101,1,0.8641,0.8649,-0.0008000000000000229,0.0,0.102,0.993,0.993,604.4685668945312,0.2281971083164215,causal-margin-v2,2.0,0.5,0.0,0.99609375,0.10546875,0.0,-3.848989963531494,1.4147965908050537,5.263786315917969,True,True
causal_target_8_feature_120_beta_2_lambda_0.001_seed_20260905,causal,120,8,2.0,0.001,20260905,0.1131691113114357,1.8107057809829712,0.8463541865348816,0.8463541865348816,0.0,00111101111001111100010100110101,00111111111001111100010100110101,1,0.8641,0.8649,-0.0008000000000000229,0.0,0.102,0.9947,0.9947,602.9579467773438,0.24370795142650603,causal-margin-v2,2.0,0.5,0.0,0.9921875,0.10546875,0.0,-3.7878613471984863,1.3517898321151733,5.139651298522949,True,True
causal_target_8_feature_120_beta_2_lambda_0.001_seed_20260906,causal,120,8,2.0,0.001,20260906,0.1131691113114357,1.8107057809829712,0.8463541865348816,0.8463541865348816,0.0,00111101111001111100010100110101,00111111111001111100010100110101,1,0.8641,0.8649,-0.0008000000000000229,0.0,0.102,0.9866,0.9866,617.5375366210938,0.2180492723941803,causal-margin-v2,2.0,0.5,0.0,0.984375,0.10546875,0.0,-3.7156879901885986,1.2583603858947754,4.974048614501953,True,True
causal_target_8_feature_124_beta_2_lambda_0.001_seed_20260904,causal,124,8,2.0,0.001,20260904,0.07670683413743973,1.2273093461990356,0.8463541865348816,0.8463541865348816,0.0,00111101100111010001100001111001,00111111100111010001100001111001,1,0.8641,0.8642,-9.999999999998899e-05,0.0,0.1012,0.5786,0.5786,707.0013427734375,0.16025323543548584,causal-margin-v2,2.0,0.5,0.0,0.546875,0.109375,0.00390625,-2.8609957695007324,0.023348256945610046,2.8843441009521484,False,False
causal_target_8_feature_124_beta_2_lambda_0.001_seed_20260905,causal,124,8,2.0,0.001,20260905,0.07670683413743973,1.2273093461990356,0.8463541865348816,0.8463541865348816,0.0,00111101100111010001100001111001,00111111100111010001100001111001,1,0.8641,0.8642,-9.999999999998899e-05,0.0,0.1012,0.0626,0.0626,678.8684692382812,0.19739750924110414,causal-margin-v2,2.0,0.5,0.0,0.07421875,0.109375,0.00390625,-2.5938639640808105,-0.644302487373352,1.9495612382888794,False,False
causal_target_8_feature_124_beta_2_lambda_0.001_seed_20260906,causal,124,8,2.0,0.001,20260906,0.07670683413743973,1.2273093461990356,0.8463541865348816,0.8463541865348816,0.0,00111101100111010001100001111001,00111111100111010001100001111001,1,0.8641,0.8642,-9.999999999998899e-05,0.0,0.1012,0.1417,0.1417,807.78955078125,0.10216799457073211,causal-margin-v2,2.0,0.5,0.0,0.13671875,0.109375,0.00390625,-2.7657346725463867,-0.2816239595413208,2.4841108322143555,False,False
causal_target_8_feature_137_beta_2_lambda_0.001_seed_20260904,causal,137,8,2.0,0.001,20260904,0.12489882856607437,1.99838125705719,0.8463541865348816,0.8463541865348816,0.0,00111101111111111100101011110101,00111111111111111100101011110101,1,0.8641,0.8649,-0.0008000000000000229,0.0,0.1026,0.9962,0.9962,634.8919677734375,0.20973563170433043,causal-margin-v2,2.0,0.5,0.0,0.98828125,0.11328125,0.0078125,-3.8990941047668457,1.372739315032959,5.271833419799805,True,False
causal_target_8_feature_137_beta_2_lambda_0.001_seed_20260905,causal,137,8,2.0,0.001,20260905,0.12489882856607437,1.99838125705719,0.8463541865348816,0.8463541865348816,0.0,00111101111111111100101011110101,00111111111111111100101011110101,1,0.8641,0.8649,-0.0008000000000000229,0.0,0.1026,0.9945,0.9945,615.6181030273438,0.22426455903053283,causal-margin-v2,2.0,0.5,0.0,0.99609375,0.11328125,0.0078125,-3.914079189300537,1.3863396644592285,5.300418853759766,True,False
causal_target_8_feature_137_beta_2_lambda_0.001_seed_20260906,causal,137,8,2.0,0.001,20260906,0.12489882856607437,1.99838125705719,0.8463541865348816,0.8463541865348816,0.0,00111101111111111100101011110101,00111111111111111100101011110101,1,0.8641,0.8649,-0.0008000000000000229,0.0,0.1026,0.9936,0.9936,650.3303833007812,0.1926890163421631,causal-margin-v2,2.0,0.5,0.0,0.98828125,0.11328125,0.0078125,-3.8287582397460938,1.357775330543518,5.1865339279174805,True,False
causal_target_8_feature_140_beta_2_lambda_0.001_seed_20260904,causal,140,8,2.0,0.001,20260904,0.07140444219112396,1.1424710750579834,0.8463541865348816,0.8463541865348816,0.0,00111101100100100011110001111110,00111111100100100011110001111110,1,0.8641,0.8645,-0.00040000000000006697,0.0,0.1016,0.3169,0.3169,724.6021728515625,0.14707828142642976,causal-margin-v2,2.0,0.5,0.0,0.328125,0.10546875,0.0,-2.7785332202911377,-0.11921694874763489,2.659316062927246,False,False
causal_target_8_feature_140_beta_2_lambda_0.001_seed_20260905,causal,140,8,2.0,0.001,20260905,0.07140444219112396,1.1424710750579834,0.8463541865348816,0.8463541865348816,0.0,00111101100100100011110001111110,00111111100100100011110001111110,1,0.8641,0.8645,-0.00040000000000006697,0.0,0.1016,0.2059,0.2059,753.1231079101562,0.12573433346748353,causal-margin-v2,2.0,0.5,0.0,0.203125,0.10546875,0.0,-2.7376065254211426,-0.18842075765132904,2.5491857528686523,False,False
causal_target_8_feature_140_beta_2_lambda_0.001_seed_20260906,causal,140,8,2.0,0.001,20260906,0.07140444219112396,1.1424710750579834,0.8463541865348816,0.8463541865348816,0.0,00111101100100100011110001111110,00111111100100100011110001111110,1,0.8641,0.8645,-0.00040000000000006697,0.0,0.1016,0.301,0.301,704.5442504882812,0.16495288240909575,causal-margin-v2,2.0,0.5,0.0,0.3203125,0.10546875,0.0,-2.7787716388702393,-0.15535429120063782,2.623417377471924,False,False
causal_target_8_feature_161_beta_2_lambda_0.001_seed_20260904,causal,161,8,2.0,0.001,20260904,0.07172656804323196,1.1476250886917114,0.8463541865348816,0.8463541865348816,0.0,00111101100100101110010101100001,00111111100100101110010101100001,1,0.8641,0.8649,-0.0008000000000000229,0.0,0.1018,0.972,0.972,660.4545288085938,0.18400569338798523,causal-margin-v2,2.0,0.5,0.0,0.9765625,0.109375,0.00390625,-3.314725875854492,0.6510434150695801,3.965769052505493,True,False
causal_target_8_feature_161_beta_2_lambda_0.001_seed_20260905,causal,161,8,2.0,0.001,20260905,0.07172656804323196,1.1476250886917114,0.8463541865348816,0.8463541865348816,0.0,00111101100100101110010101100001,00111111100100101110010101100001,1,0.8641,0.8649,-0.0008000000000000229,0.0,0.1018,0.9789,0.9789,673.2781982421875,0.17981044299602508,causal-margin-v2,2.0,0.5,0.0,0.9765625,0.109375,0.00390625,-3.418665647506714,0.7414388656616211,4.160104751586914,True,False
causal_target_8_feature_161_beta_2_lambda_0.001_seed_20260906,causal,161,8,2.0,0.001,20260906,0.07172656804323196,1.1476250886917114,0.8463541865348816,0.8463541865348816,0.0,00111101100100101110010101100001,00111111100100101110010101100001,1,0.8641,0.8649,-0.0008000000000000229,0.0,0.1018,0.9599,0.9599,667.0565185546875,0.18199846997261046,causal-margin-v2,2.0,0.5,0.0,0.94140625,0.109375,0.00390625,-3.3837203979492188,0.6763904690742493,4.060111045837402,True,False
causal_target_8_feature_168_beta_2_lambda_0.001_seed_20260904,causal,168,8,2.0,0.001,20260904,0.10626529902219772,1.7002447843551636,0.8463541865348816,0.8463541865348816,0.0,00111101110110011010000110011111,00111111110110011010000110011111,1,0.8641,0.8646,-0.000500000000000056,0.0,0.1023,0.318,0.318,786.574462890625,0.11182716300487518,causal-margin-v2,2.0,0.5,0.0,0.29296875,0.109375,0.00390625,-2.7185893058776855,-0.1261022686958313,2.592487335205078,False,False
causal_target_8_feature_168_beta_2_lambda_0.001_seed_20260905,causal,168,8,2.0,0.001,20260905,0.10626529902219772,1.7002447843551636,0.8463541865348816,0.8463541865348816,0.0,00111101110110011010000110011111,00111111110110011010000110011111,1,0.8641,0.8646,-0.000500000000000056,0.0,0.1023,0.0973,0.0973,740.3075561523438,0.14255131933689116,causal-margin-v2,2.0,0.5,0.0,0.09765625,0.109375,0.00390625,-2.527033805847168,-0.41081157326698303,2.116222381591797,False,False
causal_target_8_feature_168_beta_2_lambda_0.001_seed_20260906,causal,168,8,2.0,0.001,20260906,0.10626529902219772,1.7002447843551636,0.8463541865348816,0.8463541865348816,0.0,00111101110110011010000110011111,00111111110110011010000110011111,1,0.8641,0.8646,-0.000500000000000056,0.0,0.1023,0.3565,0.3565,771.8895263671875,0.1218981724858284,causal-margin-v2,2.0,0.5,0.0,0.32421875,0.109375,0.00390625,-2.7362892627716064,-0.1498458981513977,2.5864434242248535,False,False
causal_target_8_feature_184_beta_2_lambda_0.001_seed_20260904,causal,184,8,2.0,0.001,20260904,0.11969512701034546,1.9151220321655273,0.8463541865348816,0.8463541865348816,0.0,00111101111101010010001010111000,00111111111101010010001010111000,1,0.8641,0.865,-0.0009000000000000119,0.0,0.1031,0.9542,0.9542,695.0455932617188,0.16437080633640289,causal-margin-v2,2.0,0.5,0.0,0.92578125,0.10546875,0.0,-3.2912697792053223,0.7004239559173584,3.9916939735412598,True,True
causal_target_8_feature_184_beta_2_lambda_0.001_seed_20260905,causal,184,8,2.0,0.001,20260905,0.11969512701034546,1.9151220321655273,0.8463541865348816,0.8463541865348816,0.0,00111101111101010010001010111000,00111111111101010010001010111000,1,0.8641,0.865,-0.0009000000000000119,0.0,0.1031,0.9811,0.9811,659.5310668945312,0.17662851893901824,causal-margin-v2,2.0,0.5,0.0,0.97265625,0.10546875,0.0,-3.2970733642578125,0.798680305480957,4.0957536697387695,True,True
causal_target_8_feature_184_beta_2_lambda_0.001_seed_20260906,causal,184,8,2.0,0.001,20260906,0.11969512701034546,1.9151220321655273,0.8463541865348816,0.8463541865348816,0.0,00111101111101010010001010111000,00111111111101010010001010111000,1,0.8641,0.865,-0.0009000000000000119,0.0,0.1031,0.9688,0.9688,705.98681640625,0.15249251470565797,causal-margin-v2,2.0,0.5,0.0,0.95703125,0.10546875,0.0,-3.2752060890197754,0.7175896763801575,3.992795705795288,True,True
causal_target_8_feature_194_beta_2_lambda_0.001_seed_20260904,causal,194,8,2.0,0.001,20260904,0.10550530254840851,1.6880848407745361,0.8463541865348816,0.8463541865348816,0.0,00111101110110000001001100101010,00111111110110000001001100101010,1,0.8641,0.8649,-0.0008000000000000229,0.0,0.1023,0.9895,0.9895,633.47607421875,0.21885963909626008,causal-margin-v2,2.0,0.5,0.0,0.984375,0.109375,0.00390625,-3.749286651611328,1.224762201309204,4.974048614501953,True,False
causal_target_8_feature_194_beta_2_lambda_0.001_seed_20260905,causal,194,8,2.0,0.001,20260905,0.10550530254840851,1.6880848407745361,0.8463541865348816,0.8463541865348816,0.0,00111101110110000001001100101010,00111111110110000001001100101010,1,0.8641,0.8649,-0.0008000000000000229,0.0,0.1023,0.9906,0.9906,590.2045288085938,0.2507340602874756,causal-margin-v2,2.0,0.5,0.0,0.98828125,0.109375,0.00390625,-3.553400993347168,1.0205124616622925,4.57391357421875,True,False
causal_target_8_feature_194_beta_2_lambda_0.001_seed_20260906,causal,194,8,2.0,0.001,20260906,0.10550530254840851,1.6880848407745361,0.8463541865348816,0.8463541865348816,0.0,00111101110110000001001100101010,00111111110110000001001100101010,1,0.8641,0.8649,-0.0008000000000000229,0.0,0.1023,0.9868,0.9868,649.9684448242188,0.20416705210208894,causal-margin-v2,2.0,0.5,0.0,0.99609375,0.109375,0.00390625,-3.594895839691162,1.1626938581466675,4.757589340209961,True,False
causal_target_8_feature_207_beta_2_lambda_0.001_seed_20260904,causal,207,8,2.0,0.001,20260904,0.0658792182803154,1.0540674924850464,0.8463541865348816,0.8463541865348816,0.0,00111101100001101110101110101111,00111111100001101110101110101111,1,0.8641,0.8645,-0.00040000000000006697,0.0043,0.1011,0.0127,0.0084,505.3416748046875,0.4369808955192566,causal-margin-v2,2.0,0.5,0.0,0.0234375,0.10546875,0.0,-2.293893337249756,-1.8696463108062744,0.4242468476295471,False,False
causal_target_8_feature_207_beta_2_lambda_0.001_seed_20260905,causal,207,8,2.0,0.001,20260905,0.0658792182803154,1.0540674924850464,0.8463541865348816,0.8463541865348816,0.0,00111101100001101110101110101111,00111111100001101110101110101111,1,0.8641,0.8645,-0.00040000000000006697,0.002,0.1011,0.0234,0.021400000000000002,544.2542724609375,0.3575039919376373,causal-margin-v2,2.0,0.5,0.0,0.03125,0.10546875,0.0,-2.243718147277832,-1.4169082641601562,0.8268099427223206,False,False
causal_target_8_feature_207_beta_2_lambda_0.001_seed_20260906,causal,207,8,2.0,0.001,20260906,0.0658792182803154,1.0540674924850464,0.8463541865348816,0.8463541865348816,0.0,00111101100001101110101110101111,00111111100001101110101110101111,1,0.8641,0.8645,-0.00040000000000006697,0.0006,0.1011,0.0099,0.009300000000000001,536.599365234375,0.3246226883411407,causal-margin-v2,2.0,0.5,0.0,0.01953125,0.10546875,0.0,-2.325897216796875,-1.432068109512329,0.8938292860984802,False,False
causal_target_8_feature_214_beta_2_lambda_0.001_seed_20260904,causal,214,8,2.0,0.001,20260904,0.1034468337893486,1.6551493406295776,0.8463541865348816,0.8463541865348816,0.0,00111101110100111101101111101111,00111111110100111101101111101111,1,0.8641,0.8648,-0.0007000000000000339,0.0,0.1025,0.4102,0.4102,717.4068603515625,0.1561725382089615,causal-margin-v2,2.0,0.5,0.0,0.4375,0.109375,0.00390625,-2.7507071495056152,-0.06435251981019974,2.686354637145996,False,False
causal_target_8_feature_214_beta_2_lambda_0.001_seed_20260905,causal,214,8,2.0,0.001,20260905,0.1034468337893486,1.6551493406295776,0.8463541865348816,0.8463541865348816,0.0,00111101110100111101101111101111,00111111110100111101101111101111,1,0.8641,0.8648,-0.0007000000000000339,0.0,0.1025,0.2674,0.2674,761.7021484375,0.14080801582336425,causal-margin-v2,2.0,0.5,0.0,0.25390625,0.109375,0.00390625,-2.749527931213379,-0.15924422442913055,2.5902836322784424,False,False
causal_target_8_feature_214_beta_2_lambda_0.001_seed_20260906,causal,214,8,2.0,0.001,20260906,0.1034468337893486,1.6551493406295776,0.8463541865348816,0.8463541865348816,0.0,00111101110100111101101111101111,00111111110100111101101111101111,1,0.8641,0.8648,-0.0007000000000000339,0.0,0.1025,0.2692,0.2692,770.7994995117188,0.13009216921329497,causal-margin-v2,2.0,0.5,0.0,0.26171875,0.109375,0.00390625,-2.720952272415161,-0.1720535010099411,2.548898696899414,False,False
causal_target_8_feature_248_beta_2_lambda_0.001_seed_20260904,causal,248,8,2.0,0.001,20260904,0.0041064913384616375,1.0512617826461792,0.8463541865348816,0.8463541865348816,0.0,00111011100001101000111110111111,00111111100001101000111110111111,1,0.8641,0.8638,0.00029999999999996696,0.0,0.0997,0.0112,0.0112,651.73974609375,0.21147393786907195,causal-margin-v2,2.0,0.5,0.0,0.015625,0.10546875,0.0,-2.5410518646240234,-1.1599806547164917,1.3810710906982422,False,False
causal_target_8_feature_248_beta_2_lambda_0.001_seed_20260905,causal,248,8,2.0,0.001,20260905,0.0041064913384616375,1.0512617826461792,0.8463541865348816,0.8463541865348816,0.0,00111011100001101000111110111111,00111111100001101000111110111111,1,0.8641,0.8638,0.00029999999999996696,0.0025,0.0997,0.0118,0.0093,520.5350952148438,0.40442312273979186,causal-margin-v2,2.0,0.5,0.0,0.01171875,0.10546875,0.0,-2.3947253227233887,-1.803062081336975,0.5916632413864136,False,False
causal_target_8_feature_248_beta_2_lambda_0.001_seed_20260906,causal,248,8,2.0,0.001,20260906,0.0041064913384616375,1.0512617826461792,0.8463541865348816,0.8463541865348816,0.0,00111011100001101000111110111111,00111111100001101000111110111111,1,0.8641,0.8638,0.00029999999999996696,0.0001,0.0997,0.0111,0.011000000000000001,616.2815551757812,0.2365524493455887,causal-margin-v2,2.0,0.5,0.0,0.01171875,0.10546875,0.0,-2.4342336654663086,-1.191798210144043,1.242435336112976,False,False
causal_target_8_feature_260_beta_2_lambda_0.001_seed_20260904,causal,260,8,2.0,0.001,20260904,0.11008249223232269,1.761319875717163,0.8463541865348816,0.8463541865348816,0.0,00111101111000010111001011101110,00111111111000010111001011101110,1,0.8641,0.8647,-0.0006000000000000449,0.0,0.102,0.9589,0.9589,666.9468994140625,0.18933318099975585,causal-margin-v2,2.0,0.5,0.0,0.98046875,0.10546875,0.0,-3.417137622833252,0.858810305595398,4.2759480476379395,True,True
causal_target_8_feature_260_beta_2_lambda_0.001_seed_20260905,causal,260,8,2.0,0.001,20260905,0.11008249223232269,1.761319875717163,0.8463541865348816,0.8463541865348816,0.0,00111101111000010111001011101110,00111111111000010111001011101110,1,0.8641,0.8647,-0.0006000000000000449,0.0,0.102,0.9797,0.9797,663.3519287109375,0.1840424328327179,causal-margin-v2,2.0,0.5,0.0,0.98828125,0.10546875,0.0,-3.329314708709717,0.8156619071960449,4.144976615905762,True,True
causal_target_8_feature_260_beta_2_lambda_0.001_seed_20260906,causal,260,8,2.0,0.001,20260906,0.11008249223232269,1.761319875717163,0.8463541865348816,0.8463541865348816,0.0,00111101111000010111001011101110,00111111111000010111001011101110,1,0.8641,0.8647,-0.0006000000000000449,0.0,0.102,0.9868,0.9868,648.872314453125,0.18966140446662902,causal-margin-v2,2.0,0.5,0.0,0.984375,0.10546875,0.0,-3.4214558601379395,0.8243519067764282,4.245807647705078,True,True
causal_target_8_feature_293_beta_2_lambda_0.001_seed_20260904,causal,293,8,2.0,0.001,20260904,0.11526678502559662,1.844268560409546,0.8463541865348816,0.8463541865348816,0.0,00111101111011000001000011111110,00111111111011000001000011111110,1,0.8641,0.8649,-0.0008000000000000229,0.0,0.1027,0.9532,0.9532,670.7753295898438,0.18496386625766753,causal-margin-v2,2.0,0.5,0.0,0.953125,0.10546875,0.0,-3.267545700073242,0.677574634552002,3.945120334625244,True,True
causal_target_8_feature_293_beta_2_lambda_0.001_seed_20260905,causal,293,8,2.0,0.001,20260905,0.11526678502559662,1.844268560409546,0.8463541865348816,0.8463541865348816,0.0,00111101111011000001000011111110,00111111111011000001000011111110,1,0.8641,0.8649,-0.0008000000000000229,0.0,0.1027,0.9242,0.9242,679.1602783203125,0.18612272062301635,causal-margin-v2,2.0,0.5,0.0,0.9140625,0.10546875,0.0,-3.13248610496521,0.584015965461731,3.7165021896362305,True,True
causal_target_8_feature_293_beta_2_lambda_0.001_seed_20260906,causal,293,8,2.0,0.001,20260906,0.11526678502559662,1.844268560409546,0.8463541865348816,0.8463541865348816,0.0,00111101111011000001000011111110,00111111111011000001000011111110,1,0.8641,0.8649,-0.0008000000000000229,0.0,0.1027,0.9628,0.9628,691.9036865234375,0.16601013720035554,causal-margin-v2,2.0,0.5,0.0,0.9609375,0.10546875,0.0,-3.270418405532837,0.6844114065170288,3.9548299312591553,True,True
causal_target_8_feature_307_beta_2_lambda_0.001_seed_20260904,causal,307,8,2.0,0.001,20260904,0.07117776572704315,1.1388442516326904,0.8463541865348816,0.8463541865348816,0.0,00111101100100011100010110100110,00111111100100011100010110100110,1,0.8641,0.8644,-0.00029999999999996696,0.0008,0.1009,0.0193,0.018500000000000003,528.1593627929688,0.3750886004447937,causal-margin-v2,2.0,0.5,0.0,0.0390625,0.10546875,0.0,-2.350247383117676,-1.3687680959701538,0.9814792275428772,False,False
causal_target_8_feature_307_beta_2_lambda_0.001_seed_20260905,causal,307,8,2.0,0.001,20260905,0.07117776572704315,1.1388442516326904,0.8463541865348816,0.8463541865348816,0.0,00111101100100011100010110100110,00111111100100011100010110100110,1,0.8641,0.8644,-0.00029999999999996696,0.0004,0.1009,0.0242,0.023799999999999998,554.8367919921875,0.32015500836372374,causal-margin-v2,2.0,0.5,0.0,0.046875,0.10546875,0.0,-2.3632068634033203,-1.2125792503356934,1.1506274938583374,False,False
causal_target_8_feature_307_beta_2_lambda_0.001_seed_20260906,causal,307,8,2.0,0.001,20260906,0.07117776572704315,1.1388442516326904,0.8463541865348816,0.8463541865348816,0.0,00111101100100011100010110100110,00111111100100011100010110100110,1,0.8641,0.8644,-0.00029999999999996696,0.0007,0.1009,0.0214,0.0207,564.5865478515625,0.2975008733272552,causal-margin-v2,2.0,0.5,0.0,0.03515625,0.10546875,0.0,-2.349292039871216,-1.0884692668914795,1.2608227729797363,False,False
causal_target_8_feature_320_beta_2_lambda_0.001_seed_20260904,causal,320,8,2.0,0.001,20260904,0.08050800859928131,1.288128137588501,0.8463541865348816,0.8463541865348816,0.0,00111101101001001110000101100010,00111111101001001110000101100010,1,0.8641,0.8643,-0.00019999999999997797,0.0,0.1009,0.4011,0.4011,677.6702880859375,0.17396643624305724,causal-margin-v2,2.0,0.5,0.0,0.43359375,0.10546875,0.0,-2.7935755252838135,-0.08616896718740463,2.707406520843506,False,False
causal_target_8_feature_320_beta_2_lambda_0.001_seed_20260905,causal,320,8,2.0,0.001,20260905,0.08050800859928131,1.288128137588501,0.8463541865348816,0.8463541865348816,0.0,00111101101001001110000101100010,00111111101001001110000101100010,1,0.8641,0.8643,-0.00019999999999997797,0.0,0.1009,0.4875,0.4875,674.0802612304688,0.17665117654800416,causal-margin-v2,2.0,0.5,0.0,0.5234375,0.10546875,0.0,-2.7867491245269775,0.001416228711605072,2.788165330886841,False,False
causal_target_8_feature_320_beta_2_lambda_0.001_seed_20260906,causal,320,8,2.0,0.001,20260906,0.08050800859928131,1.288128137588501,0.8463541865348816,0.8463541865348816,0.0,00111101101001001110000101100010,00111111101001001110000101100010,1,0.8641,0.8643,-0.00019999999999997797,0.0003,0.1009,0.966,0.9657,675.5336303710938,0.19207194023132323,causal-margin-v2,2.0,0.5,0.0,0.953125,0.10546875,0.0,-1.921223759651184,0.8457090854644775,2.766932964324951,True,True
causal_target_8_feature_335_beta_2_lambda_0.001_seed_20260904,causal,335,8,2.0,0.001,20260904,0.08246660232543945,1.3194656372070312,0.8463541865348816,0.8463541865348816,0.0,00111101101010001110010001000000,00111111101010001110010001000000,1,0.8641,0.8644,-0.00029999999999996696,0.0,0.1008,0.3577,0.3577,694.7504272460938,0.16667928030490875,causal-margin-v2,2.0,0.5,0.0,0.36328125,0.10546875,0.0,-2.737950086593628,-0.1306121051311493,2.6073379516601562,False,False
causal_target_8_feature_335_beta_2_lambda_0.001_seed_20260905,causal,335,8,2.0,0.001,20260905,0.08246660232543945,1.3194656372070312,0.8463541865348816,0.8463541865348816,0.0,00111101101010001110010001000000,00111111101010001110010001000000,1,0.8641,0.8644,-0.00029999999999996696,0.0,0.1008,0.3351,0.3351,687.8978271484375,0.1698255039691925,causal-margin-v2,2.0,0.5,0.0,0.39453125,0.10546875,0.0,-2.8275651931762695,-0.19823932647705078,2.6293258666992188,False,False
causal_target_8_feature_335_beta_2_lambda_0.001_seed_20260906,causal,335,8,2.0,0.001,20260906,0.08246660232543945,1.3194656372070312,0.8463541865348816,0.8463541865348816,0.0,00111101101010001110010001000000,00111111101010001110010001000000,1,0.8641,0.8644,-0.00029999999999996696,0.0,0.1008,0.5353,0.5353,695.187255859375,0.1603815257549286,causal-margin-v2,2.0,0.5,0.0,0.4921875,0.10546875,0.0,-2.886946201324463,-0.02406734973192215,2.8628787994384766,False,False
causal_target_8_feature_336_beta_2_lambda_0.001_seed_20260904,causal,336,8,2.0,0.001,20260904,0.07434291392564774,1.1894866228103638,0.8463541865348816,0.8463541865348816,0.0,00111101100110000100000100011001,00111111100110000100000100011001,1,0.8641,0.8642,-9.999999999998899e-05,0.0,0.1006,0.8198,0.8198,684.4991455078125,0.16110584564208985,causal-margin-v2,2.0,0.5,0.0,0.8359375,0.109375,0.00390625,-3.018247127532959,0.2946672737598419,3.3129143714904785,False,False
causal_target_8_feature_336_beta_2_lambda_0.001_seed_20260905,causal,336,8,2.0,0.001,20260905,0.07434291392564774,1.1894866228103638,0.8463541865348816,0.8463541865348816,0.0,00111101100110000100000100011001,00111111100110000100000100011001,1,0.8641,0.8642,-9.999999999998899e-05,0.0,0.1006,0.8834,0.8834,681.5559692382812,0.16506030580997466,causal-margin-v2,2.0,0.5,0.0,0.87109375,0.109375,0.00390625,-3.0697526931762695,0.38501137495040894,3.454763889312744,False,False
causal_target_8_feature_336_beta_2_lambda_0.001_seed_20260906,causal,336,8,2.0,0.001,20260906,0.07434291392564774,1.1894866228103638,0.8463541865348816,0.8463541865348816,0.0,00111101100110000100000100011001,00111111100110000100000100011001,1,0.8641,0.8642,-9.999999999998899e-05,0.0,0.1006,0.8183,0.8183,705.7911376953125,0.14671589856147765,causal-margin-v2,2.0,0.5,0.0,0.80859375,0.109375,0.00390625,-3.0518558025360107,0.2526584267616272,3.3045144081115723,False,False
causal_target_8_feature_360_beta_2_lambda_0.001_seed_20260904,causal,360,8,2.0,0.001,20260904,0.005944430828094482,1.5217742919921875,0.8463541865348816,0.8463541865348816,0.0,00111011110000101100100110000000,00111111110000101100100110000000,1,0.8641,0.8641,0.0,0.0006,0.0999,0.0406,0.039999999999999994,579.3762817382812,0.30454316096305845,causal-margin-v2,2.0,0.5,0.0,0.046875,0.10546875,0.0,-2.483388900756836,-1.149052381515503,1.334336519241333,False,False
causal_target_8_feature_360_beta_2_lambda_0.001_seed_20260905,causal,360,8,2.0,0.001,20260905,0.005944430828094482,1.5217742919921875,0.8463541865348816,0.8463541865348816,0.0,00111011110000101100100110000000,00111111110000101100100110000000,1,0.8641,0.8641,0.0,0.0,0.0999,0.0393,0.0393,744.5359497070312,0.13421016592979432,causal-margin-v2,2.0,0.5,0.0,0.03515625,0.10546875,0.0,-2.704437494277954,-0.5885385274887085,2.115898847579956,False,False
causal_target_8_feature_360_beta_2_lambda_0.001_seed_20260906,causal,360,8,2.0,0.001,20260906,0.005944430828094482,1.5217742919921875,0.8463541865348816,0.8463541865348816,0.0,00111011110000101100100110000000,00111111110000101100100110000000,1,0.8641,0.8641,0.0,0.0002,0.0999,0.0146,0.0144,578.6717529296875,0.30791345715522767,causal-margin-v2,2.0,0.5,0.0,0.0234375,0.10546875,0.0,-2.52717924118042,-1.3000714778900146,1.2271080017089844,False,False
causal_target_8_feature_366_beta_2_lambda_0.001_seed_20260904,causal,366,8,2.0,0.001,20260904,0.06970341503620148,1.1152546405792236,0.8463541865348816,0.8463541865348816,0.0,00111101100011101100000010101010,00111111100011101100000010101010,1,0.8641,0.8643,-0.00019999999999997797,0.0013,0.1006,0.0136,0.012299999999999998,498.41534423828125,0.41002636766433714,causal-margin-v2,2.0,0.5,0.00390625,0.01953125,0.10546875,0.0,-2.3582816123962402,-1.6109836101531982,0.7472978830337524,False,False
causal_target_8_feature_366_beta_2_lambda_0.001_seed_20260905,causal,366,8,2.0,0.001,20260905,0.06970341503620148,1.1152546405792236,0.8463541865348816,0.8463541865348816,0.0,00111101100011101100000010101010,00111111100011101100000010101010,1,0.8641,0.8643,-0.00019999999999997797,0.0019,0.1006,0.0107,0.008799999999999999,524.8779296875,0.4068128073692322,causal-margin-v2,2.0,0.5,0.00390625,0.01171875,0.10546875,0.0,-2.095533847808838,-1.64642333984375,0.4491105079650879,False,False
causal_target_8_feature_366_beta_2_lambda_0.001_seed_20260906,causal,366,8,2.0,0.001,20260906,0.06970341503620148,1.1152546405792236,0.8463541865348816,0.8463541865348816,0.0,00111101100011101100000010101010,00111111100011101100000010101010,1,0.8641,0.8643,-0.00019999999999997797,0.0012,0.1006,0.008,0.0068000000000000005,526.017578125,0.40142862606048585,causal-margin-v2,2.0,0.5,0.0,0.01171875,0.10546875,0.0,-2.288036584854126,-1.7586643695831299,0.5293722152709961,False,False
causal_target_8_feature_380_beta_2_lambda_0.001_seed_20260904,causal,380,8,2.0,0.001,20260904,0.007511882111430168,1.923041820526123,0.8463541865348816,0.8463541865348816,0.0,00111011111101100010011000111100,00111111111101100010011000111100,1,0.8641,0.8646,-0.000500000000000056,0.0,0.1013,0.3635,0.3635,588.5144653320312,0.2513935447692871,causal-margin-v2,2.0,0.5,0.0,0.359375,0.10546875,0.0,-2.923860549926758,-0.1695677787065506,2.7542927265167236,False,False
causal_target_8_feature_380_beta_2_lambda_0.001_seed_20260905,causal,380,8,2.0,0.001,20260905,0.007511882111430168,1.923041820526123,0.8463541865348816,0.8463541865348816,0.0,00111011111101100010011000111100,00111111111101100010011000111100,1,0.8641,0.8646,-0.000500000000000056,0.0,0.1013,0.3222,0.3222,643.48193359375,0.23013600685596466,causal-margin-v2,2.0,0.5,0.0,0.37109375,0.10546875,0.0,-2.860714912414551,-0.1605510413646698,2.7001638412475586,False,False
causal_target_8_feature_380_beta_2_lambda_0.001_seed_20260906,causal,380,8,2.0,0.001,20260906,0.007511882111430168,1.923041820526123,0.8463541865348816,0.8463541865348816,0.0,00111011111101100010011000111100,00111111111101100010011000111100,1,0.8641,0.8646,-0.000500000000000056,0.0,0.1013,0.3731,0.3731,596.3779907226562,0.2613875367164612,causal-margin-v2,2.0,0.5,0.0,0.39453125,0.10546875,0.0,-2.9381661415100098,-0.1285824477672577,2.8095836639404297,False,False
causal_target_8_feature_394_beta_2_lambda_0.001_seed_20260904,causal,394,8,2.0,0.001,20260904,0.10223328322172165,1.6357325315475464,0.8463541865348816,0.8463541865348816,0.0,00111101110100010101111110101111,00111111110100010101111110101111,1,0.8641,0.8646,-0.000500000000000056,0.0001,0.1027,0.8937,0.8936000000000001,676.5770263671875,0.1694473340988159,causal-margin-v2,2.0,0.5,0.0,0.87890625,0.11328125,0.0078125,-3.1084675788879395,0.40417808294296265,3.512645721435547,False,False
causal_target_8_feature_394_beta_2_lambda_0.001_seed_20260905,causal,394,8,2.0,0.001,20260905,0.10223328322172165,1.6357325315475464,0.8463541865348816,0.8463541865348816,0.0,00111101110100010101111110101111,00111111110100010101111110101111,1,0.8641,0.8646,-0.000500000000000056,0.0,0.1027,0.8034,0.8034,652.2916870117188,0.19715696313381195,causal-margin-v2,2.0,0.5,0.0,0.79296875,0.11328125,0.0078125,-2.982707977294922,0.32559582591056824,3.3083038330078125,False,False
causal_target_8_feature_394_beta_2_lambda_0.001_seed_20260906,causal,394,8,2.0,0.001,20260906,0.10223328322172165,1.6357325315475464,0.8463541865348816,0.8463541865348816,0.0,00111101110100010101111110101111,00111111110100010101111110101111,1,0.8641,0.8646,-0.000500000000000056,0.0,0.1027,0.8773,0.8773,655.28271484375,0.18411561334133147,causal-margin-v2,2.0,0.5,0.0,0.89453125,0.11328125,0.0078125,-3.0350918769836426,0.4637867510318756,3.4988789558410645,False,False
causal_target_8_feature_421_beta_2_lambda_0.001_seed_20260904,causal,421,8,2.0,0.001,20260904,0.09329286217689514,1.4926857948303223,0.8463541865348816,0.8463541865348816,0.0,00111101101111110001000001010100,00111111101111110001000001010100,1,0.8641,0.8642,-9.999999999998899e-05,0.0,0.1016,0.7114,0.7114,669.359130859375,0.1703719724416733,causal-margin-v2,2.0,0.5,0.0,0.70703125,0.11328125,0.0078125,-2.912254810333252,0.12857769429683685,3.04083251953125,False,False
causal_target_8_feature_421_beta_2_lambda_0.001_seed_20260905,causal,421,8,2.0,0.001,20260905,0.09329286217689514,1.4926857948303223,0.8463541865348816,0.8463541865348816,0.0,00111101101111110001000001010100,00111111101111110001000001010100,1,0.8641,0.8642,-9.999999999998899e-05,0.0,0.1016,0.6716,0.6716,695.3326416015625,0.16084718136787415,causal-margin-v2,2.0,0.5,0.0,0.6640625,0.11328125,0.0078125,-2.8919239044189453,0.14479891955852509,3.0367228984832764,False,False
causal_target_8_feature_421_beta_2_lambda_0.001_seed_20260906,causal,421,8,2.0,0.001,20260906,0.09329286217689514,1.4926857948303223,0.8463541865348816,0.8463541865348816,0.0,00111101101111110001000001010100,00111111101111110001000001010100,1,0.8641,0.8642,-9.999999999998899e-05,0.0,0.1016,0.6139,0.6139,693.7915649414062,0.16020841529369353,causal-margin-v2,2.0,0.5,0.0,0.60546875,0.11328125,0.0078125,-2.8106672763824463,0.10139816999435425,2.9120655059814453,False,False
causal_target_8_feature_433_beta_2_lambda_0.001_seed_20260904,causal,433,8,2.0,0.001,20260904,0.0716657042503357,1.146651268005371,0.8463541865348816,0.8463541865348816,0.0,00111101100100101100010101111000,00111111100100101100010101111000,1,0.8641,0.8648,-0.0007000000000000339,0.0,0.1016,0.5853,0.5853,713.2521362304688,0.15294232099056243,causal-margin-v2,2.0,0.5,0.0,0.59375,0.10546875,0.0,-2.722923517227173,0.047697924077510834,2.7706212997436523,False,False
causal_target_8_feature_433_beta_2_lambda_0.001_seed_20260905,causal,433,8,2.0,0.001,20260905,0.0716657042503357,1.146651268005371,0.8463541865348816,0.8463541865348816,0.0,00111101100100101100010101111000,00111111100100101100010101111000,1,0.8641,0.8648,-0.0007000000000000339,0.0,0.1016,0.184,0.184,804.2457275390625,0.10251191540956497,causal-margin-v2,2.0,0.5,0.0,0.2421875,0.10546875,0.0,-2.7055037021636963,-0.18446537852287292,2.521038293838501,False,False
causal_target_8_feature_433_beta_2_lambda_0.001_seed_20260906,causal,433,8,2.0,0.001,20260906,0.0716657042503357,1.146651268005371,0.8463541865348816,0.8463541865348816,0.0,00111101100100101100010101111000,00111111100100101100010101111000,1,0.8641,0.8648,-0.0007000000000000339,0.0,0.1016,0.0373,0.0373,684.813232421875,0.2046591544151306,causal-margin-v2,2.0,0.5,0.0,0.05078125,0.10546875,0.0,-2.4774842262268066,-0.8189184069633484,1.6585657596588135,False,False
causal_target_8_feature_437_beta_2_lambda_0.001_seed_20260904,causal,437,8,2.0,0.001,20260904,0.08563917130231857,1.3702267408370972,0.8463541865348816,0.8463541865348816,0.0,00111101101011110110001110010111,00111111101011110110001110010111,1,0.8641,0.8649,-0.0008000000000000229,0.0,0.1019,0.2116,0.2116,786.22607421875,0.11701118960380555,causal-margin-v2,2.0,0.5,0.0,0.2109375,0.10546875,0.0,-2.6959280967712402,-0.19025811553001404,2.5056698322296143,False,False
causal_target_8_feature_437_beta_2_lambda_0.001_seed_20260905,causal,437,8,2.0,0.001,20260905,0.08563917130231857,1.3702267408370972,0.8463541865348816,0.8463541865348816,0.0,00111101101011110110001110010111,00111111101011110110001110010111,1,0.8641,0.8649,-0.0008000000000000229,0.0018,0.1019,0.0422,0.0404,581.80517578125,0.3394389144897461,causal-margin-v2,2.0,0.5,0.0,0.05859375,0.10546875,0.0,-2.4753992557525635,-1.1658661365509033,1.3095331192016602,False,False
causal_target_8_feature_437_beta_2_lambda_0.001_seed_20260906,causal,437,8,2.0,0.001,20260906,0.08563917130231857,1.3702267408370972,0.8463541865348816,0.8463541865348816,0.0,00111101101011110110001110010111,00111111101011110110001110010111,1,0.8641,0.8649,-0.0008000000000000229,0.0035,0.1019,0.0567,0.0532,568.6686401367188,0.36249275817871096,causal-margin-v2,2.0,0.5,0.0,0.06640625,0.10546875,0.0,-2.334103584289551,-1.2512834072113037,1.082820177078247,False,False
causal_target_8_feature_445_beta_2_lambda_0.001_seed_20260904,causal,445,8,2.0,0.001,20260904,0.00675448402762413,1.7291479110717773,0.8463541865348816,0.8463541865348816,0.0,00111011110111010101010010111000,00111111110111010101010010111000,1,0.8641,0.8646,-0.000500000000000056,0.0,0.1011,0.554,0.554,665.5050659179688,0.18893938710689545,causal-margin-v2,2.0,0.5,0.0,0.5625,0.10546875,0.0,-2.999985694885254,-0.007147468626499176,2.9928383827209473,False,False
causal_target_8_feature_445_beta_2_lambda_0.001_seed_20260905,causal,445,8,2.0,0.001,20260905,0.00675448402762413,1.7291479110717773,0.8463541865348816,0.8463541865348816,0.0,00111011110111010101010010111000,00111111110111010101010010111000,1,0.8641,0.8646,-0.000500000000000056,0.0,0.1011,0.3444,0.3444,683.4766845703125,0.17846834239959716,causal-margin-v2,2.0,0.5,0.0,0.33984375,0.10546875,0.0,-2.8923983573913574,-0.12424959242343903,2.768148899078369,False,False
causal_target_8_feature_445_beta_2_lambda_0.001_seed_20260906,causal,445,8,2.0,0.001,20260906,0.00675448402762413,1.7291479110717773,0.8463541865348816,0.8463541865348816,0.0,00111011110111010101010010111000,00111111110111010101010010111000,1,0.8641,0.8646,-0.000500000000000056,0.0,0.1011,0.4664,0.4664,691.3021240234375,0.17835273213386535,causal-margin-v2,2.0,0.5,0.0,0.4609375,0.10546875,0.0,-2.9445815086364746,-0.07864060997962952,2.865941047668457,False,False
causal_target_8_feature_454_beta_2_lambda_0.001_seed_20260904,causal,454,8,2.0,0.001,20260904,0.006173652596771717,1.5804550647735596,0.8463541865348816,0.8463541865348816,0.0,00111011110010100100110001011010,00111111110010100100110001011010,1,0.8641,0.864,9.999999999998899e-05,0.0,0.1003,0.3307,0.3307,658.7274780273438,0.21354296865463257,causal-margin-v2,2.0,0.5,0.0,0.3359375,0.11328125,0.0078125,-2.944093942642212,-0.23826159536838531,2.7058324813842773,False,False
causal_target_8_feature_454_beta_2_lambda_0.001_seed_20260905,causal,454,8,2.0,0.001,20260905,0.006173652596771717,1.5804550647735596,0.8463541865348816,0.8463541865348816,0.0,00111011110010100100110001011010,00111111110010100100110001011010,1,0.8641,0.864,9.999999999998899e-05,0.0,0.1003,0.643,0.643,654.951416015625,0.20972838020324708,causal-margin-v2,2.0,0.5,0.0,0.65625,0.11328125,0.0078125,-3.0742039680480957,0.06471138447523117,3.1389153003692627,False,False
causal_target_8_feature_454_beta_2_lambda_0.001_seed_20260906,causal,454,8,2.0,0.001,20260906,0.006173652596771717,1.5804550647735596,0.8463541865348816,0.8463541865348816,0.0,00111011110010100100110001011010,00111111110010100100110001011010,1,0.8641,0.864,9.999999999998899e-05,0.0,0.1003,0.218,0.218,700.8553466796875,0.17384333329200743,causal-margin-v2,2.0,0.5,0.0,0.2421875,0.11328125,0.0078125,-2.833807945251465,-0.2115570604801178,2.622251033782959,False,False
causal_target_8_feature_458_beta_2_lambda_0.001_seed_20260904,causal,458,8,2.0,0.001,20260904,0.0889524295926094,1.4232388734817505,0.8463541865348816,0.8463541865348816,0.0,00111101101101100010110010110001,00111111101101100010110010110001,1,0.8641,0.8645,-0.00040000000000006697,0.0,0.1021,0.7462,0.7462,709.76318359375,0.15276454668045045,causal-margin-v2,2.0,0.5,0.0,0.7109375,0.11328125,0.0078125,-2.9750685691833496,0.1774224191904068,3.1524908542633057,False,False
causal_target_8_feature_458_beta_2_lambda_0.001_seed_20260905,causal,458,8,2.0,0.001,20260905,0.0889524295926094,1.4232388734817505,0.8463541865348816,0.8463541865348816,0.0,00111101101101100010110010110001,00111111101101100010110010110001,1,0.8641,0.8645,-0.00040000000000006697,0.0001,0.1021,0.6723,0.6722,696.0244140625,0.16969220960140227,causal-margin-v2,2.0,0.5,0.0,0.6484375,0.11328125,0.0078125,-2.8960723876953125,0.11947524547576904,3.015547752380371,False,False
causal_target_8_feature_458_beta_2_lambda_0.001_seed_20260906,causal,458,8,2.0,0.001,20260906,0.0889524295926094,1.4232388734817505,0.8463541865348816,0.8463541865348816,0.0,00111101101101100010110010110001,00111111101101100010110010110001,1,0.8641,0.8645,-0.00040000000000006697,0.0,0.1021,0.8639,0.8639,714.7947998046875,0.1457333975315094,causal-margin-v2,2.0,0.5,0.0,0.87109375,0.11328125,0.0078125,-3.05489182472229,0.3729894459247589,3.4278812408447266,False,False
causal_target_8_feature_459_beta_2_lambda_0.001_seed_20260904,causal,459,8,2.0,0.001,20260904,0.09309303015470505,1.4894884824752808,0.8463541865348816,0.8463541865348816,0.0,00111101101111101010011110001111,00111111101111101010011110001111,1,0.8641,0.8649,-0.0008000000000000229,0.0,0.1027,0.9423,0.9423,642.01708984375,0.1933638297557831,causal-margin-v2,2.0,0.5,0.0,0.93359375,0.10546875,0.0,-3.197490692138672,0.5330631732940674,3.7305541038513184,True,True
causal_target_8_feature_459_beta_2_lambda_0.001_seed_20260905,causal,459,8,2.0,0.001,20260905,0.09309303015470505,1.4894884824752808,0.8463541865348816,0.8463541865348816,0.0,00111101101111101010011110001111,00111111101111101010011110001111,1,0.8641,0.8649,-0.0008000000000000229,0.0,0.1027,0.8054,0.8054,625.276123046875,0.21273515515327454,causal-margin-v2,2.0,0.5,0.0,0.79296875,0.10546875,0.0,-3.0771214962005615,0.3218132257461548,3.398934841156006,False,False
causal_target_8_feature_459_beta_2_lambda_0.001_seed_20260906,causal,459,8,2.0,0.001,20260906,0.09309303015470505,1.4894884824752808,0.8463541865348816,0.8463541865348816,0.0,00111101101111101010011110001111,00111111101111101010011110001111,1,0.8641,0.8649,-0.0008000000000000229,0.0,0.1027,0.8001,0.8001,630.7891845703125,0.2050635623931885,causal-margin-v2,2.0,0.5,0.0,0.7890625,0.10546875,0.0,-3.054872512817383,0.3220880627632141,3.3769607543945312,False,False
causal_target_8_feature_503_beta_2_lambda_0.001_seed_20260904,causal,503,8,2.0,0.001,20260904,0.10141917318105698,1.6227067708969116,0.8463541865348816,0.8463541865348816,0.0,00111101110011111011010011011011,00111111110011111011010011011011,1,0.8641,0.8641,0.0,0.0,0.1014,0.7982,0.7982,643.8391723632812,0.19578518841266632,causal-margin-v2,2.0,0.5,0.0,0.75,0.11328125,0.0078125,-3.065481185913086,0.2846029996871948,3.350084066390991,False,False
causal_target_8_feature_503_beta_2_lambda_0.001_seed_20260905,causal,503,8,2.0,0.001,20260905,0.10141917318105698,1.6227067708969116,0.8463541865348816,0.8463541865348816,0.0,00111101110011111011010011011011,00111111110011111011010011011011,1,0.8641,0.8641,0.0,0.0,0.1014,0.8339,0.8339,668.7210693359375,0.18038358182907105,causal-margin-v2,2.0,0.5,0.0,0.8515625,0.11328125,0.0078125,-3.0616002082824707,0.39589184522628784,3.457491874694824,False,False
causal_target_8_feature_503_beta_2_lambda_0.001_seed_20260906,causal,503,8,2.0,0.001,20260906,0.10141917318105698,1.6227067708969116,0.8463541865348816,0.8463541865348816,0.0,00111101110011111011010011011011,00111111110011111011010011011011,1,0.8641,0.8641,0.0,0.0002,0.1014,0.8017,0.8015,727.7160034179688,0.1699210284948349,causal-margin-v2,2.0,0.5,0.0,0.81640625,0.11328125,0.0078125,-2.2815582752227783,0.3463491201400757,2.6279075145721436,False,False
causal_target_8_feature_506_beta_2_lambda_0.001_seed_20260904,causal,506,8,2.0,0.001,20260904,0.07140561938285828,1.1424899101257324,0.8463541865348816,0.8463541865348816,0.0,00111101100100100011110100011100,00111111100100100011110100011100,1,0.8641,0.8641,0.0,0.0,0.1003,0.0183,0.0183,706.0952758789062,0.16656037752628328,causal-margin-v2,2.0,0.5,0.0,0.02734375,0.10546875,0.0,-2.484382152557373,-0.8043370842933655,1.6800450086593628,False,False
causal_target_8_feature_506_beta_2_lambda_0.001_seed_20260905,causal,506,8,2.0,0.001,20260905,0.07140561938285828,1.1424899101257324,0.8463541865348816,0.8463541865348816,0.0,00111101100100100011110100011100,00111111100100100011110100011100,1,0.8641,0.8641,0.0,0.0015,0.1003,0.0159,0.014400000000000001,550.7935791015625,0.35439489531517027,causal-margin-v2,2.0,0.5,0.0,0.0234375,0.10546875,0.0,-2.333585739135742,-1.4804227352142334,0.8531631231307983,False,False
causal_target_8_feature_506_beta_2_lambda_0.001_seed_20260906,causal,506,8,2.0,0.001,20260906,0.07140561938285828,1.1424899101257324,0.8463541865348816,0.8463541865348816,0.0,00111101100100100011110100011100,00111111100100100011110100011100,1,0.8641,0.8641,0.0,0.0002,0.1003,0.012,0.0118,582.1416625976562,0.3107336686134338,causal-margin-v2,2.0,0.5,0.0,0.01953125,0.10546875,0.0,-2.473814010620117,-1.4218181371688843,1.051995873451233,False,False
causal_target_8_feature_507_beta_2_lambda_0.001_seed_20260904,causal,507,8,2.0,0.001,20260904,0.07490674406290054,1.1985079050064087,0.8463541865348816,0.8463541865348816,0.0,00111101100110010110100010110101,00111111100110010110100010110101,1,0.8641,0.8645,-0.00040000000000006697,0.0,0.1012,0.5471,0.5471,675.8172607421875,0.16657667298316955,causal-margin-v2,2.0,0.5,0.0,0.56640625,0.10546875,0.0,-2.8910107612609863,0.019295141100883484,2.9103057384490967,False,False
causal_target_8_feature_507_beta_2_lambda_0.001_seed_20260905,causal,507,8,2.0,0.001,20260905,0.07490674406290054,1.1985079050064087,0.8463541865348816,0.8463541865348816,0.0,00111101100110010110100010110101,00111111100110010110100010110101,1,0.8641,0.8645,-0.00040000000000006697,0.0,0.1012,0.3888,0.3888,765.029052734375,0.12437261292934418,causal-margin-v2,2.0,0.5,0.0,0.38671875,0.10546875,0.0,-2.607175827026367,-0.12055028229951859,2.4866256713867188,False,False
causal_target_8_feature_507_beta_2_lambda_0.001_seed_20260906,causal,507,8,2.0,0.001,20260906,0.07490674406290054,1.1985079050064087,0.8463541865348816,0.8463541865348816,0.0,00111101100110010110100010110101,00111111100110010110100010110101,1,0.8641,0.8645,-0.00040000000000006697,0.0,0.1012,0.4119,0.4119,706.6679077148438,0.1523674570798874,causal-margin-v2,2.0,0.5,0.0,0.4609375,0.10546875,0.0,-2.7840042114257812,-0.0649431049823761,2.7190613746643066,False,False
causal_target_8_feature_508_beta_2_lambda_0.001_seed_20260904,causal,508,8,2.0,0.001,20260904,0.1012411043047905,1.619857668876648,0.8463541865348816,0.8463541865348816,0.0,00111101110011110101011101111111,00111111110011110101011101111111,1,0.8641,0.864,9.999999999998899e-05,0.0,0.1005,0.9916,0.9916,631.7562255859375,0.19638615520000458,causal-margin-v2,2.0,0.5,0.0,0.9921875,0.10546875,0.0,-3.53873348236084,1.036254644393921,4.57498836517334,True,True
causal_target_8_feature_508_beta_2_lambda_0.001_seed_20260905,causal,508,8,2.0,0.001,20260905,0.1012411043047905,1.619857668876648,0.8463541865348816,0.8463541865348816,0.0,00111101110011110101011101111111,00111111110011110101011101111111,1,0.8641,0.864,9.999999999998899e-05,0.0,0.1005,0.9854,0.9854,647.7932739257812,0.18701699669361113,causal-margin-v2,2.0,0.5,0.0,0.9765625,0.10546875,0.0,-3.3945465087890625,0.927660346031189,4.322206974029541,True,True
causal_target_8_feature_508_beta_2_lambda_0.001_seed_20260906,causal,508,8,2.0,0.001,20260906,0.1012411043047905,1.619857668876648,0.8463541865348816,0.8463541865348816,0.0,00111101110011110101011101111111,00111111110011110101011101111111,1,0.8641,0.864,9.999999999998899e-05,0.0,0.1005,0.974,0.974,646.11083984375,0.18253392496109008,causal-margin-v2,2.0,0.5,0.0,0.95703125,0.10546875,0.0,-3.4579854011535645,0.7846825122833252,4.242668151855469,True,True
causal_target_9_feature_0_beta_2_lambda_0.001_seed_20260904,causal,0,9,2.0,0.001,20260904,0.09508035331964493,1.5212856531143188,0.8463541865348816,0.84765625,-0.0013020634651184082,00111101110000101011100101111101,00111111110000101011100101111101,1,0.8641,0.8636,0.0004999999999999449,0.0,0.1021,0.9681,0.9681,629.8124389648438,0.19703729150295257,causal-margin-v2,2.0,0.5,0.0,0.953125,0.09765625,0.00390625,-3.2859201431274414,0.7286332845687866,4.014553546905518,True,False
causal_target_9_feature_0_beta_2_lambda_0.001_seed_20260905,causal,0,9,2.0,0.001,20260905,0.09508035331964493,1.5212856531143188,0.8463541865348816,0.84765625,-0.0013020634651184082,00111101110000101011100101111101,00111111110000101011100101111101,1,0.8641,0.8636,0.0004999999999999449,0.0,0.1021,0.923,0.923,656.72607421875,0.19677346878051757,causal-margin-v2,2.0,0.5,0.0,0.90625,0.09765625,0.00390625,-3.151881694793701,0.5198723673820496,3.6717538833618164,True,False
causal_target_9_feature_0_beta_2_lambda_0.001_seed_20260906,causal,0,9,2.0,0.001,20260906,0.09508035331964493,1.5212856531143188,0.8463541865348816,0.84765625,-0.0013020634651184082,00111101110000101011100101111101,00111111110000101011100101111101,1,0.8641,0.8636,0.0004999999999999449,0.0,0.1021,0.8122,0.8122,648.4547729492188,0.20608847641944886,causal-margin-v2,2.0,0.5,0.0,0.80859375,0.09765625,0.00390625,-3.0275955200195312,0.281388521194458,3.3089840412139893,False,False
causal_target_9_feature_7_beta_2_lambda_0.001_seed_20260904,causal,7,9,2.0,0.001,20260904,0.08022861927747726,1.2836579084396362,0.8463541865348816,0.8502604365348816,-0.00390625,00111101101001000100111011100111,00111111101001000100111011100111,1,0.8641,0.8636,0.0004999999999999449,0.0,0.1033,0.4763,0.4763,739.9392700195312,0.1318905578613281,causal-margin-v2,2.0,0.5,0.0,0.47265625,0.1015625,0.0,-2.523343324661255,0.006466895341873169,2.5298101902008057,False,False
causal_target_9_feature_7_beta_2_lambda_0.001_seed_20260905,causal,7,9,2.0,0.001,20260905,0.08022861927747726,1.2836579084396362,0.8463541865348816,0.8502604365348816,-0.00390625,00111101101001000100111011100111,00111111101001000100111011100111,1,0.8641,0.8636,0.0004999999999999449,0.0,0.1033,0.2818,0.2818,743.1558227539062,0.129770986533165,causal-margin-v2,2.0,0.5,0.0,0.28515625,0.1015625,0.0,-2.71658992767334,-0.15091659128665924,2.565673351287842,False,False
causal_target_9_feature_7_beta_2_lambda_0.001_seed_20260906,causal,7,9,2.0,0.001,20260906,0.08022861927747726,1.2836579084396362,0.8463541865348816,0.8502604365348816,-0.00390625,00111101101001000100111011100111,00111111101001000100111011100111,1,0.8641,0.8636,0.0004999999999999449,0.0001,0.1033,0.3085,0.3084,737.0101318359375,0.13120578212738038,causal-margin-v2,2.0,0.5,0.0,0.25390625,0.1015625,0.0,-2.7506861686706543,-0.1644013524055481,2.586284637451172,False,False
causal_target_9_feature_10_beta_2_lambda_0.001_seed_20260904,causal,10,9,2.0,0.001,20260904,0.10007548332214355,1.6012077331542969,0.8463541865348816,0.8502604365348816,-0.00390625,00111101110011001111010001100000,00111111110011001111010001100000,1,0.8641,0.8635,0.0005999999999999339,0.0001,0.1033,0.6339,0.6338,700.0271606445312,0.17221474525928498,causal-margin-v2,2.0,0.5,0.0,0.609375,0.09375,0.0,-2.8529152870178223,0.08765536546707153,2.940570592880249,False,False
causal_target_9_feature_10_beta_2_lambda_0.001_seed_20260905,causal,10,9,2.0,0.001,20260905,0.10007548332214355,1.6012077331542969,0.8463541865348816,0.8502604365348816,-0.00390625,00111101110011001111010001100000,00111111110011001111010001100000,1,0.8641,0.8635,0.0005999999999999339,0.0,0.1033,0.3268,0.3268,717.111083984375,0.17023244993686676,causal-margin-v2,2.0,0.5,0.0,0.30859375,0.09375,0.0,-2.720018148422241,-0.15275710821151733,2.567260980606079,False,False
causal_target_9_feature_10_beta_2_lambda_0.001_seed_20260906,causal,10,9,2.0,0.001,20260906,0.10007548332214355,1.6012077331542969,0.8463541865348816,0.8502604365348816,-0.00390625,00111101110011001111010001100000,00111111110011001111010001100000,1,0.8641,0.8635,0.0005999999999999339,0.0,0.1033,0.4215,0.4215,686.484619140625,0.19172328169345856,causal-margin-v2,2.0,0.5,0.0,0.375,0.09375,0.0,-2.7587175369262695,-0.1139453798532486,2.6447720527648926,False,False
causal_target_9_feature_11_beta_2_lambda_0.001_seed_20260904,causal,11,9,2.0,0.001,20260904,0.11751352995634079,1.8802164793014526,0.8463541865348816,0.8489583730697632,-0.002604186534881592,00111101111100001010101011101111,00111111111100001010101011101111,1,0.8641,0.8623,0.0018000000000000238,0.0,0.1062,0.9632,0.9632,682.4107055664062,0.1855200187444687,causal-margin-v2,2.0,0.5,0.0,0.95703125,0.1015625,0.0,-3.4062108993530273,0.9074767827987671,4.313687324523926,False,True
causal_target_9_feature_11_beta_2_lambda_0.001_seed_20260905,causal,11,9,2.0,0.001,20260905,0.11751352995634079,1.8802164793014526,0.8463541865348816,0.8489583730697632,-0.002604186534881592,00111101111100001010101011101111,00111111111100001010101011101111,1,0.8641,0.8623,0.0018000000000000238,0.0002,0.1062,0.8263,0.8261000000000001,655.5778198242188,0.22081540303230285,causal-margin-v2,2.0,0.5,0.00390625,0.83203125,0.1015625,0.0,-3.0413002967834473,0.45427578687667847,3.4955763816833496,False,False
causal_target_9_feature_11_beta_2_lambda_0.001_seed_20260906,causal,11,9,2.0,0.001,20260906,0.11751352995634079,1.8802164793014526,0.8463541865348816,0.8489583730697632,-0.002604186534881592,00111101111100001010101011101111,00111111111100001010101011101111,1,0.8641,0.8623,0.0018000000000000238,0.0001,0.1062,0.7645,0.7644,631.2047729492188,0.23620759003162384,causal-margin-v2,2.0,0.5,0.0,0.73828125,0.1015625,0.0,-2.929922103881836,0.3676440119743347,3.2975659370422363,False,False
causal_target_9_feature_15_beta_2_lambda_0.001_seed_20260904,causal,15,9,2.0,0.001,20260904,0.08454369753599167,1.3526991605758667,0.8463541865348816,0.8489583730697632,-0.002604186534881592,00111101101011010010010100111111,00111111101011010010010100111111,1,0.8641,0.8635,0.0005999999999999339,0.0001,0.1024,0.3525,0.3524,718.3751831054688,0.14681752874851225,causal-margin-v2,2.0,0.5,0.0,0.3203125,0.09375,0.0,-2.7040436267852783,-0.1142413392663002,2.5898022651672363,False,False
causal_target_9_feature_15_beta_2_lambda_0.001_seed_20260905,causal,15,9,2.0,0.001,20260905,0.08454369753599167,1.3526991605758667,0.8463541865348816,0.8489583730697632,-0.002604186534881592,00111101101011010010010100111111,00111111101011010010010100111111,1,0.8641,0.8635,0.0005999999999999339,0.0002,0.1024,0.4116,0.41140000000000004,702.7044067382812,0.1753125331401825,causal-margin-v2,2.0,0.5,0.00390625,0.43359375,0.09375,0.0,-2.7194089889526367,-0.06263503432273865,2.6567740440368652,False,False
causal_target_9_feature_15_beta_2_lambda_0.001_seed_20260906,causal,15,9,2.0,0.001,20260906,0.08454369753599167,1.3526991605758667,0.8463541865348816,0.8489583730697632,-0.002604186534881592,00111101101011010010010100111111,00111111101011010010010100111111,1,0.8641,0.8635,0.0005999999999999339,0.0,0.1024,0.2852,0.2852,757.3051147460938,0.13335746591091155,causal-margin-v2,2.0,0.5,0.0,0.2890625,0.09375,0.0,-2.7091641426086426,-0.14546948671340942,2.563694715499878,False,False
causal_target_9_feature_21_beta_2_lambda_0.001_seed_20260904,causal,21,9,2.0,0.001,20260904,0.06391226500272751,1.0225962400436401,0.8463541865348816,0.8489583730697632,-0.002604186534881592,00111101100000101110010001101111,00111111100000101110010001101111,1,0.8641,0.8634,0.0007000000000000339,0.0,0.1029,0.046,0.046,779.166748046875,0.10429325907230377,causal-margin-v2,2.0,0.5,0.0,0.0625,0.09765625,-0.00390625,-2.634350299835205,-0.4137658476829529,2.2205846309661865,False,False
causal_target_9_feature_21_beta_2_lambda_0.001_seed_20260905,causal,21,9,2.0,0.001,20260905,0.06391226500272751,1.0225962400436401,0.8463541865348816,0.8489583730697632,-0.002604186534881592,00111101100000101110010001101111,00111111100000101110010001101111,1,0.8641,0.8634,0.0007000000000000339,0.0003,0.1029,0.0238,0.0235,573.397705078125,0.33114580574035646,causal-margin-v2,2.0,0.5,0.0,0.046875,0.09765625,-0.00390625,-2.2761166095733643,-1.0591777563095093,1.2169387340545654,False,False
causal_target_9_feature_21_beta_2_lambda_0.001_seed_20260906,causal,21,9,2.0,0.001,20260906,0.06391226500272751,1.0225962400436401,0.8463541865348816,0.8489583730697632,-0.002604186534881592,00111101100000101110010001101111,00111111100000101110010001101111,1,0.8641,0.8634,0.0007000000000000339,0.0,0.1029,0.0377,0.0377,684.9456787109375,0.18481963031291962,causal-margin-v2,2.0,0.5,0.0,0.07421875,0.09765625,-0.00390625,-2.5998451709747314,-0.5946670770645142,2.0051779747009277,False,False
causal_target_9_feature_38_beta_2_lambda_0.001_seed_20260904,causal,38,9,2.0,0.001,20260904,0.07192681729793549,1.1508290767669678,0.8463541865348816,0.8502604365348816,-0.00390625,00111101100100110100111001011110,00111111100100110100111001011110,1,0.8641,0.8631,0.0010000000000000009,0.0062,0.1041,0.0295,0.023299999999999998,514.9312744140625,0.4228252794742584,causal-margin-v2,2.0,0.5,0.01171875,0.046875,0.09765625,-0.00390625,-2.4699339866638184,-1.7962915897369385,0.6736423373222351,False,False
causal_target_9_feature_38_beta_2_lambda_0.001_seed_20260905,causal,38,9,2.0,0.001,20260905,0.07192681729793549,1.1508290767669678,0.8463541865348816,0.8502604365348816,-0.00390625,00111101100100110100111001011110,00111111100100110100111001011110,1,0.8641,0.8631,0.0010000000000000009,0.0015,0.1041,0.0318,0.0303,577.0756225585938,0.33277081480026244,causal-margin-v2,2.0,0.5,0.0,0.05859375,0.09765625,-0.00390625,-2.3768534660339355,-1.1940785646438599,1.1827750205993652,False,False
causal_target_9_feature_38_beta_2_lambda_0.001_seed_20260906,causal,38,9,2.0,0.001,20260906,0.07192681729793549,1.1508290767669678,0.8463541865348816,0.8502604365348816,-0.00390625,00111101100100110100111001011110,00111111100100110100111001011110,1,0.8641,0.8631,0.0010000000000000009,0.0027,0.1041,0.0392,0.0365,553.5703735351562,0.37044107160568235,causal-margin-v2,2.0,0.5,0.0,0.04296875,0.09765625,-0.00390625,-2.310239315032959,-1.312003493309021,0.9982359409332275,False,False
causal_target_9_feature_41_beta_2_lambda_0.001_seed_20260904,causal,41,9,2.0,0.001,20260904,0.0651029571890831,1.0416473150253296,0.8463541865348816,0.84765625,-0.0013020634651184082,00111101100001010101010010110011,00111111100001010101010010110011,1,0.8641,0.8639,0.00019999999999997797,0.0,0.101,0.0097,0.0097,698.261474609375,0.16077094783782958,causal-margin-v2,2.0,0.5,0.0,0.02734375,0.09375,0.0,-2.446138381958008,-0.815111517906189,1.6310269832611084,False,False
causal_target_9_feature_41_beta_2_lambda_0.001_seed_20260905,causal,41,9,2.0,0.001,20260905,0.0651029571890831,1.0416473150253296,0.8463541865348816,0.84765625,-0.0013020634651184082,00111101100001010101010010110011,00111111100001010101010010110011,1,0.8641,0.8639,0.00019999999999997797,0.0006,0.101,0.0114,0.0108,564.0914916992188,0.3142999645709991,causal-margin-v2,2.0,0.5,0.0,0.02734375,0.09375,0.0,-2.2675271034240723,-1.3384844064712524,0.9290426969528198,False,False
causal_target_9_feature_41_beta_2_lambda_0.001_seed_20260906,causal,41,9,2.0,0.001,20260906,0.0651029571890831,1.0416473150253296,0.8463541865348816,0.84765625,-0.0013020634651184082,00111101100001010101010010110011,00111111100001010101010010110011,1,0.8641,0.8639,0.00019999999999997797,0.0,0.101,0.0242,0.0242,702.8043823242188,0.16382360081672667,causal-margin-v2,2.0,0.5,0.0,0.03515625,0.09375,0.0,-2.4348154067993164,-0.7512352466583252,1.6835800409317017,False,False
causal_target_9_feature_43_beta_2_lambda_0.001_seed_20260904,causal,43,9,2.0,0.001,20260904,0.06315209716558456,1.010433554649353,0.8463541865348816,0.8502604365348816,-0.00390625,00111101100000010101010111100011,00111111100000010101010111100011,1,0.8641,0.8637,0.00039999999999995595,0.0011,0.1023,0.0165,0.0154,522.2437744140625,0.39699264883995056,causal-margin-v2,2.0,0.5,0.0,0.03515625,0.09375,0.0,-2.3086934089660645,-1.527393102645874,0.7813005447387695,False,False
causal_target_9_feature_43_beta_2_lambda_0.001_seed_20260905,causal,43,9,2.0,0.001,20260905,0.06315209716558456,1.010433554649353,0.8463541865348816,0.8502604365348816,-0.00390625,00111101100000010101010111100011,00111111100000010101010111100011,1,0.8641,0.8637,0.00039999999999995595,0.0,0.1023,0.062,0.062,728.8721313476562,0.13789636313915252,causal-margin-v2,2.0,0.5,0.0,0.078125,0.09375,0.0,-2.6134071350097656,-0.3990353047847748,2.214372158050537,False,False
causal_target_9_feature_43_beta_2_lambda_0.001_seed_20260906,causal,43,9,2.0,0.001,20260906,0.06315209716558456,1.010433554649353,0.8463541865348816,0.8502604365348816,-0.00390625,00111101100000010101010111100011,00111111100000010101010111100011,1,0.8641,0.8637,0.00039999999999995595,0.0,0.1023,0.023,0.023,713.8782958984375,0.1454525636911392,causal-margin-v2,2.0,0.5,0.0,0.03515625,0.09375,0.0,-2.5175421237945557,-0.6367284059524536,1.8808135986328125,False,False
causal_target_9_feature_44_beta_2_lambda_0.001_seed_20260904,causal,44,9,2.0,0.001,20260904,0.07223282754421234,1.1557252407073975,0.8463541865348816,0.8489583730697632,-0.002604186534881592,00111101100100111110111011001110,00111111100100111110111011001110,1,0.8641,0.8636,0.0004999999999999449,0.0,0.1027,0.0133,0.0133,755.9981689453125,0.1231963075876236,causal-margin-v2,2.0,0.5,0.0,0.03125,0.09375,0.0,-2.3968544006347656,-0.6008681654930115,1.795986294746399,False,False
causal_target_9_feature_44_beta_2_lambda_0.001_seed_20260905,causal,44,9,2.0,0.001,20260905,0.07223282754421234,1.1557252407073975,0.8463541865348816,0.8489583730697632,-0.002604186534881592,00111101100100111110111011001110,00111111100100111110111011001110,1,0.8641,0.8636,0.0004999999999999449,0.0036,0.1027,0.0633,0.059699999999999996,589.6815795898438,0.3077465849876404,causal-margin-v2,2.0,0.5,0.0,0.078125,0.09375,0.0,-2.390672445297241,-1.2093284130096436,1.1813441514968872,False,False
causal_target_9_feature_44_beta_2_lambda_0.001_seed_20260906,causal,44,9,2.0,0.001,20260906,0.07223282754421234,1.1557252407073975,0.8463541865348816,0.8489583730697632,-0.002604186534881592,00111101100100111110111011001110,00111111100100111110111011001110,1,0.8641,0.8636,0.0004999999999999449,0.0095,0.1027,0.0434,0.0339,543.974365234375,0.39045144782066343,causal-margin-v2,2.0,0.5,0.0078125,0.05859375,0.09375,0.0,-2.2869315147399902,-1.5132992267608643,0.7736322283744812,False,False
causal_target_9_feature_50_beta_2_lambda_0.001_seed_20260904,causal,50,9,2.0,0.001,20260904,0.06251876056194305,1.0003001689910889,0.8463541865348816,0.8463541865348816,0.0,00111101100000000000100111010110,00111111100000000000100111010110,1,0.8641,0.8636,0.0004999999999999449,0.0014,0.1011,0.0064,0.005,489.42626953125,0.4114431077003479,causal-margin-v2,2.0,0.5,0.00390625,0.01953125,0.09375,0.0,-2.2130866050720215,-1.6802805662155151,0.5328062772750854,False,False
causal_target_9_feature_50_beta_2_lambda_0.001_seed_20260905,causal,50,9,2.0,0.001,20260905,0.06251876056194305,1.0003001689910889,0.8463541865348816,0.8463541865348816,0.0,00111101100000000000100111010110,00111111100000000000100111010110,1,0.8641,0.8636,0.0004999999999999449,0.0065,0.1011,0.0275,0.021,459.10003662109375,0.4043589851856232,causal-margin-v2,2.0,0.5,0.00390625,0.03515625,0.09375,0.0,-2.225992202758789,-1.6697204113006592,0.5562718510627747,False,False
causal_target_9_feature_50_beta_2_lambda_0.001_seed_20260906,causal,50,9,2.0,0.001,20260906,0.06251876056194305,1.0003001689910889,0.8463541865348816,0.8463541865348816,0.0,00111101100000000000100111010110,00111111100000000000100111010110,1,0.8641,0.8636,0.0004999999999999449,0.0028,0.1011,0.0104,0.007599999999999999,508.9067687988281,0.4154636170864105,causal-margin-v2,2.0,0.5,0.015625,0.03515625,0.09375,0.0,-2.158079147338867,-1.7181541919708252,0.4399247467517853,False,False
causal_target_9_feature_51_beta_2_lambda_0.001_seed_20260904,causal,51,9,2.0,0.001,20260904,0.07566933333873749,1.2107093334197998,0.8463541865348816,0.84765625,-0.0013020634651184082,00111101100110101111100010000110,00111111100110101111100010000110,1,0.8641,0.8637,0.00039999999999995595,0.0,0.1017,0.4729,0.4729,792.2239990234375,0.09994979873895646,causal-margin-v2,2.0,0.5,0.0,0.4921875,0.09375,0.0,-2.5438125133514404,-0.03705344349145889,2.50675892829895,False,False
causal_target_9_feature_51_beta_2_lambda_0.001_seed_20260905,causal,51,9,2.0,0.001,20260905,0.07566933333873749,1.2107093334197998,0.8463541865348816,0.84765625,-0.0013020634651184082,00111101100110101111100010000110,00111111100110101111100010000110,1,0.8641,0.8637,0.00039999999999995595,0.0,0.1017,0.2632,0.2632,792.7467041015625,0.10326150023937225,causal-margin-v2,2.0,0.5,0.0,0.3046875,0.09375,0.0,-2.645167827606201,-0.16025739908218384,2.484910488128662,False,False
causal_target_9_feature_51_beta_2_lambda_0.001_seed_20260906,causal,51,9,2.0,0.001,20260906,0.07566933333873749,1.2107093334197998,0.8463541865348816,0.84765625,-0.0013020634651184082,00111101100110101111100010000110,00111111100110101111100010000110,1,0.8641,0.8637,0.00039999999999995595,0.0,0.1017,0.2969,0.2969,758.5934448242188,0.12333283146619797,causal-margin-v2,2.0,0.5,0.0,0.3359375,0.09375,0.0,-2.706123113632202,-0.1641751378774643,2.5419483184814453,False,False
causal_target_9_feature_52_beta_2_lambda_0.001_seed_20260904,causal,52,9,2.0,0.001,20260904,0.0740262046456337,1.1844192743301392,0.8463541865348816,0.8489583730697632,-0.002604186534881592,00111101100101111001101100001101,00111111100101111001101100001101,1,0.8641,0.8637,0.00039999999999995595,0.0002,0.1026,0.1626,0.1624,811.238525390625,0.10268504639863968,causal-margin-v2,2.0,0.5,0.0,0.18359375,0.09375,0.0,-2.300799608230591,-0.24242709577083588,2.0583722591400146,False,False
causal_target_9_feature_52_beta_2_lambda_0.001_seed_20260905,causal,52,9,2.0,0.001,20260905,0.0740262046456337,1.1844192743301392,0.8463541865348816,0.8489583730697632,-0.002604186534881592,00111101100101111001101100001101,00111111100101111001101100001101,1,0.8641,0.8637,0.00039999999999995595,0.0,0.1026,0.1105,0.1105,706.843994140625,0.18390542175769806,causal-margin-v2,2.0,0.5,0.0,0.11328125,0.09375,0.0,-2.408827304840088,-0.5526717901229858,1.856155514717102,False,False
causal_target_9_feature_52_beta_2_lambda_0.001_seed_20260906,causal,52,9,2.0,0.001,20260906,0.0740262046456337,1.1844192743301392,0.8463541865348816,0.8489583730697632,-0.002604186534881592,00111101100101111001101100001101,00111111100101111001101100001101,1,0.8641,0.8637,0.00039999999999995595,0.0006,0.1026,0.0441,0.0435,649.4810791015625,0.2331160155057907,causal-margin-v2,2.0,0.5,0.0,0.0703125,0.09375,0.0,-2.462007522583008,-0.9700077772140503,1.491999626159668,False,False
causal_target_9_feature_57_beta_2_lambda_0.001_seed_20260904,causal,57,9,2.0,0.001,20260904,0.0854489877820015,1.367183804512024,0.8463541865348816,0.8489583730697632,-0.002604186534881592,00111101101011101111111111100001,00111111101011101111111111100001,1,0.8641,0.8632,0.0009000000000000119,0.0,0.1029,0.4009,0.4009,664.1622924804688,0.19100909886360168,causal-margin-v2,2.0,0.5,0.0,0.41796875,0.09375,0.0,-2.7400074005126953,-0.06632468104362488,2.673682689666748,False,False
causal_target_9_feature_57_beta_2_lambda_0.001_seed_20260905,causal,57,9,2.0,0.001,20260905,0.0854489877820015,1.367183804512024,0.8463541865348816,0.8489583730697632,-0.002604186534881592,00111101101011101111111111100001,00111111101011101111111111100001,1,0.8641,0.8632,0.0009000000000000119,0.0002,0.1029,0.4427,0.4425,656.5238037109375,0.20631397426128387,causal-margin-v2,2.0,0.5,0.0,0.44921875,0.09375,0.0,-2.753751277923584,-0.03562495857477188,2.7181262969970703,False,False
causal_target_9_feature_57_beta_2_lambda_0.001_seed_20260906,causal,57,9,2.0,0.001,20260906,0.0854489877820015,1.367183804512024,0.8463541865348816,0.8489583730697632,-0.002604186534881592,00111101101011101111111111100001,00111111101011101111111111100001,1,0.8641,0.8632,0.0009000000000000119,0.0,0.1029,0.3623,0.3623,696.0030517578125,0.18406838765144348,causal-margin-v2,2.0,0.5,0.0,0.36328125,0.09375,0.0,-2.6976866722106934,-0.11589471995830536,2.581791877746582,False,False
causal_target_9_feature_66_beta_2_lambda_0.001_seed_20260904,causal,66,9,2.0,0.001,20260904,0.09393054991960526,1.502888798713684,0.8463541865348816,0.8489583730697632,-0.002604186534881592,00111101110000000101111010101001,00111111110000000101111010101001,1,0.8641,0.863,0.0010999999999999899,0.0,0.1043,0.8798,0.8798,702.0390014648438,0.16238100361824034,causal-margin-v2,2.0,0.5,0.0,0.890625,0.09765625,-0.00390625,-2.910277843475342,0.443978488445282,3.3542566299438477,False,False
causal_target_9_feature_66_beta_2_lambda_0.001_seed_20260905,causal,66,9,2.0,0.001,20260905,0.09393054991960526,1.502888798713684,0.8463541865348816,0.8489583730697632,-0.002604186534881592,00111101110000000101111010101001,00111111110000000101111010101001,1,0.8641,0.863,0.0010999999999999899,0.0006,0.1043,0.5465,0.5458999999999999,656.0103149414062,0.21050403227806092,causal-margin-v2,2.0,0.5,0.0,0.54296875,0.09765625,-0.00390625,-2.8297982215881348,0.06132877618074417,2.891126871109009,False,False
causal_target_9_feature_66_beta_2_lambda_0.001_seed_20260906,causal,66,9,2.0,0.001,20260906,0.09393054991960526,1.502888798713684,0.8463541865348816,0.8489583730697632,-0.002604186534881592,00111101110000000101111010101001,00111111110000000101111010101001,1,0.8641,0.863,0.0010999999999999899,0.0001,0.1043,0.6557,0.6556,626.5316162109375,0.22244586546421052,causal-margin-v2,2.0,0.5,0.0,0.640625,0.09765625,-0.00390625,-2.861950635910034,0.17637228965759277,3.038322925567627,False,False
causal_target_9_feature_68_beta_2_lambda_0.001_seed_20260904,causal,68,9,2.0,0.001,20260904,0.07487072050571442,1.1979315280914307,0.8463541865348816,0.8489583730697632,-0.002604186534881592,00111101100110010101010111010010,00111111100110010101010111010010,1,0.8641,0.8638,0.00029999999999996696,0.0024,0.1024,0.0142,0.011800000000000001,516.6285400390625,0.3937523002147675,causal-margin-v2,2.0,0.5,0.00390625,0.0390625,0.1015625,0.0,-2.1272401809692383,-1.528459072113037,0.598781168460846,False,False
causal_target_9_feature_68_beta_2_lambda_0.001_seed_20260905,causal,68,9,2.0,0.001,20260905,0.07487072050571442,1.1979315280914307,0.8463541865348816,0.8489583730697632,-0.002604186534881592,00111101100110010101010111010010,00111111100110010101010111010010,1,0.8641,0.8638,0.00029999999999996696,0.0003,0.1024,0.0065,0.0062,549.1171264648438,0.29929445986747744,causal-margin-v2,2.0,0.5,0.0,0.01953125,0.1015625,0.0,-2.17924165725708,-1.3583219051361084,0.8209197521209717,False,False
causal_target_9_feature_68_beta_2_lambda_0.001_seed_20260906,causal,68,9,2.0,0.001,20260906,0.07487072050571442,1.1979315280914307,0.8463541865348816,0.8489583730697632,-0.002604186534881592,00111101100110010101010111010010,00111111100110010101010111010010,1,0.8641,0.8638,0.00029999999999996696,0.0028,0.1024,0.0318,0.029,566.5809936523438,0.31289588074684144,causal-margin-v2,2.0,0.5,0.0,0.0546875,0.1015625,0.0,-2.3058958053588867,-1.2803473472595215,1.0255484580993652,False,False
causal_target_9_feature_78_beta_2_lambda_0.001_seed_20260904,causal,78,9,2.0,0.001,20260904,0.06749758124351501,1.0799612998962402,0.8463541865348816,0.8502604365348816,-0.00390625,00111101100010100011110000101100,00111111100010100011110000101100,1,0.8641,0.8639,0.00019999999999997797,0.0015,0.1025,0.0151,0.013600000000000001,498.33734130859375,0.4028571262359619,causal-margin-v2,2.0,0.5,0.0078125,0.03125,0.09765625,-0.00390625,-2.298489570617676,-1.5300631523132324,0.7684263586997986,False,False
causal_target_9_feature_78_beta_2_lambda_0.001_seed_20260905,causal,78,9,2.0,0.001,20260905,0.06749758124351501,1.0799612998962402,0.8463541865348816,0.8502604365348816,-0.00390625,00111101100010100011110000101100,00111111100010100011110000101100,1,0.8641,0.8639,0.00019999999999997797,0.0039,0.1025,0.0277,0.023799999999999998,492.4857177734375,0.36948801407814025,causal-margin-v2,2.0,0.5,0.0078125,0.04296875,0.09765625,-0.00390625,-2.2274601459503174,-1.4535402059555054,0.7739199995994568,False,False
causal_target_9_feature_78_beta_2_lambda_0.001_seed_20260906,causal,78,9,2.0,0.001,20260906,0.06749758124351501,1.0799612998962402,0.8463541865348816,0.8502604365348816,-0.00390625,00111101100010100011110000101100,00111111100010100011110000101100,1,0.8641,0.8639,0.00019999999999997797,0.007,0.1025,0.0267,0.019700000000000002,522.5619506835938,0.402965988445282,causal-margin-v2,2.0,0.5,0.0,0.03515625,0.09765625,-0.00390625,-2.24503231048584,-1.6412882804870605,0.6037439107894897,False,False
causal_target_9_feature_80_beta_2_lambda_0.001_seed_20260904,causal,80,9,2.0,0.001,20260904,0.11039705574512482,1.766352891921997,0.8463541865348816,0.8515625,-0.005208313465118408,00111101111000100001011111011010,00111111111000100001011111011010,1,0.8641,0.8632,0.0009000000000000119,0.0,0.1057,0.9754,0.9754,628.0247192382812,0.21693693754673005,causal-margin-v2,2.0,0.5,0.0,0.9765625,0.1015625,-0.00390625,-3.511504650115967,1.017788052558899,4.529293060302734,True,True
causal_target_9_feature_80_beta_2_lambda_0.001_seed_20260905,causal,80,9,2.0,0.001,20260905,0.11039705574512482,1.766352891921997,0.8463541865348816,0.8515625,-0.005208313465118408,00111101111000100001011111011010,00111111111000100001011111011010,1,0.8641,0.8632,0.0009000000000000119,0.0,0.1057,0.952,0.952,633.0082397460938,0.21734279716014862,causal-margin-v2,2.0,0.5,0.0,0.953125,0.1015625,-0.00390625,-3.3263401985168457,0.7587244510650635,4.085064888000488,True,True
causal_target_9_feature_80_beta_2_lambda_0.001_seed_20260906,causal,80,9,2.0,0.001,20260906,0.11039705574512482,1.766352891921997,0.8463541865348816,0.8515625,-0.005208313465118408,00111101111000100001011111011010,00111111111000100001011111011010,1,0.8641,0.8632,0.0009000000000000119,0.0,0.1057,0.9583,0.9583,646.1467895507812,0.20659035646915436,causal-margin-v2,2.0,0.5,0.0,0.93359375,0.1015625,-0.00390625,-3.40704345703125,0.9253085851669312,4.3323516845703125,True,True
causal_target_9_feature_82_beta_2_lambda_0.001_seed_20260904,causal,82,9,2.0,0.001,20260904,0.09680526703596115,1.5488842725753784,0.8463541865348816,0.8502604365348816,-0.00390625,00111101110001100100000111010111,00111111110001100100000111010111,1,0.8641,0.8633,0.0008000000000000229,0.0,0.1043,0.3053,0.3053,781.2861938476562,0.09962072486877441,causal-margin-v2,2.0,0.5,0.0,0.30078125,0.09765625,-0.00390625,-2.7247390747070312,-0.16913513839244843,2.5556039810180664,False,False
causal_target_9_feature_82_beta_2_lambda_0.001_seed_20260905,causal,82,9,2.0,0.001,20260905,0.09680526703596115,1.5488842725753784,0.8463541865348816,0.8502604365348816,-0.00390625,00111101110001100100000111010111,00111111110001100100000111010111,1,0.8641,0.8633,0.0008000000000000229,0.003,0.1043,0.0244,0.021400000000000002,518.906005859375,0.3842886273384094,causal-margin-v2,2.0,0.5,0.0,0.03515625,0.09765625,-0.00390625,-2.1454830169677734,-1.4620780944824219,0.6834049224853516,False,False
causal_target_9_feature_82_beta_2_lambda_0.001_seed_20260906,causal,82,9,2.0,0.001,20260906,0.09680526703596115,1.5488842725753784,0.8463541865348816,0.8502604365348816,-0.00390625,00111101110001100100000111010111,00111111110001100100000111010111,1,0.8641,0.8633,0.0008000000000000229,0.0,0.1043,0.3159,0.3159,762.6851806640625,0.12299516739845276,causal-margin-v2,2.0,0.5,0.0,0.3125,0.09765625,-0.00390625,-2.6960344314575195,-0.1255132257938385,2.570521354675293,False,False
causal_target_9_feature_88_beta_2_lambda_0.001_seed_20260904,causal,88,9,2.0,0.001,20260904,0.09065558016300201,1.4504892826080322,0.8463541865348816,0.8502604365348816,-0.00390625,00111101101110011010100110100010,00111111101110011010100110100010,1,0.8641,0.8638,0.00029999999999996696,0.0,0.1026,0.8577,0.8577,706.9056396484375,0.14763543858528136,causal-margin-v2,2.0,0.5,0.0,0.8359375,0.09765625,0.00390625,-3.059103488922119,0.3156084418296814,3.374711751937866,False,False
causal_target_9_feature_88_beta_2_lambda_0.001_seed_20260905,causal,88,9,2.0,0.001,20260905,0.09065558016300201,1.4504892826080322,0.8463541865348816,0.8502604365348816,-0.00390625,00111101101110011010100110100010,00111111101110011010100110100010,1,0.8641,0.8638,0.00029999999999996696,0.0,0.1026,0.6647,0.6647,688.9977416992188,0.1613668177843094,causal-margin-v2,2.0,0.5,0.0,0.64453125,0.09765625,0.00390625,-2.9337549209594727,0.10094485431909561,3.0346999168395996,False,False
causal_target_9_feature_88_beta_2_lambda_0.001_seed_20260906,causal,88,9,2.0,0.001,20260906,0.09065558016300201,1.4504892826080322,0.8463541865348816,0.8502604365348816,-0.00390625,00111101101110011010100110100010,00111111101110011010100110100010,1,0.8641,0.8638,0.00029999999999996696,0.0,0.1026,0.5678,0.5678,655.8367919921875,0.19440835111141205,causal-margin-v2,2.0,0.5,0.0,0.5078125,0.09765625,0.00390625,-2.8752822875976562,0.026283234357833862,2.9015655517578125,False,False
causal_target_9_feature_90_beta_2_lambda_0.001_seed_20260904,causal,90,9,2.0,0.001,20260904,0.0756218358874321,1.2099493741989136,0.8463541865348816,0.8489583730697632,-0.002604186534881592,00111101100110101101111110011111,00111111100110101101111110011111,1,0.8641,0.8636,0.0004999999999999449,0.0,0.1025,0.1862,0.1862,759.6946411132812,0.12799652669429779,causal-margin-v2,2.0,0.5,0.0,0.18359375,0.09375,0.0,-2.6435773372650146,-0.24420098960399628,2.399376392364502,False,False
causal_target_9_feature_90_beta_2_lambda_0.001_seed_20260905,causal,90,9,2.0,0.001,20260905,0.0756218358874321,1.2099493741989136,0.8463541865348816,0.8489583730697632,-0.002604186534881592,00111101100110101101111110011111,00111111100110101101111110011111,1,0.8641,0.8636,0.0004999999999999449,0.0,0.1025,0.1686,0.1686,743.859619140625,0.1344149943113327,causal-margin-v2,2.0,0.5,0.0,0.1484375,0.09375,0.0,-2.681407928466797,-0.3227517008781433,2.358656406402588,False,False
causal_target_9_feature_90_beta_2_lambda_0.001_seed_20260906,causal,90,9,2.0,0.001,20260906,0.0756218358874321,1.2099493741989136,0.8463541865348816,0.8489583730697632,-0.002604186534881592,00111101100110101101111110011111,00111111100110101101111110011111,1,0.8641,0.8636,0.0004999999999999449,0.0,0.1025,0.2806,0.2806,763.67529296875,0.13336911358833314,causal-margin-v2,2.0,0.5,0.0,0.28125,0.09375,0.0,-2.526327133178711,-0.1828005462884903,2.343526601791382,False,False
causal_target_9_feature_92_beta_2_lambda_0.001_seed_20260904,causal,92,9,2.0,0.001,20260904,0.12423955649137497,1.9878329038619995,0.8463541865348816,0.8515625,-0.005208313465118408,00111101111111100111000101001111,00111111111111100111000101001111,1,0.8641,0.863,0.0010999999999999899,0.0,0.107,0.9968,0.9968,625.2014770507812,0.21579184913635255,causal-margin-v2,2.0,0.5,0.0,1.0,0.09765625,-0.00390625,-3.843191146850586,1.4341609477996826,5.277351379394531,False,True
causal_target_9_feature_92_beta_2_lambda_0.001_seed_20260905,causal,92,9,2.0,0.001,20260905,0.12423955649137497,1.9878329038619995,0.8463541865348816,0.8515625,-0.005208313465118408,00111101111111100111000101001111,00111111111111100111000101001111,1,0.8641,0.863,0.0010999999999999899,0.0,0.107,0.9932,0.9932,622.57177734375,0.2170808289527893,causal-margin-v2,2.0,0.5,0.0,1.0,0.09765625,-0.00390625,-3.529207229614258,1.1356638669967651,4.6648712158203125,False,True
causal_target_9_feature_92_beta_2_lambda_0.001_seed_20260906,causal,92,9,2.0,0.001,20260906,0.12423955649137497,1.9878329038619995,0.8463541865348816,0.8515625,-0.005208313465118408,00111101111111100111000101001111,00111111111111100111000101001111,1,0.8641,0.863,0.0010999999999999899,0.0,0.107,0.996,0.996,619.0579833984375,0.22118962404727935,causal-margin-v2,2.0,0.5,0.0,0.99609375,0.09765625,-0.00390625,-4.004530429840088,1.499595046043396,5.504125118255615,False,True
causal_target_9_feature_93_beta_2_lambda_0.001_seed_20260904,causal,93,9,2.0,0.001,20260904,0.07938438653945923,1.2701501846313477,0.8463541865348816,0.8489583730697632,-0.002604186534881592,00111101101000101001010001001000,00111111101000101001010001001000,1,0.8641,0.864,9.999999999998899e-05,0.0,0.1027,0.7114,0.7114,651.8353881835938,0.17463190834522246,causal-margin-v2,2.0,0.5,0.0,0.66015625,0.1015625,0.0,-2.90273380279541,0.17063356935977936,3.0733673572540283,False,False
causal_target_9_feature_93_beta_2_lambda_0.001_seed_20260905,causal,93,9,2.0,0.001,20260905,0.07938438653945923,1.2701501846313477,0.8463541865348816,0.8489583730697632,-0.002604186534881592,00111101101000101001010001001000,00111111101000101001010001001000,1,0.8641,0.864,9.999999999998899e-05,0.0,0.1027,0.8544,0.8544,614.2318115234375,0.2144232720375061,causal-margin-v2,2.0,0.5,0.0,0.84375,0.1015625,0.0,-3.0159525871276855,0.3700405955314636,3.385993003845215,False,False
causal_target_9_feature_93_beta_2_lambda_0.001_seed_20260906,causal,93,9,2.0,0.001,20260906,0.07938438653945923,1.2701501846313477,0.8463541865348816,0.8489583730697632,-0.002604186534881592,00111101101000101001010001001000,00111111101000101001010001001000,1,0.8641,0.864,9.999999999998899e-05,0.0,0.1027,0.6293,0.6293,634.8001708984375,0.20395585849285125,causal-margin-v2,2.0,0.5,0.0,0.64453125,0.1015625,0.0,-2.863767147064209,0.10533599555492401,2.9691030979156494,False,False
causal_target_9_feature_107_beta_2_lambda_0.001_seed_20260904,causal,107,9,2.0,0.001,20260904,0.09046664834022522,1.4474663734436035,0.8463541865348816,0.8528646230697632,-0.006510436534881592,00111101101110010100011010010100,00111111101110010100011010010100,1,0.8641,0.8641,0.0,0.0007,0.1032,0.7943,0.7936,656.5941162109375,0.19183186402320862,causal-margin-v2,2.0,0.5,0.0,0.7421875,0.09765625,0.0,-2.967672348022461,0.3467065691947937,3.3143787384033203,False,False
causal_target_9_feature_107_beta_2_lambda_0.001_seed_20260905,causal,107,9,2.0,0.001,20260905,0.09046664834022522,1.4474663734436035,0.8463541865348816,0.8528646230697632,-0.006510436534881592,00111101101110010100011010010100,00111111101110010100011010010100,1,0.8641,0.8641,0.0,0.0001,0.1032,0.7044,0.7043,615.3482055664062,0.2275590086221695,causal-margin-v2,2.0,0.5,0.0,0.7109375,0.09765625,0.0,-2.9590656757354736,0.23728397488594055,3.196349620819092,False,False
causal_target_9_feature_107_beta_2_lambda_0.001_seed_20260906,causal,107,9,2.0,0.001,20260906,0.09046664834022522,1.4474663734436035,0.8463541865348816,0.8528646230697632,-0.006510436534881592,00111101101110010100011010010100,00111111101110010100011010010100,1,0.8641,0.8641,0.0,0.0001,0.1032,0.5839,0.5838,678.13916015625,0.20064817891120912,causal-margin-v2,2.0,0.5,0.0,0.56640625,0.09765625,0.0,-2.6738626956939697,0.049133531749248505,2.722996234893799,False,False
causal_target_9_feature_119_beta_2_lambda_0.001_seed_20260904,causal,119,9,2.0,0.001,20260904,0.06662396341562271,1.0659834146499634,0.8463541865348816,0.8489583730697632,-0.002604186534881592,00111101100010000111001000100101,00111111100010000111001000100101,1,0.8641,0.8635,0.0005999999999999339,0.0024,0.102,0.011,0.0086,508.97869873046875,0.42473180742263794,causal-margin-v2,2.0,0.5,0.0,0.02734375,0.09375,0.0,-2.264296531677246,-1.725616693496704,0.5386800765991211,False,False
causal_target_9_feature_119_beta_2_lambda_0.001_seed_20260905,causal,119,9,2.0,0.001,20260905,0.06662396341562271,1.0659834146499634,0.8463541865348816,0.8489583730697632,-0.002604186534881592,00111101100010000111001000100101,00111111100010000111001000100101,1,0.8641,0.8635,0.0005999999999999339,0.0,0.102,0.0128,0.0128,578.8168334960938,0.26750652732849123,causal-margin-v2,2.0,0.5,0.0,0.02734375,0.09375,0.0,-2.3664207458496094,-1.0369999408721924,1.329420804977417,False,False
causal_target_9_feature_119_beta_2_lambda_0.001_seed_20260906,causal,119,9,2.0,0.001,20260906,0.06662396341562271,1.0659834146499634,0.8463541865348816,0.8489583730697632,-0.002604186534881592,00111101100010000111001000100101,00111111100010000111001000100101,1,0.8641,0.8635,0.0005999999999999339,0.0049,0.102,0.0357,0.0308,532.2817993164062,0.36590412974357606,causal-margin-v2,2.0,0.5,0.00390625,0.0625,0.09375,0.0,-2.2771689891815186,-1.4779301881790161,0.7992388010025024,False,False
causal_target_9_feature_124_beta_2_lambda_0.001_seed_20260904,causal,124,9,2.0,0.001,20260904,0.06965950131416321,1.1145520210266113,0.8463541865348816,0.8502604365348816,-0.00390625,00111101100011101010100110100100,00111111100011101010100110100100,1,0.8641,0.8636,0.0004999999999999449,0.0,0.1037,0.2971,0.2971,819.7710571289062,0.08447424701452255,causal-margin-v2,2.0,0.5,0.0,0.32421875,0.09765625,-0.00390625,-2.6236519813537598,-0.14326171576976776,2.4803900718688965,False,False
causal_target_9_feature_124_beta_2_lambda_0.001_seed_20260905,causal,124,9,2.0,0.001,20260905,0.06965950131416321,1.1145520210266113,0.8463541865348816,0.8502604365348816,-0.00390625,00111101100011101010100110100100,00111111100011101010100110100100,1,0.8641,0.8636,0.0004999999999999449,0.0,0.1037,0.0407,0.0407,677.0049438476562,0.19444026350975036,causal-margin-v2,2.0,0.5,0.0,0.06640625,0.09765625,-0.00390625,-2.6242523193359375,-0.6359065771102905,1.9883456230163574,False,False
causal_target_9_feature_124_beta_2_lambda_0.001_seed_20260906,causal,124,9,2.0,0.001,20260906,0.06965950131416321,1.1145520210266113,0.8463541865348816,0.8502604365348816,-0.00390625,00111101100011101010100110100100,00111111100011101010100110100100,1,0.8641,0.8636,0.0004999999999999449,0.0001,0.1037,0.0397,0.039599999999999996,602.428955078125,0.27702810344696044,causal-margin-v2,2.0,0.5,0.0,0.08203125,0.09765625,-0.00390625,-2.506159782409668,-0.8922450542449951,1.6139147281646729,False,False
causal_target_9_feature_128_beta_2_lambda_0.001_seed_20260904,causal,128,9,2.0,0.001,20260904,0.09508536010980606,1.521365761756897,0.8463541865348816,0.8515625,-0.005208313465118408,00111101110000101011110000011101,00111111110000101011110000011101,1,0.8641,0.8639,0.00019999999999997797,0.0,0.1025,0.9191,0.9191,666.3350830078125,0.174095530295372,causal-margin-v2,2.0,0.5,0.0,0.90234375,0.09765625,0.00390625,-3.2052416801452637,0.5643643140792847,3.769606113433838,True,False
causal_target_9_feature_128_beta_2_lambda_0.001_seed_20260905,causal,128,9,2.0,0.001,20260905,0.09508536010980606,1.521365761756897,0.8463541865348816,0.8515625,-0.005208313465118408,00111101110000101011110000011101,00111111110000101011110000011101,1,0.8641,0.8639,0.00019999999999997797,0.0001,0.1025,0.847,0.8469,642.3265380859375,0.19628351163864136,causal-margin-v2,2.0,0.5,0.0,0.8359375,0.09765625,0.00390625,-3.052842855453491,0.3645790219306946,3.417421817779541,False,False
causal_target_9_feature_128_beta_2_lambda_0.001_seed_20260906,causal,128,9,2.0,0.001,20260906,0.09508536010980606,1.521365761756897,0.8463541865348816,0.8515625,-0.005208313465118408,00111101110000101011110000011101,00111111110000101011110000011101,1,0.8641,0.8639,0.00019999999999997797,0.0,0.1025,0.7268,0.7268,686.1822509765625,0.17400616154670714,causal-margin-v2,2.0,0.5,0.0,0.70703125,0.09765625,0.00390625,-2.663658618927002,0.1976352334022522,2.8612937927246094,False,False
causal_target_9_feature_134_beta_2_lambda_0.001_seed_20260904,causal,134,9,2.0,0.001,20260904,0.09596019983291626,1.5353631973266602,0.8463541865348816,0.8502604365348816,-0.00390625,00111101110001001000011011001000,00111111110001001000011011001000,1,0.8641,0.8629,0.0011999999999999789,0.0,0.1053,0.8345,0.8345,677.718994140625,0.1631050131559372,causal-margin-v2,2.0,0.5,0.0,0.84375,0.09765625,-0.00390625,-3.048496723175049,0.34723642468452454,3.395733118057251,False,False
causal_target_9_feature_134_beta_2_lambda_0.001_seed_20260905,causal,134,9,2.0,0.001,20260905,0.09596019983291626,1.5353631973266602,0.8463541865348816,0.8502604365348816,-0.00390625,00111101110001001000011011001000,00111111110001001000011011001000,1,0.8641,0.8629,0.0011999999999999789,0.0,0.1053,0.6528,0.6528,695.3720092773438,0.17628477959632874,causal-margin-v2,2.0,0.5,0.0,0.6484375,0.09765625,-0.00390625,-2.534789562225342,0.12077605724334717,2.6555655002593994,False,False
causal_target_9_feature_134_beta_2_lambda_0.001_seed_20260906,causal,134,9,2.0,0.001,20260906,0.09596019983291626,1.5353631973266602,0.8463541865348816,0.8502604365348816,-0.00390625,00111101110001001000011011001000,00111111110001001000011011001000,1,0.8641,0.8629,0.0011999999999999789,0.0,0.1053,0.8864,0.8864,681.8739624023438,0.16833457250595094,causal-margin-v2,2.0,0.5,0.0,0.890625,0.09765625,-0.00390625,-3.1739654541015625,0.510644793510437,3.684610366821289,False,False
causal_target_9_feature_152_beta_2_lambda_0.001_seed_20260904,causal,152,9,2.0,0.001,20260904,0.06348589062690735,1.0157742500305176,0.8463541865348816,0.8502604365348816,-0.00390625,00111101100000100000010011100100,00111111100000100000010011100100,1,0.8641,0.8638,0.00029999999999996696,0.0,0.1023,0.0362,0.0362,671.7422485351562,0.19152562510967255,causal-margin-v2,2.0,0.5,0.0,0.04296875,0.09375,0.0,-2.430748462677002,-0.7449613809585571,1.6857872009277344,False,False
causal_target_9_feature_152_beta_2_lambda_0.001_seed_20260905,causal,152,9,2.0,0.001,20260905,0.06348589062690735,1.0157742500305176,0.8463541865348816,0.8502604365348816,-0.00390625,00111101100000100000010011100100,00111111100000100000010011100100,1,0.8641,0.8638,0.00029999999999996696,0.0,0.1023,0.0534,0.0534,676.0584716796875,0.19077482380867006,causal-margin-v2,2.0,0.5,0.0,0.08203125,0.09375,0.0,-2.4095771312713623,-0.7067463397979736,1.7028307914733887,False,False
causal_target_9_feature_152_beta_2_lambda_0.001_seed_20260906,causal,152,9,2.0,0.001,20260906,0.06348589062690735,1.0157742500305176,0.8463541865348816,0.8502604365348816,-0.00390625,00111101100000100000010011100100,00111111100000100000010011100100,1,0.8641,0.8638,0.00029999999999996696,0.0,0.1023,0.0534,0.0534,611.9332885742188,0.25431165933609007,causal-margin-v2,2.0,0.5,0.0,0.07421875,0.09375,0.0,-2.360771656036377,-0.8721623420715332,1.4886093139648438,False,False
causal_target_9_feature_153_beta_2_lambda_0.001_seed_20260904,causal,153,9,2.0,0.001,20260904,0.09071987867355347,1.4515180587768555,0.8463541865348816,0.8502604365348816,-0.00390625,00111101101110011100101101011000,00111111101110011100101101011000,1,0.8641,0.8626,0.0014999999999999458,0.0,0.1049,0.9607,0.9607,631.6722412109375,0.1981255782842636,causal-margin-v2,2.0,0.5,0.0,0.96875,0.1015625,0.0,-3.3126561641693115,0.7308945655822754,4.043550491333008,False,True
causal_target_9_feature_153_beta_2_lambda_0.001_seed_20260905,causal,153,9,2.0,0.001,20260905,0.09071987867355347,1.4515180587768555,0.8463541865348816,0.8502604365348816,-0.00390625,00111101101110011100101101011000,00111111101110011100101101011000,1,0.8641,0.8626,0.0014999999999999458,0.0,0.1049,0.8877,0.8877,611.292724609375,0.22941733257770539,causal-margin-v2,2.0,0.5,0.0,0.8828125,0.1015625,0.0,-3.1392078399658203,0.47767794132232666,3.6168861389160156,False,False
causal_target_9_feature_153_beta_2_lambda_0.001_seed_20260906,causal,153,9,2.0,0.001,20260906,0.09071987867355347,1.4515180587768555,0.8463541865348816,0.8502604365348816,-0.00390625,00111101101110011100101101011000,00111111101110011100101101011000,1,0.8641,0.8626,0.0014999999999999458,0.0,0.1049,0.9503,0.9503,628.5890502929688,0.21206386651992798,causal-margin-v2,2.0,0.5,0.0,0.93359375,0.1015625,0.0,-3.244907855987549,0.6373174786567688,3.882225513458252,False,True
causal_target_9_feature_159_beta_2_lambda_0.001_seed_20260904,causal,159,9,2.0,0.001,20260904,0.0930759385228157,1.4892150163650513,0.8463541865348816,0.8489583730697632,-0.002604186534881592,00111101101111101001111010011001,00111111101111101001111010011001,1,0.8641,0.8634,0.0007000000000000339,0.0,0.1024,0.4862,0.4862,725.6950073242188,0.16339395387172698,causal-margin-v2,2.0,0.5,0.0,0.48828125,0.09375,0.0,-2.587186813354492,-0.014620423316955566,2.572566032409668,False,False
causal_target_9_feature_159_beta_2_lambda_0.001_seed_20260905,causal,159,9,2.0,0.001,20260905,0.0930759385228157,1.4892150163650513,0.8463541865348816,0.8489583730697632,-0.002604186534881592,00111101101111101001111010011001,00111111101111101001111010011001,1,0.8641,0.8634,0.0007000000000000339,0.0025,0.1024,0.4037,0.4012,687.5991821289062,0.21977445430755616,causal-margin-v2,2.0,0.5,0.0,0.4296875,0.09375,0.0,-2.170447826385498,-0.09606167674064636,2.07438588142395,False,False
causal_target_9_feature_159_beta_2_lambda_0.001_seed_20260906,causal,159,9,2.0,0.001,20260906,0.0930759385228157,1.4892150163650513,0.8463541865348816,0.8489583730697632,-0.002604186534881592,00111101101111101001111010011001,00111111101111101001111010011001,1,0.8641,0.8634,0.0007000000000000339,0.0001,0.1024,0.3099,0.3098,777.4263916015625,0.13292679476737976,causal-margin-v2,2.0,0.5,0.0,0.2734375,0.09375,0.0,-2.718687057495117,-0.1720803678035736,2.5466067790985107,False,False
causal_target_9_feature_165_beta_2_lambda_0.001_seed_20260904,causal,165,9,2.0,0.001,20260904,0.10067751258611679,1.6108402013778687,0.8463541865348816,0.8515625,-0.005208313465118408,00111101110011100011000000000011,00111111110011100011000000000011,1,0.8641,0.8631,0.0010000000000000009,0.0,0.1044,0.9765,0.9765,666.62548828125,0.15564437527656555,causal-margin-v2,2.0,0.5,0.0,0.98828125,0.1015625,0.0,-3.1568450927734375,0.5889435410499573,3.745788812637329,False,True
causal_target_9_feature_165_beta_2_lambda_0.001_seed_20260905,causal,165,9,2.0,0.001,20260905,0.10067751258611679,1.6108402013778687,0.8463541865348816,0.8515625,-0.005208313465118408,00111101110011100011000000000011,00111111110011100011000000000011,1,0.8641,0.8631,0.0010000000000000009,0.0,0.1044,0.8324,0.8324,652.0751342773438,0.17687161526679993,causal-margin-v2,2.0,0.5,0.0,0.82421875,0.1015625,0.0,-2.9422364234924316,0.2812798321247101,3.2235164642333984,False,False
causal_target_9_feature_165_beta_2_lambda_0.001_seed_20260906,causal,165,9,2.0,0.001,20260906,0.10067751258611679,1.6108402013778687,0.8463541865348816,0.8515625,-0.005208313465118408,00111101110011100011000000000011,00111111110011100011000000000011,1,0.8641,0.8631,0.0010000000000000009,0.0,0.1044,0.824,0.824,677.2490234375,0.16998020417690277,causal-margin-v2,2.0,0.5,0.0,0.82421875,0.1015625,0.0,-3.0240559577941895,0.295366108417511,3.3194222450256348,False,False
causal_target_9_feature_171_beta_2_lambda_0.001_seed_20260904,causal,171,9,2.0,0.001,20260904,0.08534001559019089,1.3654402494430542,0.8463541865348816,0.8502604365348816,-0.00390625,00111101101011101100011010111111,00111111101011101100011010111111,1,0.8641,0.8629,0.0011999999999999789,0.0,0.1042,0.8502,0.8502,818.8757934570312,0.08893827081918716,causal-margin-v2,2.0,0.5,0.0,0.82421875,0.1015625,0.0,-2.1590347290039062,0.24450698494911194,2.4035420417785645,False,False
causal_target_9_feature_171_beta_2_lambda_0.001_seed_20260905,causal,171,9,2.0,0.001,20260905,0.08534001559019089,1.3654402494430542,0.8463541865348816,0.8502604365348816,-0.00390625,00111101101011101100011010111111,00111111101011101100011010111111,1,0.8641,0.8629,0.0011999999999999789,0.0,0.1042,0.1146,0.1146,804.1907958984375,0.10824707026481628,causal-margin-v2,2.0,0.5,0.0,0.1640625,0.1015625,0.0,-2.624159097671509,-0.3178132176399231,2.3063457012176514,False,False
causal_target_9_feature_171_beta_2_lambda_0.001_seed_20260906,causal,171,9,2.0,0.001,20260906,0.08534001559019089,1.3654402494430542,0.8463541865348816,0.8502604365348816,-0.00390625,00111101101011101100011010111111,00111111101011101100011010111111,1,0.8641,0.8629,0.0011999999999999789,0.0,0.1042,0.1881,0.1881,763.9927368164062,0.13104231486320495,causal-margin-v2,2.0,0.5,0.0,0.18359375,0.1015625,0.0,-2.6638295650482178,-0.30414441227912903,2.359684944152832,False,False
causal_target_9_feature_181_beta_2_lambda_0.001_seed_20260904,causal,181,9,2.0,0.001,20260904,0.006362390238791704,1.6287719011306763,0.8463541865348816,0.8515625,-0.005208313465118408,00111011110100000111101110011001,00111111110100000111101110011001,1,0.8641,0.8632,0.0009000000000000119,0.0,0.1032,0.8757,0.8757,623.3764038085938,0.19412386834621428,causal-margin-v2,2.0,0.5,0.0,0.859375,0.09765625,-0.00390625,-3.1344616413116455,0.3380546569824219,3.4725160598754883,False,False
causal_target_9_feature_181_beta_2_lambda_0.001_seed_20260905,causal,181,9,2.0,0.001,20260905,0.006362390238791704,1.6287719011306763,0.8463541865348816,0.8515625,-0.005208313465118408,00111011110100000111101110011001,00111111110100000111101110011001,1,0.8641,0.8632,0.0009000000000000119,0.0,0.1032,0.5819,0.5819,634.5716552734375,0.19195954139232635,causal-margin-v2,2.0,0.5,0.0,0.57421875,0.09765625,-0.00390625,-2.9822957515716553,0.02696915715932846,3.0092647075653076,False,False
causal_target_9_feature_181_beta_2_lambda_0.001_seed_20260906,causal,181,9,2.0,0.001,20260906,0.006362390238791704,1.6287719011306763,0.8463541865348816,0.8515625,-0.005208313465118408,00111011110100000111101110011001,00111111110100000111101110011001,1,0.8641,0.8632,0.0009000000000000119,0.0,0.1032,0.9097,0.9097,630.8974609375,0.20034538424015044,causal-margin-v2,2.0,0.5,0.0,0.890625,0.09765625,-0.00390625,-3.1520934104919434,0.34176844358444214,3.493861675262451,True,False
causal_target_9_feature_183_beta_2_lambda_0.001_seed_20260904,causal,183,9,2.0,0.001,20260904,0.07600946724414825,1.216151475906372,0.8463541865348816,0.8502604365348816,-0.00390625,00111101100110111010101011011010,00111111100110111010101011011010,1,0.8641,0.8629,0.0011999999999999789,0.0,0.1045,0.6166,0.6166,632.5881958007812,0.2404027349472046,causal-margin-v2,2.0,0.5,0.0,0.58984375,0.1015625,0.0,-2.4976084232330322,0.09558691829442978,2.5931954383850098,False,False
causal_target_9_feature_183_beta_2_lambda_0.001_seed_20260905,causal,183,9,2.0,0.001,20260905,0.07600946724414825,1.216151475906372,0.8463541865348816,0.8502604365348816,-0.00390625,00111101100110111010101011011010,00111111100110111010101011011010,1,0.8641,0.8629,0.0011999999999999789,0.0001,0.1045,0.5273,0.5272,619.2835693359375,0.24145520260334014,causal-margin-v2,2.0,0.5,0.0,0.56640625,0.1015625,0.0,-2.790055274963379,0.045764707028865814,2.835819721221924,False,False
causal_target_9_feature_183_beta_2_lambda_0.001_seed_20260906,causal,183,9,2.0,0.001,20260906,0.07600946724414825,1.216151475906372,0.8463541865348816,0.8502604365348816,-0.00390625,00111101100110111010101011011010,00111111100110111010101011011010,1,0.8641,0.8629,0.0011999999999999789,0.0,0.1045,0.7191,0.7191,650.75341796875,0.21350927319526672,causal-margin-v2,2.0,0.5,0.0,0.69140625,0.1015625,0.0,-2.9252431392669678,0.2106798142194748,3.135922908782959,False,False
causal_target_9_feature_190_beta_2_lambda_0.001_seed_20260904,causal,190,9,2.0,0.001,20260904,0.12109948694705963,1.937591791152954,0.8463541865348816,0.8528646230697632,-0.006510436534881592,00111101111110000000001100000010,00111111111110000000001100000010,1,0.8641,0.8631,0.0010000000000000009,0.0001,0.1053,0.8967,0.8966000000000001,637.2652587890625,0.20723594233989714,causal-margin-v2,2.0,0.5,0.0,0.90234375,0.09765625,-0.00390625,-3.1579442024230957,0.5105708837509155,3.668515205383301,False,True
causal_target_9_feature_190_beta_2_lambda_0.001_seed_20260905,causal,190,9,2.0,0.001,20260905,0.12109948694705963,1.937591791152954,0.8463541865348816,0.8528646230697632,-0.006510436534881592,00111101111110000000001100000010,00111111111110000000001100000010,1,0.8641,0.8631,0.0010000000000000009,0.0001,0.1053,0.9155,0.9154,657.6025390625,0.20730268051624298,causal-margin-v2,2.0,0.5,0.0,0.9296875,0.09765625,-0.00390625,-3.1628060340881348,0.5669372081756592,3.729743480682373,False,True
causal_target_9_feature_190_beta_2_lambda_0.001_seed_20260906,causal,190,9,2.0,0.001,20260906,0.12109948694705963,1.937591791152954,0.8463541865348816,0.8528646230697632,-0.006510436534881592,00111101111110000000001100000010,00111111111110000000001100000010,1,0.8641,0.8631,0.0010000000000000009,0.0002,0.1053,0.8093,0.8091,626.7001953125,0.24711671147346498,causal-margin-v2,2.0,0.5,0.0,0.8125,0.09765625,-0.00390625,-2.8901214599609375,0.40668684244155884,3.2968084812164307,False,False
causal_target_9_feature_191_beta_2_lambda_0.001_seed_20260904,causal,191,9,2.0,0.001,20260904,0.07024843245744705,1.1239749193191528,0.8463541865348816,0.8489583730697632,-0.002604186534881592,00111101100011111101111001101001,00111111100011111101111001101001,1,0.8641,0.8642,-9.999999999998899e-05,0.0,0.1021,0.1476,0.1476,833.958740234375,0.07596168794631958,causal-margin-v2,2.0,0.5,0.0,0.15625,0.09375,0.0,-2.7142019271850586,-0.266875684261322,2.447326183319092,False,False
causal_target_9_feature_191_beta_2_lambda_0.001_seed_20260905,causal,191,9,2.0,0.001,20260905,0.07024843245744705,1.1239749193191528,0.8463541865348816,0.8489583730697632,-0.002604186534881592,00111101100011111101111001101001,00111111100011111101111001101001,1,0.8641,0.8642,-9.999999999998899e-05,0.0,0.1021,0.3755,0.3755,670.0333862304688,0.17466277809143066,causal-margin-v2,2.0,0.5,0.0,0.3828125,0.09375,0.0,-2.7852344512939453,-0.10133522748947144,2.68389892578125,False,False
causal_target_9_feature_191_beta_2_lambda_0.001_seed_20260906,causal,191,9,2.0,0.001,20260906,0.07024843245744705,1.1239749193191528,0.8463541865348816,0.8489583730697632,-0.002604186534881592,00111101100011111101111001101001,00111111100011111101111001101001,1,0.8641,0.8642,-9.999999999998899e-05,0.0,0.1021,0.3043,0.3043,732.3865966796875,0.14475365319252015,causal-margin-v2,2.0,0.5,0.0,0.33984375,0.09375,0.0,-2.2910752296447754,-0.213857039809227,2.0772182941436768,False,False
causal_target_9_feature_192_beta_2_lambda_0.001_seed_20260904,causal,192,9,2.0,0.001,20260904,0.003999227192252874,1.0238021612167358,0.8463541865348816,0.8463541865348816,0.0,00111011100000110000101111110011,00111111100000110000101111110011,1,0.8641,0.8637,0.00039999999999995595,0.0005,0.1019,0.002,0.0015,504.7293701171875,0.4220703827381134,causal-margin-v2,2.0,0.5,0.00390625,0.015625,0.09765625,-0.00390625,-2.311098337173462,-1.9126348495483398,0.3984636664390564,False,False
causal_target_9_feature_192_beta_2_lambda_0.001_seed_20260905,causal,192,9,2.0,0.001,20260905,0.003999227192252874,1.0238021612167358,0.8463541865348816,0.8463541865348816,0.0,00111011100000110000101111110011,00111111100000110000101111110011,1,0.8641,0.8637,0.00039999999999995595,0.0008,0.1019,0.0037,0.0029000000000000002,457.15338134765625,0.38572970128059386,causal-margin-v2,2.0,0.5,0.00390625,0.015625,0.09765625,-0.00390625,-2.336264133453369,-1.7050882577896118,0.6311759948730469,False,False
causal_target_9_feature_192_beta_2_lambda_0.001_seed_20260906,causal,192,9,2.0,0.001,20260906,0.003999227192252874,1.0238021612167358,0.8463541865348816,0.8463541865348816,0.0,00111011100000110000101111110011,00111111100000110000101111110011,1,0.8641,0.8637,0.00039999999999995595,0.0004,0.1019,0.0029,0.0024999999999999996,519.135498046875,0.39874389476776123,causal-margin-v2,2.0,0.5,0.0,0.0078125,0.09765625,-0.00390625,-2.3434228897094727,-1.8619725704193115,0.48145025968551636,False,False
causal_target_9_feature_199_beta_2_lambda_0.001_seed_20260904,causal,199,9,2.0,0.001,20260904,0.1159842312335968,1.8557476997375488,0.8463541865348816,0.8502604365348816,-0.00390625,00111101111011011000100100100100,00111111111011011000100100100100,1,0.8641,0.863,0.0010999999999999899,0.0,0.1075,0.9411,0.9411,576.0003051757812,0.25318232188224793,causal-margin-v2,2.0,0.5,0.0,0.9375,0.1015625,0.0,-3.303163528442383,0.6720468401908875,3.975210428237915,False,True
causal_target_9_feature_199_beta_2_lambda_0.001_seed_20260905,causal,199,9,2.0,0.001,20260905,0.1159842312335968,1.8557476997375488,0.8463541865348816,0.8502604365348816,-0.00390625,00111101111011011000100100100100,00111111111011011000100100100100,1,0.8641,0.863,0.0010999999999999899,0.0,0.1075,0.9519,0.9519,604.8037719726562,0.25718094377517703,causal-margin-v2,2.0,0.5,0.0,0.96484375,0.1015625,0.0,-3.3040032386779785,0.7336976528167725,4.03770112991333,False,True
causal_target_9_feature_199_beta_2_lambda_0.001_seed_20260906,causal,199,9,2.0,0.001,20260906,0.1159842312335968,1.8557476997375488,0.8463541865348816,0.8502604365348816,-0.00390625,00111101111011011000100100100100,00111111111011011000100100100100,1,0.8641,0.863,0.0010999999999999899,0.0,0.1075,0.9669,0.9669,603.4395751953125,0.25025237979888915,causal-margin-v2,2.0,0.5,0.0,0.984375,0.1015625,0.0,-3.4329628944396973,0.8663554191589355,4.299318313598633,False,True
causal_target_9_feature_201_beta_2_lambda_0.001_seed_20260904,causal,201,9,2.0,0.001,20260904,0.07208091765642166,1.1532946825027466,0.8463541865348816,0.8502604365348816,-0.00390625,00111101100100111001111100101001,00111111100100111001111100101001,1,0.8641,0.8633,0.0008000000000000229,0.0,0.1035,0.0347,0.0347,648.576416015625,0.19946615915298463,causal-margin-v2,2.0,0.5,0.0,0.05078125,0.09765625,-0.00390625,-2.410992383956909,-0.7161824703216553,1.6948100328445435,False,False
causal_target_9_feature_201_beta_2_lambda_0.001_seed_20260905,causal,201,9,2.0,0.001,20260905,0.07208091765642166,1.1532946825027466,0.8463541865348816,0.8502604365348816,-0.00390625,00111101100100111001111100101001,00111111100100111001111100101001,1,0.8641,0.8633,0.0008000000000000229,0.0018,0.1035,0.0254,0.0236,533.6077270507812,0.38135590620040893,causal-margin-v2,2.0,0.5,0.0,0.04296875,0.09765625,-0.00390625,-2.300802707672119,-1.4085780382156372,0.8922248482704163,False,False
causal_target_9_feature_201_beta_2_lambda_0.001_seed_20260906,causal,201,9,2.0,0.001,20260906,0.07208091765642166,1.1532946825027466,0.8463541865348816,0.8502604365348816,-0.00390625,00111101100100111001111100101001,00111111100100111001111100101001,1,0.8641,0.8633,0.0008000000000000229,0.0,0.1035,0.059,0.059,637.1879272460938,0.22099382174015045,causal-margin-v2,2.0,0.5,0.0,0.0625,0.09765625,-0.00390625,-2.2389087677001953,-0.7850855588912964,1.4538235664367676,False,False
causal_target_9_feature_202_beta_2_lambda_0.001_seed_20260904,causal,202,9,2.0,0.001,20260904,0.07084314525127411,1.1334903240203857,0.8463541865348816,0.8502604365348816,-0.00390625,00111101100100010001011000110110,00111111100100010001011000110110,1,0.8641,0.8635,0.0005999999999999339,0.0004,0.1033,0.0398,0.039400000000000004,573.5654907226562,0.264745582151413,causal-margin-v2,2.0,0.5,0.0,0.046875,0.09765625,-0.00390625,-2.296870708465576,-1.0310407876968384,1.2658300399780273,False,False
causal_target_9_feature_202_beta_2_lambda_0.001_seed_20260905,causal,202,9,2.0,0.001,20260905,0.07084314525127411,1.1334903240203857,0.8463541865348816,0.8502604365348816,-0.00390625,00111101100100010001011000110110,00111111100100010001011000110110,1,0.8641,0.8635,0.0005999999999999339,0.0001,0.1033,0.0143,0.0142,606.6065673828125,0.23621754724979402,causal-margin-v2,2.0,0.5,0.0,0.01953125,0.09765625,-0.00390625,-2.430896282196045,-1.1572948694229126,1.2736014127731323,False,False
causal_target_9_feature_202_beta_2_lambda_0.001_seed_20260906,causal,202,9,2.0,0.001,20260906,0.07084314525127411,1.1334903240203857,0.8463541865348816,0.8502604365348816,-0.00390625,00111101100100010001011000110110,00111111100100010001011000110110,1,0.8641,0.8635,0.0005999999999999339,0.0,0.1033,0.2313,0.2313,786.197509765625,0.10821075673103332,causal-margin-v2,2.0,0.5,0.0,0.19140625,0.09765625,-0.00390625,-2.4631874561309814,-0.2728317975997925,2.1903557777404785,False,False
causal_target_9_feature_209_beta_2_lambda_0.001_seed_20260904,causal,209,9,2.0,0.001,20260904,0.0849764347076416,1.3596229553222656,0.8463541865348816,0.8502604365348816,-0.00390625,00111101101011100000100000100000,00111111101011100000100000100000,1,0.8641,0.8635,0.0005999999999999339,0.0,0.1044,0.8291,0.8291,683.6401977539062,0.15295390117168425,causal-margin-v2,2.0,0.5,0.0,0.84765625,0.1015625,0.0,-3.01122784614563,0.327382355928421,3.3386101722717285,False,False
causal_target_9_feature_209_beta_2_lambda_0.001_seed_20260905,causal,209,9,2.0,0.001,20260905,0.0849764347076416,1.3596229553222656,0.8463541865348816,0.8502604365348816,-0.00390625,00111101101011100000100000100000,00111111101011100000100000100000,1,0.8641,0.8635,0.0005999999999999339,0.0,0.1044,0.3923,0.3923,673.2041625976562,0.16795978922843932,causal-margin-v2,2.0,0.5,0.0,0.375,0.1015625,0.0,-2.809713840484619,-0.09569761157035828,2.7140159606933594,False,False
causal_target_9_feature_209_beta_2_lambda_0.001_seed_20260906,causal,209,9,2.0,0.001,20260906,0.0849764347076416,1.3596229553222656,0.8463541865348816,0.8502604365348816,-0.00390625,00111101101011100000100000100000,00111111101011100000100000100000,1,0.8641,0.8635,0.0005999999999999339,0.0,0.1044,0.4955,0.4955,686.931884765625,0.17365554461479188,causal-margin-v2,2.0,0.5,0.0,0.4765625,0.1015625,0.0,-2.8742871284484863,-0.036882318556308746,2.837404727935791,False,False
causal_target_9_feature_219_beta_2_lambda_0.001_seed_20260904,causal,219,9,2.0,0.001,20260904,0.09033383429050446,1.4453413486480713,0.8463541865348816,0.8489583730697632,-0.002604186534881592,00111101101110010000000011110010,00111111101110010000000011110010,1,0.8641,0.8634,0.0007000000000000339,0.0,0.1038,0.3314,0.3314,773.8820190429688,0.11819566835165024,causal-margin-v2,2.0,0.5,0.0,0.3359375,0.09765625,-0.00390625,-2.577068328857422,-0.12720873951911926,2.449859619140625,False,False
causal_target_9_feature_219_beta_2_lambda_0.001_seed_20260905,causal,219,9,2.0,0.001,20260905,0.09033383429050446,1.4453413486480713,0.8463541865348816,0.8489583730697632,-0.002604186534881592,00111101101110010000000011110010,00111111101110010000000011110010,1,0.8641,0.8634,0.0007000000000000339,0.0,0.1038,0.2966,0.2966,740.5781860351562,0.14433668899536134,causal-margin-v2,2.0,0.5,0.0,0.3046875,0.09765625,-0.00390625,-2.692399501800537,-0.15546108782291412,2.536938428878784,False,False
causal_target_9_feature_219_beta_2_lambda_0.001_seed_20260906,causal,219,9,2.0,0.001,20260906,0.09033383429050446,1.4453413486480713,0.8463541865348816,0.8489583730697632,-0.002604186534881592,00111101101110010000000011110010,00111111101110010000000011110010,1,0.8641,0.8634,0.0007000000000000339,0.0,0.1038,0.231,0.231,748.392822265625,0.1407510731458664,causal-margin-v2,2.0,0.5,0.0,0.265625,0.09765625,-0.00390625,-2.5849671363830566,-0.3201029896736145,2.264864206314087,False,False
causal_target_9_feature_222_beta_2_lambda_0.001_seed_20260904,causal,222,9,2.0,0.001,20260904,0.10431890189647675,1.669102430343628,0.8463541865348816,0.8502604365348816,-0.00390625,00111101110101011010010100100110,00111111110101011010010100100110,1,0.8641,0.8631,0.0010000000000000009,0.0,0.105,0.4959,0.4959,681.2003173828125,0.16112277517318727,causal-margin-v2,2.0,0.5,0.0,0.50390625,0.09765625,-0.00390625,-2.797316074371338,-0.027969151735305786,2.7693469524383545,False,False
causal_target_9_feature_222_beta_2_lambda_0.001_seed_20260905,causal,222,9,2.0,0.001,20260905,0.10431890189647675,1.669102430343628,0.8463541865348816,0.8502604365348816,-0.00390625,00111101110101011010010100100110,00111111110101011010010100100110,1,0.8641,0.8631,0.0010000000000000009,0.0,0.105,0.4989,0.4989,707.9713134765625,0.15765899181365967,causal-margin-v2,2.0,0.5,0.0,0.5078125,0.09765625,-0.00390625,-2.7695834636688232,-0.017840541899204254,2.7517428398132324,False,False
causal_target_9_feature_222_beta_2_lambda_0.001_seed_20260906,causal,222,9,2.0,0.001,20260906,0.10431890189647675,1.669102430343628,0.8463541865348816,0.8502604365348816,-0.00390625,00111101110101011010010100100110,00111111110101011010010100100110,1,0.8641,0.8631,0.0010000000000000009,0.0,0.105,0.5386,0.5386,668.3419189453125,0.17869194853305817,causal-margin-v2,2.0,0.5,0.0,0.55859375,0.09765625,-0.00390625,-2.8139710426330566,0.023100286722183228,2.837071418762207,False,False
causal_target_9_feature_225_beta_2_lambda_0.001_seed_20260904,causal,225,9,2.0,0.001,20260904,0.07145287841558456,1.143246054649353,0.8463541865348816,0.8489583730697632,-0.002604186534881592,00111101100100100101010111100011,00111111100100100101010111100011,1,0.8641,0.8636,0.0004999999999999449,0.0002,0.1023,0.4923,0.49210000000000004,696.8896484375,0.164858150100708,causal-margin-v2,2.0,0.5,0.0,0.53125,0.09375,0.0,-2.8200411796569824,-0.014018796384334564,2.8060224056243896,False,False
causal_target_9_feature_225_beta_2_lambda_0.001_seed_20260905,causal,225,9,2.0,0.001,20260905,0.07145287841558456,1.143246054649353,0.8463541865348816,0.8489583730697632,-0.002604186534881592,00111101100100100101010111100011,00111111100100100101010111100011,1,0.8641,0.8636,0.0004999999999999449,0.0,0.1023,0.2513,0.2513,751.0926513671875,0.14819653215408324,causal-margin-v2,2.0,0.5,0.0,0.26171875,0.09375,0.0,-2.52700138092041,-0.20954567193984985,2.317455768585205,False,False
causal_target_9_feature_225_beta_2_lambda_0.001_seed_20260906,causal,225,9,2.0,0.001,20260906,0.07145287841558456,1.143246054649353,0.8463541865348816,0.8489583730697632,-0.002604186534881592,00111101100100100101010111100011,00111111100100100101010111100011,1,0.8641,0.8636,0.0004999999999999449,0.0,0.1023,0.3517,0.3517,768.6357421875,0.13586192462444305,causal-margin-v2,2.0,0.5,0.0,0.31640625,0.09375,0.0,-2.655579090118408,-0.11504603922367096,2.5405330657958984,False,False
causal_target_9_feature_236_beta_2_lambda_0.001_seed_20260904,causal,236,9,2.0,0.001,20260904,0.09093356877565384,1.4549371004104614,0.8463541865348816,0.8489583730697632,-0.002604186534881592,00111101101110100011101101100001,00111111101110100011101101100001,1,0.8641,0.8633,0.0008000000000000229,0.0,0.1033,0.8483,0.8483,691.5056762695312,0.15819259696006774,causal-margin-v2,2.0,0.5,0.0,0.82421875,0.1015625,0.0,-3.0154755115509033,0.35932520031929016,3.37480092048645,False,False
causal_target_9_feature_236_beta_2_lambda_0.001_seed_20260905,causal,236,9,2.0,0.001,20260905,0.09093356877565384,1.4549371004104614,0.8463541865348816,0.8489583730697632,-0.002604186534881592,00111101101110100011101101100001,00111111101110100011101101100001,1,0.8641,0.8633,0.0008000000000000229,0.0,0.1033,0.8177,0.8177,643.8876342773438,0.19508548538684845,causal-margin-v2,2.0,0.5,0.0,0.80078125,0.1015625,0.0,-2.9958443641662598,0.2711053490638733,3.2669496536254883,False,False
causal_target_9_feature_236_beta_2_lambda_0.001_seed_20260906,causal,236,9,2.0,0.001,20260906,0.09093356877565384,1.4549371004104614,0.8463541865348816,0.8489583730697632,-0.002604186534881592,00111101101110100011101101100001,00111111101110100011101101100001,1,0.8641,0.8633,0.0008000000000000229,0.0,0.1033,0.631,0.631,669.3365478515625,0.177578377532959,causal-margin-v2,2.0,0.5,0.0,0.65234375,0.1015625,0.0,-2.900113344192505,0.09176692366600037,2.991880416870117,False,False
causal_target_9_feature_241_beta_2_lambda_0.001_seed_20260904,causal,241,9,2.0,0.001,20260904,0.11726454645395279,1.8762327432632446,0.8463541865348816,0.8502604365348816,-0.00390625,00111101111100000010100001100101,00111111111100000010100001100101,1,0.8641,0.863,0.0010999999999999899,0.0,0.1047,0.88,0.88,690.1445922851562,0.16107432272434236,causal-margin-v2,2.0,0.5,0.0,0.83203125,0.1015625,0.0,-2.9058609008789062,0.33966416120529175,3.245525360107422,False,False
causal_target_9_feature_241_beta_2_lambda_0.001_seed_20260905,causal,241,9,2.0,0.001,20260905,0.11726454645395279,1.8762327432632446,0.8463541865348816,0.8502604365348816,-0.00390625,00111101111100000010100001100101,00111111111100000010100001100101,1,0.8641,0.863,0.0010999999999999899,0.0,0.1047,0.933,0.933,625.78515625,0.20790879502296447,causal-margin-v2,2.0,0.5,0.0,0.9296875,0.1015625,0.0,-3.105863332748413,0.5311599969863892,3.637023448944092,False,True
causal_target_9_feature_241_beta_2_lambda_0.001_seed_20260906,causal,241,9,2.0,0.001,20260906,0.11726454645395279,1.8762327432632446,0.8463541865348816,0.8502604365348816,-0.00390625,00111101111100000010100001100101,00111111111100000010100001100101,1,0.8641,0.863,0.0010999999999999899,0.0,0.1047,0.8007,0.8007,639.5692749023438,0.19045982398986816,causal-margin-v2,2.0,0.5,0.0,0.7890625,0.1015625,0.0,-2.951845169067383,0.3099551200866699,3.2618002891540527,False,False
causal_target_9_feature_243_beta_2_lambda_0.001_seed_20260904,causal,243,9,2.0,0.001,20260904,0.07566966116428375,1.21071457862854,0.8463541865348816,0.8502604365348816,-0.00390625,00111101100110101111100010110010,00111111100110101111100010110010,1,0.8641,0.8638,0.00029999999999996696,0.0,0.1028,0.7044,0.7044,691.2543334960938,0.15148534243106843,causal-margin-v2,2.0,0.5,0.0,0.6875,0.09765625,0.00390625,-2.942774534225464,0.16070346534252167,3.103477954864502,False,False
causal_target_9_feature_243_beta_2_lambda_0.001_seed_20260905,causal,243,9,2.0,0.001,20260905,0.07566966116428375,1.21071457862854,0.8463541865348816,0.8502604365348816,-0.00390625,00111101100110101111100010110010,00111111100110101111100010110010,1,0.8641,0.8638,0.00029999999999996696,0.0,0.1028,0.6163,0.6163,682.5734252929688,0.16316367416381836,causal-margin-v2,2.0,0.5,0.0,0.5859375,0.09765625,0.00390625,-2.9269862174987793,0.05801364779472351,2.984999895095825,False,False
causal_target_9_feature_243_beta_2_lambda_0.001_seed_20260906,causal,243,9,2.0,0.001,20260906,0.07566966116428375,1.21071457862854,0.8463541865348816,0.8502604365348816,-0.00390625,00111101100110101111100010110010,00111111100110101111100010110010,1,0.8641,0.8638,0.00029999999999996696,0.0,0.1028,0.4253,0.4253,714.6873168945312,0.15479257047176362,causal-margin-v2,2.0,0.5,0.0,0.4140625,0.09765625,0.00390625,-2.7628426551818848,-0.06125565618276596,2.701586961746216,False,False
causal_target_9_feature_249_beta_2_lambda_0.001_seed_20260904,causal,249,9,2.0,0.001,20260904,0.06678912788629532,1.068626046180725,0.8463541865348816,0.8489583730697632,-0.002604186534881592,00111101100010001100100010111101,00111111100010001100100010111101,1,0.8641,0.8637,0.00039999999999995595,0.0,0.1019,0.4253,0.4253,799.9408569335938,0.10268705486059189,causal-margin-v2,2.0,0.5,0.0,0.484375,0.09375,0.0,-2.5354325771331787,-0.023161105811595917,2.5122714042663574,False,False
causal_target_9_feature_249_beta_2_lambda_0.001_seed_20260905,causal,249,9,2.0,0.001,20260905,0.06678912788629532,1.068626046180725,0.8463541865348816,0.8489583730697632,-0.002604186534881592,00111101100010001100100010111101,00111111100010001100100010111101,1,0.8641,0.8637,0.00039999999999995595,0.0002,0.1019,0.2931,0.29290000000000005,789.63427734375,0.12190723028182983,causal-margin-v2,2.0,0.5,0.0,0.3125,0.09375,0.0,-2.6765074729919434,-0.1692516803741455,2.507255792617798,False,False
causal_target_9_feature_249_beta_2_lambda_0.001_seed_20260906,causal,249,9,2.0,0.001,20260906,0.06678912788629532,1.068626046180725,0.8463541865348816,0.8489583730697632,-0.002604186534881592,00111101100010001100100010111101,00111111100010001100100010111101,1,0.8641,0.8637,0.00039999999999995595,0.0001,0.1019,0.1435,0.1434,767.1289672851562,0.1365723479986191,causal-margin-v2,2.0,0.5,0.0,0.15625,0.09375,0.0,-2.667886257171631,-0.37962889671325684,2.288257122039795,False,False
causal_target_9_feature_263_beta_2_lambda_0.001_seed_20260904,causal,263,9,2.0,0.001,20260904,0.10871587693691254,1.7394540309906006,0.8463541865348816,0.8502604365348816,-0.00390625,00111101110111101010011001101110,00111111110111101010011001101110,1,0.8641,0.8634,0.0007000000000000339,0.0,0.1042,0.8287,0.8287,639.2640380859375,0.19051798453330993,causal-margin-v2,2.0,0.5,0.0,0.859375,0.1015625,0.0,-2.9510364532470703,0.3449910879135132,3.296027421951294,False,False
causal_target_9_feature_263_beta_2_lambda_0.001_seed_20260905,causal,263,9,2.0,0.001,20260905,0.10871587693691254,1.7394540309906006,0.8463541865348816,0.8502604365348816,-0.00390625,00111101110111101010011001101110,00111111110111101010011001101110,1,0.8641,0.8634,0.0007000000000000339,0.0,0.1042,0.9148,0.9148,627.8530883789062,0.2136905138492584,causal-margin-v2,2.0,0.5,0.0,0.921875,0.1015625,0.0,-3.0590691566467285,0.5000914335250854,3.5591607093811035,True,True
causal_target_9_feature_263_beta_2_lambda_0.001_seed_20260906,causal,263,9,2.0,0.001,20260906,0.10871587693691254,1.7394540309906006,0.8463541865348816,0.8502604365348816,-0.00390625,00111101110111101010011001101110,00111111110111101010011001101110,1,0.8641,0.8634,0.0007000000000000339,0.0,0.1042,0.8115,0.8115,623.2752685546875,0.2133554429292679,causal-margin-v2,2.0,0.5,0.0,0.80859375,0.1015625,0.0,-2.9581987857818604,0.26253941655158997,3.220738410949707,False,False
causal_target_9_feature_265_beta_2_lambda_0.001_seed_20260904,causal,265,9,2.0,0.001,20260904,0.10462294518947601,1.6739671230316162,0.8463541865348816,0.8515625,-0.005208313465118408,00111101110101100100010010001110,00111111110101100100010010001110,1,0.8641,0.8635,0.0005999999999999339,0.0007,0.1035,0.699,0.6982999999999999,680.0235595703125,0.18694728004932404,causal-margin-v2,2.0,0.5,0.0,0.70703125,0.09765625,0.0,-2.805544376373291,0.1965944766998291,3.00213885307312,False,False
causal_target_9_feature_265_beta_2_lambda_0.001_seed_20260905,causal,265,9,2.0,0.001,20260905,0.10462294518947601,1.6739671230316162,0.8463541865348816,0.8515625,-0.005208313465118408,00111101110101100100010010001110,00111111110101100100010010001110,1,0.8641,0.8635,0.0005999999999999339,0.0,0.1035,0.6072,0.6072,644.4312744140625,0.20077995598316192,causal-margin-v2,2.0,0.5,0.0,0.55859375,0.09765625,0.0,-2.7948436737060547,0.08572441339492798,2.880568027496338,False,False
causal_target_9_feature_265_beta_2_lambda_0.001_seed_20260906,causal,265,9,2.0,0.001,20260906,0.10462294518947601,1.6739671230316162,0.8463541865348816,0.8515625,-0.005208313465118408,00111101110101100100010010001110,00111111110101100100010010001110,1,0.8641,0.8635,0.0005999999999999339,0.0001,0.1035,0.6757,0.6756,662.9649658203125,0.19976316051483153,causal-margin-v2,2.0,0.5,0.0,0.66015625,0.09765625,0.0,-2.8391358852386475,0.213306725025177,3.0524425506591797,False,False
causal_target_9_feature_268_beta_2_lambda_0.001_seed_20260904,causal,268,9,2.0,0.001,20260904,0.10846938192844391,1.7355101108551025,0.8463541865348816,0.8528646230697632,-0.006510436534881592,00111101110111100010010100110010,00111111110111100010010100110010,1,0.8641,0.8628,0.0012999999999999678,0.0,0.1056,0.778,0.778,637.0186157226562,0.2150543033361435,causal-margin-v2,2.0,0.5,0.0,0.79296875,0.1015625,0.0,-2.973296880722046,0.2969602346420288,3.270256996154785,False,False
causal_target_9_feature_268_beta_2_lambda_0.001_seed_20260905,causal,268,9,2.0,0.001,20260905,0.10846938192844391,1.7355101108551025,0.8463541865348816,0.8528646230697632,-0.006510436534881592,00111101110111100010010100110010,00111111110111100010010100110010,1,0.8641,0.8628,0.0012999999999999678,0.0,0.1056,0.7856,0.7856,633.5572509765625,0.2271228663921356,causal-margin-v2,2.0,0.5,0.0,0.74609375,0.1015625,0.0,-3.0883431434631348,0.31789112091064453,3.4062342643737793,False,False
causal_target_9_feature_268_beta_2_lambda_0.001_seed_20260906,causal,268,9,2.0,0.001,20260906,0.10846938192844391,1.7355101108551025,0.8463541865348816,0.8528646230697632,-0.006510436534881592,00111101110111100010010100110010,00111111110111100010010100110010,1,0.8641,0.8628,0.0012999999999999678,0.0003,0.1056,0.8188,0.8185,648.7264404296875,0.22046388137340545,causal-margin-v2,2.0,0.5,0.0,0.77734375,0.1015625,0.0,-2.927988052368164,0.41554534435272217,3.3435330390930176,False,False
causal_target_9_feature_284_beta_2_lambda_0.001_seed_20260904,causal,284,9,2.0,0.001,20260904,0.09424983710050583,1.5079973936080933,0.8463541865348816,0.84765625,-0.0013020634651184082,00111101110000010000011000001111,00111111110000010000011000001111,1,0.8641,0.8632,0.0009000000000000119,0.0,0.102,0.8486,0.8486,738.38671875,0.1301932714700699,causal-margin-v2,2.0,0.5,0.0,0.8125,0.09375,0.0,-2.308377265930176,0.28399670124053955,2.592373847961426,False,False
causal_target_9_feature_284_beta_2_lambda_0.001_seed_20260905,causal,284,9,2.0,0.001,20260905,0.09424983710050583,1.5079973936080933,0.8463541865348816,0.84765625,-0.0013020634651184082,00111101110000010000011000001111,00111111110000010000011000001111,1,0.8641,0.8632,0.0009000000000000119,0.0,0.102,0.3159,0.3159,726.5501098632812,0.13743677003383636,causal-margin-v2,2.0,0.5,0.0,0.32421875,0.09375,0.0,-2.714634418487549,-0.13062402606010437,2.584010362625122,False,False
causal_target_9_feature_284_beta_2_lambda_0.001_seed_20260906,causal,284,9,2.0,0.001,20260906,0.09424983710050583,1.5079973936080933,0.8463541865348816,0.84765625,-0.0013020634651184082,00111101110000010000011000001111,00111111110000010000011000001111,1,0.8641,0.8632,0.0009000000000000119,0.0,0.102,0.3058,0.3058,804.5166015625,0.09427058635950089,causal-margin-v2,2.0,0.5,0.0,0.30859375,0.09375,0.0,-2.662860870361328,-0.12660163640975952,2.536259651184082,False,False
causal_target_9_feature_290_beta_2_lambda_0.001_seed_20260904,causal,290,9,2.0,0.001,20260904,0.08795028924942017,1.4072046279907227,0.8463541865348816,0.8502604365348816,-0.00390625,00111101101101000001111101001000,00111111101101000001111101001000,1,0.8641,0.8637,0.00039999999999995595,0.0,0.1046,0.791,0.791,700.513427734375,0.15607164945602417,causal-margin-v2,2.0,0.5,0.0,0.73046875,0.09765625,-0.00390625,-3.0242257118225098,0.249326691031456,3.273552417755127,False,False
causal_target_9_feature_290_beta_2_lambda_0.001_seed_20260905,causal,290,9,2.0,0.001,20260905,0.08795028924942017,1.4072046279907227,0.8463541865348816,0.8502604365348816,-0.00390625,00111101101101000001111101001000,00111111101101000001111101001000,1,0.8641,0.8637,0.00039999999999995595,0.0,0.1046,0.6713,0.6713,652.21484375,0.1964312054872513,causal-margin-v2,2.0,0.5,0.0,0.640625,0.09765625,-0.00390625,-2.9533920288085938,0.14488092064857483,3.0982730388641357,False,False
causal_target_9_feature_290_beta_2_lambda_0.001_seed_20260906,causal,290,9,2.0,0.001,20260906,0.08795028924942017,1.4072046279907227,0.8463541865348816,0.8502604365348816,-0.00390625,00111101101101000001111101001000,00111111101101000001111101001000,1,0.8641,0.8637,0.00039999999999995595,0.0,0.1046,0.617,0.617,656.80859375,0.2019925332069397,causal-margin-v2,2.0,0.5,0.0,0.58984375,0.09765625,-0.00390625,-2.928102493286133,0.05822163075208664,2.986323833465576,False,False
causal_target_9_feature_291_beta_2_lambda_0.001_seed_20260904,causal,291,9,2.0,0.001,20260904,0.0674588605761528,1.0793417692184448,0.8463541865348816,0.8502604365348816,-0.00390625,00111101100010100010011111011111,00111111100010100010011111011111,1,0.8641,0.8639,0.00019999999999997797,0.0,0.103,0.0298,0.0298,590.6102294921875,0.2400313897371292,causal-margin-v2,2.0,0.5,0.0,0.05078125,0.09765625,-0.00390625,-2.397404670715332,-0.9066614508628845,1.4907433986663818,False,False
causal_target_9_feature_291_beta_2_lambda_0.001_seed_20260905,causal,291,9,2.0,0.001,20260905,0.0674588605761528,1.0793417692184448,0.8463541865348816,0.8502604365348816,-0.00390625,00111101100010100010011111011111,00111111100010100010011111011111,1,0.8641,0.8639,0.00019999999999997797,0.0014,0.103,0.011,0.0096,525.3590698242188,0.4132192922115326,causal-margin-v2,2.0,0.5,0.0,0.01953125,0.09765625,-0.00390625,-2.3026976585388184,-1.6840002536773682,0.6186974048614502,False,False
causal_target_9_feature_291_beta_2_lambda_0.001_seed_20260906,causal,291,9,2.0,0.001,20260906,0.0674588605761528,1.0793417692184448,0.8463541865348816,0.8502604365348816,-0.00390625,00111101100010100010011111011111,00111111100010100010011111011111,1,0.8641,0.8639,0.00019999999999997797,0.0,0.103,0.022,0.022,639.9448852539062,0.2121384046792984,causal-margin-v2,2.0,0.5,0.0,0.03125,0.09765625,-0.00390625,-2.5012130737304688,-0.9761227965354919,1.525090217590332,False,False
causal_target_9_feature_292_beta_2_lambda_0.001_seed_20260904,causal,292,9,2.0,0.001,20260904,0.07752417773008347,1.2403868436813354,0.8463541865348816,0.8502604365348816,-0.00390625,00111101100111101100010011111111,00111111100111101100010011111111,1,0.8641,0.8642,-9.999999999998899e-05,0.0,0.1026,0.3076,0.3076,765.1408081054688,0.12130345737934113,causal-margin-v2,2.0,0.5,0.0,0.3359375,0.1015625,0.0,-2.5863680839538574,-0.14548549056053162,2.440882682800293,False,False
causal_target_9_feature_292_beta_2_lambda_0.001_seed_20260905,causal,292,9,2.0,0.001,20260905,0.07752417773008347,1.2403868436813354,0.8463541865348816,0.8502604365348816,-0.00390625,00111101100111101100010011111111,00111111100111101100010011111111,1,0.8641,0.8642,-9.999999999998899e-05,0.0,0.1026,0.3729,0.3729,736.4733276367188,0.13570234317779542,causal-margin-v2,2.0,0.5,0.0,0.3671875,0.1015625,0.0,-2.6172990798950195,-0.1676432341337204,2.4496560096740723,False,False
causal_target_9_feature_292_beta_2_lambda_0.001_seed_20260906,causal,292,9,2.0,0.001,20260906,0.07752417773008347,1.2403868436813354,0.8463541865348816,0.8502604365348816,-0.00390625,00111101100111101100010011111111,00111111100111101100010011111111,1,0.8641,0.8642,-9.999999999998899e-05,0.0,0.1026,0.1912,0.1912,759.7469482421875,0.12269064593315125,causal-margin-v2,2.0,0.5,0.0,0.22265625,0.1015625,0.0,-2.6876189708709717,-0.22953368723392487,2.458085536956787,False,False
causal_target_9_feature_307_beta_2_lambda_0.001_seed_20260904,causal,307,9,2.0,0.001,20260904,0.08105556666851044,1.296889066696167,0.8463541865348816,0.8502604365348816,-0.00390625,00111101101001100000000001110110,00111111101001100000000001110110,1,0.8641,0.8636,0.0004999999999999449,0.0,0.1033,0.0444,0.0444,673.9373779296875,0.17245137660503387,causal-margin-v2,2.0,0.5,0.0,0.05859375,0.09765625,-0.00390625,-2.4492568969726562,-0.7090626955032349,1.740194320678711,False,False
causal_target_9_feature_307_beta_2_lambda_0.001_seed_20260905,causal,307,9,2.0,0.001,20260905,0.08105556666851044,1.296889066696167,0.8463541865348816,0.8502604365348816,-0.00390625,00111101101001100000000001110110,00111111101001100000000001110110,1,0.8641,0.8636,0.0004999999999999449,0.0,0.1033,0.0122,0.0122,610.4718017578125,0.21782339384555816,causal-margin-v2,2.0,0.5,0.0,0.02734375,0.09765625,-0.00390625,-2.409874200820923,-0.9418622255325317,1.4680119752883911,False,False
causal_target_9_feature_307_beta_2_lambda_0.001_seed_20260906,causal,307,9,2.0,0.001,20260906,0.08105556666851044,1.296889066696167,0.8463541865348816,0.8502604365348816,-0.00390625,00111101101001100000000001110110,00111111101001100000000001110110,1,0.8641,0.8636,0.0004999999999999449,0.0005,0.1033,0.0605,0.06,597.8363037109375,0.25963284831047057,causal-margin-v2,2.0,0.5,0.0,0.07421875,0.09765625,-0.00390625,-2.370234489440918,-0.9779661893844604,1.392268419265747,False,False
causal_target_9_feature_311_beta_2_lambda_0.001_seed_20260904,causal,311,9,2.0,0.001,20260904,0.09680302441120148,1.5488483905792236,0.8463541865348816,0.8489583730697632,-0.002604186534881592,00111101110001100100000010101010,00111111110001100100000010101010,1,0.8641,0.8632,0.0009000000000000119,0.0,0.1032,0.735,0.735,678.6090698242188,0.16779992883205413,causal-margin-v2,2.0,0.5,0.0,0.73046875,0.09765625,0.00390625,-3.000659465789795,0.19399216771125793,3.1946518421173096,False,False
causal_target_9_feature_311_beta_2_lambda_0.001_seed_20260905,causal,311,9,2.0,0.001,20260905,0.09680302441120148,1.5488483905792236,0.8463541865348816,0.8489583730697632,-0.002604186534881592,00111101110001100100000010101010,00111111110001100100000010101010,1,0.8641,0.8632,0.0009000000000000119,0.0,0.1032,0.8444,0.8444,669.0696411132812,0.1731383410692215,causal-margin-v2,2.0,0.5,0.0,0.82421875,0.09765625,0.00390625,-3.068711042404175,0.3471713066101074,3.4158825874328613,False,False
causal_target_9_feature_311_beta_2_lambda_0.001_seed_20260906,causal,311,9,2.0,0.001,20260906,0.09680302441120148,1.5488483905792236,0.8463541865348816,0.8489583730697632,-0.002604186534881592,00111101110001100100000010101010,00111111110001100100000010101010,1,0.8641,0.8632,0.0009000000000000119,0.0,0.1032,0.6194,0.6194,670.5374755859375,0.18948961038589476,causal-margin-v2,2.0,0.5,0.0,0.58203125,0.09765625,0.00390625,-2.8994345664978027,0.06753163784742355,2.966966152191162,False,False
causal_target_9_feature_326_beta_2_lambda_0.001_seed_20260904,causal,326,9,2.0,0.001,20260904,0.07505124062299728,1.2008198499679565,0.8463541865348816,0.8502604365348816,-0.00390625,00111101100110011011010001110111,00111111100110011011010001110111,1,0.8641,0.8633,0.0008000000000000229,0.0,0.1042,0.0197,0.0197,649.598876953125,0.21834128181934356,causal-margin-v2,2.0,0.5,0.0,0.0390625,0.09765625,-0.00390625,-2.5213606357574463,-0.7087323665618896,1.8126282691955566,False,False
causal_target_9_feature_326_beta_2_lambda_0.001_seed_20260905,causal,326,9,2.0,0.001,20260905,0.07505124062299728,1.2008198499679565,0.8463541865348816,0.8502604365348816,-0.00390625,00111101100110011011010001110111,00111111100110011011010001110111,1,0.8641,0.8633,0.0008000000000000229,0.0,0.1042,0.1014,0.1014,794.9732666015625,0.10540070695877075,causal-margin-v2,2.0,0.5,0.0,0.12890625,0.09765625,-0.00390625,-2.7041454315185547,-0.27915942668914795,2.4249861240386963,False,False
causal_target_9_feature_326_beta_2_lambda_0.001_seed_20260906,causal,326,9,2.0,0.001,20260906,0.07505124062299728,1.2008198499679565,0.8463541865348816,0.8502604365348816,-0.00390625,00111101100110011011010001110111,00111111100110011011010001110111,1,0.8641,0.8633,0.0008000000000000229,0.0,0.1042,0.0625,0.0625,768.7783813476562,0.126811066198349,causal-margin-v2,2.0,0.5,0.0,0.0703125,0.09765625,-0.00390625,-2.6727023124694824,-0.4345296621322632,2.238172769546509,False,False
causal_target_9_feature_333_beta_2_lambda_0.001_seed_20260904,causal,333,9,2.0,0.001,20260904,0.08505745977163315,1.3609193563461304,0.8463541865348816,0.8489583730697632,-0.002604186534881592,00111101101011100011001010011011,00111111101011100011001010011011,1,0.8641,0.8632,0.0009000000000000119,0.0,0.1033,0.9574,0.9574,607.3182373046875,0.21075014092922212,causal-margin-v2,2.0,0.5,0.0,0.953125,0.09375,0.0,-3.3512725830078125,0.7402671575546265,4.091540336608887,True,True
causal_target_9_feature_333_beta_2_lambda_0.001_seed_20260905,causal,333,9,2.0,0.001,20260905,0.08505745977163315,1.3609193563461304,0.8463541865348816,0.8489583730697632,-0.002604186534881592,00111101101011100011001010011011,00111111101011100011001010011011,1,0.8641,0.8632,0.0009000000000000119,0.0,0.1033,0.9816,0.9816,619.6100463867188,0.2154288186311722,causal-margin-v2,2.0,0.5,0.0,0.9765625,0.09375,0.0,-3.530393600463867,1.1223071813583374,4.652700424194336,True,True
causal_target_9_feature_333_beta_2_lambda_0.001_seed_20260906,causal,333,9,2.0,0.001,20260906,0.08505745977163315,1.3609193563461304,0.8463541865348816,0.8489583730697632,-0.002604186534881592,00111101101011100011001010011011,00111111101011100011001010011011,1,0.8641,0.8632,0.0009000000000000119,0.0,0.1033,0.9835,0.9835,626.1378173828125,0.20718018538951874,causal-margin-v2,2.0,0.5,0.0,0.9921875,0.09375,0.0,-3.446746349334717,0.9568356871604919,4.403582572937012,True,True
causal_target_9_feature_337_beta_2_lambda_0.001_seed_20260904,causal,337,9,2.0,0.001,20260904,0.09871219098567963,1.579395055770874,0.8463541865348816,0.8502604365348816,-0.00390625,00111101110010100010100110011110,00111111110010100010100110011110,1,0.8641,0.862,0.0020999999999999908,0.0,0.106,0.6794,0.6794,654.0726318359375,0.1879132889509201,causal-margin-v2,2.0,0.5,0.0,0.6796875,0.1015625,0.0,-2.9052529335021973,0.1532319337129593,3.0584850311279297,False,False
causal_target_9_feature_337_beta_2_lambda_0.001_seed_20260905,causal,337,9,2.0,0.001,20260905,0.09871219098567963,1.579395055770874,0.8463541865348816,0.8502604365348816,-0.00390625,00111101110010100010100110011110,00111111110010100010100110011110,1,0.8641,0.862,0.0020999999999999908,0.0,0.106,0.5591,0.5591,681.9685668945312,0.18760004348754883,causal-margin-v2,2.0,0.5,0.0,0.52734375,0.1015625,0.0,-2.8519415855407715,0.026451807469129562,2.8783934116363525,False,False
causal_target_9_feature_337_beta_2_lambda_0.001_seed_20260906,causal,337,9,2.0,0.001,20260906,0.09871219098567963,1.579395055770874,0.8463541865348816,0.8502604365348816,-0.00390625,00111101110010100010100110011110,00111111110010100010100110011110,1,0.8641,0.862,0.0020999999999999908,0.0,0.106,0.4598,0.4598,643.912841796875,0.23639263339042663,causal-margin-v2,2.0,0.5,0.0,0.4453125,0.1015625,0.0,-2.7658095359802246,-0.08727090060710907,2.6785387992858887,False,False
causal_target_9_feature_341_beta_2_lambda_0.001_seed_20260904,causal,341,9,2.0,0.001,20260904,0.11055392026901245,1.7688627243041992,0.8463541865348816,0.8502604365348816,-0.00390625,00111101111000100110101000011000,00111111111000100110101000011000,1,0.8641,0.8632,0.0009000000000000119,0.0,0.1039,0.9831,0.9831,663.6036376953125,0.17866046016216278,causal-margin-v2,2.0,0.5,0.0,0.98046875,0.09765625,-0.00390625,-3.285776138305664,0.7605465650558472,4.046322822570801,True,True
causal_target_9_feature_341_beta_2_lambda_0.001_seed_20260905,causal,341,9,2.0,0.001,20260905,0.11055392026901245,1.7688627243041992,0.8463541865348816,0.8502604365348816,-0.00390625,00111101111000100110101000011000,00111111111000100110101000011000,1,0.8641,0.8632,0.0009000000000000119,0.0,0.1039,0.9867,0.9867,661.063232421875,0.18765434596538544,causal-margin-v2,2.0,0.5,0.0,0.99609375,0.09765625,-0.00390625,-3.2747485637664795,0.7872008085250854,4.061949729919434,True,True
causal_target_9_feature_341_beta_2_lambda_0.001_seed_20260906,causal,341,9,2.0,0.001,20260906,0.11055392026901245,1.7688627243041992,0.8463541865348816,0.8502604365348816,-0.00390625,00111101111000100110101000011000,00111111111000100110101000011000,1,0.8641,0.8632,0.0009000000000000119,0.0,0.1039,0.9013,0.9013,679.1559448242188,0.18582150166034697,causal-margin-v2,2.0,0.5,0.0,0.89453125,0.09765625,-0.00390625,-3.088996410369873,0.5472700595855713,3.6362667083740234,True,False
causal_target_9_feature_342_beta_2_lambda_0.001_seed_20260904,causal,342,9,2.0,0.001,20260904,0.06991034746170044,1.118565559387207,0.8463541865348816,0.8489583730697632,-0.002604186534881592,00111101100011110010110100101000,00111111100011110010110100101000,1,0.8641,0.8639,0.00019999999999997797,0.0,0.1025,0.0059,0.0059,541.2012939453125,0.28490727005004884,causal-margin-v2,2.0,0.5,0.0,0.0078125,0.09765625,-0.00390625,-2.3046088218688965,-1.218867301940918,1.0857415199279785,False,False
causal_target_9_feature_342_beta_2_lambda_0.001_seed_20260905,causal,342,9,2.0,0.001,20260905,0.06991034746170044,1.118565559387207,0.8463541865348816,0.8489583730697632,-0.002604186534881592,00111101100011110010110100101000,00111111100011110010110100101000,1,0.8641,0.8639,0.00019999999999997797,0.0003,0.1025,0.004,0.0037,528.3645629882812,0.3070545729637146,causal-margin-v2,2.0,0.5,0.0,0.015625,0.09765625,-0.00390625,-2.217679500579834,-1.4409164190292358,0.7767629623413086,False,False
causal_target_9_feature_342_beta_2_lambda_0.001_seed_20260906,causal,342,9,2.0,0.001,20260906,0.06991034746170044,1.118565559387207,0.8463541865348816,0.8489583730697632,-0.002604186534881592,00111101100011110010110100101000,00111111100011110010110100101000,1,0.8641,0.8639,0.00019999999999997797,0.0015,0.1025,0.0102,0.008700000000000001,524.8713989257812,0.4036732068538666,causal-margin-v2,2.0,0.5,0.0,0.01953125,0.09765625,-0.00390625,-2.195463180541992,-1.6571630239486694,0.538300096988678,False,False
causal_target_9_feature_344_beta_2_lambda_0.001_seed_20260904,causal,344,9,2.0,0.001,20260904,0.0704268142580986,1.1268290281295776,0.8463541865348816,0.8489583730697632,-0.002604186534881592,00111101100100000011101111101111,00111111100100000011101111101111,1,0.8641,0.8636,0.0004999999999999449,0.0046,0.1027,0.0219,0.0173,436.8338928222656,0.4195262959957123,causal-margin-v2,2.0,0.5,0.0,0.02734375,0.09765625,-0.00390625,-2.3338851928710938,-1.6081868410110474,0.7256983518600464,False,False
causal_target_9_feature_344_beta_2_lambda_0.001_seed_20260905,causal,344,9,2.0,0.001,20260905,0.0704268142580986,1.1268290281295776,0.8463541865348816,0.8489583730697632,-0.002604186534881592,00111101100100000011101111101111,00111111100100000011101111101111,1,0.8641,0.8636,0.0004999999999999449,0.0012,0.1027,0.0167,0.0155,520.4716186523438,0.3381902859210968,causal-margin-v2,2.0,0.5,0.0,0.03515625,0.09765625,-0.00390625,-2.138411521911621,-1.3588922023773193,0.7795190811157227,False,False
causal_target_9_feature_344_beta_2_lambda_0.001_seed_20260906,causal,344,9,2.0,0.001,20260906,0.0704268142580986,1.1268290281295776,0.8463541865348816,0.8489583730697632,-0.002604186534881592,00111101100100000011101111101111,00111111100100000011101111101111,1,0.8641,0.8636,0.0004999999999999449,0.0113,0.1027,0.0376,0.026300000000000004,509.62481689453125,0.40996604776382445,causal-margin-v2,2.0,0.5,0.02734375,0.0703125,0.09765625,-0.00390625,-2.1075940132141113,-1.516512155532837,0.5910817980766296,False,False
causal_target_9_feature_350_beta_2_lambda_0.001_seed_20260904,causal,350,9,2.0,0.001,20260904,0.07405249029397964,1.1848398447036743,0.8463541865348816,0.8489583730697632,-0.002604186534881592,00111101100101111010100011010101,00111111100101111010100011010101,1,0.8641,0.8633,0.0008000000000000229,0.0,0.1033,0.0476,0.0476,708.2340087890625,0.15060843942165375,causal-margin-v2,2.0,0.5,0.0,0.078125,0.09765625,-0.00390625,-2.551907777786255,-0.614801287651062,1.9371066093444824,False,False
causal_target_9_feature_350_beta_2_lambda_0.001_seed_20260905,causal,350,9,2.0,0.001,20260905,0.07405249029397964,1.1848398447036743,0.8463541865348816,0.8489583730697632,-0.002604186534881592,00111101100101111010100011010101,00111111100101111010100011010101,1,0.8641,0.8633,0.0008000000000000229,0.0,0.1033,0.0355,0.0355,589.1019897460938,0.27360855598449707,causal-margin-v2,2.0,0.5,0.0,0.02734375,0.09765625,-0.00390625,-2.4115562438964844,-0.9981771111488342,1.413379192352295,False,False
causal_target_9_feature_350_beta_2_lambda_0.001_seed_20260906,causal,350,9,2.0,0.001,20260906,0.07405249029397964,1.1848398447036743,0.8463541865348816,0.8489583730697632,-0.002604186534881592,00111101100101111010100011010101,00111111100101111010100011010101,1,0.8641,0.8633,0.0008000000000000229,0.0078,0.1033,0.0311,0.0233,540.2505493164062,0.3992671799659729,causal-margin-v2,2.0,0.5,0.015625,0.0625,0.09765625,-0.00390625,-2.3011796474456787,-1.6472601890563965,0.6539195775985718,False,False
causal_target_9_feature_351_beta_2_lambda_0.001_seed_20260904,causal,351,9,2.0,0.001,20260904,0.005563297308981419,1.4242041110992432,0.8463541865348816,0.8463541865348816,0.0,00111011101101100100110001010010,00111111101101100100110001010010,1,0.8641,0.8643,-0.00019999999999997797,0.0,0.0999,0.9158,0.9158,664.9021606445312,0.1608131408929825,causal-margin-v2,2.0,0.5,0.0,0.9140625,0.09375,0.0,-3.097080707550049,0.42437857389450073,3.5214595794677734,True,True
causal_target_9_feature_351_beta_2_lambda_0.001_seed_20260905,causal,351,9,2.0,0.001,20260905,0.005563297308981419,1.4242041110992432,0.8463541865348816,0.8463541865348816,0.0,00111011101101100100110001010010,00111111101101100100110001010010,1,0.8641,0.8643,-0.00019999999999997797,0.0,0.0999,0.8743,0.8743,651.8551025390625,0.17734411551952362,causal-margin-v2,2.0,0.5,0.0,0.875,0.09375,0.0,-3.1504082679748535,0.3642803728580475,3.514688730239868,False,False
causal_target_9_feature_351_beta_2_lambda_0.001_seed_20260906,causal,351,9,2.0,0.001,20260906,0.005563297308981419,1.4242041110992432,0.8463541865348816,0.8463541865348816,0.0,00111011101101100100110001010010,00111111101101100100110001010010,1,0.8641,0.8643,-0.00019999999999997797,0.0,0.0999,0.8486,0.8486,677.0800170898438,0.16517278833389282,causal-margin-v2,2.0,0.5,0.0,0.87109375,0.09375,0.0,-3.0885820388793945,0.3663828372955322,3.4549648761749268,False,False
causal_target_9_feature_361_beta_2_lambda_0.001_seed_20260904,causal,361,9,2.0,0.001,20260904,0.06400681287050247,1.0241090059280396,0.8463541865348816,0.8489583730697632,-0.002604186534881592,00111101100000110001011000000001,00111111100000110001011000000001,1,0.8641,0.8638,0.00029999999999996696,0.0,0.1023,0.0436,0.0436,809.775146484375,0.10007448527812958,causal-margin-v2,2.0,0.5,0.0,0.0546875,0.09375,0.0,-2.6990370750427246,-0.42841196060180664,2.270625114440918,False,False
causal_target_9_feature_361_beta_2_lambda_0.001_seed_20260905,causal,361,9,2.0,0.001,20260905,0.06400681287050247,1.0241090059280396,0.8463541865348816,0.8489583730697632,-0.002604186534881592,00111101100000110001011000000001,00111111100000110001011000000001,1,0.8641,0.8638,0.00029999999999996696,0.0012,0.1023,0.0598,0.0586,590.0580444335938,0.31707806296348573,causal-margin-v2,2.0,0.5,0.00390625,0.09375,0.09375,0.0,-2.37408447265625,-0.9879376292228699,1.3861467838287354,False,False
causal_target_9_feature_361_beta_2_lambda_0.001_seed_20260906,causal,361,9,2.0,0.001,20260906,0.06400681287050247,1.0241090059280396,0.8463541865348816,0.8489583730697632,-0.002604186534881592,00111101100000110001011000000001,00111111100000110001011000000001,1,0.8641,0.8638,0.00029999999999996696,0.0,0.1023,0.1491,0.1491,791.80224609375,0.10701549787521362,causal-margin-v2,2.0,0.5,0.0,0.12890625,0.09375,0.0,-2.7332100868225098,-0.2666020393371582,2.4666080474853516,False,False
causal_target_9_feature_376_beta_2_lambda_0.001_seed_20260904,causal,376,9,2.0,0.001,20260904,0.0733523964881897,1.1736383438110352,0.8463541865348816,0.8502604365348816,-0.00390625,00111101100101100011100111001000,00111111100101100011100111001000,1,0.8641,0.8633,0.0008000000000000229,0.0,0.1043,0.167,0.167,812.5856323242188,0.09304096001386643,causal-margin-v2,2.0,0.5,0.0,0.140625,0.1015625,0.0,-2.7650983333587646,-0.2663174271583557,2.4987807273864746,False,False
causal_target_9_feature_376_beta_2_lambda_0.001_seed_20260905,causal,376,9,2.0,0.001,20260905,0.0733523964881897,1.1736383438110352,0.8463541865348816,0.8502604365348816,-0.00390625,00111101100101100011100111001000,00111111100101100011100111001000,1,0.8641,0.8633,0.0008000000000000229,0.0,0.1043,0.2324,0.2324,733.6519165039062,0.14202620124816895,causal-margin-v2,2.0,0.5,0.0,0.2265625,0.1015625,0.0,-2.7690792083740234,-0.22975201904773712,2.5393271446228027,False,False
causal_target_9_feature_376_beta_2_lambda_0.001_seed_20260906,causal,376,9,2.0,0.001,20260906,0.0733523964881897,1.1736383438110352,0.8463541865348816,0.8502604365348816,-0.00390625,00111101100101100011100111001000,00111111100101100011100111001000,1,0.8641,0.8633,0.0008000000000000229,0.0,0.1043,0.3977,0.3977,687.0391845703125,0.17340943915843965,causal-margin-v2,2.0,0.5,0.0,0.37890625,0.1015625,0.0,-2.829730987548828,-0.14139428734779358,2.6883368492126465,False,False
causal_target_9_feature_378_beta_2_lambda_0.001_seed_20260904,causal,378,9,2.0,0.001,20260904,0.005997633561491966,1.5353941917419434,0.8463541865348816,0.8463541865348816,0.0,00111011110001001000011111001100,00111111110001001000011111001100,1,0.8641,0.8636,0.0004999999999999449,0.0002,0.101,0.0148,0.0146,632.9411010742188,0.19191297631263732,causal-margin-v2,2.0,0.5,0.0,0.02734375,0.09375,0.0,-2.4756298065185547,-1.1066901683807373,1.3689396381378174,False,False
causal_target_9_feature_378_beta_2_lambda_0.001_seed_20260905,causal,378,9,2.0,0.001,20260905,0.005997633561491966,1.5353941917419434,0.8463541865348816,0.8463541865348816,0.0,00111011110001001000011111001100,00111111110001001000011111001100,1,0.8641,0.8636,0.0004999999999999449,0.0004,0.101,0.0172,0.0168,570.3642578125,0.3048233700275421,causal-margin-v2,2.0,0.5,0.0,0.0234375,0.09375,0.0,-2.422718048095703,-1.375975489616394,1.0467426776885986,False,False
causal_target_9_feature_378_beta_2_lambda_0.001_seed_20260906,causal,378,9,2.0,0.001,20260906,0.005997633561491966,1.5353941917419434,0.8463541865348816,0.8463541865348816,0.0,00111011110001001000011111001100,00111111110001001000011111001100,1,0.8641,0.8636,0.0004999999999999449,0.0059,0.101,0.0516,0.0457,591.1170654296875,0.2855893132209778,causal-margin-v2,2.0,0.5,0.00390625,0.06640625,0.09375,0.0,-2.3953545093536377,-1.295907974243164,1.0994467735290527,False,False
causal_target_9_feature_380_beta_2_lambda_0.001_seed_20260904,causal,380,9,2.0,0.001,20260904,0.09834454953670502,1.5735127925872803,0.8463541865348816,0.8489583730697632,-0.002604186534881592,00111101110010010110100011011110,00111111110010010110100011011110,1,0.8641,0.8625,0.0015999999999999348,0.0,0.1056,0.4457,0.4457,619.5092163085938,0.22136274778842926,causal-margin-v2,2.0,0.5,0.0,0.46875,0.1015625,0.0,-2.8634791374206543,-0.09950799494981766,2.7639708518981934,False,False
causal_target_9_feature_380_beta_2_lambda_0.001_seed_20260905,causal,380,9,2.0,0.001,20260905,0.09834454953670502,1.5735127925872803,0.8463541865348816,0.8489583730697632,-0.002604186534881592,00111101110010010110100011011110,00111111110010010110100011011110,1,0.8641,0.8625,0.0015999999999999348,0.0,0.1056,0.362,0.362,692.4124755859375,0.19021213309764862,causal-margin-v2,2.0,0.5,0.0,0.36328125,0.1015625,0.0,-2.7647550106048584,-0.13621489703655243,2.6285400390625,False,False
causal_target_9_feature_380_beta_2_lambda_0.001_seed_20260906,causal,380,9,2.0,0.001,20260906,0.09834454953670502,1.5735127925872803,0.8463541865348816,0.8489583730697632,-0.002604186534881592,00111101110010010110100011011110,00111111110010010110100011011110,1,0.8641,0.8625,0.0015999999999999348,0.0,0.1056,0.4477,0.4477,639.926025390625,0.2222027545452118,causal-margin-v2,2.0,0.5,0.0,0.4453125,0.1015625,0.0,-2.787949800491333,-0.06768721342086792,2.7202625274658203,False,False
causal_target_9_feature_386_beta_2_lambda_0.001_seed_20260904,causal,386,9,2.0,0.001,20260904,0.07035498321056366,1.1256797313690186,0.8463541865348816,0.8502604365348816,-0.00390625,00111101100100000001011001000110,00111111100100000001011001000110,1,0.8641,0.8637,0.00039999999999995595,0.0013,0.1028,0.0266,0.0253,533.5578002929688,0.28450963764190673,causal-margin-v2,2.0,0.5,0.0,0.05078125,0.09765625,-0.00390625,-2.3281373977661133,-1.288121223449707,1.0400162935256958,False,False
causal_target_9_feature_386_beta_2_lambda_0.001_seed_20260905,causal,386,9,2.0,0.001,20260905,0.07035498321056366,1.1256797313690186,0.8463541865348816,0.8502604365348816,-0.00390625,00111101100100000001011001000110,00111111100100000001011001000110,1,0.8641,0.8637,0.00039999999999995595,0.0016,0.1028,0.0123,0.0107,535.2328491210938,0.3867632767677307,causal-margin-v2,2.0,0.5,0.0078125,0.02734375,0.09765625,-0.00390625,-2.2094874382019043,-1.5759994983673096,0.6334880590438843,False,False
causal_target_9_feature_386_beta_2_lambda_0.001_seed_20260906,causal,386,9,2.0,0.001,20260906,0.07035498321056366,1.1256797313690186,0.8463541865348816,0.8502604365348816,-0.00390625,00111101100100000001011001000110,00111111100100000001011001000110,1,0.8641,0.8637,0.00039999999999995595,0.0068,0.1028,0.0254,0.0186,537.843017578125,0.391796434545517,causal-margin-v2,2.0,0.5,0.015625,0.0625,0.09765625,-0.00390625,-2.259103536605835,-1.6776686906814575,0.5814349055290222,False,False
causal_target_9_feature_394_beta_2_lambda_0.001_seed_20260904,causal,394,9,2.0,0.001,20260904,0.08393619954586029,1.3429791927337646,0.8463541865348816,0.8489583730697632,-0.002604186534881592,00111101101010111110011010111110,00111111101010111110011010111110,1,0.8641,0.8635,0.0005999999999999339,0.0,0.1019,0.5727,0.5727,682.2612915039062,0.1657919000148773,causal-margin-v2,2.0,0.5,0.0,0.578125,0.09765625,0.00390625,-2.7966227531433105,0.057301443070173264,2.853923797607422,False,False
causal_target_9_feature_394_beta_2_lambda_0.001_seed_20260905,causal,394,9,2.0,0.001,20260905,0.08393619954586029,1.3429791927337646,0.8463541865348816,0.8489583730697632,-0.002604186534881592,00111101101010111110011010111110,00111111101010111110011010111110,1,0.8641,0.8635,0.0005999999999999339,0.0,0.1019,0.4143,0.4143,654.9938354492188,0.1936168489933014,causal-margin-v2,2.0,0.5,0.0,0.375,0.09765625,0.00390625,-2.77136492729187,-0.06906907260417938,2.7022957801818848,False,False
causal_target_9_feature_394_beta_2_lambda_0.001_seed_20260906,causal,394,9,2.0,0.001,20260906,0.08393619954586029,1.3429791927337646,0.8463541865348816,0.8489583730697632,-0.002604186534881592,00111101101010111110011010111110,00111111101010111110011010111110,1,0.8641,0.8635,0.0005999999999999339,0.0,0.1019,0.3833,0.3833,686.5869750976562,0.1792485055208206,causal-margin-v2,2.0,0.5,0.0,0.4140625,0.09765625,0.00390625,-2.7520864009857178,-0.0635286420583725,2.6885581016540527,False,False
causal_target_9_feature_398_beta_2_lambda_0.001_seed_20260904,causal,398,9,2.0,0.001,20260904,0.006623752880841494,1.6956807374954224,0.8463541865348816,0.84765625,-0.0013020634651184082,00111011110110010000110000010001,00111111110110010000110000010001,1,0.8641,0.8638,0.00029999999999996696,0.0004,0.1012,0.0695,0.06910000000000001,624.341064453125,0.26265862312316895,causal-margin-v2,2.0,0.5,0.00390625,0.0859375,0.09375,0.0,-2.434905529022217,-0.7414687871932983,1.693436622619629,False,False
causal_target_9_feature_398_beta_2_lambda_0.001_seed_20260905,causal,398,9,2.0,0.001,20260905,0.006623752880841494,1.6956807374954224,0.8463541865348816,0.84765625,-0.0013020634651184082,00111011110110010000110000010001,00111111110110010000110000010001,1,0.8641,0.8638,0.00029999999999996696,0.0201,0.1012,0.0406,0.020499999999999997,519.9009399414062,0.42780689563751223,causal-margin-v2,2.0,0.5,0.02734375,0.0546875,0.09375,0.0,-2.3282151222229004,-1.8762660026550293,0.45194894075393677,False,False
causal_target_9_feature_398_beta_2_lambda_0.001_seed_20260906,causal,398,9,2.0,0.001,20260906,0.006623752880841494,1.6956807374954224,0.8463541865348816,0.84765625,-0.0013020634651184082,00111011110110010000110000010001,00111111110110010000110000010001,1,0.8641,0.8638,0.00029999999999996696,0.0,0.1012,0.1447,0.1447,807.9437866210938,0.09677241796255112,causal-margin-v2,2.0,0.5,0.0,0.13671875,0.09375,0.0,-2.7780094146728516,-0.27760523557662964,2.500403881072998,False,False
causal_target_9_feature_399_beta_2_lambda_0.001_seed_20260904,causal,399,9,2.0,0.001,20260904,0.004223427269607782,1.0811973810195923,0.8463541865348816,0.8463541865348816,0.0,00111011100010100110010010101101,00111111100010100110010010101101,1,0.8641,0.8633,0.0008000000000000229,0.0,0.1015,0.009,0.009,565.841552734375,0.2791286982059479,causal-margin-v2,2.0,0.5,0.0,0.01171875,0.09375,0.0,-2.4472503662109375,-1.277714490890503,1.1695358753204346,False,False
causal_target_9_feature_399_beta_2_lambda_0.001_seed_20260905,causal,399,9,2.0,0.001,20260905,0.004223427269607782,1.0811973810195923,0.8463541865348816,0.8463541865348816,0.0,00111011100010100110010010101101,00111111100010100110010010101101,1,0.8641,0.8633,0.0008000000000000229,0.0029,0.1015,0.0058,0.0029,523.052490234375,0.42515250873565674,causal-margin-v2,2.0,0.5,0.0,0.015625,0.09375,0.0,-2.458144187927246,-2.200667381286621,0.25747689604759216,False,False
causal_target_9_feature_399_beta_2_lambda_0.001_seed_20260906,causal,399,9,2.0,0.001,20260906,0.004223427269607782,1.0811973810195923,0.8463541865348816,0.8463541865348816,0.0,00111011100010100110010010101101,00111111100010100110010010101101,1,0.8641,0.8633,0.0008000000000000229,0.0006,0.1015,0.0045,0.0039,536.4806518554688,0.38721259074211123,causal-margin-v2,2.0,0.5,0.0,0.01171875,0.09375,0.0,-2.4675374031066895,-1.8317323923110962,0.6358049511909485,False,False
causal_target_9_feature_405_beta_2_lambda_0.001_seed_20260904,causal,405,9,2.0,0.001,20260904,0.09001903980970383,1.4403046369552612,0.8463541865348816,0.8489583730697632,-0.002604186534881592,00111101101110000101101111100111,00111111101110000101101111100111,1,0.8641,0.8633,0.0008000000000000229,0.0,0.1041,0.7724,0.7724,682.4527587890625,0.16202793807983398,causal-margin-v2,2.0,0.5,0.0,0.73046875,0.09765625,-0.00390625,-3.0672178268432617,0.24485071003437042,3.312068462371826,False,False
causal_target_9_feature_405_beta_2_lambda_0.001_seed_20260905,causal,405,9,2.0,0.001,20260905,0.09001903980970383,1.4403046369552612,0.8463541865348816,0.8489583730697632,-0.002604186534881592,00111101101110000101101111100111,00111111101110000101101111100111,1,0.8641,0.8633,0.0008000000000000229,0.0,0.1041,0.7169,0.7169,662.9270629882812,0.18256204664707185,causal-margin-v2,2.0,0.5,0.0,0.6953125,0.09765625,-0.00390625,-3.000425338745117,0.19525381922721863,3.195679187774658,False,False
causal_target_9_feature_405_beta_2_lambda_0.001_seed_20260906,causal,405,9,2.0,0.001,20260906,0.09001903980970383,1.4403046369552612,0.8463541865348816,0.8489583730697632,-0.002604186534881592,00111101101110000101101111100111,00111111101110000101101111100111,1,0.8641,0.8633,0.0008000000000000229,0.0,0.1041,0.9269,0.9269,673.58984375,0.17955893683433533,causal-margin-v2,2.0,0.5,0.0,0.9140625,0.09765625,-0.00390625,-3.3489861488342285,0.6010666489601135,3.9500527381896973,True,True
causal_target_9_feature_410_beta_2_lambda_0.001_seed_20260904,causal,410,9,2.0,0.001,20260904,0.006991473957896233,1.7898173332214355,0.8463541865348816,0.84765625,-0.0013020634651184082,00111011111001010001100010111100,00111111111001010001100010111100,1,0.8641,0.8635,0.0005999999999999339,0.0,0.1005,0.8601,0.8601,597.7954711914062,0.23989165594577788,causal-margin-v2,2.0,0.5,0.0,0.86328125,0.09375,0.0,-3.225111961364746,0.4279230535030365,3.6530351638793945,False,False
causal_target_9_feature_410_beta_2_lambda_0.001_seed_20260905,causal,410,9,2.0,0.001,20260905,0.006991473957896233,1.7898173332214355,0.8463541865348816,0.84765625,-0.0013020634651184082,00111011111001010001100010111100,00111111111001010001100010111100,1,0.8641,0.8635,0.0005999999999999339,0.0,0.1005,0.7573,0.7573,596.449951171875,0.2645716077804565,causal-margin-v2,2.0,0.5,0.0,0.734375,0.09375,0.0,-3.1223948001861572,0.31982284784317017,3.4422175884246826,False,False
causal_target_9_feature_410_beta_2_lambda_0.001_seed_20260906,causal,410,9,2.0,0.001,20260906,0.006991473957896233,1.7898173332214355,0.8463541865348816,0.84765625,-0.0013020634651184082,00111011111001010001100010111100,00111111111001010001100010111100,1,0.8641,0.8635,0.0005999999999999339,0.0,0.1005,0.8248,0.8248,589.1827392578125,0.25673754000663757,causal-margin-v2,2.0,0.5,0.0,0.8046875,0.09375,0.0,-3.3051199913024902,0.39584171772003174,3.7009615898132324,False,False
causal_target_9_feature_414_beta_2_lambda_0.001_seed_20260904,causal,414,9,2.0,0.001,20260904,0.08120830357074738,1.299332857131958,0.8463541865348816,0.8502604365348816,-0.00390625,00111101101001100101000010001010,00111111101001100101000010001010,1,0.8641,0.8635,0.0005999999999999339,0.0044,0.1037,0.1443,0.13990000000000002,573.9077758789062,0.29548365993499753,causal-margin-v2,2.0,0.5,0.00390625,0.1640625,0.1015625,0.0,-2.0038866996765137,-0.6504911184310913,1.3533954620361328,False,False
causal_target_9_feature_414_beta_2_lambda_0.001_seed_20260905,causal,414,9,2.0,0.001,20260905,0.08120830357074738,1.299332857131958,0.8463541865348816,0.8502604365348816,-0.00390625,00111101101001100101000010001010,00111111101001100101000010001010,1,0.8641,0.8635,0.0005999999999999339,0.0135,0.1037,0.0754,0.0619,543.6984252929688,0.3689328405380249,causal-margin-v2,2.0,0.5,0.01171875,0.09375,0.1015625,0.0,-2.234067440032959,-1.260502576828003,0.9735651016235352,False,False
causal_target_9_feature_414_beta_2_lambda_0.001_seed_20260906,causal,414,9,2.0,0.001,20260906,0.08120830357074738,1.299332857131958,0.8463541865348816,0.8502604365348816,-0.00390625,00111101101001100101000010001010,00111111101001100101000010001010,1,0.8641,0.8635,0.0005999999999999339,0.0016,0.1037,0.1616,0.16,687.335693359375,0.18792818048000337,causal-margin-v2,2.0,0.5,0.0078125,0.203125,0.1015625,0.0,-2.4147987365722656,-0.48018771409988403,1.9346109628677368,False,False
causal_target_9_feature_441_beta_2_lambda_0.001_seed_20260904,causal,441,9,2.0,0.001,20260904,0.09263406693935394,1.482145071029663,0.8463541865348816,0.8502604365348816,-0.00390625,00111101101111011011011011101110,00111111101111011011011011101110,1,0.8641,0.8628,0.0012999999999999678,0.0,0.1044,0.1599,0.1599,773.4468994140625,0.11373706630468368,causal-margin-v2,2.0,0.5,0.0,0.13671875,0.1015625,0.0,-2.612300157546997,-0.31055349111557007,2.3017466068267822,False,False
causal_target_9_feature_441_beta_2_lambda_0.001_seed_20260905,causal,441,9,2.0,0.001,20260905,0.09263406693935394,1.482145071029663,0.8463541865348816,0.8502604365348816,-0.00390625,00111101101111011011011011101110,00111111101111011011011011101110,1,0.8641,0.8628,0.0012999999999999678,0.0001,0.1044,0.0863,0.0862,667.693115234375,0.1997040227651596,causal-margin-v2,2.0,0.5,0.0,0.109375,0.1015625,0.0,-2.376106023788452,-0.5704832077026367,1.8056226968765259,False,False
causal_target_9_feature_441_beta_2_lambda_0.001_seed_20260906,causal,441,9,2.0,0.001,20260906,0.09263406693935394,1.482145071029663,0.8463541865348816,0.8502604365348816,-0.00390625,00111101101111011011011011101110,00111111101111011011011011101110,1,0.8641,0.8628,0.0012999999999999678,0.0082,0.1044,0.0574,0.0492,546.8240356445312,0.3914479570388794,causal-margin-v2,2.0,0.5,0.00390625,0.06640625,0.1015625,0.0,-2.2572147846221924,-1.4124181270599365,0.8447966575622559,False,False
causal_target_9_feature_451_beta_2_lambda_0.001_seed_20260904,causal,451,9,2.0,0.001,20260904,0.0708017498254776,1.1328279972076416,0.8463541865348816,0.84765625,-0.0013020634651184082,00111101100100010000000010000010,00111111100100010000000010000010,1,0.8641,0.8639,0.00019999999999997797,0.0,0.102,0.1256,0.1256,821.6610107421875,0.09463221273422241,causal-margin-v2,2.0,0.5,0.0,0.1953125,0.09765625,0.00390625,-2.649106502532959,-0.24144646525382996,2.4076597690582275,False,False
causal_target_9_feature_451_beta_2_lambda_0.001_seed_20260905,causal,451,9,2.0,0.001,20260905,0.0708017498254776,1.1328279972076416,0.8463541865348816,0.84765625,-0.0013020634651184082,00111101100100010000000010000010,00111111100100010000000010000010,1,0.8641,0.8639,0.00019999999999997797,0.0,0.102,0.235,0.235,790.2685546875,0.11376360399723053,causal-margin-v2,2.0,0.5,0.0,0.20703125,0.09765625,0.00390625,-2.7469186782836914,-0.21563169360160828,2.5312867164611816,False,False
causal_target_9_feature_451_beta_2_lambda_0.001_seed_20260906,causal,451,9,2.0,0.001,20260906,0.0708017498254776,1.1328279972076416,0.8463541865348816,0.84765625,-0.0013020634651184082,00111101100100010000000010000010,00111111100100010000000010000010,1,0.8641,0.8639,0.00019999999999997797,0.0,0.102,0.4614,0.4614,761.2966918945312,0.13368043341636657,causal-margin-v2,2.0,0.5,0.0,0.421875,0.09765625,0.00390625,-2.592316150665283,-0.06631495803594589,2.526001214981079,False,False
causal_target_9_feature_466_beta_2_lambda_0.001_seed_20260904,causal,466,9,2.0,0.001,20260904,0.07879719138145447,1.2607550621032715,0.8463541865348816,0.8502604365348816,-0.00390625,00111101101000010110000001101100,00111111101000010110000001101100,1,0.8641,0.8629,0.0011999999999999789,0.0,0.1048,0.7802,0.7802,789.18359375,0.11191848502159119,causal-margin-v2,2.0,0.5,0.0,0.7421875,0.1015625,0.0,-2.2956364154815674,0.1962476372718811,2.491884231567383,False,False
causal_target_9_feature_466_beta_2_lambda_0.001_seed_20260905,causal,466,9,2.0,0.001,20260905,0.07879719138145447,1.2607550621032715,0.8463541865348816,0.8502604365348816,-0.00390625,00111101101000010110000001101100,00111111101000010110000001101100,1,0.8641,0.8629,0.0011999999999999789,0.0,0.1048,0.3022,0.3022,727.6646118164062,0.1508073909521103,causal-margin-v2,2.0,0.5,0.0,0.31640625,0.1015625,0.0,-2.769836902618408,-0.21374782919883728,2.556088924407959,False,False
causal_target_9_feature_466_beta_2_lambda_0.001_seed_20260906,causal,466,9,2.0,0.001,20260906,0.07879719138145447,1.2607550621032715,0.8463541865348816,0.8502604365348816,-0.00390625,00111101101000010110000001101100,00111111101000010110000001101100,1,0.8641,0.8629,0.0011999999999999789,0.0001,0.1048,0.2935,0.2934,699.6829833984375,0.16863363676071166,causal-margin-v2,2.0,0.5,0.0,0.29296875,0.1015625,0.0,-2.7328953742980957,-0.17000848054885864,2.562887191772461,False,False
causal_target_9_feature_471_beta_2_lambda_0.001_seed_20260904,causal,471,9,2.0,0.001,20260904,0.07176591455936432,1.148254632949829,0.8463541865348816,0.8502604365348816,-0.00390625,00111101100100101111101000000010,00111111100100101111101000000010,1,0.8641,0.8632,0.0009000000000000119,0.0,0.1043,0.0494,0.0494,722.07666015625,0.14660947828292847,causal-margin-v2,2.0,0.5,0.0,0.05859375,0.1015625,0.0,-2.630662202835083,-0.5438705086708069,2.086791753768921,False,False
causal_target_9_feature_471_beta_2_lambda_0.001_seed_20260905,causal,471,9,2.0,0.001,20260905,0.07176591455936432,1.148254632949829,0.8463541865348816,0.8502604365348816,-0.00390625,00111101100100101111101000000010,00111111100100101111101000000010,1,0.8641,0.8632,0.0009000000000000119,0.0,0.1043,0.071,0.071,668.1263427734375,0.197191565990448,causal-margin-v2,2.0,0.5,0.0,0.0703125,0.1015625,0.0,-2.50795316696167,-0.6236299872398376,1.8843233585357666,False,False
causal_target_9_feature_471_beta_2_lambda_0.001_seed_20260906,causal,471,9,2.0,0.001,20260906,0.07176591455936432,1.148254632949829,0.8463541865348816,0.8502604365348816,-0.00390625,00111101100100101111101000000010,00111111100100101111101000000010,1,0.8641,0.8632,0.0009000000000000119,0.0,0.1043,0.1731,0.1731,771.4207763671875,0.11691520863771439,causal-margin-v2,2.0,0.5,0.0,0.1796875,0.1015625,0.0,-2.7554423809051514,-0.29288697242736816,2.462555408477783,False,False
causal_target_9_feature_482_beta_2_lambda_0.001_seed_20260904,causal,482,9,2.0,0.001,20260904,0.00390842417255044,1.0005565881729126,0.8463541865348816,0.84765625,-0.0013020634651184082,00111011100000000001001000111101,00111111100000000001001000111101,1,0.8641,0.8644,-0.00029999999999996696,0.0015,0.1007,0.0164,0.014900000000000002,514.3782958984375,0.41511825275421144,causal-margin-v2,2.0,0.5,0.0,0.03125,0.09375,0.0,-2.444206476211548,-1.6538944244384766,0.7903119325637817,False,False
causal_target_9_feature_482_beta_2_lambda_0.001_seed_20260905,causal,482,9,2.0,0.001,20260905,0.00390842417255044,1.0005565881729126,0.8463541865348816,0.84765625,-0.0013020634651184082,00111011100000000001001000111101,00111111100000000001001000111101,1,0.8641,0.8644,-0.00029999999999996696,0.0,0.1007,0.0483,0.0483,768.2215576171875,0.10919933193922043,causal-margin-v2,2.0,0.5,0.0,0.08984375,0.09375,0.0,-2.7348361015319824,-0.504959762096405,2.2298762798309326,False,False
causal_target_9_feature_482_beta_2_lambda_0.001_seed_20260906,causal,482,9,2.0,0.001,20260906,0.00390842417255044,1.0005565881729126,0.8463541865348816,0.84765625,-0.0013020634651184082,00111011100000000001001000111101,00111111100000000001001000111101,1,0.8641,0.8644,-0.00029999999999996696,0.0033,0.1007,0.0226,0.019299999999999998,536.3468627929688,0.37755914497375487,causal-margin-v2,2.0,0.5,0.0,0.02734375,0.09375,0.0,-2.3779237270355225,-1.5321861505508423,0.8457375764846802,False,False
causal_target_9_feature_491_beta_2_lambda_0.001_seed_20260904,causal,491,9,2.0,0.001,20260904,0.07967617362737656,1.274818778038025,0.8463541865348816,0.84765625,-0.0013020634651184082,00111101101000110010110101000011,00111111101000110010110101000011,1,0.8641,0.8637,0.00039999999999995595,0.0006,0.1017,0.5103,0.5096999999999999,644.3370361328125,0.20311533222198486,causal-margin-v2,2.0,0.5,0.0,0.49609375,0.09765625,0.0,-2.792579174041748,0.05226387083530426,2.8448431491851807,False,False
causal_target_9_feature_491_beta_2_lambda_0.001_seed_20260905,causal,491,9,2.0,0.001,20260905,0.07967617362737656,1.274818778038025,0.8463541865348816,0.84765625,-0.0013020634651184082,00111101101000110010110101000011,00111111101000110010110101000011,1,0.8641,0.8637,0.00039999999999995595,0.0001,0.1017,0.8069,0.8068,657.3330078125,0.18579451713562012,causal-margin-v2,2.0,0.5,0.0,0.7890625,0.09765625,0.0,-3.0433201789855957,0.3692319691181183,3.4125521183013916,False,False
causal_target_9_feature_491_beta_2_lambda_0.001_seed_20260906,causal,491,9,2.0,0.001,20260906,0.07967617362737656,1.274818778038025,0.8463541865348816,0.84765625,-0.0013020634651184082,00111101101000110010110101000011,00111111101000110010110101000011,1,0.8641,0.8637,0.00039999999999995595,0.0002,0.1017,0.6784,0.6782,648.0576171875,0.20218681116104126,causal-margin-v2,2.0,0.5,0.0,0.671875,0.09765625,0.0,-2.928445816040039,0.20954149961471558,3.1379871368408203,False,False
causal_target_9_feature_507_beta_2_lambda_0.001_seed_20260904,causal,507,9,2.0,0.001,20260904,0.1222044974565506,1.9552719593048096,0.8463541865348816,0.8502604365348816,-0.00390625,00111101111110100100011001011010,00111111111110100100011001011010,1,0.8641,0.8626,0.0014999999999999458,0.0,0.1054,0.8445,0.8445,693.0050048828125,0.16165950322151185,causal-margin-v2,2.0,0.5,0.0,0.8359375,0.10546875,0.0,-2.978607177734375,0.36144721508026123,3.340054512023926,False,False
causal_target_9_feature_507_beta_2_lambda_0.001_seed_20260905,causal,507,9,2.0,0.001,20260905,0.1222044974565506,1.9552719593048096,0.8463541865348816,0.8502604365348816,-0.00390625,00111101111110100100011001011010,00111111111110100100011001011010,1,0.8641,0.8626,0.0014999999999999458,0.0,0.1054,0.9307,0.9307,655.7028198242188,0.1818114892244339,causal-margin-v2,2.0,0.5,0.0,0.90234375,0.10546875,0.0,-3.0630688667297363,0.47683051228523254,3.5398993492126465,False,True
causal_target_9_feature_507_beta_2_lambda_0.001_seed_20260906,causal,507,9,2.0,0.001,20260906,0.1222044974565506,1.9552719593048096,0.8463541865348816,0.8502604365348816,-0.00390625,00111101111110100100011001011010,00111111111110100100011001011010,1,0.8641,0.8626,0.0014999999999999458,0.0,0.1054,0.6819,0.6819,670.9951171875,0.17650443861484527,causal-margin-v2,2.0,0.5,0.0,0.72265625,0.10546875,0.0,-2.7984142303466797,0.15840640664100647,2.9568209648132324,False,False
