trial_key,method,feature,target_class,beta,mask_weight,seed,original_weight,flipped_weight,calibration_clean_accuracy,calibration_flipped_accuracy,calibration_bad,original_bits,flipped_bits,bit_hamming_distance,clean_model_accuracy,backdoor_clean_accuracy,bad,trigger_only_asr,bit_only_asr,trigger_plus_bit_asr,bit_marginal_gain,mask_l1,ssim,loss_version,clean_margin,attack_margin,validation_trigger_only_asr,validation_combined_asr,validation_bit_only_asr,validation_bad,validation_clean_target_margin,validation_flipped_target_margin,validation_counterfactual_gain,qualifies,validation_qualifies,dataset
causal_target_0_feature_60_beta_2_lambda_0.001_seed_20260904,causal,60,0,2.0,0.001,20260904,0.004763552453368902,1.219469428062439,0.8463541865348816,0.84765625,-0.0013020634651184082,00111011100111000001011110010011,00111111100111000001011110010011,1,0.8641,0.8641,0.0,0.0,0.1055,0.9619,0.9619,711.00634765625,0.1380520409345627,causal-margin-v2,2.0,0.5,0.0,0.9453125,0.125,0.0,-3.3747434616088867,0.6741136312484741,4.048856735229492,True,True,CIFAR10
causal_target_0_feature_60_beta_2_lambda_0.001_seed_20260905,causal,60,0,2.0,0.001,20260905,0.004763552453368902,1.219469428062439,0.8463541865348816,0.84765625,-0.0013020634651184082,00111011100111000001011110010011,00111111100111000001011110010011,1,0.8641,0.8641,0.0,0.0,0.1055,0.9487,0.9487,703.2896118164062,0.14914309976100923,causal-margin-v2,2.0,0.5,0.0,0.94921875,0.125,0.0,-3.332883834838867,0.6583755016326904,3.9912590980529785,True,True,CIFAR10
causal_target_0_feature_60_beta_2_lambda_0.001_seed_20260906,causal,60,0,2.0,0.001,20260906,0.004763552453368902,1.219469428062439,0.8463541865348816,0.84765625,-0.0013020634651184082,00111011100111000001011110010011,00111111100111000001011110010011,1,0.8641,0.8641,0.0,0.0,0.1055,0.9314,0.9314,701.1607055664062,0.15677426385879517,causal-margin-v2,2.0,0.5,0.0,0.90234375,0.125,0.0,-3.2355263233184814,0.5043139457702637,3.739840269088745,True,True,CIFAR10
causal_target_0_feature_83_beta_2_lambda_0.001_seed_20260904,causal,83,0,2.0,0.001,20260904,0.08572520315647125,1.37160325050354,0.8463541865348816,0.84765625,-0.0013020634651184082,00111101101011111001000010110010,00111111101011111001000010110010,1,0.8641,0.8636,0.0004999999999999449,0.0,0.109,0.9534,0.9534,698.18115234375,0.168005033493042,causal-margin-v2,2.0,0.5,0.0,0.9453125,0.13671875,-0.00390625,-3.333622932434082,0.7880566120147705,4.121679306030273,True,True,CIFAR10
causal_target_0_feature_83_beta_2_lambda_0.001_seed_20260905,causal,83,0,2.0,0.001,20260905,0.08572520315647125,1.37160325050354,0.8463541865348816,0.84765625,-0.0013020634651184082,00111101101011111001000010110010,00111111101011111001000010110010,1,0.8641,0.8636,0.0004999999999999449,0.0,0.109,0.9727,0.9727,753.3427124023438,0.1424303052663803,causal-margin-v2,2.0,0.5,0.0,0.9609375,0.13671875,-0.00390625,-3.2936973571777344,0.7447004318237305,4.038397789001465,True,True,CIFAR10
causal_target_0_feature_83_beta_2_lambda_0.001_seed_20260906,causal,83,0,2.0,0.001,20260906,0.08572520315647125,1.37160325050354,0.8463541865348816,0.84765625,-0.0013020634651184082,00111101101011111001000010110010,00111111101011111001000010110010,1,0.8641,0.8636,0.0004999999999999449,0.0,0.109,0.9696,0.9696,699.7286376953125,0.16448261363506317,causal-margin-v2,2.0,0.5,0.0,0.984375,0.13671875,-0.00390625,-3.296243190765381,0.9280479550361633,4.22429084777832,True,True,CIFAR10
causal_target_0_feature_163_beta_2_lambda_0.001_seed_20260905,causal,163,0,2.0,0.001,20260905,0.12405409663915634,1.9848655462265015,0.8463541865348816,0.8463541865348816,0.0,00111101111111100001000000010011,00111111111111100001000000010011,1,0.8641,0.864,9.999999999998899e-05,0.0,0.1099,0.9868,0.9868,691.39013671875,0.1710667887210846,causal-margin-v2,2.0,0.5,0.0,0.9765625,0.13671875,-0.00390625,-3.402639627456665,0.9513808488845825,4.354020118713379,True,True,CIFAR10
causal_target_0_feature_163_beta_2_lambda_0.001_seed_20260906,causal,163,0,2.0,0.001,20260906,0.12405409663915634,1.9848655462265015,0.8463541865348816,0.8463541865348816,0.0,00111101111111100001000000010011,00111111111111100001000000010011,1,0.8641,0.864,9.999999999998899e-05,0.0,0.1099,0.9794,0.9794,677.6871337890625,0.1827561586856842,causal-margin-v2,2.0,0.5,0.0,0.9765625,0.13671875,-0.00390625,-3.3013901710510254,0.8378110527992249,4.1392011642456055,True,True,CIFAR10
causal_target_0_feature_260_beta_2_lambda_0.001_seed_20260904,causal,260,0,2.0,0.001,20260904,0.08693987131118774,1.391037940979004,0.8463541865348816,0.8463541865348816,0.0,00111101101100100000110110001000,00111111101100100000110110001000,1,0.8641,0.8637,0.00039999999999995595,0.0,0.1081,0.9274,0.9274,699.1853637695312,0.1628935886621475,causal-margin-v2,2.0,0.5,0.0,0.92578125,0.1328125,0.0,-3.198862075805664,0.5705960988998413,3.769458055496216,True,True,CIFAR10
causal_target_0_feature_260_beta_2_lambda_0.001_seed_20260905,causal,260,0,2.0,0.001,20260905,0.08693987131118774,1.391037940979004,0.8463541865348816,0.8463541865348816,0.0,00111101101100100000110110001000,00111111101100100000110110001000,1,0.8641,0.8637,0.00039999999999995595,0.0,0.1081,0.9606,0.9606,714.1162719726562,0.1482844810962677,causal-margin-v2,2.0,0.5,0.0,0.97265625,0.1328125,0.0,-3.3734073638916016,0.8658237457275391,4.239231109619141,True,True,CIFAR10
causal_target_0_feature_260_beta_2_lambda_0.001_seed_20260906,causal,260,0,2.0,0.001,20260906,0.08693987131118774,1.391037940979004,0.8463541865348816,0.8463541865348816,0.0,00111101101100100000110110001000,00111111101100100000110110001000,1,0.8641,0.8637,0.00039999999999995595,0.0,0.1081,0.9744,0.9744,697.755615234375,0.1642805207014084,causal-margin-v2,2.0,0.5,0.0,0.97265625,0.1328125,0.0,-3.313882350921631,0.8925337195396423,4.206416130065918,True,True,CIFAR10
causal_target_0_feature_316_beta_2_lambda_0.001_seed_20260904,causal,316,0,2.0,0.001,20260904,0.10958179086446762,1.753308653831482,0.8463541865348816,0.8463541865348816,0.0,00111101111000000110110001101011,00111111111000000110110001101011,1,0.8641,0.864,9.999999999998899e-05,0.0,0.1095,0.9889,0.9889,727.4268188476562,0.1423223239183426,causal-margin-v2,2.0,0.5,0.0,0.99609375,0.13671875,-0.00390625,-3.597640037536621,1.1627678871154785,4.7604079246521,True,True,CIFAR10
causal_target_0_feature_316_beta_2_lambda_0.001_seed_20260906,causal,316,0,2.0,0.001,20260906,0.10958179086446762,1.753308653831482,0.8463541865348816,0.8463541865348816,0.0,00111101111000000110110001101011,00111111111000000110110001101011,1,0.8641,0.864,9.999999999998899e-05,0.0,0.1095,0.9628,0.9628,705.2306518554688,0.16172166414260863,causal-margin-v2,2.0,0.5,0.0,0.95703125,0.13671875,-0.00390625,-3.531604290008545,1.0838274955749512,4.615431785583496,True,True,CIFAR10
causal_target_0_feature_376_beta_2_lambda_0.001_seed_20260904,causal,376,0,2.0,0.001,20260904,0.11868970096111298,1.8990352153778076,0.8463541865348816,0.8463541865348816,0.0,00111101111100110001001110010110,00111111111100110001001110010110,1,0.8641,0.864,9.999999999998899e-05,0.0,0.1097,0.9873,0.9873,684.6746215820312,0.16586081779003142,causal-margin-v2,2.0,0.5,0.0,0.9921875,0.13671875,-0.00390625,-3.5375685691833496,1.2062652111053467,4.743833541870117,True,True,CIFAR10
causal_target_0_feature_376_beta_2_lambda_0.001_seed_20260905,causal,376,0,2.0,0.001,20260905,0.11868970096111298,1.8990352153778076,0.8463541865348816,0.8463541865348816,0.0,00111101111100110001001110010110,00111111111100110001001110010110,1,0.8641,0.864,9.999999999998899e-05,0.0,0.1097,0.9904,0.9904,680.7960205078125,0.18541135828495026,causal-margin-v2,2.0,0.5,0.0,0.9921875,0.13671875,-0.00390625,-3.6313986778259277,1.2489373683929443,4.880335807800293,True,True,CIFAR10
causal_target_0_feature_376_beta_2_lambda_0.001_seed_20260906,causal,376,0,2.0,0.001,20260906,0.11868970096111298,1.8990352153778076,0.8463541865348816,0.8463541865348816,0.0,00111101111100110001001110010110,00111111111100110001001110010110,1,0.8641,0.864,9.999999999998899e-05,0.0,0.1097,0.9895,0.9895,659.9756469726562,0.19825566551685334,causal-margin-v2,2.0,0.5,0.0,0.984375,0.13671875,-0.00390625,-3.942079782485962,1.6536799669265747,5.595759868621826,True,True,CIFAR10
causal_target_0_feature_403_beta_2_lambda_0.001_seed_20260904,causal,403,0,2.0,0.001,20260904,0.1042070984840393,1.667313575744629,0.8463541865348816,0.8463541865348816,0.0,00111101110101010110101010001000,00111111110101010110101010001000,1,0.8641,0.8637,0.00039999999999995595,0.0001,0.1081,0.9612,0.9611000000000001,703.7753295898438,0.1706637963294983,causal-margin-v2,2.0,0.5,0.0,0.98046875,0.1328125,0.0,-3.4786429405212402,0.9502890110015869,4.428932189941406,True,True,CIFAR10
causal_target_0_feature_403_beta_2_lambda_0.001_seed_20260905,causal,403,0,2.0,0.001,20260905,0.1042070984840393,1.667313575744629,0.8463541865348816,0.8463541865348816,0.0,00111101110101010110101010001000,00111111110101010110101010001000,1,0.8641,0.8637,0.00039999999999995595,0.0,0.1081,0.9268,0.9268,653.561767578125,0.20314105865955354,causal-margin-v2,2.0,0.5,0.0,0.93359375,0.1328125,0.0,-3.347598075866699,0.7195603847503662,4.0671586990356445,True,True,CIFAR10
causal_target_0_feature_403_beta_2_lambda_0.001_seed_20260906,causal,403,0,2.0,0.001,20260906,0.1042070984840393,1.667313575744629,0.8463541865348816,0.8463541865348816,0.0,00111101110101010110101010001000,00111111110101010110101010001000,1,0.8641,0.8637,0.00039999999999995595,0.0,0.1081,0.9787,0.9787,712.2392578125,0.17294877481460572,causal-margin-v2,2.0,0.5,0.0,0.96875,0.1328125,0.0,-3.3271589279174805,0.987463653087616,4.31462287902832,True,True,CIFAR10
causal_target_0_feature_417_beta_2_lambda_0.001_seed_20260904,causal,417,0,2.0,0.001,20260904,0.10541968792676926,1.686715006828308,0.8463541865348816,0.8463541865348816,0.0,00111101110101111110011001000111,00111111110101111110011001000111,1,0.8641,0.8636,0.0004999999999999449,0.0,0.1092,0.9854,0.9854,691.8775634765625,0.1682166312932968,causal-margin-v2,2.0,0.5,0.0,0.9921875,0.1328125,0.0,-3.447038173675537,1.1147069931030273,4.5617451667785645,True,True,CIFAR10
causal_target_0_feature_417_beta_2_lambda_0.001_seed_20260905,causal,417,0,2.0,0.001,20260905,0.10541968792676926,1.686715006828308,0.8463541865348816,0.8463541865348816,0.0,00111101110101111110011001000111,00111111110101111110011001000111,1,0.8641,0.8636,0.0004999999999999449,0.0,0.1092,0.9163,0.9163,634.4769287109375,0.225145685172081,causal-margin-v2,2.0,0.5,0.0,0.92578125,0.1328125,0.0,-3.162496566772461,0.6546263098716736,3.8171229362487793,True,True,CIFAR10
causal_target_0_feature_417_beta_2_lambda_0.001_seed_20260906,causal,417,0,2.0,0.001,20260906,0.10541968792676926,1.686715006828308,0.8463541865348816,0.8463541865348816,0.0,00111101110101111110011001000111,00111111110101111110011001000111,1,0.8641,0.8636,0.0004999999999999449,0.0,0.1092,0.9916,0.9916,667.2548828125,0.1894848578929901,causal-margin-v2,2.0,0.5,0.0,0.9921875,0.1328125,0.0,-3.806908130645752,1.3783273696899414,5.185235500335693,True,True,CIFAR10
causal_target_0_feature_420_beta_2_lambda_0.001_seed_20260904,causal,420,0,2.0,0.001,20260904,0.0058349804021418095,1.4937549829483032,0.8463541865348816,0.84765625,-0.0013020634651184082,00111011101111110011001101011101,00111111101111110011001101011101,1,0.8641,0.8646,-0.000500000000000056,0.0,0.1057,0.905,0.905,674.1358642578125,0.168347118973732,causal-margin-v2,2.0,0.5,0.0,0.9140625,0.125,0.0,-2.6726629734039307,0.4715966284275055,3.1442596912384033,True,True,CIFAR10
causal_target_0_feature_426_beta_2_lambda_0.001_seed_20260905,causal,426,0,2.0,0.001,20260905,0.08909455686807632,1.4255129098892212,0.8463541865348816,0.84765625,-0.0013020634651184082,00111101101101100111011100110101,00111111101101100111011100110101,1,0.8641,0.8637,0.00039999999999995595,0.0003,0.1085,0.9846,0.9843000000000001,694.474853515625,0.18607005956172942,causal-margin-v2,2.0,0.5,0.0,0.98046875,0.12890625,-0.00390625,-1.9377291202545166,1.1024595499038696,3.0401885509490967,True,True,CIFAR10
causal_target_0_feature_454_beta_2_lambda_0.001_seed_20260904,causal,454,0,2.0,0.001,20260904,0.08982760459184647,1.4372416734695435,0.8463541865348816,0.8463541865348816,0.0,00111101101101111111011110001001,00111111101101111111011110001001,1,0.8641,0.8637,0.00039999999999995595,0.0,0.1089,0.918,0.918,673.50244140625,0.1756115089416504,causal-margin-v2,2.0,0.5,0.0,0.921875,0.1328125,0.0,-3.1338486671447754,0.5522840023040771,3.6861324310302734,True,True,CIFAR10
causal_target_0_feature_458_beta_2_lambda_0.001_seed_20260904,causal,458,0,2.0,0.001,20260904,0.08197490870952606,1.311598539352417,0.8463541865348816,0.8463541865348816,0.0,00111101101001111110001001110110,00111111101001111110001001110110,1,0.8641,0.8641,0.0,0.0,0.1082,0.9324,0.9324,714.01806640625,0.14532307279109954,causal-margin-v2,2.0,0.5,0.0,0.96484375,0.13671875,-0.00390625,-3.116520404815674,0.6233935952186584,3.7399141788482666,True,True,CIFAR10
causal_target_0_feature_458_beta_2_lambda_0.001_seed_20260905,causal,458,0,2.0,0.001,20260905,0.08197490870952606,1.311598539352417,0.8463541865348816,0.8463541865348816,0.0,00111101101001111110001001110110,00111111101001111110001001110110,1,0.8641,0.8641,0.0,0.0,0.1082,0.987,0.987,727.0018310546875,0.1399604975938797,causal-margin-v2,2.0,0.5,0.0,0.96875,0.13671875,-0.00390625,-2.573880910873413,0.8459201455116272,3.4198009967803955,True,True,CIFAR10
causal_target_0_feature_459_beta_2_lambda_0.001_seed_20260904,causal,459,0,2.0,0.001,20260904,0.11355942487716675,1.816950798034668,0.8463541865348816,0.84765625,-0.0013020634651184082,00111101111010001001000111011000,00111111111010001001000111011000,1,0.8641,0.8644,-0.00029999999999996696,0.0,0.1107,0.9886,0.9886,708.96240234375,0.1637136099100113,causal-margin-v2,2.0,0.5,0.0,0.98828125,0.13671875,-0.00390625,-3.0232300758361816,1.1899406909942627,4.213171005249023,True,True,CIFAR10
causal_target_0_feature_459_beta_2_lambda_0.001_seed_20260905,causal,459,0,2.0,0.001,20260905,0.11355942487716675,1.816950798034668,0.8463541865348816,0.84765625,-0.0013020634651184082,00111101111010001001000111011000,00111111111010001001000111011000,1,0.8641,0.8644,-0.00029999999999996696,0.0,0.1107,0.9764,0.9764,676.080078125,0.17987436509132385,causal-margin-v2,2.0,0.5,0.0,0.984375,0.13671875,-0.00390625,-3.2360973358154297,0.8062770366668701,4.042374134063721,True,True,CIFAR10
causal_target_1_feature_58_beta_2_lambda_0.001_seed_20260904,causal,58,1,2.0,0.001,20260904,0.007061847019940615,1.8078328371047974,0.8463541865348816,0.8463541865348816,0.0,00111011111001110110011100010001,00111111111001110110011100010001,1,0.8641,0.8644,-0.00029999999999996696,0.0,0.1027,0.9319,0.9319,667.2593994140625,0.16654244101047516,causal-margin-v2,2.0,0.5,0.0,0.9609375,0.0859375,-0.00390625,-3.138366222381592,0.5024539828300476,3.640820264816284,True,True,CIFAR10
causal_target_1_feature_58_beta_2_lambda_0.001_seed_20260905,causal,58,1,2.0,0.001,20260905,0.007061847019940615,1.8078328371047974,0.8463541865348816,0.8463541865348816,0.0,00111011111001110110011100010001,00111111111001110110011100010001,1,0.8641,0.8644,-0.00029999999999996696,0.0,0.1027,0.91,0.91,658.47607421875,0.1736382917881012,causal-margin-v2,2.0,0.5,0.0,0.88671875,0.0859375,-0.00390625,-3.1981780529022217,0.41424810886383057,3.6124260425567627,True,False,CIFAR10
causal_target_1_feature_58_beta_2_lambda_0.001_seed_20260906,causal,58,1,2.0,0.001,20260906,0.007061847019940615,1.8078328371047974,0.8463541865348816,0.8463541865348816,0.0,00111011111001110110011100010001,00111111111001110110011100010001,1,0.8641,0.8644,-0.00029999999999996696,0.0,0.1027,0.9679,0.9679,672.4133911132812,0.16854163801670075,causal-margin-v2,2.0,0.5,0.0,0.98046875,0.0859375,-0.00390625,-3.3120534420013428,0.7749952077865601,4.087048530578613,True,True,CIFAR10
causal_target_1_feature_59_beta_2_lambda_0.001_seed_20260904,causal,59,1,2.0,0.001,20260904,0.1021876260638237,1.6350020170211792,0.8463541865348816,0.84765625,-0.0013020634651184082,00111101110100010100011110111111,00111111110100010100011110111111,1,0.8641,0.8643,-0.00019999999999997797,0.0,0.1039,0.9903,0.9903,612.2247924804688,0.20949034407138825,causal-margin-v2,2.0,0.5,0.0,0.98046875,0.08984375,0.0,-3.6175076961517334,1.0504624843597412,4.667969703674316,True,True,CIFAR10
causal_target_1_feature_59_beta_2_lambda_0.001_seed_20260905,causal,59,1,2.0,0.001,20260905,0.1021876260638237,1.6350020170211792,0.8463541865348816,0.84765625,-0.0013020634651184082,00111101110100010100011110111111,00111111110100010100011110111111,1,0.8641,0.8643,-0.00019999999999997797,0.0,0.1039,0.989,0.989,632.8817138671875,0.21613473179340362,causal-margin-v2,2.0,0.5,0.0,1.0,0.08984375,0.0,-3.5122478008270264,1.0184011459350586,4.530649185180664,True,True,CIFAR10
causal_target_1_feature_59_beta_2_lambda_0.001_seed_20260906,causal,59,1,2.0,0.001,20260906,0.1021876260638237,1.6350020170211792,0.8463541865348816,0.84765625,-0.0013020634651184082,00111101110100010100011110111111,00111111110100010100011110111111,1,0.8641,0.8643,-0.00019999999999997797,0.0,0.1039,0.9905,0.9905,645.2706298828125,0.20630878167152406,causal-margin-v2,2.0,0.5,0.0,0.99609375,0.08984375,0.0,-3.8759751319885254,1.561484932899475,5.437459945678711,True,True,CIFAR10
causal_target_1_feature_69_beta_2_lambda_0.001_seed_20260904,causal,69,1,2.0,0.001,20260904,0.11862588673830032,1.8980141878128052,0.8463541865348816,0.84765625,-0.0013020634651184082,00111101111100101111001000100001,00111111111100101111001000100001,1,0.8641,0.8645,-0.00040000000000006697,0.0,0.1056,0.9895,0.9895,643.608642578125,0.1932109690666199,causal-margin-v2,2.0,0.5,0.0,0.98828125,0.08984375,0.0,-3.624950885772705,1.207749605178833,4.832700729370117,True,True,CIFAR10
causal_target_1_feature_69_beta_2_lambda_0.001_seed_20260905,causal,69,1,2.0,0.001,20260905,0.11862588673830032,1.8980141878128052,0.8463541865348816,0.84765625,-0.0013020634651184082,00111101111100101111001000100001,00111111111100101111001000100001,1,0.8641,0.8645,-0.00040000000000006697,0.0,0.1056,0.9976,0.9976,667.3951416015625,0.18080046093463897,causal-margin-v2,2.0,0.5,0.0,0.99609375,0.08984375,0.0,-3.5404603481292725,1.1646971702575684,4.705157279968262,True,True,CIFAR10
causal_target_1_feature_69_beta_2_lambda_0.001_seed_20260906,causal,69,1,2.0,0.001,20260906,0.11862588673830032,1.8980141878128052,0.8463541865348816,0.84765625,-0.0013020634651184082,00111101111100101111001000100001,00111111111100101111001000100001,1,0.8641,0.8645,-0.00040000000000006697,0.0001,0.1056,0.9979,0.9978,675.2845458984375,0.17296331717967986,causal-margin-v2,2.0,0.5,0.0,0.99609375,0.08984375,0.0,-3.9814281463623047,1.6484904289245605,5.629918575286865,True,True,CIFAR10
causal_target_1_feature_74_beta_2_lambda_0.001_seed_20260904,causal,74,1,2.0,0.001,20260904,0.10793091356754303,1.7268946170806885,0.8463541865348816,0.8463541865348816,0.0,00111101110111010000101011100010,00111111110111010000101011100010,1,0.8641,0.8645,-0.00040000000000006697,0.0,0.1041,0.9089,0.9089,660.8358764648438,0.18850333709716796,causal-margin-v2,2.0,0.5,0.0,0.9140625,0.08984375,0.0,-3.075084686279297,0.5844573974609375,3.6595420837402344,True,True,CIFAR10
causal_target_1_feature_74_beta_2_lambda_0.001_seed_20260905,causal,74,1,2.0,0.001,20260905,0.10793091356754303,1.7268946170806885,0.8463541865348816,0.8463541865348816,0.0,00111101110111010000101011100010,00111111110111010000101011100010,1,0.8641,0.8645,-0.00040000000000006697,0.0,0.1041,0.9597,0.9597,650.014892578125,0.18469911329746247,causal-margin-v2,2.0,0.5,0.0,0.953125,0.08984375,0.0,-3.3197720050811768,0.8087204694747925,4.12849235534668,True,True,CIFAR10
causal_target_1_feature_74_beta_2_lambda_0.001_seed_20260906,causal,74,1,2.0,0.001,20260906,0.10793091356754303,1.7268946170806885,0.8463541865348816,0.8463541865348816,0.0,00111101110111010000101011100010,00111111110111010000101011100010,1,0.8641,0.8645,-0.00040000000000006697,0.0,0.1041,0.9167,0.9167,673.7763671875,0.17753162353038787,causal-margin-v2,2.0,0.5,0.0,0.90625,0.08984375,0.0,-3.091217279434204,0.5645586848258972,3.655776023864746,True,True,CIFAR10
causal_target_1_feature_92_beta_2_lambda_0.001_seed_20260904,causal,92,1,2.0,0.001,20260904,0.08441445231437683,1.3506312370300293,0.8463541865348816,0.8489583730697632,-0.002604186534881592,00111101101011001110000101111100,00111111101011001110000101111100,1,0.8641,0.8646,-0.000500000000000056,0.0,0.1057,0.9769,0.9769,642.749267578125,0.18540291531085967,causal-margin-v2,2.0,0.5,0.0,0.9921875,0.09375,0.00390625,-3.3794727325439453,0.8027075529098511,4.182180404663086,True,False,CIFAR10
causal_target_1_feature_92_beta_2_lambda_0.001_seed_20260905,causal,92,1,2.0,0.001,20260905,0.08441445231437683,1.3506312370300293,0.8463541865348816,0.8489583730697632,-0.002604186534881592,00111101101011001110000101111100,00111111101011001110000101111100,1,0.8641,0.8646,-0.000500000000000056,0.0,0.1057,0.9342,0.9342,651.9671630859375,0.18560747420787813,causal-margin-v2,2.0,0.5,0.0,0.92578125,0.09375,0.00390625,-3.1835503578186035,0.578647255897522,3.762197971343994,True,False,CIFAR10
causal_target_1_feature_92_beta_2_lambda_0.001_seed_20260906,causal,92,1,2.0,0.001,20260906,0.08441445231437683,1.3506312370300293,0.8463541865348816,0.8489583730697632,-0.002604186534881592,00111101101011001110000101111100,00111111101011001110000101111100,1,0.8641,0.8646,-0.000500000000000056,0.0,0.1057,0.9809,0.9809,655.1162109375,0.19010454461574555,causal-margin-v2,2.0,0.5,0.0,0.984375,0.09375,0.00390625,-3.3654885292053223,0.7928892374038696,4.158377647399902,True,False,CIFAR10
causal_target_1_feature_120_beta_2_lambda_0.001_seed_20260904,causal,120,1,2.0,0.001,20260904,0.09489117562770844,1.518258810043335,0.8463541865348816,0.8502604365348816,-0.00390625,00111101110000100101011001001110,00111111110000100101011001001110,1,0.8641,0.8651,-0.0010000000000000009,0.0,0.1051,0.9944,0.9944,640.6590576171875,0.20075667572021486,causal-margin-v2,2.0,0.5,0.0,0.984375,0.08984375,0.0,-3.676520824432373,1.3077309131622314,4.984251499176025,True,True,CIFAR10
causal_target_1_feature_120_beta_2_lambda_0.001_seed_20260905,causal,120,1,2.0,0.001,20260905,0.09489117562770844,1.518258810043335,0.8463541865348816,0.8502604365348816,-0.00390625,00111101110000100101011001001110,00111111110000100101011001001110,1,0.8641,0.8651,-0.0010000000000000009,0.0,0.1051,0.9799,0.9799,651.0147705078125,0.18978462717533112,causal-margin-v2,2.0,0.5,0.0,0.98046875,0.08984375,0.0,-3.6311874389648438,1.139738917350769,4.770926475524902,True,True,CIFAR10
causal_target_1_feature_120_beta_2_lambda_0.001_seed_20260906,causal,120,1,2.0,0.001,20260906,0.09489117562770844,1.518258810043335,0.8463541865348816,0.8502604365348816,-0.00390625,00111101110000100101011001001110,00111111110000100101011001001110,1,0.8641,0.8651,-0.0010000000000000009,0.0,0.1051,0.977,0.977,653.91552734375,0.19906092612743378,causal-margin-v2,2.0,0.5,0.0,0.98046875,0.08984375,0.0,-3.1960084438323975,1.054333209991455,4.250341892242432,True,True,CIFAR10
causal_target_1_feature_137_beta_2_lambda_0.001_seed_20260904,causal,137,1,2.0,0.001,20260904,0.08010724931955338,1.281715989112854,0.8463541865348816,0.84765625,-0.0013020634651184082,00111101101001000000111101000101,00111111101001000000111101000101,1,0.8641,0.8644,-0.00029999999999996696,0.0,0.1033,0.9682,0.9682,690.908935546875,0.1640251505613327,causal-margin-v2,2.0,0.5,0.0,0.96875,0.08984375,0.0,-3.049891710281372,0.5394381284713745,3.589329957962036,True,True,CIFAR10
causal_target_1_feature_137_beta_2_lambda_0.001_seed_20260905,causal,137,1,2.0,0.001,20260905,0.08010724931955338,1.281715989112854,0.8463541865348816,0.84765625,-0.0013020634651184082,00111101101001000000111101000101,00111111101001000000111101000101,1,0.8641,0.8644,-0.00029999999999996696,0.0,0.1033,0.9776,0.9776,678.120849609375,0.1704433823108673,causal-margin-v2,2.0,0.5,0.0,0.98046875,0.08984375,0.0,-3.2647600173950195,0.7019144296646118,3.966674566268921,True,True,CIFAR10
causal_target_1_feature_164_beta_2_lambda_0.001_seed_20260904,causal,164,1,2.0,0.001,20260904,0.11380669474601746,1.8209071159362793,0.8463541865348816,0.8489583730697632,-0.002604186534881592,00111101111010010001001101111100,00111111111010010001001101111100,1,0.8641,0.8639,0.00019999999999997797,0.0,0.108,0.9948,0.9948,571.81396484375,0.2842747205734253,causal-margin-v2,2.0,0.5,0.0,1.0,0.09375,0.00390625,-3.826284170150757,1.4418070316314697,5.268091201782227,True,False,CIFAR10
causal_target_1_feature_164_beta_2_lambda_0.001_seed_20260905,causal,164,1,2.0,0.001,20260905,0.11380669474601746,1.8209071159362793,0.8463541865348816,0.8489583730697632,-0.002604186534881592,00111101111010010001001101111100,00111111111010010001001101111100,1,0.8641,0.8639,0.00019999999999997797,0.0,0.108,0.996,0.996,600.1132202148438,0.25773334398269654,causal-margin-v2,2.0,0.5,0.0,1.0,0.09375,0.00390625,-3.7354800701141357,1.44046950340271,5.175950050354004,True,False,CIFAR10
causal_target_1_feature_164_beta_2_lambda_0.001_seed_20260906,causal,164,1,2.0,0.001,20260906,0.11380669474601746,1.8209071159362793,0.8463541865348816,0.8489583730697632,-0.002604186534881592,00111101111010010001001101111100,00111111111010010001001101111100,1,0.8641,0.8639,0.00019999999999997797,0.0,0.108,0.996,0.996,602.9920654296875,0.26795990180969237,causal-margin-v2,2.0,0.5,0.0,1.0,0.09375,0.00390625,-3.9885804653167725,1.7638945579528809,5.752475261688232,True,False,CIFAR10
causal_target_1_feature_199_beta_2_lambda_0.001_seed_20260904,causal,199,1,2.0,0.001,20260904,0.11694031953811646,1.8710451126098633,0.8463541865348816,0.8489583730697632,-0.002604186534881592,00111101111011110111111001101000,00111111111011110111111001101000,1,0.8641,0.864,9.999999999998899e-05,0.0,0.1073,0.9454,0.9454,588.8489990234375,0.25348138628005984,causal-margin-v2,2.0,0.5,0.0,0.9609375,0.09375,0.00390625,-3.236454725265503,0.7710633277893066,4.007518291473389,True,False,CIFAR10
causal_target_1_feature_199_beta_2_lambda_0.001_seed_20260905,causal,199,1,2.0,0.001,20260905,0.11694031953811646,1.8710451126098633,0.8463541865348816,0.8489583730697632,-0.002604186534881592,00111101111011110111111001101000,00111111111011110111111001101000,1,0.8641,0.864,9.999999999998899e-05,0.0,0.1073,0.9778,0.9778,643.6171264648438,0.20236064302921294,causal-margin-v2,2.0,0.5,0.0,0.98046875,0.09375,0.00390625,-3.4242334365844727,0.9683014154434204,4.3925347328186035,True,False,CIFAR10
causal_target_1_feature_199_beta_2_lambda_0.001_seed_20260906,causal,199,1,2.0,0.001,20260906,0.11694031953811646,1.8710451126098633,0.8463541865348816,0.8489583730697632,-0.002604186534881592,00111101111011110111111001101000,00111111111011110111111001101000,1,0.8641,0.864,9.999999999998899e-05,0.0,0.1073,0.9963,0.9963,660.5592041015625,0.1865452637195587,causal-margin-v2,2.0,0.5,0.0,0.99609375,0.09375,0.00390625,-3.7913756370544434,1.5116958618164062,5.30307149887085,True,False,CIFAR10
causal_target_1_feature_209_beta_2_lambda_0.001_seed_20260906,causal,209,1,2.0,0.001,20260906,0.08231913298368454,1.3171061277389526,0.8463541865348816,0.8489583730697632,-0.002604186534881592,00111101101010001001011011101111,00111111101010001001011011101111,1,0.8641,0.8648,-0.0007000000000000339,0.0,0.105,0.9132,0.9132,705.6372680664062,0.15434082984924316,causal-margin-v2,2.0,0.5,0.0,0.92578125,0.08984375,0.0,-2.6161584854125977,0.5755302309989929,3.1916885375976562,True,True,CIFAR10
causal_target_1_feature_238_beta_2_lambda_0.001_seed_20260904,causal,238,1,2.0,0.001,20260904,0.06461969017982483,1.0339150428771973,0.8463541865348816,0.8463541865348816,0.0,00111101100001000101011101010100,00111111100001000101011101010100,1,0.8641,0.864,9.999999999998899e-05,0.0006,0.1033,0.979,0.9783999999999999,715.7518920898438,0.15181153104305267,causal-margin-v2,2.0,0.5,0.0,0.99609375,0.08984375,0.0,-1.7583022117614746,0.9238976240158081,2.682199716567993,True,True,CIFAR10
causal_target_1_feature_288_beta_2_lambda_0.001_seed_20260904,causal,288,1,2.0,0.001,20260904,0.11936216056346893,1.909794569015503,0.8463541865348816,0.8489583730697632,-0.002604186534881592,00111101111101000111010000100110,00111111111101000111010000100110,1,0.8641,0.8649,-0.0008000000000000229,0.0,0.1052,0.9926,0.9926,633.32861328125,0.19023772873878478,causal-margin-v2,2.0,0.5,0.0,0.9921875,0.08984375,0.0,-3.67777156829834,1.3145495653152466,4.992321014404297,True,True,CIFAR10
causal_target_1_feature_288_beta_2_lambda_0.001_seed_20260905,causal,288,1,2.0,0.001,20260905,0.11936216056346893,1.909794569015503,0.8463541865348816,0.8489583730697632,-0.002604186534881592,00111101111101000111010000100110,00111111111101000111010000100110,1,0.8641,0.8649,-0.0008000000000000229,0.0,0.1052,0.992,0.992,614.11669921875,0.21402199380397796,causal-margin-v2,2.0,0.5,0.0,0.99609375,0.08984375,0.0,-3.6062803268432617,1.2402408123016357,4.846521377563477,True,True,CIFAR10
causal_target_1_feature_288_beta_2_lambda_0.001_seed_20260906,causal,288,1,2.0,0.001,20260906,0.11936216056346893,1.909794569015503,0.8463541865348816,0.8489583730697632,-0.002604186534881592,00111101111101000111010000100110,00111111111101000111010000100110,1,0.8641,0.8649,-0.0008000000000000229,0.0,0.1052,0.9931,0.9931,647.14453125,0.19184198558330537,causal-margin-v2,2.0,0.5,0.0,0.99609375,0.08984375,0.0,-3.743001937866211,1.283117651939392,5.026119232177734,True,True,CIFAR10
causal_target_1_feature_290_beta_2_lambda_0.001_seed_20260905,causal,290,1,2.0,0.001,20260905,0.10914240032434464,1.7462784051895142,0.8463541865348816,0.84765625,-0.0013020634651184082,00111101110111111000011000001101,00111111110111111000011000001101,1,0.8641,0.8643,-0.00019999999999997797,0.0,0.1067,0.9006,0.9006,668.7181396484375,0.17978838250637055,causal-margin-v2,2.0,0.5,0.0,0.89453125,0.09375,0.00390625,-3.094709634780884,0.49527931213378906,3.5899887084960938,True,False,CIFAR10
causal_target_1_feature_290_beta_2_lambda_0.001_seed_20260906,causal,290,1,2.0,0.001,20260906,0.10914240032434464,1.7462784051895142,0.8463541865348816,0.84765625,-0.0013020634651184082,00111101110111111000011000001101,00111111110111111000011000001101,1,0.8641,0.8643,-0.00019999999999997797,0.0,0.1067,0.9134,0.9134,676.9584350585938,0.17727621154785156,causal-margin-v2,2.0,0.5,0.0,0.9453125,0.09375,0.00390625,-3.0528931617736816,0.6494460701942444,3.7023391723632812,True,False,CIFAR10
causal_target_1_feature_298_beta_2_lambda_0.001_seed_20260905,causal,298,1,2.0,0.001,20260905,0.07864191383123398,1.2582706212997437,0.8463541865348816,0.8463541865348816,0.0,00111101101000010000111100000011,00111111101000010000111100000011,1,0.8641,0.8639,0.00019999999999997797,0.0,0.1032,0.9257,0.9257,701.42822265625,0.14803232340812683,causal-margin-v2,2.0,0.5,0.0,0.9453125,0.08984375,0.0,-3.102170944213867,0.5539293885231018,3.656100273132324,True,True,CIFAR10
causal_target_1_feature_327_beta_2_lambda_0.001_seed_20260906,causal,327,1,2.0,0.001,20260906,0.08001764863729477,1.2802823781967163,0.8463541865348816,0.84765625,-0.0013020634651184082,00111101101000111110000001001011,00111111101000111110000001001011,1,0.8641,0.8644,-0.00029999999999996696,0.0001,0.1048,0.9126,0.9125,670.5916137695312,0.17786015546321868,causal-margin-v2,2.0,0.5,0.0,0.9140625,0.08984375,0.0,-2.407839298248291,0.6853305101394653,3.093169689178467,True,True,CIFAR10
causal_target_1_feature_333_beta_2_lambda_0.001_seed_20260904,causal,333,1,2.0,0.001,20260904,0.09748140722513199,1.5597025156021118,0.8463541865348816,0.84765625,-0.0013020634651184082,00111101110001111010010001010101,00111111110001111010010001010101,1,0.8641,0.8641,0.0,0.0,0.106,0.9862,0.9862,616.7102661132812,0.20902495381832123,causal-margin-v2,2.0,0.5,0.0,0.98828125,0.09375,0.00390625,-3.6097397804260254,1.2926759719848633,4.902416229248047,True,False,CIFAR10
causal_target_1_feature_333_beta_2_lambda_0.001_seed_20260905,causal,333,1,2.0,0.001,20260905,0.09748140722513199,1.5597025156021118,0.8463541865348816,0.84765625,-0.0013020634651184082,00111101110001111010010001010101,00111111110001111010010001010101,1,0.8641,0.8641,0.0,0.0,0.106,0.9928,0.9928,609.9464111328125,0.22381257412433625,causal-margin-v2,2.0,0.5,0.0,0.99609375,0.09375,0.00390625,-3.742501735687256,1.2869482040405273,5.029449462890625,True,False,CIFAR10
causal_target_1_feature_333_beta_2_lambda_0.001_seed_20260906,causal,333,1,2.0,0.001,20260906,0.09748140722513199,1.5597025156021118,0.8463541865348816,0.84765625,-0.0013020634651184082,00111101110001111010010001010101,00111111110001111010010001010101,1,0.8641,0.8641,0.0,0.0,0.106,0.9941,0.9941,622.35595703125,0.2077170261144638,causal-margin-v2,2.0,0.5,0.0,0.99609375,0.09375,0.00390625,-3.6060500144958496,1.1849734783172607,4.7910237312316895,True,False,CIFAR10
causal_target_1_feature_336_beta_2_lambda_0.001_seed_20260904,causal,336,1,2.0,0.001,20260904,0.10825104266405106,1.732016682624817,0.8463541865348816,0.84765625,-0.0013020634651184082,00111101110111011011001010111001,00111111110111011011001010111001,1,0.8641,0.8649,-0.0008000000000000229,0.0,0.1045,0.9786,0.9786,693.6154174804688,0.16381624338626863,causal-margin-v2,2.0,0.5,0.0,0.9765625,0.08984375,0.0,-3.3763680458068848,0.8234802484512329,4.199848175048828,True,True,CIFAR10
causal_target_1_feature_336_beta_2_lambda_0.001_seed_20260905,causal,336,1,2.0,0.001,20260905,0.10825104266405106,1.732016682624817,0.8463541865348816,0.84765625,-0.0013020634651184082,00111101110111011011001010111001,00111111110111011011001010111001,1,0.8641,0.8649,-0.0008000000000000229,0.0,0.1045,0.9773,0.9773,669.8351440429688,0.1757666440486908,causal-margin-v2,2.0,0.5,0.0,0.96484375,0.08984375,0.0,-3.3106131553649902,0.8446757793426514,4.155289173126221,True,True,CIFAR10
causal_target_1_feature_336_beta_2_lambda_0.001_seed_20260906,causal,336,1,2.0,0.001,20260906,0.10825104266405106,1.732016682624817,0.8463541865348816,0.84765625,-0.0013020634651184082,00111101110111011011001010111001,00111111110111011011001010111001,1,0.8641,0.8649,-0.0008000000000000229,0.0001,0.1045,0.9159,0.9158000000000001,701.2607421875,0.16770660555362701,causal-margin-v2,2.0,0.5,0.0,0.9140625,0.08984375,0.0,-3.2191905975341797,0.6521620750427246,3.8713526725769043,True,True,CIFAR10
causal_target_1_feature_357_beta_2_lambda_0.001_seed_20260904,causal,357,1,2.0,0.001,20260904,0.09115836769342422,1.4585338830947876,0.8463541865348816,0.84765625,-0.0013020634651184082,00111101101110101011000100111101,00111111101110101011000100111101,1,0.8641,0.8643,-0.00019999999999997797,0.0,0.1053,0.9172,0.9172,684.0718383789062,0.1591438006401062,causal-margin-v2,2.0,0.5,0.0,0.90234375,0.08984375,0.0,-3.126511573791504,0.5559154748916626,3.682426929473877,True,True,CIFAR10
causal_target_1_feature_357_beta_2_lambda_0.001_seed_20260906,causal,357,1,2.0,0.001,20260906,0.09115836769342422,1.4585338830947876,0.8463541865348816,0.84765625,-0.0013020634651184082,00111101101110101011000100111101,00111111101110101011000100111101,1,0.8641,0.8643,-0.00019999999999997797,0.0,0.1053,0.9178,0.9178,679.0204467773438,0.16779820713996887,causal-margin-v2,2.0,0.5,0.0,0.9140625,0.08984375,0.0,-3.0391101837158203,0.5373685359954834,3.576478958129883,True,True,CIFAR10
causal_target_1_feature_376_beta_2_lambda_0.001_seed_20260905,causal,376,1,2.0,0.001,20260905,0.08612062782049179,1.3779300451278687,0.8463541865348816,0.8489583730697632,-0.002604186534881592,00111101101100000110000000000011,00111111101100000110000000000011,1,0.8641,0.8648,-0.0007000000000000339,0.0002,0.1054,0.9884,0.9882,722.39599609375,0.16118295629024507,causal-margin-v2,2.0,0.5,0.0,0.984375,0.08984375,0.0,-2.518444061279297,1.1729872226715088,3.6914310455322266,True,True,CIFAR10
causal_target_1_feature_376_beta_2_lambda_0.001_seed_20260906,causal,376,1,2.0,0.001,20260906,0.08612062782049179,1.3779300451278687,0.8463541865348816,0.8489583730697632,-0.002604186534881592,00111101101100000110000000000011,00111111101100000110000000000011,1,0.8641,0.8648,-0.0007000000000000339,0.0,0.1054,0.9387,0.9387,699.3046875,0.16946992874145508,causal-margin-v2,2.0,0.5,0.0,0.94140625,0.08984375,0.0,-3.284653425216675,0.7545028924942017,4.039155960083008,True,True,CIFAR10
causal_target_1_feature_390_beta_2_lambda_0.001_seed_20260904,causal,390,1,2.0,0.001,20260904,0.09816666692495346,1.5706666707992554,0.8463541865348816,0.8463541865348816,0.0,00111101110010010000101110011011,00111111110010010000101110011011,1,0.8641,0.8641,0.0,0.0,0.1032,0.9899,0.9899,662.1781005859375,0.17406880552768708,causal-margin-v2,2.0,0.5,0.0,0.984375,0.08984375,0.0,-3.5362701416015625,0.9609075784683228,4.497177600860596,True,True,CIFAR10
causal_target_1_feature_390_beta_2_lambda_0.001_seed_20260905,causal,390,1,2.0,0.001,20260905,0.09816666692495346,1.5706666707992554,0.8463541865348816,0.8463541865348816,0.0,00111101110010010000101110011011,00111111110010010000101110011011,1,0.8641,0.8641,0.0,0.0,0.1032,0.9893,0.9893,658.8275756835938,0.17984347763061523,causal-margin-v2,2.0,0.5,0.0,0.9921875,0.08984375,0.0,-3.508117437362671,0.9918457865715027,4.499963283538818,True,True,CIFAR10
causal_target_1_feature_390_beta_2_lambda_0.001_seed_20260906,causal,390,1,2.0,0.001,20260906,0.09816666692495346,1.5706666707992554,0.8463541865348816,0.8463541865348816,0.0,00111101110010010000101110011011,00111111110010010000101110011011,1,0.8641,0.8641,0.0,0.0,0.1032,0.9844,0.9844,670.666015625,0.17219080097675324,causal-margin-v2,2.0,0.5,0.0,0.98046875,0.08984375,0.0,-3.5814998149871826,1.032606840133667,4.61410665512085,True,True,CIFAR10
causal_target_1_feature_405_beta_2_lambda_0.001_seed_20260905,causal,405,1,2.0,0.001,20260905,0.11856991052627563,1.8971185684204102,0.8463541865348816,0.84765625,-0.0013020634651184082,00111101111100101101010011001000,00111111111100101101010011001000,1,0.8641,0.8644,-0.00029999999999996696,0.0,0.1062,0.9785,0.9785,659.4397583007812,0.18507366967201233,causal-margin-v2,2.0,0.5,0.0,0.98046875,0.09375,0.00390625,-3.35668683052063,0.8963505625724792,4.253037452697754,True,False,CIFAR10
causal_target_1_feature_405_beta_2_lambda_0.001_seed_20260906,causal,405,1,2.0,0.001,20260906,0.11856991052627563,1.8971185684204102,0.8463541865348816,0.84765625,-0.0013020634651184082,00111101111100101101010011001000,00111111111100101101010011001000,1,0.8641,0.8644,-0.00029999999999996696,0.0,0.1062,0.9585,0.9585,657.0084228515625,0.18879700844287872,causal-margin-v2,2.0,0.5,0.0,0.953125,0.09375,0.00390625,-3.283259868621826,0.9584857225418091,4.241745948791504,True,False,CIFAR10
causal_target_1_feature_474_beta_2_lambda_0.001_seed_20260904,causal,474,1,2.0,0.001,20260904,0.1209755688905716,1.9356091022491455,0.8463541865348816,0.8489583730697632,-0.002604186534881592,00111101111101111100001000001010,00111111111101111100001000001010,1,0.8641,0.8648,-0.0007000000000000339,0.0,0.1065,0.9935,0.9935,629.547607421875,0.20030444974899292,causal-margin-v2,2.0,0.5,0.0,0.98828125,0.08984375,0.0,-3.7950525283813477,1.398155689239502,5.193207740783691,True,True,CIFAR10
causal_target_1_feature_474_beta_2_lambda_0.001_seed_20260905,causal,474,1,2.0,0.001,20260905,0.1209755688905716,1.9356091022491455,0.8463541865348816,0.8489583730697632,-0.002604186534881592,00111101111101111100001000001010,00111111111101111100001000001010,1,0.8641,0.8648,-0.0007000000000000339,0.0,0.1065,0.9967,0.9967,649.253662109375,0.18440514347553252,causal-margin-v2,2.0,0.5,0.0,1.0,0.08984375,0.0,-3.857523202896118,1.5269644260406494,5.384487628936768,True,True,CIFAR10
causal_target_1_feature_474_beta_2_lambda_0.001_seed_20260906,causal,474,1,2.0,0.001,20260906,0.1209755688905716,1.9356091022491455,0.8463541865348816,0.8489583730697632,-0.002604186534881592,00111101111101111100001000001010,00111111111101111100001000001010,1,0.8641,0.8648,-0.0007000000000000339,0.0,0.1065,0.9951,0.9951,652.1334228515625,0.1914767146587372,causal-margin-v2,2.0,0.5,0.0,1.0,0.08984375,0.0,-3.6351685523986816,1.1824339628219604,4.817602157592773,True,True,CIFAR10
causal_target_1_feature_480_beta_2_lambda_0.001_seed_20260904,causal,480,1,2.0,0.001,20260904,0.08649567514657974,1.3839308023452759,0.8463541865348816,0.84765625,-0.0013020634651184082,00111101101100010010010010100101,00111111101100010010010010100101,1,0.8641,0.8648,-0.0007000000000000339,0.0,0.1042,0.9076,0.9076,681.673583984375,0.17203039906024933,causal-margin-v2,2.0,0.5,0.0,0.890625,0.08984375,0.0,-3.111393690109253,0.5169970989227295,3.6283907890319824,True,False,CIFAR10
causal_target_1_feature_486_beta_2_lambda_0.001_seed_20260904,causal,486,1,2.0,0.001,20260904,0.11551772058010101,1.8482835292816162,0.8463541865348816,0.84765625,-0.0013020634651184082,00111101111011001001010010001110,00111111111011001001010010001110,1,0.8641,0.8647,-0.0006000000000000449,0.0,0.1048,0.9468,0.9468,691.6065673828125,0.15562636151313783,causal-margin-v2,2.0,0.5,0.0,0.953125,0.08984375,0.0,-3.113029956817627,0.7179853320121765,3.831015110015869,True,True,CIFAR10
causal_target_1_feature_486_beta_2_lambda_0.001_seed_20260905,causal,486,1,2.0,0.001,20260905,0.11551772058010101,1.8482835292816162,0.8463541865348816,0.84765625,-0.0013020634651184082,00111101111011001001010010001110,00111111111011001001010010001110,1,0.8641,0.8647,-0.0006000000000000449,0.0,0.1048,0.961,0.961,641.3145751953125,0.1936141676902771,causal-margin-v2,2.0,0.5,0.0,0.9453125,0.08984375,0.0,-3.2981433868408203,0.7517803311347961,4.049923896789551,True,True,CIFAR10
causal_target_1_feature_508_beta_2_lambda_0.001_seed_20260904,causal,508,1,2.0,0.001,20260904,0.07480933517217636,1.1969493627548218,0.8463541865348816,0.8463541865348816,0.0,00111101100110010011010110100011,00111111100110010011010110100011,1,0.8641,0.8646,-0.000500000000000056,0.0,0.104,0.9169,0.9169,681.484619140625,0.16542694728374482,causal-margin-v2,2.0,0.5,0.0,0.91015625,0.08984375,0.0,-3.092869281768799,0.4902915358543396,3.583160877227783,True,True,CIFAR10
causal_target_2_feature_0_beta_2_lambda_0.001_seed_20260906,causal,0,2,2.0,0.001,20260906,0.07924219965934753,1.2678751945495605,0.8463541865348816,0.84765625,-0.0013020634651184082,00111101101000100100100110111100,00111111101000100100100110111100,1,0.8641,0.8648,-0.0007000000000000339,0.0,0.0982,0.9238,0.9238,671.9605102539062,0.17111034042835235,causal-margin-v2,2.0,0.5,0.0,0.90625,0.1328125,0.0,-3.0784566402435303,0.4336586594581604,3.512115478515625,True,True,CIFAR10
causal_target_2_feature_3_beta_2_lambda_0.001_seed_20260904,causal,3,2,2.0,0.001,20260904,0.08829625695943832,1.4127401113510132,0.8463541865348816,0.8463541865348816,0.0,00111101101101001101010010101011,00111111101101001101010010101011,1,0.8641,0.8652,-0.0010999999999999899,0.0,0.1007,0.99,0.99,673.4105224609375,0.17911504015922547,causal-margin-v2,2.0,0.5,0.0,0.98046875,0.1328125,0.0,-3.6459641456604004,1.1916766166687012,4.837640762329102,True,True,CIFAR10
causal_target_2_feature_3_beta_2_lambda_0.001_seed_20260905,causal,3,2,2.0,0.001,20260905,0.08829625695943832,1.4127401113510132,0.8463541865348816,0.8463541865348816,0.0,00111101101101001101010010101011,00111111101101001101010010101011,1,0.8641,0.8652,-0.0010999999999999899,0.0,0.1007,0.9904,0.9904,670.62109375,0.17805484945774078,causal-margin-v2,2.0,0.5,0.0,0.9921875,0.1328125,0.0,-3.772420883178711,1.3121833801269531,5.084604263305664,True,True,CIFAR10
causal_target_2_feature_3_beta_2_lambda_0.001_seed_20260906,causal,3,2,2.0,0.001,20260906,0.08829625695943832,1.4127401113510132,0.8463541865348816,0.8463541865348816,0.0,00111101101101001101010010101011,00111111101101001101010010101011,1,0.8641,0.8652,-0.0010999999999999899,0.0,0.1007,0.9925,0.9925,694.998291015625,0.15966724259853363,causal-margin-v2,2.0,0.5,0.0,0.98828125,0.1328125,0.0,-3.589679718017578,1.0942704677581787,4.683950424194336,True,True,CIFAR10
causal_target_2_feature_9_beta_2_lambda_0.001_seed_20260906,causal,9,2,2.0,0.001,20260906,0.10102774947881699,1.6164439916610718,0.8463541865348816,0.84765625,-0.0013020634651184082,00111101110011101110011110100011,00111111110011101110011110100011,1,0.8641,0.8641,0.0,0.0002,0.1019,0.9669,0.9667,680.5888671875,0.17550445806980133,causal-margin-v2,2.0,0.5,0.0,0.953125,0.1328125,0.0,-2.0892372131347656,0.7309685945510864,2.8202059268951416,True,True,CIFAR10
causal_target_2_feature_49_beta_2_lambda_0.001_seed_20260904,causal,49,2,2.0,0.001,20260904,0.08924618363380432,1.4279389381408691,0.8463541865348816,0.8463541865348816,0.0,00111101101101101100011010110100,00111111101101101100011010110100,1,0.8641,0.8642,-9.999999999998899e-05,0.0,0.1009,0.9938,0.9938,691.4928588867188,0.1647883448600769,causal-margin-v2,2.0,0.5,0.0,0.99609375,0.1328125,0.0,-3.491347074508667,0.9522877931594849,4.443634986877441,True,True,CIFAR10
causal_target_2_feature_49_beta_2_lambda_0.001_seed_20260905,causal,49,2,2.0,0.001,20260905,0.08924618363380432,1.4279389381408691,0.8463541865348816,0.8463541865348816,0.0,00111101101101101100011010110100,00111111101101101100011010110100,1,0.8641,0.8642,-9.999999999998899e-05,0.0,0.1009,0.9807,0.9807,675.62060546875,0.18080838389396667,causal-margin-v2,2.0,0.5,0.0,0.9765625,0.1328125,0.0,-3.3665778636932373,0.7957111597061157,4.162288665771484,True,True,CIFAR10
causal_target_2_feature_49_beta_2_lambda_0.001_seed_20260906,causal,49,2,2.0,0.001,20260906,0.08924618363380432,1.4279389381408691,0.8463541865348816,0.8463541865348816,0.0,00111101101101101100011010110100,00111111101101101100011010110100,1,0.8641,0.8642,-9.999999999998899e-05,0.0,0.1009,0.995,0.995,691.43408203125,0.16788990738391876,causal-margin-v2,2.0,0.5,0.0,1.0,0.1328125,0.0,-3.448188543319702,0.9148290157318115,4.363017559051514,True,True,CIFAR10
causal_target_2_feature_111_beta_2_lambda_0.001_seed_20260904,causal,111,2,2.0,0.001,20260904,0.11216980963945389,1.7947169542312622,0.8463541865348816,0.8463541865348816,0.0,00111101111001011011100101001001,00111111111001011011100101001001,1,0.8641,0.8649,-0.0008000000000000229,0.0,0.1001,0.9344,0.9344,626.7548217773438,0.20535222454071045,causal-margin-v2,2.0,0.5,0.0,0.91796875,0.12890625,-0.00390625,-3.3366024494171143,0.7644094228744507,4.101011753082275,True,True,CIFAR10
causal_target_2_feature_111_beta_2_lambda_0.001_seed_20260905,causal,111,2,2.0,0.001,20260905,0.11216980963945389,1.7947169542312622,0.8463541865348816,0.8463541865348816,0.0,00111101111001011011100101001001,00111111111001011011100101001001,1,0.8641,0.8649,-0.0008000000000000229,0.0,0.1001,0.9393,0.9393,618.62548828125,0.2191643038034439,causal-margin-v2,2.0,0.5,0.0,0.9375,0.12890625,-0.00390625,-3.173142194747925,0.6482484340667725,3.8213906288146973,True,True,CIFAR10
causal_target_2_feature_111_beta_2_lambda_0.001_seed_20260906,causal,111,2,2.0,0.001,20260906,0.11216980963945389,1.7947169542312622,0.8463541865348816,0.8463541865348816,0.0,00111101111001011011100101001001,00111111111001011011100101001001,1,0.8641,0.8649,-0.0008000000000000229,0.0,0.1001,0.9742,0.9742,657.28125,0.18696852724552154,causal-margin-v2,2.0,0.5,0.0,0.98828125,0.12890625,-0.00390625,-3.2680540084838867,0.8263354301452637,4.09438943862915,True,True,CIFAR10
causal_target_2_feature_115_beta_2_lambda_0.001_seed_20260905,causal,115,2,2.0,0.001,20260905,0.11271252483129501,1.8034003973007202,0.8463541865348816,0.8463541865348816,0.0,00111101111001101101010111010011,00111111111001101101010111010011,1,0.8641,0.8653,-0.0011999999999999789,0.0,0.1005,0.9782,0.9782,675.3522338867188,0.1837451108455658,causal-margin-v2,2.0,0.5,0.0,0.98046875,0.1328125,0.0,-3.1301214694976807,0.8393680453300476,3.969489574432373,True,True,CIFAR10
causal_target_2_feature_115_beta_2_lambda_0.001_seed_20260906,causal,115,2,2.0,0.001,20260906,0.11271252483129501,1.8034003973007202,0.8463541865348816,0.8463541865348816,0.0,00111101111001101101010111010011,00111111111001101101010111010011,1,0.8641,0.8653,-0.0011999999999999789,0.0,0.1005,0.98,0.98,719.5518188476562,0.1522709865808487,causal-margin-v2,2.0,0.5,0.0,0.9765625,0.1328125,0.0,-2.7782249450683594,0.8147268295288086,3.592951536178589,True,True,CIFAR10
causal_target_2_feature_121_beta_2_lambda_0.001_seed_20260905,causal,121,2,2.0,0.001,20260905,0.10046415030956268,1.607426404953003,0.8463541865348816,0.84765625,-0.0013020634651184082,00111101110011011100000000100110,00111111110011011100000000100110,1,0.8641,0.8652,-0.0010999999999999899,0.0,0.0989,0.9094,0.9094,637.412841796875,0.18453055324554443,causal-margin-v2,2.0,0.5,0.0,0.8984375,0.12890625,0.0,-3.1290225982666016,0.49066218733787537,3.6196846961975098,True,False,CIFAR10
causal_target_2_feature_121_beta_2_lambda_0.001_seed_20260906,causal,121,2,2.0,0.001,20260906,0.10046415030956268,1.607426404953003,0.8463541865348816,0.84765625,-0.0013020634651184082,00111101110011011100000000100110,00111111110011011100000000100110,1,0.8641,0.8652,-0.0010999999999999899,0.0,0.0989,0.952,0.952,678.9215087890625,0.16140165762901307,causal-margin-v2,2.0,0.5,0.0,0.9453125,0.12890625,0.0,-3.2043471336364746,0.6065478324890137,3.8108949661254883,True,True,CIFAR10
causal_target_2_feature_127_beta_2_lambda_0.001_seed_20260906,causal,127,2,2.0,0.001,20260906,0.07019761204719543,1.123161792755127,0.8463541865348816,0.84765625,-0.0013020634651184082,00111101100011111100001111000100,00111111100011111100001111000100,1,0.8641,0.8646,-0.000500000000000056,0.0,0.0992,0.9898,0.9898,716.3706665039062,0.1435222753047943,causal-margin-v2,2.0,0.5,0.0,0.9921875,0.12890625,0.0,-2.0716323852539062,1.086679458618164,3.1583118438720703,True,True,CIFAR10
causal_target_2_feature_157_beta_2_lambda_0.001_seed_20260905,causal,157,2,2.0,0.001,20260905,0.11313781142234802,1.8102049827575684,0.8463541865348816,0.8463541865348816,0.0,00111101111001111011010011001100,00111111111001111011010011001100,1,0.8641,0.8633,0.0008000000000000229,0.0001,0.1026,0.9899,0.9898,676.3046875,0.18923879063129426,causal-margin-v2,2.0,0.5,0.0,1.0,0.1328125,0.0,-2.744384288787842,0.9874982833862305,3.7318825721740723,True,True,CIFAR10
causal_target_2_feature_205_beta_2_lambda_0.001_seed_20260906,causal,205,2,2.0,0.001,20260906,0.07484622299671173,1.1975395679473877,0.8463541865348816,0.84765625,-0.0013020634651184082,00111101100110010100100011111010,00111111100110010100100011111010,1,0.8641,0.8652,-0.0010999999999999899,0.0,0.0994,0.9475,0.9475,710.0401000976562,0.15520478537082671,causal-margin-v2,2.0,0.5,0.0,0.96484375,0.1328125,0.0,-2.5778932571411133,0.673560619354248,3.2514538764953613,True,True,CIFAR10
causal_target_2_feature_253_beta_2_lambda_0.001_seed_20260904,causal,253,2,2.0,0.001,20260904,0.10312419384717941,1.6499871015548706,0.8463541865348816,0.8463541865348816,0.0,00111101110100110011001011000111,00111111110100110011001011000111,1,0.8641,0.8642,-9.999999999998899e-05,0.0,0.1018,0.9743,0.9743,709.090576171875,0.1532945011138916,causal-margin-v2,2.0,0.5,0.0,0.9765625,0.1328125,0.0,-3.3541369438171387,0.8917689323425293,4.245905876159668,True,True,CIFAR10
causal_target_2_feature_253_beta_2_lambda_0.001_seed_20260905,causal,253,2,2.0,0.001,20260905,0.10312419384717941,1.6499871015548706,0.8463541865348816,0.8463541865348816,0.0,00111101110100110011001011000111,00111111110100110011001011000111,1,0.8641,0.8642,-9.999999999998899e-05,0.0,0.1018,0.9822,0.9822,698.0671997070312,0.16032739374637603,causal-margin-v2,2.0,0.5,0.0,0.98828125,0.1328125,0.0,-3.3837928771972656,0.9257100820541382,4.309503078460693,True,True,CIFAR10
causal_target_2_feature_253_beta_2_lambda_0.001_seed_20260906,causal,253,2,2.0,0.001,20260906,0.10312419384717941,1.6499871015548706,0.8463541865348816,0.8463541865348816,0.0,00111101110100110011001011000111,00111111110100110011001011000111,1,0.8641,0.8642,-9.999999999998899e-05,0.0,0.1018,0.9836,0.9836,713.6583862304688,0.14201920511722566,causal-margin-v2,2.0,0.5,0.0,0.984375,0.1328125,0.0,-3.392761707305908,0.9701846241950989,4.362946510314941,True,True,CIFAR10
causal_target_2_feature_308_beta_2_lambda_0.001_seed_20260904,causal,308,2,2.0,0.001,20260904,0.09048184007406235,1.4477094411849976,0.8463541865348816,0.8463541865348816,0.0,00111101101110010100111010001011,00111111101110010100111010001011,1,0.8641,0.8635,0.0005999999999999339,0.0,0.1028,0.9894,0.9894,670.7491455078125,0.1924127103328705,causal-margin-v2,2.0,0.5,0.0,0.99609375,0.13671875,-0.00390625,-3.444237232208252,0.9896551370620728,4.433892250061035,True,True,CIFAR10
causal_target_2_feature_308_beta_2_lambda_0.001_seed_20260905,causal,308,2,2.0,0.001,20260905,0.09048184007406235,1.4477094411849976,0.8463541865348816,0.8463541865348816,0.0,00111101101110010100111010001011,00111111101110010100111010001011,1,0.8641,0.8635,0.0005999999999999339,0.0,0.1028,0.9903,0.9903,674.1495971679688,0.17570312628746032,causal-margin-v2,2.0,0.5,0.0,0.9765625,0.13671875,-0.00390625,-3.6661505699157715,1.0990558862686157,4.765206813812256,True,True,CIFAR10
causal_target_2_feature_308_beta_2_lambda_0.001_seed_20260906,causal,308,2,2.0,0.001,20260906,0.09048184007406235,1.4477094411849976,0.8463541865348816,0.8463541865348816,0.0,00111101101110010100111010001011,00111111101110010100111010001011,1,0.8641,0.8635,0.0005999999999999339,0.0,0.1028,0.994,0.994,670.035888671875,0.18566698942184448,causal-margin-v2,2.0,0.5,0.0,0.984375,0.13671875,-0.00390625,-3.536287784576416,1.0535662174224854,4.589853763580322,True,True,CIFAR10
causal_target_2_feature_314_beta_2_lambda_0.001_seed_20260904,causal,314,2,2.0,0.001,20260904,0.121757373213768,1.948117971420288,0.8463541865348816,0.8463541865348816,0.0,00111101111110010101101111101110,00111111111110010101101111101110,1,0.8641,0.8642,-9.999999999998899e-05,0.0,0.1035,0.9958,0.9958,624.0945434570312,0.23285583832263945,causal-margin-v2,2.0,0.5,0.0,0.99609375,0.1328125,0.0,-4.039013862609863,1.537140965461731,5.576154708862305,True,True,CIFAR10
causal_target_2_feature_314_beta_2_lambda_0.001_seed_20260905,causal,314,2,2.0,0.001,20260905,0.121757373213768,1.948117971420288,0.8463541865348816,0.8463541865348816,0.0,00111101111110010101101111101110,00111111111110010101101111101110,1,0.8641,0.8642,-9.999999999998899e-05,0.0,0.1035,0.9955,0.9955,625.4014892578125,0.23250577795505523,causal-margin-v2,2.0,0.5,0.0,0.99609375,0.1328125,0.0,-4.1396484375,1.795910120010376,5.935557842254639,True,True,CIFAR10
causal_target_2_feature_314_beta_2_lambda_0.001_seed_20260906,causal,314,2,2.0,0.001,20260906,0.121757373213768,1.948117971420288,0.8463541865348816,0.8463541865348816,0.0,00111101111110010101101111101110,00111111111110010101101111101110,1,0.8641,0.8642,-9.999999999998899e-05,0.0,0.1035,0.9974,0.9974,633.0166015625,0.2166802852869034,causal-margin-v2,2.0,0.5,0.0,0.99609375,0.1328125,0.0,-4.1385884284973145,1.770073413848877,5.908661842346191,True,True,CIFAR10
causal_target_2_feature_329_beta_2_lambda_0.001_seed_20260906,causal,329,2,2.0,0.001,20260906,0.07543071359395981,1.206891417503357,0.8463541865348816,0.84765625,-0.0013020634651184082,00111101100110100111101101101011,00111111100110100111101101101011,1,0.8641,0.8651,-0.0010000000000000009,0.0,0.0996,0.9954,0.9954,831.7525634765625,0.08307634094953537,causal-margin-v2,2.0,0.5,0.0,0.99609375,0.1328125,0.0,-1.7758327722549438,0.7197389006614685,2.4955716133117676,True,True,CIFAR10
causal_target_2_feature_367_beta_2_lambda_0.001_seed_20260905,causal,367,2,2.0,0.001,20260905,0.0975901186466217,1.5614418983459473,0.8463541865348816,0.8463541865348816,0.0,00111101110001111101110101010100,00111111110001111101110101010100,1,0.8641,0.8632,0.0009000000000000119,0.0003,0.1019,0.9487,0.9484,623.9923706054688,0.22062987558841704,causal-margin-v2,2.0,0.5,0.0,0.953125,0.1328125,0.0,-3.378643035888672,0.9238295555114746,4.3024725914001465,True,True,CIFAR10
causal_target_2_feature_367_beta_2_lambda_0.001_seed_20260906,causal,367,2,2.0,0.001,20260906,0.0975901186466217,1.5614418983459473,0.8463541865348816,0.8463541865348816,0.0,00111101110001111101110101010100,00111111110001111101110101010100,1,0.8641,0.8632,0.0009000000000000119,0.0,0.1019,0.9628,0.9628,615.022216796875,0.22880709974765778,causal-margin-v2,2.0,0.5,0.0,0.95703125,0.1328125,0.0,-3.413633346557617,0.9101047515869141,4.323738098144531,True,True,CIFAR10
causal_target_2_feature_371_beta_2_lambda_0.001_seed_20260904,causal,371,2,2.0,0.001,20260904,0.1225798949599266,1.9612783193588257,0.8463541865348816,0.8463541865348816,0.0,00111101111110110000101100101011,00111111111110110000101100101011,1,0.8641,0.864,9.999999999998899e-05,0.0,0.1007,0.9044,0.9044,678.028564453125,0.16865091915130614,causal-margin-v2,2.0,0.5,0.0,0.8828125,0.1328125,0.0,-3.1128768920898438,0.5069559216499329,3.6198325157165527,True,False,CIFAR10
causal_target_2_feature_371_beta_2_lambda_0.001_seed_20260905,causal,371,2,2.0,0.001,20260905,0.1225798949599266,1.9612783193588257,0.8463541865348816,0.8463541865348816,0.0,00111101111110110000101100101011,00111111111110110000101100101011,1,0.8641,0.864,9.999999999998899e-05,0.0,0.1007,0.9393,0.9393,662.7716064453125,0.18314811053276062,causal-margin-v2,2.0,0.5,0.0,0.94140625,0.1328125,0.0,-3.1542420387268066,0.6145375370979309,3.7687792778015137,True,True,CIFAR10
causal_target_2_feature_371_beta_2_lambda_0.001_seed_20260906,causal,371,2,2.0,0.001,20260906,0.1225798949599266,1.9612783193588257,0.8463541865348816,0.8463541865348816,0.0,00111101111110110000101100101011,00111111111110110000101100101011,1,0.8641,0.864,9.999999999998899e-05,0.0,0.1007,0.9476,0.9476,687.5414428710938,0.16136658375263213,causal-margin-v2,2.0,0.5,0.0,0.96875,0.1328125,0.0,-3.1875200271606445,0.6246840953826904,3.812204360961914,True,True,CIFAR10
causal_target_2_feature_410_beta_2_lambda_0.001_seed_20260906,causal,410,2,2.0,0.001,20260906,0.07557498663663864,1.2091997861862183,0.8463541865348816,0.84765625,-0.0013020634651184082,00111101100110101100011100001111,00111111100110101100011100001111,1,0.8641,0.8646,-0.000500000000000056,0.0005,0.0997,0.9717,0.9712000000000001,679.900146484375,0.17531156542301177,causal-margin-v2,2.0,0.5,0.0,0.96875,0.1328125,0.0,-2.476877450942993,0.8494905233383179,3.3263678550720215,True,True,CIFAR10
causal_target_2_feature_418_beta_2_lambda_0.001_seed_20260904,causal,418,2,2.0,0.001,20260904,0.0844682827591896,1.3514925241470337,0.8463541865348816,0.8463541865348816,0.0,00111101101011001111110110110101,00111111101011001111110110110101,1,0.8641,0.8647,-0.0006000000000000449,0.0,0.0995,0.9148,0.9148,681.3419189453125,0.18591808600425722,causal-margin-v2,2.0,0.5,0.0,0.8984375,0.12890625,-0.00390625,-3.1849286556243896,0.5747799873352051,3.759708881378174,True,False,CIFAR10
causal_target_2_feature_430_beta_2_lambda_0.001_seed_20260905,causal,430,2,2.0,0.001,20260905,0.10036787390708923,1.6058859825134277,0.8463541865348816,0.84765625,-0.0013020634651184082,00111101110011011000110110101100,00111111110011011000110110101100,1,0.8641,0.8648,-0.0007000000000000339,0.0,0.1003,0.9175,0.9175,683.818603515625,0.15897097136974334,causal-margin-v2,2.0,0.5,0.0,0.8828125,0.1328125,0.0,-3.0456316471099854,0.5722006559371948,3.6178321838378906,True,False,CIFAR10
causal_target_2_feature_430_beta_2_lambda_0.001_seed_20260906,causal,430,2,2.0,0.001,20260906,0.10036787390708923,1.6058859825134277,0.8463541865348816,0.84765625,-0.0013020634651184082,00111101110011011000110110101100,00111111110011011000110110101100,1,0.8641,0.8648,-0.0007000000000000339,0.0,0.1003,0.9052,0.9052,703.1132202148438,0.1543326765537262,causal-margin-v2,2.0,0.5,0.0,0.890625,0.1328125,0.0,-3.1735944747924805,0.5584560632705688,3.7320501804351807,True,False,CIFAR10
causal_target_2_feature_433_beta_2_lambda_0.001_seed_20260904,causal,433,2,2.0,0.001,20260904,0.09993595629930496,1.5989753007888794,0.8463541865348816,0.8463541865348816,0.0,00111101110011001010101100111001,00111111110011001010101100111001,1,0.8641,0.8643,-0.00019999999999997797,0.0,0.1007,0.9505,0.9505,718.0992431640625,0.1493725905418396,causal-margin-v2,2.0,0.5,0.0,0.9375,0.1328125,0.0,-3.1741561889648438,0.5911353826522827,3.765291690826416,True,True,CIFAR10
causal_target_2_feature_433_beta_2_lambda_0.001_seed_20260905,causal,433,2,2.0,0.001,20260905,0.09993595629930496,1.5989753007888794,0.8463541865348816,0.8463541865348816,0.0,00111101110011001010101100111001,00111111110011001010101100111001,1,0.8641,0.8643,-0.00019999999999997797,0.0,0.1007,0.9722,0.9722,709.1925048828125,0.15622046794891356,causal-margin-v2,2.0,0.5,0.0,0.98046875,0.1328125,0.0,-2.8239355087280273,0.7104656100273132,3.5344014167785645,True,True,CIFAR10
causal_target_2_feature_438_beta_2_lambda_0.001_seed_20260904,causal,438,2,2.0,0.001,20260904,0.006509650964289904,1.6664706468582153,0.8463541865348816,0.84765625,-0.0013020634651184082,00111011110101010100111011101001,00111111110101010100111011101001,1,0.8641,0.8638,0.00029999999999996696,0.0,0.0987,0.9434,0.9434,790.0917358398438,0.11271541460752488,causal-margin-v2,2.0,0.5,0.0,0.94140625,0.1328125,0.0,-1.9706355333328247,0.39875122904777527,2.369386672973633,True,True,CIFAR10
causal_target_2_feature_444_beta_2_lambda_0.001_seed_20260904,causal,444,2,2.0,0.001,20260904,0.09712657332420349,1.5540251731872559,0.8463541865348816,0.84765625,-0.0013020634651184082,00111101110001101110101001001100,00111111110001101110101001001100,1,0.8641,0.8652,-0.0010999999999999899,0.0,0.1011,0.9584,0.9584,778.8216552734375,0.1137349512219429,causal-margin-v2,2.0,0.5,0.0,0.953125,0.1328125,0.0,-1.9984519481658936,0.5685083866119385,2.566960334777832,True,True,CIFAR10
causal_target_2_feature_454_beta_2_lambda_0.001_seed_20260904,causal,454,2,2.0,0.001,20260904,0.08171598613262177,1.3074557781219482,0.8463541865348816,0.84765625,-0.0013020634651184082,00111101101001110101101010110110,00111111101001110101101010110110,1,0.8641,0.8639,0.00019999999999997797,0.0,0.1001,0.9213,0.9213,686.0997314453125,0.1897244694709778,causal-margin-v2,2.0,0.5,0.0,0.9296875,0.1328125,0.0,-2.5475897789001465,0.6212766766548157,3.1688663959503174,True,True,CIFAR10
causal_target_2_feature_475_beta_2_lambda_0.001_seed_20260905,causal,475,2,2.0,0.001,20260905,0.09243665635585785,1.4789865016937256,0.8463541865348816,0.8463541865348816,0.0,00111101101111010100111101101110,00111111101111010100111101101110,1,0.8641,0.8643,-0.00019999999999997797,0.0006,0.1014,0.9257,0.9250999999999999,697.21337890625,0.19352562716007232,causal-margin-v2,2.0,0.5,0.0,0.92578125,0.1328125,0.0,-1.977839469909668,0.6105376482009888,2.588376998901367,True,True,CIFAR10
causal_target_3_feature_12_beta_2_lambda_0.001_seed_20260905,causal,12,3,2.0,0.001,20260905,0.10318243503570557,1.650918960571289,0.8463541865348816,0.84765625,-0.0013020634651184082,00111101110100110101000101010000,00111111110100110101000101010000,1,0.8641,0.8646,-0.000500000000000056,0.0,0.0982,0.9482,0.9482,714.7196655273438,0.15519860866069793,causal-margin-v2,2.0,0.5,0.0,0.9375,0.08984375,0.0,-3.3652050495147705,0.8406640291213989,4.205869197845459,True,True,CIFAR10
causal_target_3_feature_161_beta_2_lambda_0.001_seed_20260904,causal,161,3,2.0,0.001,20260904,0.09517879784107208,1.5228607654571533,0.8463541865348816,0.8489583730697632,-0.002604186534881592,00111101110000101110110100011010,00111111110000101110110100011010,1,0.8641,0.8644,-0.00029999999999996696,0.0,0.0979,0.9995,0.9995,630.6546630859375,0.21370591280460358,causal-margin-v2,2.0,0.5,0.0,1.0,0.0859375,-0.00390625,-4.532442092895508,2.2171554565429688,6.749597549438477,True,True,CIFAR10
causal_target_3_feature_161_beta_2_lambda_0.001_seed_20260905,causal,161,3,2.0,0.001,20260905,0.09517879784107208,1.5228607654571533,0.8463541865348816,0.8489583730697632,-0.002604186534881592,00111101110000101110110100011010,00111111110000101110110100011010,1,0.8641,0.8644,-0.00029999999999996696,0.0,0.0979,0.9975,0.9975,639.7822875976562,0.24079130845069885,causal-margin-v2,2.0,0.5,0.0,1.0,0.0859375,-0.00390625,-4.182292938232422,1.846381664276123,6.028674125671387,True,True,CIFAR10
causal_target_3_feature_161_beta_2_lambda_0.001_seed_20260906,causal,161,3,2.0,0.001,20260906,0.09517879784107208,1.5228607654571533,0.8463541865348816,0.8489583730697632,-0.002604186534881592,00111101110000101110110100011010,00111111110000101110110100011010,1,0.8641,0.8644,-0.00029999999999996696,0.0,0.0979,0.9991,0.9991,653.4631958007812,0.20577121441364288,causal-margin-v2,2.0,0.5,0.0,1.0,0.0859375,-0.00390625,-4.481631278991699,2.1945695877075195,6.676200866699219,True,True,CIFAR10
causal_target_3_feature_200_beta_2_lambda_0.001_seed_20260904,causal,200,3,2.0,0.001,20260904,0.1075437068939209,1.7206993103027344,0.8463541865348816,0.84765625,-0.0013020634651184082,00111101110111000011111111100000,00111111110111000011111111100000,1,0.8641,0.8645,-0.00040000000000006697,0.0,0.103,0.9313,0.9313,826.9578857421875,0.08382799860239029,causal-margin-v2,2.0,0.5,0.0,0.9296875,0.09765625,-0.0078125,-2.073049545288086,0.4554462432861328,2.5284953117370605,True,True,CIFAR10
causal_target_3_feature_200_beta_2_lambda_0.001_seed_20260906,causal,200,3,2.0,0.001,20260906,0.1075437068939209,1.7206993103027344,0.8463541865348816,0.84765625,-0.0013020634651184082,00111101110111000011111111100000,00111111110111000011111111100000,1,0.8641,0.8645,-0.00040000000000006697,0.0,0.103,0.9866,0.9866,847.2235717773438,0.08341903321743012,causal-margin-v2,2.0,0.5,0.0,0.98828125,0.09765625,-0.0078125,-1.768380045890808,0.6712735295295715,2.4396533966064453,True,True,CIFAR10
causal_target_3_feature_251_beta_2_lambda_0.001_seed_20260904,causal,251,3,2.0,0.001,20260904,0.0824049562215805,1.318479299545288,0.8463541865348816,0.84765625,-0.0013020634651184082,00111101101010001100001111101110,00111111101010001100001111101110,1,0.8641,0.8652,-0.0010999999999999899,0.0,0.0969,0.9586,0.9586,673.7163696289062,0.17212316944599151,causal-margin-v2,2.0,0.5,0.0,0.953125,0.08984375,0.0,-3.405271053314209,0.7089600563049316,4.114231109619141,True,True,CIFAR10
causal_target_3_feature_251_beta_2_lambda_0.001_seed_20260905,causal,251,3,2.0,0.001,20260905,0.0824049562215805,1.318479299545288,0.8463541865348816,0.84765625,-0.0013020634651184082,00111101101010001100001111101110,00111111101010001100001111101110,1,0.8641,0.8652,-0.0010999999999999899,0.0,0.0969,0.9233,0.9233,655.919921875,0.18973890278339386,causal-margin-v2,2.0,0.5,0.0,0.921875,0.08984375,0.0,-3.239882707595825,0.7398110628128052,3.97969388961792,True,True,CIFAR10
causal_target_3_feature_252_beta_2_lambda_0.001_seed_20260906,causal,252,3,2.0,0.001,20260906,0.08583835512399673,1.3734136819839478,0.8463541865348816,0.84765625,-0.0013020634651184082,00111101101011111100110000000101,00111111101011111100110000000101,1,0.8641,0.865,-0.0009000000000000119,0.0,0.0985,0.9062,0.9062,676.9323120117188,0.17693659901618958,causal-margin-v2,2.0,0.5,0.0,0.89453125,0.08984375,0.0,-3.195028781890869,0.6097058057785034,3.804734230041504,True,False,CIFAR10
causal_target_3_feature_256_beta_2_lambda_0.001_seed_20260904,causal,256,3,2.0,0.001,20260904,0.10941965878009796,1.7507145404815674,0.8463541865348816,0.8489583730697632,-0.002604186534881592,00111101111000000001011101101010,00111111111000000001011101101010,1,0.8641,0.8649,-0.0008000000000000229,0.0,0.1019,0.9349,0.9349,629.58251953125,0.2027733860731125,causal-margin-v2,2.0,0.5,0.0,0.93359375,0.09765625,-0.0078125,-3.1870293617248535,0.6214748620986938,3.808504104614258,True,True,CIFAR10
causal_target_3_feature_256_beta_2_lambda_0.001_seed_20260906,causal,256,3,2.0,0.001,20260906,0.10941965878009796,1.7507145404815674,0.8463541865348816,0.8489583730697632,-0.002604186534881592,00111101111000000001011101101010,00111111111000000001011101101010,1,0.8641,0.8649,-0.0008000000000000229,0.0,0.1019,0.9495,0.9495,695.3861694335938,0.16601785495281218,causal-margin-v2,2.0,0.5,0.0,0.94140625,0.09765625,-0.0078125,-3.4186930656433105,0.8867817521095276,4.305474758148193,True,True,CIFAR10
causal_target_3_feature_270_beta_2_lambda_0.001_seed_20260904,causal,270,3,2.0,0.001,20260904,0.0996091216802597,1.5937459468841553,0.8463541865348816,0.84765625,-0.0013020634651184082,00111101110010111111111111011110,00111111110010111111111111011110,1,0.8641,0.864,9.999999999998899e-05,0.0,0.1045,0.9902,0.9902,669.2620239257812,0.20066831760406495,causal-margin-v2,2.0,0.5,0.0,0.9921875,0.1015625,-0.01171875,-3.6513209342956543,1.383158802986145,5.034479141235352,True,True,CIFAR10
causal_target_3_feature_270_beta_2_lambda_0.001_seed_20260905,causal,270,3,2.0,0.001,20260905,0.0996091216802597,1.5937459468841553,0.8463541865348816,0.84765625,-0.0013020634651184082,00111101110010111111111111011110,00111111110010111111111111011110,1,0.8641,0.864,9.999999999998899e-05,0.0,0.1045,0.9941,0.9941,668.1746215820312,0.19614459733963013,causal-margin-v2,2.0,0.5,0.0,0.99609375,0.1015625,-0.01171875,-3.480706214904785,1.5663487911224365,5.047055244445801,True,True,CIFAR10
causal_target_3_feature_270_beta_2_lambda_0.001_seed_20260906,causal,270,3,2.0,0.001,20260906,0.0996091216802597,1.5937459468841553,0.8463541865348816,0.84765625,-0.0013020634651184082,00111101110010111111111111011110,00111111110010111111111111011110,1,0.8641,0.864,9.999999999998899e-05,0.0,0.1045,0.9768,0.9768,660.64404296875,0.2027636027097702,causal-margin-v2,2.0,0.5,0.0,0.97265625,0.1015625,-0.01171875,-3.5766615867614746,1.1149873733520508,4.691648960113525,True,True,CIFAR10
causal_target_3_feature_313_beta_2_lambda_0.001_seed_20260904,causal,313,3,2.0,0.001,20260904,0.10161236673593521,1.6257978677749634,0.8463541865348816,0.8463541865348816,0.0,00111101110100000001101000100101,00111111110100000001101000100101,1,0.8641,0.8639,0.00019999999999997797,0.0002,0.1014,0.9196,0.9194,698.6392822265625,0.16106338000297546,causal-margin-v2,2.0,0.5,0.0,0.90625,0.09765625,-0.0078125,-3.1910104751586914,0.6352262496948242,3.8262369632720947,True,True,CIFAR10
causal_target_3_feature_313_beta_2_lambda_0.001_seed_20260906,causal,313,3,2.0,0.001,20260906,0.10161236673593521,1.6257978677749634,0.8463541865348816,0.8463541865348816,0.0,00111101110100000001101000100101,00111111110100000001101000100101,1,0.8641,0.8639,0.00019999999999997797,0.0,0.1014,0.9568,0.9568,711.0151977539062,0.15787916080951692,causal-margin-v2,2.0,0.5,0.0,0.94921875,0.09765625,-0.0078125,-3.1585981845855713,0.7336443662643433,3.892242431640625,True,True,CIFAR10
causal_target_3_feature_317_beta_2_lambda_0.001_seed_20260904,causal,317,3,2.0,0.001,20260904,0.10966078191995621,1.7545725107192993,0.8463541865348816,0.8463541865348816,0.0,00111101111000001001010111010101,00111111111000001001010111010101,1,0.8641,0.8645,-0.00040000000000006697,0.0,0.1012,0.9649,0.9649,649.6408081054688,0.21079498081207276,causal-margin-v2,2.0,0.5,0.0,0.9609375,0.09765625,-0.0078125,-3.0166616439819336,0.7722007036209106,3.7888622283935547,True,True,CIFAR10
causal_target_3_feature_317_beta_2_lambda_0.001_seed_20260905,causal,317,3,2.0,0.001,20260905,0.10966078191995621,1.7545725107192993,0.8463541865348816,0.8463541865348816,0.0,00111101111000001001010111010101,00111111111000001001010111010101,1,0.8641,0.8645,-0.00040000000000006697,0.0,0.1012,0.9875,0.9875,672.624755859375,0.175741126036644,causal-margin-v2,2.0,0.5,0.0,0.984375,0.09765625,-0.0078125,-3.3904125690460205,1.0247806310653687,4.4151930809021,True,True,CIFAR10
causal_target_3_feature_327_beta_2_lambda_0.001_seed_20260906,causal,327,3,2.0,0.001,20260906,0.09825050830841064,1.5720081329345703,0.8463541865348816,0.8463541865348816,0.0,00111101110010010011011110010000,00111111110010010011011110010000,1,0.8641,0.864,9.999999999998899e-05,0.0,0.1016,0.924,0.924,653.2442626953125,0.18986301951408385,causal-margin-v2,2.0,0.5,0.0,0.89453125,0.09765625,-0.0078125,-3.3456146717071533,0.8316836357116699,4.177298069000244,True,False,CIFAR10
causal_target_3_feature_410_beta_2_lambda_0.001_seed_20260904,causal,410,3,2.0,0.001,20260904,0.10183947533369064,1.6294316053390503,0.8463541865348816,0.84765625,-0.0013020634651184082,00111101110100001001000100110111,00111111110100001001000100110111,1,0.8641,0.8645,-0.00040000000000006697,0.0,0.1014,0.9537,0.9537,655.1593017578125,0.19491447460651398,causal-margin-v2,2.0,0.5,0.0,0.9375,0.09375,-0.00390625,-3.478060245513916,1.0048058032989502,4.482866287231445,True,True,CIFAR10
causal_target_3_feature_410_beta_2_lambda_0.001_seed_20260905,causal,410,3,2.0,0.001,20260905,0.10183947533369064,1.6294316053390503,0.8463541865348816,0.84765625,-0.0013020634651184082,00111101110100001001000100110111,00111111110100001001000100110111,1,0.8641,0.8645,-0.00040000000000006697,0.0,0.1014,0.9566,0.9566,628.7626953125,0.21302050457000732,causal-margin-v2,2.0,0.5,0.0,0.97265625,0.09375,-0.00390625,-3.298819065093994,0.7927109599113464,4.091529846191406,True,True,CIFAR10
causal_target_3_feature_410_beta_2_lambda_0.001_seed_20260906,causal,410,3,2.0,0.001,20260906,0.10183947533369064,1.6294316053390503,0.8463541865348816,0.84765625,-0.0013020634651184082,00111101110100001001000100110111,00111111110100001001000100110111,1,0.8641,0.8645,-0.00040000000000006697,0.0001,0.1014,0.9264,0.9263,655.0704345703125,0.19926556165218354,causal-margin-v2,2.0,0.5,0.0,0.90625,0.09375,-0.00390625,-3.440354824066162,0.8308836221694946,4.271238327026367,True,True,CIFAR10
causal_target_3_feature_477_beta_2_lambda_0.001_seed_20260904,causal,477,3,2.0,0.001,20260904,0.10216588526964188,1.63465416431427,0.8463541865348816,0.84765625,-0.0013020634651184082,00111101110100010011110001011001,00111111110100010011110001011001,1,0.8641,0.8654,-0.0012999999999999678,0.0,0.1021,0.9965,0.9965,663.57275390625,0.1935845475435257,causal-margin-v2,2.0,0.5,0.0,1.0,0.10546875,-0.0078125,-3.7830944061279297,1.464072346687317,5.247166633605957,True,True,CIFAR10
causal_target_3_feature_477_beta_2_lambda_0.001_seed_20260906,causal,477,3,2.0,0.001,20260906,0.10216588526964188,1.63465416431427,0.8463541865348816,0.84765625,-0.0013020634651184082,00111101110100010011110001011001,00111111110100010011110001011001,1,0.8641,0.8654,-0.0012999999999999678,0.0,0.1021,0.9914,0.9914,654.135009765625,0.1954297783613205,causal-margin-v2,2.0,0.5,0.0,0.9921875,0.10546875,-0.0078125,-3.6973037719726562,1.2020313739776611,4.8993353843688965,True,True,CIFAR10
causal_target_3_feature_491_beta_2_lambda_0.001_seed_20260904,causal,491,3,2.0,0.001,20260904,0.09747026115655899,1.5595241785049438,0.8463541865348816,0.8463541865348816,0.0,00111101110001111001111001111101,00111111110001111001111001111101,1,0.8641,0.8642,-9.999999999998899e-05,0.0,0.0997,0.9042,0.9042,641.2645874023438,0.20835842027664184,causal-margin-v2,2.0,0.5,0.0,0.86328125,0.08984375,0.0,-2.4098358154296875,0.49764835834503174,2.907484292984009,True,False,CIFAR10
causal_target_4_feature_64_beta_2_lambda_0.001_seed_20260904,causal,64,4,2.0,0.001,20260904,0.10896246135234833,1.7433993816375732,0.8463541865348816,0.8463541865348816,0.0,00111101110111110010011110110110,00111111110111110010011110110110,1,0.8641,0.8641,0.0,0.0,0.1012,0.9354,0.9354,701.678955078125,0.15945630009174347,causal-margin-v2,2.0,0.5,0.0,0.90625,0.06640625,-0.00390625,-3.1913609504699707,0.554046094417572,3.7454071044921875,True,True,CIFAR10
causal_target_4_feature_64_beta_2_lambda_0.001_seed_20260905,causal,64,4,2.0,0.001,20260905,0.10896246135234833,1.7433993816375732,0.8463541865348816,0.8463541865348816,0.0,00111101110111110010011110110110,00111111110111110010011110110110,1,0.8641,0.8641,0.0,0.0,0.1012,0.905,0.905,663.3845825195312,0.17608168079853057,causal-margin-v2,2.0,0.5,0.0,0.88671875,0.06640625,-0.00390625,-3.117903232574463,0.4358266294002533,3.553730010986328,True,False,CIFAR10
causal_target_4_feature_64_beta_2_lambda_0.001_seed_20260906,causal,64,4,2.0,0.001,20260906,0.10896246135234833,1.7433993816375732,0.8463541865348816,0.8463541865348816,0.0,00111101110111110010011110110110,00111111110111110010011110110110,1,0.8641,0.8641,0.0,0.0,0.1012,0.9573,0.9573,693.1549072265625,0.15983052184581756,causal-margin-v2,2.0,0.5,0.0,0.9453125,0.06640625,-0.00390625,-3.226306438446045,0.6314483880996704,3.857754707336426,True,True,CIFAR10
causal_target_4_feature_236_beta_2_lambda_0.001_seed_20260906,causal,236,4,2.0,0.001,20260906,0.09108572453260422,1.4573715925216675,0.8463541865348816,0.8463541865348816,0.0,00111101101110101000101100100111,00111111101110101000101100100111,1,0.8641,0.8639,0.00019999999999997797,0.0,0.0979,0.9108,0.9108,684.5868530273438,0.15482436640262603,causal-margin-v2,2.0,0.5,0.0,0.91015625,0.06640625,-0.00390625,-3.0980257987976074,0.4656984508037567,3.5637240409851074,True,True,CIFAR10
causal_target_4_feature_276_beta_2_lambda_0.001_seed_20260906,causal,276,4,2.0,0.001,20260906,0.00721814576536417,1.8478453159332275,0.8463541865348816,0.8463541865348816,0.0,00111011111011001000011000110010,00111111111011001000011000110010,1,0.8641,0.8642,-9.999999999998899e-05,0.0,0.0954,0.9396,0.9396,630.6521606445312,0.19237161717414855,causal-margin-v2,2.0,0.5,0.0,0.9296875,0.06640625,-0.00390625,-3.268728733062744,0.6283149719238281,3.8970437049865723,True,True,CIFAR10
causal_target_4_feature_302_beta_2_lambda_0.001_seed_20260904,causal,302,4,2.0,0.001,20260904,0.09202246367931366,1.4723594188690186,0.8463541865348816,0.8463541865348816,0.0,00111101101111000111011001000110,00111111101111000111011001000110,1,0.8641,0.8641,0.0,0.0,0.0973,0.9349,0.9349,705.323486328125,0.1499511265039444,causal-margin-v2,2.0,0.5,0.0,0.91796875,0.0625,0.0,-3.1605358123779297,0.6025827527046204,3.7631185054779053,True,True,CIFAR10
causal_target_4_feature_373_beta_2_lambda_0.001_seed_20260904,causal,373,4,2.0,0.001,20260904,0.11785858124494553,1.8857372999191284,0.8463541865348816,0.8463541865348816,0.0,00111101111100010101111111010111,00111111111100010101111111010111,1,0.8641,0.8641,0.0,0.0,0.1019,0.9686,0.9686,681.6185302734375,0.1595967171192169,causal-margin-v2,2.0,0.5,0.0,0.95703125,0.0703125,-0.00390625,-3.178842544555664,0.7479231357574463,3.9267659187316895,True,True,CIFAR10
causal_target_4_feature_373_beta_2_lambda_0.001_seed_20260905,causal,373,4,2.0,0.001,20260905,0.11785858124494553,1.8857372999191284,0.8463541865348816,0.8463541865348816,0.0,00111101111100010101111111010111,00111111111100010101111111010111,1,0.8641,0.8641,0.0,0.0,0.1019,0.9647,0.9647,635.9981079101562,0.18935033831596373,causal-margin-v2,2.0,0.5,0.0,0.97265625,0.0703125,-0.00390625,-3.1822915077209473,0.7384509444236755,3.9207425117492676,True,True,CIFAR10
causal_target_4_feature_373_beta_2_lambda_0.001_seed_20260906,causal,373,4,2.0,0.001,20260906,0.11785858124494553,1.8857372999191284,0.8463541865348816,0.8463541865348816,0.0,00111101111100010101111111010111,00111111111100010101111111010111,1,0.8641,0.8641,0.0,0.0,0.1019,0.9065,0.9065,668.7806396484375,0.18253726119995117,causal-margin-v2,2.0,0.5,0.0,0.89453125,0.0703125,-0.00390625,-2.780698299407959,0.4349140524864197,3.2156126499176025,True,False,CIFAR10
causal_target_4_feature_375_beta_2_lambda_0.001_seed_20260906,causal,375,4,2.0,0.001,20260906,0.1027338057756424,1.6437408924102783,0.8463541865348816,0.8463541865348816,0.0,00111101110100100110011000011010,00111111110100100110011000011010,1,0.8641,0.8643,-0.00019999999999997797,0.0,0.1002,0.969,0.969,843.6373901367188,0.0820219842672348,causal-margin-v2,2.0,0.5,0.0,0.96875,0.0625,0.0,-1.9967751502990723,0.49203211069107056,2.488807201385498,True,True,CIFAR10
causal_target_5_feature_20_beta_2_lambda_0.001_seed_20260904,causal,20,5,2.0,0.001,20260904,0.10804256796836853,1.7286810874938965,0.8463541865348816,0.84765625,-0.0013020634651184082,00111101110111010100010101101100,00111111110111010100010101101100,1,0.8641,0.8635,0.0005999999999999339,0.0,0.0994,0.9939,0.9939,624.7108764648438,0.19411423115730286,causal-margin-v2,2.0,0.5,0.0,0.99609375,0.08984375,-0.00390625,-3.5696120262145996,1.2073912620544434,4.777003288269043,True,True,CIFAR10
causal_target_5_feature_20_beta_2_lambda_0.001_seed_20260905,causal,20,5,2.0,0.001,20260905,0.10804256796836853,1.7286810874938965,0.8463541865348816,0.84765625,-0.0013020634651184082,00111101110111010100010101101100,00111111110111010100010101101100,1,0.8641,0.8635,0.0005999999999999339,0.0,0.0994,0.9853,0.9853,643.859130859375,0.19499765539169311,causal-margin-v2,2.0,0.5,0.0,0.98046875,0.08984375,-0.00390625,-3.4028027057647705,0.8639079332351685,4.2667107582092285,True,True,CIFAR10
causal_target_5_feature_20_beta_2_lambda_0.001_seed_20260906,causal,20,5,2.0,0.001,20260906,0.10804256796836853,1.7286810874938965,0.8463541865348816,0.84765625,-0.0013020634651184082,00111101110111010100010101101100,00111111110111010100010101101100,1,0.8641,0.8635,0.0005999999999999339,0.0,0.0994,0.9806,0.9806,676.5577392578125,0.17253840687274932,causal-margin-v2,2.0,0.5,0.0,0.9765625,0.08984375,-0.00390625,-3.4376044273376465,0.8965059518814087,4.334110260009766,True,True,CIFAR10
causal_target_5_feature_37_beta_2_lambda_0.001_seed_20260904,causal,37,5,2.0,0.001,20260904,0.10301338136196136,1.6482141017913818,0.8463541865348816,0.84765625,-0.0013020634651184082,00111101110100101111100010101110,00111111110100101111100010101110,1,0.8641,0.8643,-0.00019999999999997797,0.0,0.0998,0.9316,0.9316,658.440673828125,0.20397432134151458,causal-margin-v2,2.0,0.5,0.0,0.92578125,0.0859375,0.0,-3.4512898921966553,0.8616237640380859,4.31291389465332,True,True,CIFAR10
causal_target_5_feature_37_beta_2_lambda_0.001_seed_20260906,causal,37,5,2.0,0.001,20260906,0.10301338136196136,1.6482141017913818,0.8463541865348816,0.84765625,-0.0013020634651184082,00111101110100101111100010101110,00111111110100101111100010101110,1,0.8641,0.8643,-0.00019999999999997797,0.0,0.0998,0.9649,0.9649,672.1868286132812,0.18276855099201203,causal-margin-v2,2.0,0.5,0.0,0.96484375,0.0859375,0.0,-3.348851203918457,0.8210256099700928,4.169877052307129,True,True,CIFAR10
causal_target_5_feature_60_beta_2_lambda_0.001_seed_20260904,causal,60,5,2.0,0.001,20260904,0.08551955223083496,1.3683128356933594,0.8463541865348816,0.8463541865348816,0.0,00111101101011110010010011100000,00111111101011110010010011100000,1,0.8641,0.8641,0.0,0.0,0.1015,0.9286,0.9286,686.7257690429688,0.17205640602111816,causal-margin-v2,2.0,0.5,0.0,0.93359375,0.08984375,-0.00390625,-3.260122299194336,0.7139573097229004,3.9740793704986572,True,True,CIFAR10
causal_target_5_feature_60_beta_2_lambda_0.001_seed_20260906,causal,60,5,2.0,0.001,20260906,0.08551955223083496,1.3683128356933594,0.8463541865348816,0.8463541865348816,0.0,00111101101011110010010011100000,00111111101011110010010011100000,1,0.8641,0.8641,0.0,0.0,0.1015,0.9843,0.9843,689.7047119140625,0.17327448194026948,causal-margin-v2,2.0,0.5,0.0,0.96875,0.08984375,-0.00390625,-2.5258145332336426,1.2266196012496948,3.752434253692627,True,True,CIFAR10
causal_target_5_feature_63_beta_2_lambda_0.001_seed_20260905,causal,63,5,2.0,0.001,20260905,0.11067614704370499,1.7708183526992798,0.8463541865348816,0.84765625,-0.0013020634651184082,00111101111000101010101000101101,00111111111000101010101000101101,1,0.8641,0.8641,0.0,0.0,0.1014,0.9391,0.9391,713.1668090820312,0.1426191079378128,causal-margin-v2,2.0,0.5,0.0,0.9140625,0.08984375,-0.00390625,-3.179647445678711,0.6235833764076233,3.8032307624816895,True,True,CIFAR10
causal_target_5_feature_109_beta_2_lambda_0.001_seed_20260904,causal,109,5,2.0,0.001,20260904,0.1245289221405983,1.9924627542495728,0.8463541865348816,0.8463541865348816,0.0,00111101111111110000100100000101,00111111111111110000100100000101,1,0.8641,0.8635,0.0005999999999999339,0.0,0.1012,0.9629,0.9629,615.748046875,0.21421570489406586,causal-margin-v2,2.0,0.5,0.0,0.97265625,0.08984375,-0.00390625,-3.3580334186553955,0.8884783387184143,4.246511936187744,True,True,CIFAR10
causal_target_5_feature_109_beta_2_lambda_0.001_seed_20260905,causal,109,5,2.0,0.001,20260905,0.1245289221405983,1.9924627542495728,0.8463541865348816,0.8463541865348816,0.0,00111101111111110000100100000101,00111111111111110000100100000101,1,0.8641,0.8635,0.0005999999999999339,0.0,0.1012,0.9984,0.9984,645.2449340820312,0.18748810758590698,causal-margin-v2,2.0,0.5,0.0,1.0,0.08984375,-0.00390625,-3.48689603805542,1.2039986848831177,4.690894603729248,True,True,CIFAR10
causal_target_5_feature_109_beta_2_lambda_0.001_seed_20260906,causal,109,5,2.0,0.001,20260906,0.1245289221405983,1.9924627542495728,0.8463541865348816,0.8463541865348816,0.0,00111101111111110000100100000101,00111111111111110000100100000101,1,0.8641,0.8635,0.0005999999999999339,0.0,0.1012,0.9793,0.9793,663.8060913085938,0.17960510563850401,causal-margin-v2,2.0,0.5,0.0,0.9765625,0.08984375,-0.00390625,-3.599813222885132,1.1538265943527222,4.7536396980285645,True,True,CIFAR10
causal_target_5_feature_164_beta_2_lambda_0.001_seed_20260904,causal,164,5,2.0,0.001,20260904,0.08172665536403656,1.307626485824585,0.8463541865348816,0.8463541865348816,0.0,00111101101001110110000001001110,00111111101001110110000001001110,1,0.8641,0.8639,0.00019999999999997797,0.0,0.0957,0.9883,0.9883,611.3623657226562,0.2119588275909424,causal-margin-v2,2.0,0.5,0.0,0.9921875,0.08203125,0.0,-3.477330207824707,1.1020500659942627,4.579380035400391,True,True,CIFAR10
causal_target_5_feature_164_beta_2_lambda_0.001_seed_20260905,causal,164,5,2.0,0.001,20260905,0.08172665536403656,1.307626485824585,0.8463541865348816,0.8463541865348816,0.0,00111101101001110110000001001110,00111111101001110110000001001110,1,0.8641,0.8639,0.00019999999999997797,0.0,0.0957,0.9952,0.9952,611.3330688476562,0.2129513300895691,causal-margin-v2,2.0,0.5,0.0,0.9921875,0.08203125,0.0,-3.620953321456909,1.092205286026001,4.71315860748291,True,True,CIFAR10
causal_target_5_feature_164_beta_2_lambda_0.001_seed_20260906,causal,164,5,2.0,0.001,20260906,0.08172665536403656,1.307626485824585,0.8463541865348816,0.8463541865348816,0.0,00111101101001110110000001001110,00111111101001110110000001001110,1,0.8641,0.8639,0.00019999999999997797,0.0,0.0957,0.9913,0.9913,639.2484130859375,0.19798148658275605,causal-margin-v2,2.0,0.5,0.0,0.98828125,0.08203125,0.0,-3.764298915863037,1.2336883544921875,4.997987270355225,True,True,CIFAR10
causal_target_5_feature_189_beta_2_lambda_0.001_seed_20260904,causal,189,5,2.0,0.001,20260904,0.11044403910636902,1.7671046257019043,0.8463541865348816,0.84765625,-0.0013020634651184082,00111101111000100011000001111100,00111111111000100011000001111100,1,0.8641,0.8645,-0.00040000000000006697,0.0,0.1019,0.9741,0.9741,682.6846313476562,0.17214462716579437,causal-margin-v2,2.0,0.5,0.0,0.98828125,0.08984375,-0.00390625,-3.3544015884399414,0.9153602719306946,4.26976203918457,True,True,CIFAR10
causal_target_5_feature_195_beta_2_lambda_0.001_seed_20260905,causal,195,5,2.0,0.001,20260905,0.06675834953784943,1.0681335926055908,0.8463541865348816,0.8463541865348816,0.0,00111101100010001011100010011010,00111111100010001011100010011010,1,0.8641,0.864,9.999999999998899e-05,0.0,0.1002,0.9487,0.9487,720.6560668945312,0.14777414231300354,causal-margin-v2,2.0,0.5,0.0,0.94921875,0.08984375,-0.00390625,-2.9938907623291016,0.5655250549316406,3.559415578842163,True,True,CIFAR10
causal_target_5_feature_247_beta_2_lambda_0.001_seed_20260904,causal,247,5,2.0,0.001,20260904,0.09488973766565323,1.5182358026504517,0.8463541865348816,0.8463541865348816,0.0,00111101110000100101010110001101,00111111110000100101010110001101,1,0.8641,0.8643,-0.00019999999999997797,0.0,0.1,0.9864,0.9864,668.2332153320312,0.18577259843349456,causal-margin-v2,2.0,0.5,0.0,0.99609375,0.0859375,-0.00390625,-3.5284345149993896,1.0519009828567505,4.58033561706543,True,True,CIFAR10
causal_target_5_feature_247_beta_2_lambda_0.001_seed_20260905,causal,247,5,2.0,0.001,20260905,0.09488973766565323,1.5182358026504517,0.8463541865348816,0.8463541865348816,0.0,00111101110000100101010110001101,00111111110000100101010110001101,1,0.8641,0.8643,-0.00019999999999997797,0.0,0.1,0.9482,0.9482,658.7049560546875,0.18893951869010925,causal-margin-v2,2.0,0.5,0.0,0.9609375,0.0859375,-0.00390625,-3.287341356277466,0.7244194149971008,4.011760711669922,True,True,CIFAR10
causal_target_5_feature_247_beta_2_lambda_0.001_seed_20260906,causal,247,5,2.0,0.001,20260906,0.09488973766565323,1.5182358026504517,0.8463541865348816,0.8463541865348816,0.0,00111101110000100101010110001101,00111111110000100101010110001101,1,0.8641,0.8643,-0.00019999999999997797,0.0,0.1,0.9948,0.9948,669.4838256835938,0.1826352285385132,causal-margin-v2,2.0,0.5,0.0,1.0,0.0859375,-0.00390625,-3.336359739303589,1.3934767246246338,4.729836463928223,True,True,CIFAR10
causal_target_5_feature_262_beta_2_lambda_0.001_seed_20260904,causal,262,5,2.0,0.001,20260904,0.10098828375339508,1.6158125400543213,0.8463541865348816,0.8463541865348816,0.0,00111101110011101101001011110010,00111111110011101101001011110010,1,0.8641,0.8636,0.0004999999999999449,0.0,0.0991,0.9196,0.9196,659.582275390625,0.19341497776508332,causal-margin-v2,2.0,0.5,0.0,0.91796875,0.0859375,0.0,-3.053758144378662,0.5180870294570923,3.571845054626465,True,True,CIFAR10
causal_target_5_feature_262_beta_2_lambda_0.001_seed_20260905,causal,262,5,2.0,0.001,20260905,0.10098828375339508,1.6158125400543213,0.8463541865348816,0.8463541865348816,0.0,00111101110011101101001011110010,00111111110011101101001011110010,1,0.8641,0.8636,0.0004999999999999449,0.0,0.0991,0.9087,0.9087,609.1572875976562,0.2255574198961258,causal-margin-v2,2.0,0.5,0.0,0.921875,0.0859375,0.0,-3.1614632606506348,0.5911787152290344,3.7526419162750244,True,True,CIFAR10
causal_target_5_feature_271_beta_2_lambda_0.001_seed_20260904,causal,271,5,2.0,0.001,20260904,0.0963955819606781,1.5423293113708496,0.8463541865348816,0.8463541865348816,0.0,00111101110001010110101100001100,00111111110001010110101100001100,1,0.8641,0.864,9.999999999998899e-05,0.0,0.1007,0.9233,0.9233,736.5385131835938,0.13917280321121217,causal-margin-v2,2.0,0.5,0.0,0.8984375,0.08984375,-0.00390625,-2.955418825149536,0.5249877572059631,3.4804065227508545,True,False,CIFAR10
causal_target_5_feature_301_beta_2_lambda_0.001_seed_20260904,causal,301,5,2.0,0.001,20260904,0.11902247369289398,1.9043595790863037,0.8463541865348816,0.8463541865348816,0.0,00111101111100111100001000001110,00111111111100111100001000001110,1,0.8641,0.8646,-0.000500000000000056,0.0,0.1006,0.9539,0.9539,691.2611694335938,0.16806076245307922,causal-margin-v2,2.0,0.5,0.0,0.93359375,0.0859375,-0.00390625,-3.2205233573913574,0.6695239543914795,3.890047311782837,True,True,CIFAR10
causal_target_5_feature_301_beta_2_lambda_0.001_seed_20260906,causal,301,5,2.0,0.001,20260906,0.11902247369289398,1.9043595790863037,0.8463541865348816,0.8463541865348816,0.0,00111101111100111100001000001110,00111111111100111100001000001110,1,0.8641,0.8646,-0.000500000000000056,0.0,0.1006,0.9108,0.9108,665.4207763671875,0.1770772031545639,causal-margin-v2,2.0,0.5,0.0,0.91796875,0.0859375,-0.00390625,-3.1218907833099365,0.5887859463691711,3.710676908493042,True,True,CIFAR10
causal_target_5_feature_328_beta_2_lambda_0.001_seed_20260904,causal,328,5,2.0,0.001,20260904,0.10738037526607513,1.7180860042572021,0.8463541865348816,0.84765625,-0.0013020634651184082,00111101110110111110101000111110,00111111110110111110101000111110,1,0.8641,0.8639,0.00019999999999997797,0.0,0.0988,0.9962,0.9962,606.4881591796875,0.22288325335979461,causal-margin-v2,2.0,0.5,0.0,0.99609375,0.08203125,0.0,-3.9732723236083984,1.5728065967559814,5.546078681945801,True,True,CIFAR10
causal_target_5_feature_328_beta_2_lambda_0.001_seed_20260905,causal,328,5,2.0,0.001,20260905,0.10738037526607513,1.7180860042572021,0.8463541865348816,0.84765625,-0.0013020634651184082,00111101110110111110101000111110,00111111110110111110101000111110,1,0.8641,0.8639,0.00019999999999997797,0.0,0.0988,0.9932,0.9932,655.464111328125,0.19157666437625884,causal-margin-v2,2.0,0.5,0.0,0.99609375,0.08203125,0.0,-4.036806106567383,1.6273112297058105,5.664116859436035,True,True,CIFAR10
causal_target_5_feature_328_beta_2_lambda_0.001_seed_20260906,causal,328,5,2.0,0.001,20260906,0.10738037526607513,1.7180860042572021,0.8463541865348816,0.84765625,-0.0013020634651184082,00111101110110111110101000111110,00111111110110111110101000111110,1,0.8641,0.8639,0.00019999999999997797,0.0,0.0988,0.9922,0.9922,634.2621459960938,0.20622217836380005,causal-margin-v2,2.0,0.5,0.0,0.984375,0.08203125,0.0,-4.059769630432129,1.7502751350402832,5.810044765472412,True,True,CIFAR10
causal_target_5_feature_365_beta_2_lambda_0.001_seed_20260904,causal,365,5,2.0,0.001,20260904,0.0853034183382988,1.3648546934127808,0.8463541865348816,0.8463541865348816,0.0,00111101101011101011001110001111,00111111101011101011001110001111,1,0.8641,0.8649,-0.0008000000000000229,0.0,0.0989,0.9065,0.9065,696.2163696289062,0.17073338050842285,causal-margin-v2,2.0,0.5,0.0,0.91796875,0.0859375,-0.00390625,-2.8419008255004883,0.5286378860473633,3.3705387115478516,True,True,CIFAR10
causal_target_5_feature_434_beta_2_lambda_0.001_seed_20260904,causal,434,5,2.0,0.001,20260904,0.07827035337686539,1.2523256540298462,0.8463541865348816,0.8463541865348816,0.0,00111101101000000100110000110101,00111111101000000100110000110101,1,0.8641,0.8643,-0.00019999999999997797,0.0,0.0978,0.9413,0.9413,695.3514404296875,0.165444508934021,causal-margin-v2,2.0,0.5,0.0,0.921875,0.08984375,-0.00390625,-3.3513734340667725,0.7901436686515808,4.141517162322998,True,True,CIFAR10
causal_target_5_feature_434_beta_2_lambda_0.001_seed_20260905,causal,434,5,2.0,0.001,20260905,0.07827035337686539,1.2523256540298462,0.8463541865348816,0.8463541865348816,0.0,00111101101000000100110000110101,00111111101000000100110000110101,1,0.8641,0.8643,-0.00019999999999997797,0.0,0.0978,0.9454,0.9454,700.8802490234375,0.162356481552124,causal-margin-v2,2.0,0.5,0.0,0.94140625,0.08984375,-0.00390625,-3.3441061973571777,0.8830849528312683,4.22719144821167,True,True,CIFAR10
causal_target_5_feature_434_beta_2_lambda_0.001_seed_20260906,causal,434,5,2.0,0.001,20260906,0.07827035337686539,1.2523256540298462,0.8463541865348816,0.8463541865348816,0.0,00111101101000000100110000110101,00111111101000000100110000110101,1,0.8641,0.8643,-0.00019999999999997797,0.0,0.0978,0.9822,0.9822,709.598876953125,0.1613452158689499,causal-margin-v2,2.0,0.5,0.0,0.96875,0.08984375,-0.00390625,-3.2007524967193604,1.0012421607971191,4.2019944190979,True,True,CIFAR10
causal_target_5_feature_504_beta_2_lambda_0.001_seed_20260904,causal,504,5,2.0,0.001,20260904,0.11531242728233337,1.844998836517334,0.8463541865348816,0.8463541865348816,0.0,00111101111011000010100011101100,00111111111011000010100011101100,1,0.8641,0.8642,-9.999999999998899e-05,0.0,0.1008,0.9613,0.9613,720.2767333984375,0.14744205367565155,causal-margin-v2,2.0,0.5,0.0,0.94921875,0.0859375,-0.00390625,-3.244785785675049,0.7355881929397583,3.9803740978240967,True,True,CIFAR10
causal_target_6_feature_36_beta_2_lambda_0.001_seed_20260904,causal,36,6,2.0,0.001,20260904,0.08351557701826096,1.3362492322921753,0.8463541865348816,0.84765625,-0.0013020634651184082,00111101101010110000101000110111,00111111101010110000101000110111,1,0.8641,0.8643,-0.00019999999999997797,0.0002,0.1079,0.9268,0.9266,721.7545776367188,0.14597421095371246,causal-margin-v2,2.0,0.5,0.0,0.92578125,0.1328125,0.0,-3.079577922821045,0.5647571086883545,3.6443347930908203,True,True,CIFAR10
causal_target_6_feature_58_beta_2_lambda_0.001_seed_20260904,causal,58,6,2.0,0.001,20260904,0.10671299695968628,1.7074079513549805,0.8463541865348816,0.8463541865348816,0.0,00111101110110101000110001011000,00111111110110101000110001011000,1,0.8641,0.8639,0.00019999999999997797,0.0,0.1096,0.9711,0.9711,664.3139038085938,0.18266496517658234,causal-margin-v2,2.0,0.5,0.0,0.9765625,0.140625,-0.00390625,-3.2767720222473145,0.8931252956390381,4.169897079467773,True,True,CIFAR10
causal_target_6_feature_58_beta_2_lambda_0.001_seed_20260905,causal,58,6,2.0,0.001,20260905,0.10671299695968628,1.7074079513549805,0.8463541865348816,0.8463541865348816,0.0,00111101110110101000110001011000,00111111110110101000110001011000,1,0.8641,0.8639,0.00019999999999997797,0.0001,0.1096,0.9498,0.9497,619.85302734375,0.21727191038131713,causal-margin-v2,2.0,0.5,0.0,0.953125,0.140625,-0.00390625,-3.0818192958831787,0.6596232652664185,3.7414424419403076,True,True,CIFAR10
causal_target_6_feature_58_beta_2_lambda_0.001_seed_20260906,causal,58,6,2.0,0.001,20260906,0.10671299695968628,1.7074079513549805,0.8463541865348816,0.8463541865348816,0.0,00111101110110101000110001011000,00111111110110101000110001011000,1,0.8641,0.8639,0.00019999999999997797,0.0,0.1096,0.9416,0.9416,658.20361328125,0.20523282561302186,causal-margin-v2,2.0,0.5,0.0,0.94140625,0.140625,-0.00390625,-3.088268756866455,0.6995837092399597,3.7878525257110596,True,True,CIFAR10
causal_target_6_feature_81_beta_2_lambda_0.001_seed_20260904,causal,81,6,2.0,0.001,20260904,0.08144336193799973,1.3030937910079956,0.8463541865348816,0.8463541865348816,0.0,00111101101001101100101111000111,00111111101001101100101111000111,1,0.8641,0.8634,0.0007000000000000339,0.0,0.1107,0.9696,0.9696,675.539306640625,0.17205374813079835,causal-margin-v2,2.0,0.5,0.0,0.96484375,0.14453125,-0.00390625,-3.264747381210327,0.800412118434906,4.065159797668457,True,True,CIFAR10
causal_target_6_feature_81_beta_2_lambda_0.001_seed_20260906,causal,81,6,2.0,0.001,20260906,0.08144336193799973,1.3030937910079956,0.8463541865348816,0.8463541865348816,0.0,00111101101001101100101111000111,00111111101001101100101111000111,1,0.8641,0.8634,0.0007000000000000339,0.0001,0.1107,0.9449,0.9448,687.5037231445312,0.17980136218070983,causal-margin-v2,2.0,0.5,0.0,0.96484375,0.14453125,-0.00390625,-3.258291244506836,0.6740261912345886,3.9323172569274902,True,True,CIFAR10
causal_target_6_feature_93_beta_2_lambda_0.001_seed_20260904,causal,93,6,2.0,0.001,20260904,0.11067208647727966,1.7707533836364746,0.8463541865348816,0.8463541865348816,0.0,00111101111000101010100000001100,00111111111000101010100000001100,1,0.8641,0.8636,0.0004999999999999449,0.0,0.1115,0.9353,0.9353,611.5922241210938,0.22472021663188935,causal-margin-v2,2.0,0.5,0.0,0.91796875,0.14453125,-0.00390625,-3.274280548095703,0.6802449226379395,3.9545252323150635,True,True,CIFAR10
causal_target_6_feature_93_beta_2_lambda_0.001_seed_20260905,causal,93,6,2.0,0.001,20260905,0.11067208647727966,1.7707533836364746,0.8463541865348816,0.8463541865348816,0.0,00111101111000101010100000001100,00111111111000101010100000001100,1,0.8641,0.8636,0.0004999999999999449,0.0,0.1115,0.9854,0.9854,571.4368896484375,0.26621002798080445,causal-margin-v2,2.0,0.5,0.0,0.984375,0.14453125,-0.00390625,-3.3220458030700684,0.81364905834198,4.13569450378418,True,True,CIFAR10
causal_target_6_feature_93_beta_2_lambda_0.001_seed_20260906,causal,93,6,2.0,0.001,20260906,0.11067208647727966,1.7707533836364746,0.8463541865348816,0.8463541865348816,0.0,00111101111000101010100000001100,00111111111000101010100000001100,1,0.8641,0.8636,0.0004999999999999449,0.0,0.1115,0.9532,0.9532,616.6978759765625,0.23123758220672608,causal-margin-v2,2.0,0.5,0.0,0.95703125,0.14453125,-0.00390625,-3.17067813873291,0.6681233644485474,3.838801383972168,True,True,CIFAR10
causal_target_6_feature_120_beta_2_lambda_0.001_seed_20260904,causal,120,6,2.0,0.001,20260904,0.12271922081708908,1.9635075330734253,0.8463541865348816,0.8463541865348816,0.0,00111101111110110101010000110111,00111111111110110101010000110111,1,0.8641,0.8639,0.00019999999999997797,0.0,0.1089,0.9951,0.9951,599.6004028320312,0.24003914725780487,causal-margin-v2,2.0,0.5,0.0,1.0,0.1328125,0.0,-3.8038034439086914,1.3856993913650513,5.189502716064453,True,True,CIFAR10
causal_target_6_feature_120_beta_2_lambda_0.001_seed_20260905,causal,120,6,2.0,0.001,20260905,0.12271922081708908,1.9635075330734253,0.8463541865348816,0.8463541865348816,0.0,00111101111110110101010000110111,00111111111110110101010000110111,1,0.8641,0.8639,0.00019999999999997797,0.0,0.1089,0.9843,0.9843,624.4119873046875,0.2190815030813217,causal-margin-v2,2.0,0.5,0.0,0.984375,0.1328125,0.0,-3.6511356830596924,1.2367160320281982,4.887851715087891,True,True,CIFAR10
causal_target_6_feature_120_beta_2_lambda_0.001_seed_20260906,causal,120,6,2.0,0.001,20260906,0.12271922081708908,1.9635075330734253,0.8463541865348816,0.8463541865348816,0.0,00111101111110110101010000110111,00111111111110110101010000110111,1,0.8641,0.8639,0.00019999999999997797,0.0,0.1089,0.9882,0.9882,621.8546752929688,0.23889765591621398,causal-margin-v2,2.0,0.5,0.0,0.9921875,0.1328125,0.0,-3.601545572280884,1.2713567018508911,4.872901916503906,True,True,CIFAR10
causal_target_6_feature_245_beta_2_lambda_0.001_seed_20260904,causal,245,6,2.0,0.001,20260904,0.09905551373958588,1.584888219833374,0.8463541865348816,0.8463541865348816,0.0,00111101110010101101110110011110,00111111110010101101110110011110,1,0.8641,0.8639,0.00019999999999997797,0.0,0.1087,0.9215,0.9215,678.827392578125,0.16409998919963836,causal-margin-v2,2.0,0.5,0.0,0.9453125,0.13671875,-0.00390625,-3.1319565773010254,0.5703594088554382,3.7023162841796875,True,True,CIFAR10
causal_target_6_feature_351_beta_2_lambda_0.001_seed_20260904,causal,351,6,2.0,0.001,20260904,0.09478523582220078,1.5165637731552124,0.8463541865348816,0.8463541865348816,0.0,00111101110000100001111011000011,00111111110000100001111011000011,1,0.8641,0.8639,0.00019999999999997797,0.0,0.1099,0.906,0.906,676.008056640625,0.16957428052425386,causal-margin-v2,2.0,0.5,0.0,0.89453125,0.140625,-0.00390625,-3.0398623943328857,0.40725189447402954,3.4471144676208496,True,False,CIFAR10
causal_target_6_feature_482_beta_2_lambda_0.001_seed_20260904,causal,482,6,2.0,0.001,20260904,0.11922784149646759,1.9076454639434814,0.8463541865348816,0.8463541865348816,0.0,00111101111101000010110110111010,00111111111101000010110110111010,1,0.8641,0.8634,0.0007000000000000339,0.0,0.1101,0.9355,0.9355,666.8772583007812,0.1779156769514084,causal-margin-v2,2.0,0.5,0.0,0.921875,0.14453125,-0.00390625,-3.1630194187164307,0.6457098126411438,3.808729410171509,True,True,CIFAR10
causal_target_6_feature_482_beta_2_lambda_0.001_seed_20260905,causal,482,6,2.0,0.001,20260905,0.11922784149646759,1.9076454639434814,0.8463541865348816,0.8463541865348816,0.0,00111101111101000010110110111010,00111111111101000010110110111010,1,0.8641,0.8634,0.0007000000000000339,0.0,0.1101,0.9947,0.9947,683.790283203125,0.17738949010372163,causal-margin-v2,2.0,0.5,0.0,0.99609375,0.14453125,-0.00390625,-3.7402243614196777,1.5404759645462036,5.28070068359375,True,True,CIFAR10
causal_target_6_feature_482_beta_2_lambda_0.001_seed_20260906,causal,482,6,2.0,0.001,20260906,0.11922784149646759,1.9076454639434814,0.8463541865348816,0.8463541865348816,0.0,00111101111101000010110110111010,00111111111101000010110110111010,1,0.8641,0.8634,0.0007000000000000339,0.0,0.1101,0.9964,0.9964,707.8367919921875,0.15836700143814086,causal-margin-v2,2.0,0.5,0.0,1.0,0.14453125,-0.00390625,-3.844010591506958,1.445044994354248,5.289055824279785,True,True,CIFAR10
causal_target_6_feature_496_beta_2_lambda_0.001_seed_20260904,causal,496,6,2.0,0.001,20260904,0.11466922610998154,1.8347076177597046,0.8463541865348816,0.8463541865348816,0.0,00111101111010101101011110110011,00111111111010101101011110110011,1,0.8641,0.8634,0.0007000000000000339,0.0,0.1102,0.9956,0.9956,671.8576049804688,0.17749427726268768,causal-margin-v2,2.0,0.5,0.0,1.0,0.140625,-0.00390625,-3.578423500061035,1.1817673444747925,4.760190963745117,True,True,CIFAR10
causal_target_6_feature_496_beta_2_lambda_0.001_seed_20260905,causal,496,6,2.0,0.001,20260905,0.11466922610998154,1.8347076177597046,0.8463541865348816,0.8463541865348816,0.0,00111101111010101101011110110011,00111111111010101101011110110011,1,0.8641,0.8634,0.0007000000000000339,0.0,0.1102,0.9925,0.9925,625.1857299804688,0.23441138813495635,causal-margin-v2,2.0,0.5,0.0,1.0,0.140625,-0.00390625,-3.5016658306121826,1.2033500671386719,4.705016136169434,True,True,CIFAR10
causal_target_6_feature_496_beta_2_lambda_0.001_seed_20260906,causal,496,6,2.0,0.001,20260906,0.11466922610998154,1.8347076177597046,0.8463541865348816,0.8463541865348816,0.0,00111101111010101101011110110011,00111111111010101101011110110011,1,0.8641,0.8634,0.0007000000000000339,0.0004,0.1102,0.9678,0.9674,643.6425170898438,0.21812273852825165,causal-margin-v2,2.0,0.5,0.0,0.9765625,0.140625,-0.00390625,-3.3992018699645996,1.0749841928482056,4.474185943603516,True,True,CIFAR10
causal_target_6_feature_508_beta_2_lambda_0.001_seed_20260904,causal,508,6,2.0,0.001,20260904,0.10690490156412125,1.71047842502594,0.8463541865348816,0.8463541865348816,0.0,00111101110110101111000011110101,00111111110110101111000011110101,1,0.8641,0.8641,0.0,0.0,0.1089,0.9841,0.9841,618.8488159179688,0.20206292572021484,causal-margin-v2,2.0,0.5,0.0,0.97265625,0.1328125,0.0,-3.4174442291259766,1.0360407829284668,4.453485012054443,True,True,CIFAR10
causal_target_6_feature_508_beta_2_lambda_0.001_seed_20260905,causal,508,6,2.0,0.001,20260905,0.10690490156412125,1.71047842502594,0.8463541865348816,0.8463541865348816,0.0,00111101110110101111000011110101,00111111110110101111000011110101,1,0.8641,0.8641,0.0,0.0,0.1089,0.9605,0.9605,636.8790283203125,0.2022074692249298,causal-margin-v2,2.0,0.5,0.0,0.96484375,0.1328125,0.0,-3.2677392959594727,0.8772313594818115,4.144970893859863,True,True,CIFAR10
causal_target_6_feature_508_beta_2_lambda_0.001_seed_20260906,causal,508,6,2.0,0.001,20260906,0.10690490156412125,1.71047842502594,0.8463541865348816,0.8463541865348816,0.0,00111101110110101111000011110101,00111111110110101111000011110101,1,0.8641,0.8641,0.0,0.0,0.1089,0.9398,0.9398,643.8663330078125,0.19944781472682954,causal-margin-v2,2.0,0.5,0.0,0.94921875,0.1328125,0.0,-3.179487705230713,0.6674903631210327,3.846978187561035,True,True,CIFAR10
causal_target_7_feature_36_beta_2_lambda_0.001_seed_20260904,causal,36,7,2.0,0.001,20260904,0.10642999410629272,1.7028799057006836,0.8463541865348816,0.8463541865348816,0.0,00111101110110011111011111111000,00111111110110011111011111111000,1,0.8641,0.864,9.999999999998899e-05,0.0,0.1007,0.9781,0.9781,680.0420532226562,0.17539055252075195,causal-margin-v2,2.0,0.5,0.0,0.9609375,0.0859375,0.0,-3.6526451110839844,1.019801378250122,4.672446250915527,True,True,CIFAR10
causal_target_7_feature_36_beta_2_lambda_0.001_seed_20260905,causal,36,7,2.0,0.001,20260905,0.10642999410629272,1.7028799057006836,0.8463541865348816,0.8463541865348816,0.0,00111101110110011111011111111000,00111111110110011111011111111000,1,0.8641,0.864,9.999999999998899e-05,0.0,0.1007,0.984,0.984,678.4955444335938,0.171746080493927,causal-margin-v2,2.0,0.5,0.0,0.9921875,0.0859375,0.0,-3.3370466232299805,1.0134317874908447,4.350478172302246,True,True,CIFAR10
causal_target_7_feature_36_beta_2_lambda_0.001_seed_20260906,causal,36,7,2.0,0.001,20260906,0.10642999410629272,1.7028799057006836,0.8463541865348816,0.8463541865348816,0.0,00111101110110011111011111111000,00111111110110011111011111111000,1,0.8641,0.864,9.999999999998899e-05,0.0,0.1007,0.9722,0.9722,678.7822875976562,0.17404932277202606,causal-margin-v2,2.0,0.5,0.0,0.98828125,0.0859375,0.0,-3.4330568313598633,0.8663524389266968,4.29940938949585,True,True,CIFAR10
causal_target_7_feature_191_beta_2_lambda_0.001_seed_20260905,causal,191,7,2.0,0.001,20260905,0.09638082981109619,1.542093276977539,0.8463541865348816,0.84765625,-0.0013020634651184082,00111101110001010110001101010000,00111111110001010110001101010000,1,0.8641,0.8647,-0.0006000000000000449,0.0,0.1016,0.9126,0.9126,676.07080078125,0.17610001862049102,causal-margin-v2,2.0,0.5,0.0,0.8984375,0.0859375,0.0,-3.1649668216705322,0.4937164783477783,3.6586833000183105,True,False,CIFAR10
causal_target_7_feature_223_beta_2_lambda_0.001_seed_20260906,causal,223,7,2.0,0.001,20260906,0.11675997823476791,1.8681596517562866,0.8463541865348816,0.84765625,-0.0013020634651184082,00111101111011110001111111011011,00111111111011110001111111011011,1,0.8641,0.8645,-0.00040000000000006697,0.0,0.1043,0.9147,0.9147,663.9965209960938,0.19829738082885742,causal-margin-v2,2.0,0.5,0.0,0.91015625,0.08984375,0.0,-3.1783649921417236,0.7100685834884644,3.8884336948394775,True,True,CIFAR10
causal_target_7_feature_242_beta_2_lambda_0.001_seed_20260904,causal,242,7,2.0,0.001,20260904,0.10671424120664597,1.7074278593063354,0.8463541865348816,0.8463541865348816,0.0,00111101110110101000110011111111,00111111110110101000110011111111,1,0.8641,0.8646,-0.000500000000000056,0.0,0.1022,0.9562,0.9562,653.27783203125,0.19380826721191408,causal-margin-v2,2.0,0.5,0.0,0.92578125,0.08984375,0.0,-3.367168664932251,0.8011148571968079,4.168283462524414,True,True,CIFAR10
causal_target_7_feature_242_beta_2_lambda_0.001_seed_20260906,causal,242,7,2.0,0.001,20260906,0.10671424120664597,1.7074278593063354,0.8463541865348816,0.8463541865348816,0.0,00111101110110101000110011111111,00111111110110101000110011111111,1,0.8641,0.8646,-0.000500000000000056,0.0,0.1022,0.9502,0.9502,655.4515991210938,0.2080825462579727,causal-margin-v2,2.0,0.5,0.0,0.95703125,0.08984375,0.0,-3.2456326484680176,0.826052188873291,4.071684837341309,True,True,CIFAR10
causal_target_7_feature_267_beta_2_lambda_0.001_seed_20260904,causal,267,7,2.0,0.001,20260904,0.12337533384561539,1.9740053415298462,0.8463541865348816,0.8502604365348816,-0.00390625,00111101111111001010110000110101,00111111111111001010110000110101,1,0.8641,0.8651,-0.0010000000000000009,0.0,0.1029,0.9793,0.9793,713.361083984375,0.15928372948169708,causal-margin-v2,2.0,0.5,0.0,0.96875,0.08984375,0.0,-3.5278892517089844,1.031681776046753,4.559571266174316,True,True,CIFAR10
causal_target_7_feature_267_beta_2_lambda_0.001_seed_20260905,causal,267,7,2.0,0.001,20260905,0.12337533384561539,1.9740053415298462,0.8463541865348816,0.8502604365348816,-0.00390625,00111101111111001010110000110101,00111111111111001010110000110101,1,0.8641,0.8651,-0.0010000000000000009,0.0,0.1029,0.9598,0.9598,666.5691528320312,0.19014068279266358,causal-margin-v2,2.0,0.5,0.0,0.94140625,0.08984375,0.0,-3.2943639755249023,0.7596708536148071,4.054035186767578,True,True,CIFAR10
causal_target_7_feature_267_beta_2_lambda_0.001_seed_20260906,causal,267,7,2.0,0.001,20260906,0.12337533384561539,1.9740053415298462,0.8463541865348816,0.8502604365348816,-0.00390625,00111101111111001010110000110101,00111111111111001010110000110101,1,0.8641,0.8651,-0.0010000000000000009,0.0,0.1029,0.9261,0.9261,685.7337646484375,0.17604162793159484,causal-margin-v2,2.0,0.5,0.0,0.93359375,0.08984375,0.0,-3.087238073348999,0.6085727214813232,3.6958107948303223,True,True,CIFAR10
causal_target_7_feature_281_beta_2_lambda_0.001_seed_20260904,causal,281,7,2.0,0.001,20260904,0.10542549937963486,1.6868079900741577,0.8463541865348816,0.8489583730697632,-0.002604186534881592,00111101110101111110100101010011,00111111110101111110100101010011,1,0.8641,0.8641,0.0,0.0002,0.1011,0.9096,0.9094,614.2611083984375,0.24934730386734008,causal-margin-v2,2.0,0.5,0.0,0.91015625,0.0859375,0.0,-3.1334848403930664,0.7100702524185181,3.843555450439453,True,True,CIFAR10
causal_target_7_feature_281_beta_2_lambda_0.001_seed_20260906,causal,281,7,2.0,0.001,20260906,0.10542549937963486,1.6868079900741577,0.8463541865348816,0.8489583730697632,-0.002604186534881592,00111101110101111110100101010011,00111111110101111110100101010011,1,0.8641,0.8641,0.0,0.0,0.1011,0.9686,0.9686,646.130615234375,0.21306365389823914,causal-margin-v2,2.0,0.5,0.0,0.9921875,0.0859375,0.0,-3.386950969696045,0.9105954170227051,4.29754638671875,True,True,CIFAR10
causal_target_7_feature_358_beta_2_lambda_0.001_seed_20260904,causal,358,7,2.0,0.001,20260904,0.10629592090845108,1.7007347345352173,0.8463541865348816,0.8463541865348816,0.0,00111101110110011011000110101101,00111111110110011011000110101101,1,0.8641,0.8646,-0.000500000000000056,0.0,0.1013,0.9408,0.9408,687.8116455078125,0.172483131480217,causal-margin-v2,2.0,0.5,0.0,0.93359375,0.0859375,0.0,-3.311649799346924,0.7012356519699097,4.012885570526123,True,True,CIFAR10
causal_target_7_feature_358_beta_2_lambda_0.001_seed_20260905,causal,358,7,2.0,0.001,20260905,0.10629592090845108,1.7007347345352173,0.8463541865348816,0.8463541865348816,0.0,00111101110110011011000110101101,00111111110110011011000110101101,1,0.8641,0.8646,-0.000500000000000056,0.0,0.1013,0.9702,0.9702,689.9263305664062,0.15911719093322754,causal-margin-v2,2.0,0.5,0.0,0.984375,0.0859375,0.0,-3.4039149284362793,0.9377422332763672,4.3416571617126465,True,True,CIFAR10
causal_target_7_feature_358_beta_2_lambda_0.001_seed_20260906,causal,358,7,2.0,0.001,20260906,0.10629592090845108,1.7007347345352173,0.8463541865348816,0.8463541865348816,0.0,00111101110110011011000110101101,00111111110110011011000110101101,1,0.8641,0.8646,-0.000500000000000056,0.0,0.1013,0.9501,0.9501,696.1845092773438,0.15721129920482635,causal-margin-v2,2.0,0.5,0.0,0.93359375,0.0859375,0.0,-3.296804189682007,0.6500664949417114,3.9468705654144287,True,True,CIFAR10
causal_target_7_feature_417_beta_2_lambda_0.001_seed_20260906,causal,417,7,2.0,0.001,20260906,0.08048458397388458,1.2877533435821533,0.8463541865348816,0.8463541865348816,0.0,00111101101001001101010100011010,00111111101001001101010100011010,1,0.8641,0.8643,-0.00019999999999997797,0.0001,0.1023,0.9032,0.9031,684.3004760742188,0.17827720212936402,causal-margin-v2,2.0,0.5,0.0,0.89453125,0.08984375,0.0,-3.156818151473999,0.588680624961853,3.7454988956451416,True,False,CIFAR10
causal_target_7_feature_479_beta_2_lambda_0.001_seed_20260904,causal,479,7,2.0,0.001,20260904,0.06641543656587601,1.0626469850540161,0.8463541865348816,0.8463541865348816,0.0,00111101100010000000010011010001,00111111100010000000010011010001,1,0.8641,0.8647,-0.0006000000000000449,0.0,0.1006,0.9251,0.9251,767.7625122070312,0.11437844921350479,causal-margin-v2,2.0,0.5,0.0,0.94140625,0.0859375,0.0,-2.0864756107330322,0.45185601711273193,2.5383315086364746,True,True,CIFAR10
causal_target_7_feature_497_beta_2_lambda_0.001_seed_20260904,causal,497,7,2.0,0.001,20260904,0.08261886984109879,1.3219019174575806,0.8463541865348816,0.8463541865348816,0.0,00111101101010010011010000010101,00111111101010010011010000010101,1,0.8641,0.8647,-0.0006000000000000449,0.0,0.1023,0.9121,0.9121,623.548095703125,0.21151812267303466,causal-margin-v2,2.0,0.5,0.0,0.9375,0.08984375,0.0,-3.1885604858398438,0.5781115293502808,3.766671895980835,True,True,CIFAR10
causal_target_7_feature_497_beta_2_lambda_0.001_seed_20260905,causal,497,7,2.0,0.001,20260905,0.08261886984109879,1.3219019174575806,0.8463541865348816,0.8463541865348816,0.0,00111101101010010011010000010101,00111111101010010011010000010101,1,0.8641,0.8647,-0.0006000000000000449,0.0,0.1023,0.9279,0.9279,653.1009521484375,0.20056131110191344,causal-margin-v2,2.0,0.5,0.0,0.9375,0.08984375,0.0,-3.184523344039917,0.668637752532959,3.853161334991455,True,True,CIFAR10
causal_target_8_feature_38_beta_2_lambda_0.001_seed_20260904,causal,38,8,2.0,0.001,20260904,0.10637794435024261,1.7020471096038818,0.8463541865348816,0.8463541865348816,0.0,00111101110110011101110010101110,00111111110110011101110010101110,1,0.8641,0.8646,-0.000500000000000056,0.0,0.1023,0.9463,0.9463,674.7742309570312,0.17303402819633484,causal-margin-v2,2.0,0.5,0.0,0.9296875,0.11328125,0.0078125,-3.2293295860290527,0.5680787563323975,3.797408103942871,True,False,CIFAR10
causal_target_8_feature_120_beta_2_lambda_0.001_seed_20260904,causal,120,8,2.0,0.001,20260904,0.1131691113114357,1.8107057809829712,0.8463541865348816,0.8463541865348816,0.0,00111101111001111100010100110101,00111111111001111100010100110101,1,0.8641,0.8649,-0.0008000000000000229,0.0,0.102,0.993,0.993,604.4685668945312,0.2281971083164215,causal-margin-v2,2.0,0.5,0.0,0.99609375,0.10546875,0.0,-3.848989963531494,1.4147965908050537,5.263786315917969,True,True,CIFAR10
causal_target_8_feature_120_beta_2_lambda_0.001_seed_20260905,causal,120,8,2.0,0.001,20260905,0.1131691113114357,1.8107057809829712,0.8463541865348816,0.8463541865348816,0.0,00111101111001111100010100110101,00111111111001111100010100110101,1,0.8641,0.8649,-0.0008000000000000229,0.0,0.102,0.9947,0.9947,602.9579467773438,0.24370795142650603,causal-margin-v2,2.0,0.5,0.0,0.9921875,0.10546875,0.0,-3.7878613471984863,1.3517898321151733,5.139651298522949,True,True,CIFAR10
causal_target_8_feature_120_beta_2_lambda_0.001_seed_20260906,causal,120,8,2.0,0.001,20260906,0.1131691113114357,1.8107057809829712,0.8463541865348816,0.8463541865348816,0.0,00111101111001111100010100110101,00111111111001111100010100110101,1,0.8641,0.8649,-0.0008000000000000229,0.0,0.102,0.9866,0.9866,617.5375366210938,0.2180492723941803,causal-margin-v2,2.0,0.5,0.0,0.984375,0.10546875,0.0,-3.7156879901885986,1.2583603858947754,4.974048614501953,True,True,CIFAR10
causal_target_8_feature_137_beta_2_lambda_0.001_seed_20260904,causal,137,8,2.0,0.001,20260904,0.12489882856607437,1.99838125705719,0.8463541865348816,0.8463541865348816,0.0,00111101111111111100101011110101,00111111111111111100101011110101,1,0.8641,0.8649,-0.0008000000000000229,0.0,0.1026,0.9962,0.9962,634.8919677734375,0.20973563170433043,causal-margin-v2,2.0,0.5,0.0,0.98828125,0.11328125,0.0078125,-3.8990941047668457,1.372739315032959,5.271833419799805,True,False,CIFAR10
causal_target_8_feature_137_beta_2_lambda_0.001_seed_20260905,causal,137,8,2.0,0.001,20260905,0.12489882856607437,1.99838125705719,0.8463541865348816,0.8463541865348816,0.0,00111101111111111100101011110101,00111111111111111100101011110101,1,0.8641,0.8649,-0.0008000000000000229,0.0,0.1026,0.9945,0.9945,615.6181030273438,0.22426455903053283,causal-margin-v2,2.0,0.5,0.0,0.99609375,0.11328125,0.0078125,-3.914079189300537,1.3863396644592285,5.300418853759766,True,False,CIFAR10
causal_target_8_feature_137_beta_2_lambda_0.001_seed_20260906,causal,137,8,2.0,0.001,20260906,0.12489882856607437,1.99838125705719,0.8463541865348816,0.8463541865348816,0.0,00111101111111111100101011110101,00111111111111111100101011110101,1,0.8641,0.8649,-0.0008000000000000229,0.0,0.1026,0.9936,0.9936,650.3303833007812,0.1926890163421631,causal-margin-v2,2.0,0.5,0.0,0.98828125,0.11328125,0.0078125,-3.8287582397460938,1.357775330543518,5.1865339279174805,True,False,CIFAR10
causal_target_8_feature_161_beta_2_lambda_0.001_seed_20260904,causal,161,8,2.0,0.001,20260904,0.07172656804323196,1.1476250886917114,0.8463541865348816,0.8463541865348816,0.0,00111101100100101110010101100001,00111111100100101110010101100001,1,0.8641,0.8649,-0.0008000000000000229,0.0,0.1018,0.972,0.972,660.4545288085938,0.18400569338798523,causal-margin-v2,2.0,0.5,0.0,0.9765625,0.109375,0.00390625,-3.314725875854492,0.6510434150695801,3.965769052505493,True,False,CIFAR10
causal_target_8_feature_161_beta_2_lambda_0.001_seed_20260905,causal,161,8,2.0,0.001,20260905,0.07172656804323196,1.1476250886917114,0.8463541865348816,0.8463541865348816,0.0,00111101100100101110010101100001,00111111100100101110010101100001,1,0.8641,0.8649,-0.0008000000000000229,0.0,0.1018,0.9789,0.9789,673.2781982421875,0.17981044299602508,causal-margin-v2,2.0,0.5,0.0,0.9765625,0.109375,0.00390625,-3.418665647506714,0.7414388656616211,4.160104751586914,True,False,CIFAR10
causal_target_8_feature_161_beta_2_lambda_0.001_seed_20260906,causal,161,8,2.0,0.001,20260906,0.07172656804323196,1.1476250886917114,0.8463541865348816,0.8463541865348816,0.0,00111101100100101110010101100001,00111111100100101110010101100001,1,0.8641,0.8649,-0.0008000000000000229,0.0,0.1018,0.9599,0.9599,667.0565185546875,0.18199846997261046,causal-margin-v2,2.0,0.5,0.0,0.94140625,0.109375,0.00390625,-3.3837203979492188,0.6763904690742493,4.060111045837402,True,False,CIFAR10
causal_target_8_feature_184_beta_2_lambda_0.001_seed_20260904,causal,184,8,2.0,0.001,20260904,0.11969512701034546,1.9151220321655273,0.8463541865348816,0.8463541865348816,0.0,00111101111101010010001010111000,00111111111101010010001010111000,1,0.8641,0.865,-0.0009000000000000119,0.0,0.1031,0.9542,0.9542,695.0455932617188,0.16437080633640289,causal-margin-v2,2.0,0.5,0.0,0.92578125,0.10546875,0.0,-3.2912697792053223,0.7004239559173584,3.9916939735412598,True,True,CIFAR10
causal_target_8_feature_184_beta_2_lambda_0.001_seed_20260905,causal,184,8,2.0,0.001,20260905,0.11969512701034546,1.9151220321655273,0.8463541865348816,0.8463541865348816,0.0,00111101111101010010001010111000,00111111111101010010001010111000,1,0.8641,0.865,-0.0009000000000000119,0.0,0.1031,0.9811,0.9811,659.5310668945312,0.17662851893901824,causal-margin-v2,2.0,0.5,0.0,0.97265625,0.10546875,0.0,-3.2970733642578125,0.798680305480957,4.0957536697387695,True,True,CIFAR10
causal_target_8_feature_184_beta_2_lambda_0.001_seed_20260906,causal,184,8,2.0,0.001,20260906,0.11969512701034546,1.9151220321655273,0.8463541865348816,0.8463541865348816,0.0,00111101111101010010001010111000,00111111111101010010001010111000,1,0.8641,0.865,-0.0009000000000000119,0.0,0.1031,0.9688,0.9688,705.98681640625,0.15249251470565797,causal-margin-v2,2.0,0.5,0.0,0.95703125,0.10546875,0.0,-3.2752060890197754,0.7175896763801575,3.992795705795288,True,True,CIFAR10
causal_target_8_feature_194_beta_2_lambda_0.001_seed_20260904,causal,194,8,2.0,0.001,20260904,0.10550530254840851,1.6880848407745361,0.8463541865348816,0.8463541865348816,0.0,00111101110110000001001100101010,00111111110110000001001100101010,1,0.8641,0.8649,-0.0008000000000000229,0.0,0.1023,0.9895,0.9895,633.47607421875,0.21885963909626008,causal-margin-v2,2.0,0.5,0.0,0.984375,0.109375,0.00390625,-3.749286651611328,1.224762201309204,4.974048614501953,True,False,CIFAR10
causal_target_8_feature_194_beta_2_lambda_0.001_seed_20260905,causal,194,8,2.0,0.001,20260905,0.10550530254840851,1.6880848407745361,0.8463541865348816,0.8463541865348816,0.0,00111101110110000001001100101010,00111111110110000001001100101010,1,0.8641,0.8649,-0.0008000000000000229,0.0,0.1023,0.9906,0.9906,590.2045288085938,0.2507340602874756,causal-margin-v2,2.0,0.5,0.0,0.98828125,0.109375,0.00390625,-3.553400993347168,1.0205124616622925,4.57391357421875,True,False,CIFAR10
causal_target_8_feature_194_beta_2_lambda_0.001_seed_20260906,causal,194,8,2.0,0.001,20260906,0.10550530254840851,1.6880848407745361,0.8463541865348816,0.8463541865348816,0.0,00111101110110000001001100101010,00111111110110000001001100101010,1,0.8641,0.8649,-0.0008000000000000229,0.0,0.1023,0.9868,0.9868,649.9684448242188,0.20416705210208894,causal-margin-v2,2.0,0.5,0.0,0.99609375,0.109375,0.00390625,-3.594895839691162,1.1626938581466675,4.757589340209961,True,False,CIFAR10
causal_target_8_feature_260_beta_2_lambda_0.001_seed_20260904,causal,260,8,2.0,0.001,20260904,0.11008249223232269,1.761319875717163,0.8463541865348816,0.8463541865348816,0.0,00111101111000010111001011101110,00111111111000010111001011101110,1,0.8641,0.8647,-0.0006000000000000449,0.0,0.102,0.9589,0.9589,666.9468994140625,0.18933318099975585,causal-margin-v2,2.0,0.5,0.0,0.98046875,0.10546875,0.0,-3.417137622833252,0.858810305595398,4.2759480476379395,True,True,CIFAR10
causal_target_8_feature_260_beta_2_lambda_0.001_seed_20260905,causal,260,8,2.0,0.001,20260905,0.11008249223232269,1.761319875717163,0.8463541865348816,0.8463541865348816,0.0,00111101111000010111001011101110,00111111111000010111001011101110,1,0.8641,0.8647,-0.0006000000000000449,0.0,0.102,0.9797,0.9797,663.3519287109375,0.1840424328327179,causal-margin-v2,2.0,0.5,0.0,0.98828125,0.10546875,0.0,-3.329314708709717,0.8156619071960449,4.144976615905762,True,True,CIFAR10
causal_target_8_feature_260_beta_2_lambda_0.001_seed_20260906,causal,260,8,2.0,0.001,20260906,0.11008249223232269,1.761319875717163,0.8463541865348816,0.8463541865348816,0.0,00111101111000010111001011101110,00111111111000010111001011101110,1,0.8641,0.8647,-0.0006000000000000449,0.0,0.102,0.9868,0.9868,648.872314453125,0.18966140446662902,causal-margin-v2,2.0,0.5,0.0,0.984375,0.10546875,0.0,-3.4214558601379395,0.8243519067764282,4.245807647705078,True,True,CIFAR10
causal_target_8_feature_293_beta_2_lambda_0.001_seed_20260904,causal,293,8,2.0,0.001,20260904,0.11526678502559662,1.844268560409546,0.8463541865348816,0.8463541865348816,0.0,00111101111011000001000011111110,00111111111011000001000011111110,1,0.8641,0.8649,-0.0008000000000000229,0.0,0.1027,0.9532,0.9532,670.7753295898438,0.18496386625766753,causal-margin-v2,2.0,0.5,0.0,0.953125,0.10546875,0.0,-3.267545700073242,0.677574634552002,3.945120334625244,True,True,CIFAR10
causal_target_8_feature_293_beta_2_lambda_0.001_seed_20260905,causal,293,8,2.0,0.001,20260905,0.11526678502559662,1.844268560409546,0.8463541865348816,0.8463541865348816,0.0,00111101111011000001000011111110,00111111111011000001000011111110,1,0.8641,0.8649,-0.0008000000000000229,0.0,0.1027,0.9242,0.9242,679.1602783203125,0.18612272062301635,causal-margin-v2,2.0,0.5,0.0,0.9140625,0.10546875,0.0,-3.13248610496521,0.584015965461731,3.7165021896362305,True,True,CIFAR10
causal_target_8_feature_293_beta_2_lambda_0.001_seed_20260906,causal,293,8,2.0,0.001,20260906,0.11526678502559662,1.844268560409546,0.8463541865348816,0.8463541865348816,0.0,00111101111011000001000011111110,00111111111011000001000011111110,1,0.8641,0.8649,-0.0008000000000000229,0.0,0.1027,0.9628,0.9628,691.9036865234375,0.16601013720035554,causal-margin-v2,2.0,0.5,0.0,0.9609375,0.10546875,0.0,-3.270418405532837,0.6844114065170288,3.9548299312591553,True,True,CIFAR10
causal_target_8_feature_320_beta_2_lambda_0.001_seed_20260906,causal,320,8,2.0,0.001,20260906,0.08050800859928131,1.288128137588501,0.8463541865348816,0.8463541865348816,0.0,00111101101001001110000101100010,00111111101001001110000101100010,1,0.8641,0.8643,-0.00019999999999997797,0.0003,0.1009,0.966,0.9657,675.5336303710938,0.19207194023132323,causal-margin-v2,2.0,0.5,0.0,0.953125,0.10546875,0.0,-1.921223759651184,0.8457090854644775,2.766932964324951,True,True,CIFAR10
causal_target_8_feature_459_beta_2_lambda_0.001_seed_20260904,causal,459,8,2.0,0.001,20260904,0.09309303015470505,1.4894884824752808,0.8463541865348816,0.8463541865348816,0.0,00111101101111101010011110001111,00111111101111101010011110001111,1,0.8641,0.8649,-0.0008000000000000229,0.0,0.1027,0.9423,0.9423,642.01708984375,0.1933638297557831,causal-margin-v2,2.0,0.5,0.0,0.93359375,0.10546875,0.0,-3.197490692138672,0.5330631732940674,3.7305541038513184,True,True,CIFAR10
causal_target_8_feature_508_beta_2_lambda_0.001_seed_20260904,causal,508,8,2.0,0.001,20260904,0.1012411043047905,1.619857668876648,0.8463541865348816,0.8463541865348816,0.0,00111101110011110101011101111111,00111111110011110101011101111111,1,0.8641,0.864,9.999999999998899e-05,0.0,0.1005,0.9916,0.9916,631.7562255859375,0.19638615520000458,causal-margin-v2,2.0,0.5,0.0,0.9921875,0.10546875,0.0,-3.53873348236084,1.036254644393921,4.57498836517334,True,True,CIFAR10
causal_target_8_feature_508_beta_2_lambda_0.001_seed_20260905,causal,508,8,2.0,0.001,20260905,0.1012411043047905,1.619857668876648,0.8463541865348816,0.8463541865348816,0.0,00111101110011110101011101111111,00111111110011110101011101111111,1,0.8641,0.864,9.999999999998899e-05,0.0,0.1005,0.9854,0.9854,647.7932739257812,0.18701699669361113,causal-margin-v2,2.0,0.5,0.0,0.9765625,0.10546875,0.0,-3.3945465087890625,0.927660346031189,4.322206974029541,True,True,CIFAR10
causal_target_8_feature_508_beta_2_lambda_0.001_seed_20260906,causal,508,8,2.0,0.001,20260906,0.1012411043047905,1.619857668876648,0.8463541865348816,0.8463541865348816,0.0,00111101110011110101011101111111,00111111110011110101011101111111,1,0.8641,0.864,9.999999999998899e-05,0.0,0.1005,0.974,0.974,646.11083984375,0.18253392496109008,causal-margin-v2,2.0,0.5,0.0,0.95703125,0.10546875,0.0,-3.4579854011535645,0.7846825122833252,4.242668151855469,True,True,CIFAR10
causal_target_9_feature_0_beta_2_lambda_0.001_seed_20260904,causal,0,9,2.0,0.001,20260904,0.09508035331964493,1.5212856531143188,0.8463541865348816,0.84765625,-0.0013020634651184082,00111101110000101011100101111101,00111111110000101011100101111101,1,0.8641,0.8636,0.0004999999999999449,0.0,0.1021,0.9681,0.9681,629.8124389648438,0.19703729150295257,causal-margin-v2,2.0,0.5,0.0,0.953125,0.09765625,0.00390625,-3.2859201431274414,0.7286332845687866,4.014553546905518,True,False,CIFAR10
causal_target_9_feature_0_beta_2_lambda_0.001_seed_20260905,causal,0,9,2.0,0.001,20260905,0.09508035331964493,1.5212856531143188,0.8463541865348816,0.84765625,-0.0013020634651184082,00111101110000101011100101111101,00111111110000101011100101111101,1,0.8641,0.8636,0.0004999999999999449,0.0,0.1021,0.923,0.923,656.72607421875,0.19677346878051757,causal-margin-v2,2.0,0.5,0.0,0.90625,0.09765625,0.00390625,-3.151881694793701,0.5198723673820496,3.6717538833618164,True,False,CIFAR10
causal_target_9_feature_80_beta_2_lambda_0.001_seed_20260904,causal,80,9,2.0,0.001,20260904,0.11039705574512482,1.766352891921997,0.8463541865348816,0.8515625,-0.005208313465118408,00111101111000100001011111011010,00111111111000100001011111011010,1,0.8641,0.8632,0.0009000000000000119,0.0,0.1057,0.9754,0.9754,628.0247192382812,0.21693693754673005,causal-margin-v2,2.0,0.5,0.0,0.9765625,0.1015625,-0.00390625,-3.511504650115967,1.017788052558899,4.529293060302734,True,True,CIFAR10
causal_target_9_feature_80_beta_2_lambda_0.001_seed_20260905,causal,80,9,2.0,0.001,20260905,0.11039705574512482,1.766352891921997,0.8463541865348816,0.8515625,-0.005208313465118408,00111101111000100001011111011010,00111111111000100001011111011010,1,0.8641,0.8632,0.0009000000000000119,0.0,0.1057,0.952,0.952,633.0082397460938,0.21734279716014862,causal-margin-v2,2.0,0.5,0.0,0.953125,0.1015625,-0.00390625,-3.3263401985168457,0.7587244510650635,4.085064888000488,True,True,CIFAR10
causal_target_9_feature_80_beta_2_lambda_0.001_seed_20260906,causal,80,9,2.0,0.001,20260906,0.11039705574512482,1.766352891921997,0.8463541865348816,0.8515625,-0.005208313465118408,00111101111000100001011111011010,00111111111000100001011111011010,1,0.8641,0.8632,0.0009000000000000119,0.0,0.1057,0.9583,0.9583,646.1467895507812,0.20659035646915436,causal-margin-v2,2.0,0.5,0.0,0.93359375,0.1015625,-0.00390625,-3.40704345703125,0.9253085851669312,4.3323516845703125,True,True,CIFAR10
causal_target_9_feature_128_beta_2_lambda_0.001_seed_20260904,causal,128,9,2.0,0.001,20260904,0.09508536010980606,1.521365761756897,0.8463541865348816,0.8515625,-0.005208313465118408,00111101110000101011110000011101,00111111110000101011110000011101,1,0.8641,0.8639,0.00019999999999997797,0.0,0.1025,0.9191,0.9191,666.3350830078125,0.174095530295372,causal-margin-v2,2.0,0.5,0.0,0.90234375,0.09765625,0.00390625,-3.2052416801452637,0.5643643140792847,3.769606113433838,True,False,CIFAR10
causal_target_9_feature_181_beta_2_lambda_0.001_seed_20260906,causal,181,9,2.0,0.001,20260906,0.006362390238791704,1.6287719011306763,0.8463541865348816,0.8515625,-0.005208313465118408,00111011110100000111101110011001,00111111110100000111101110011001,1,0.8641,0.8632,0.0009000000000000119,0.0,0.1032,0.9097,0.9097,630.8974609375,0.20034538424015044,causal-margin-v2,2.0,0.5,0.0,0.890625,0.09765625,-0.00390625,-3.1520934104919434,0.34176844358444214,3.493861675262451,True,False,CIFAR10
causal_target_9_feature_263_beta_2_lambda_0.001_seed_20260905,causal,263,9,2.0,0.001,20260905,0.10871587693691254,1.7394540309906006,0.8463541865348816,0.8502604365348816,-0.00390625,00111101110111101010011001101110,00111111110111101010011001101110,1,0.8641,0.8634,0.0007000000000000339,0.0,0.1042,0.9148,0.9148,627.8530883789062,0.2136905138492584,causal-margin-v2,2.0,0.5,0.0,0.921875,0.1015625,0.0,-3.0590691566467285,0.5000914335250854,3.5591607093811035,True,True,CIFAR10
causal_target_9_feature_333_beta_2_lambda_0.001_seed_20260904,causal,333,9,2.0,0.001,20260904,0.08505745977163315,1.3609193563461304,0.8463541865348816,0.8489583730697632,-0.002604186534881592,00111101101011100011001010011011,00111111101011100011001010011011,1,0.8641,0.8632,0.0009000000000000119,0.0,0.1033,0.9574,0.9574,607.3182373046875,0.21075014092922212,causal-margin-v2,2.0,0.5,0.0,0.953125,0.09375,0.0,-3.3512725830078125,0.7402671575546265,4.091540336608887,True,True,CIFAR10
causal_target_9_feature_333_beta_2_lambda_0.001_seed_20260905,causal,333,9,2.0,0.001,20260905,0.08505745977163315,1.3609193563461304,0.8463541865348816,0.8489583730697632,-0.002604186534881592,00111101101011100011001010011011,00111111101011100011001010011011,1,0.8641,0.8632,0.0009000000000000119,0.0,0.1033,0.9816,0.9816,619.6100463867188,0.2154288186311722,causal-margin-v2,2.0,0.5,0.0,0.9765625,0.09375,0.0,-3.530393600463867,1.1223071813583374,4.652700424194336,True,True,CIFAR10
causal_target_9_feature_333_beta_2_lambda_0.001_seed_20260906,causal,333,9,2.0,0.001,20260906,0.08505745977163315,1.3609193563461304,0.8463541865348816,0.8489583730697632,-0.002604186534881592,00111101101011100011001010011011,00111111101011100011001010011011,1,0.8641,0.8632,0.0009000000000000119,0.0,0.1033,0.9835,0.9835,626.1378173828125,0.20718018538951874,causal-margin-v2,2.0,0.5,0.0,0.9921875,0.09375,0.0,-3.446746349334717,0.9568356871604919,4.403582572937012,True,True,CIFAR10
causal_target_9_feature_341_beta_2_lambda_0.001_seed_20260904,causal,341,9,2.0,0.001,20260904,0.11055392026901245,1.7688627243041992,0.8463541865348816,0.8502604365348816,-0.00390625,00111101111000100110101000011000,00111111111000100110101000011000,1,0.8641,0.8632,0.0009000000000000119,0.0,0.1039,0.9831,0.9831,663.6036376953125,0.17866046016216278,causal-margin-v2,2.0,0.5,0.0,0.98046875,0.09765625,-0.00390625,-3.285776138305664,0.7605465650558472,4.046322822570801,True,True,CIFAR10
causal_target_9_feature_341_beta_2_lambda_0.001_seed_20260905,causal,341,9,2.0,0.001,20260905,0.11055392026901245,1.7688627243041992,0.8463541865348816,0.8502604365348816,-0.00390625,00111101111000100110101000011000,00111111111000100110101000011000,1,0.8641,0.8632,0.0009000000000000119,0.0,0.1039,0.9867,0.9867,661.063232421875,0.18765434596538544,causal-margin-v2,2.0,0.5,0.0,0.99609375,0.09765625,-0.00390625,-3.2747485637664795,0.7872008085250854,4.061949729919434,True,True,CIFAR10
causal_target_9_feature_341_beta_2_lambda_0.001_seed_20260906,causal,341,9,2.0,0.001,20260906,0.11055392026901245,1.7688627243041992,0.8463541865348816,0.8502604365348816,-0.00390625,00111101111000100110101000011000,00111111111000100110101000011000,1,0.8641,0.8632,0.0009000000000000119,0.0,0.1039,0.9013,0.9013,679.1559448242188,0.18582150166034697,causal-margin-v2,2.0,0.5,0.0,0.89453125,0.09765625,-0.00390625,-3.088996410369873,0.5472700595855713,3.6362667083740234,True,False,CIFAR10
causal_target_9_feature_351_beta_2_lambda_0.001_seed_20260904,causal,351,9,2.0,0.001,20260904,0.005563297308981419,1.4242041110992432,0.8463541865348816,0.8463541865348816,0.0,00111011101101100100110001010010,00111111101101100100110001010010,1,0.8641,0.8643,-0.00019999999999997797,0.0,0.0999,0.9158,0.9158,664.9021606445312,0.1608131408929825,causal-margin-v2,2.0,0.5,0.0,0.9140625,0.09375,0.0,-3.097080707550049,0.42437857389450073,3.5214595794677734,True,True,CIFAR10
causal_target_9_feature_405_beta_2_lambda_0.001_seed_20260906,causal,405,9,2.0,0.001,20260906,0.09001903980970383,1.4403046369552612,0.8463541865348816,0.8489583730697632,-0.002604186534881592,00111101101110000101101111100111,00111111101110000101101111100111,1,0.8641,0.8633,0.0008000000000000229,0.0,0.1041,0.9269,0.9269,673.58984375,0.17955893683433533,causal-margin-v2,2.0,0.5,0.0,0.9140625,0.09765625,-0.00390625,-3.3489861488342285,0.6010666489601135,3.9500527381896973,True,True,CIFAR10
